date,source,geo,clicks,registrations,ftd,ctr,c2r,fraud_rate,approval_rate,r2d,alert_type,is_anomaly
2024-01-01,Affiliate_SEO,AU,1888,407,115,0.0378,0.2156,0.0297,0.982,0.2826,NORMAL,0
2024-01-01,Affiliate_SEO,BR,559,84,29,0.0297,0.1503,0.0125,0.984,0.3452,NORMAL,0
2024-01-01,Affiliate_SEO,CA,1459,306,82,0.0279,0.2097,0.0226,0.976,0.268,NORMAL,0
2024-01-01,Affiliate_SEO,DE,330,36,14,0.0169,0.1091,0.0273,0.981,0.3889,NORMAL,0
2024-01-01,Affiliate_SEO,IN,108,22,5,0.0106,0.2037,0.0093,0.979,0.2273,NORMAL,0
2024-01-01,Affiliate_SEO,NG,64,12,4,0.0222,0.1875,0.0156,0.982,0.3333,NORMAL,0
2024-01-01,Affiliate_SEO,PL,546,151,40,0.022,0.2766,0.0275,0.977,0.2649,NORMAL,0
2024-01-01,Facebook,AU,1250,101,16,0.0358,0.0808,0.0336,0.971,0.1584,NORMAL,0
2024-01-01,Facebook,BR,513,43,9,0.0301,0.0838,0.0175,0.965,0.2093,NORMAL,0
2024-01-01,Facebook,CA,778,63,13,0.0358,0.081,0.0231,0.974,0.2063,NORMAL,0
2024-01-01,Facebook,DE,474,45,12,0.0375,0.0949,0.019,0.971,0.2667,NORMAL,0
2024-01-01,Facebook,IN,1030,95,17,0.0418,0.0922,0.0214,0.972,0.1789,NORMAL,0
2024-01-01,Facebook,NG,1516,134,38,0.0458,0.0884,0.0376,0.97,0.2836,NORMAL,0
2024-01-01,Facebook,PL,780,62,10,0.0412,0.0795,0.0308,0.975,0.1613,NORMAL,0
2024-01-01,Google_Search,AU,813,97,29,0.0418,0.1193,0.0098,0.99,0.299,NORMAL,0
2024-01-01,Google_Search,BR,786,82,25,0.0258,0.1043,0.0051,0.991,0.3049,NORMAL,0
2024-01-01,Google_Search,CA,2868,360,89,0.0525,0.1255,0.0094,0.992,0.2472,NORMAL,0
2024-01-01,Google_Search,DE,501,71,24,0.0389,0.1417,0.014,0.99,0.338,NORMAL,0
2024-01-01,Google_Search,IN,487,60,18,0.0302,0.1232,0.0082,0.99,0.3,NORMAL,0
2024-01-01,Google_Search,NG,523,81,27,0.0315,0.1549,0.0057,0.991,0.3333,NORMAL,0
2024-01-01,Google_Search,PL,2156,390,81,0.052,0.1809,0.0083,0.992,0.2077,NORMAL,0
2024-01-01,Native_Ads,AU,178,15,1,0.015,0.0843,0.0506,0.945,0.0667,NORMAL,0
2024-01-01,Native_Ads,BR,631,36,5,0.0276,0.0571,0.0571,0.94,0.1389,NORMAL,0
2024-01-01,Native_Ads,CA,971,77,11,0.0276,0.0793,0.069,0.946,0.1429,NORMAL,0
2024-01-01,Native_Ads,DE,258,18,4,0.0192,0.0698,0.031,0.952,0.2222,NORMAL,0
2024-01-01,Native_Ads,IN,375,26,6,0.0224,0.0693,0.0533,0.939,0.2308,NORMAL,0
2024-01-01,Native_Ads,NG,97,5,1,0.0125,0.0515,0.0825,0.937,0.2,NORMAL,0
2024-01-01,Native_Ads,PL,524,28,8,0.0184,0.0534,0.0324,0.93,0.2857,NORMAL,0
2024-01-01,Push_Network,AU,465,21,3,0.0145,0.0452,0.1032,0.837,0.1429,HIGH_FRAUD_RATE,1
2024-01-01,Push_Network,BR,434,17,1,0.0164,0.0392,0.0876,0.879,0.0588,NORMAL,0
2024-01-01,Push_Network,CA,899,44,6,0.023,0.0489,0.1802,0.874,0.1364,HIGH_FRAUD_RATE,1
2024-01-01,Push_Network,DE,915,35,3,0.0103,0.0383,0.165,0.862,0.0857,HIGH_FRAUD_RATE,1
2024-01-01,Push_Network,IN,864,33,3,0.0358,0.0382,0.1991,0.856,0.0909,HIGH_FRAUD_RATE,1
2024-01-01,Push_Network,NG,317,12,1,0.0219,0.0379,0.1956,0.835,0.0833,HIGH_FRAUD_RATE,1
2024-01-01,Push_Network,PL,757,16,2,0.0262,0.0211,0.1836,0.862,0.125,HIGH_FRAUD_RATE,1
2024-01-01,TikTok,AU,542,29,4,0.0256,0.0535,0.0572,0.914,0.1379,NORMAL,0
2024-01-01,TikTok,BR,254,11,1,0.0089,0.0433,0.0512,0.917,0.0909,NORMAL,0
2024-01-01,TikTok,CA,417,17,2,0.0238,0.0408,0.0408,0.906,0.1176,NORMAL,0
2024-01-01,TikTok,DE,267,17,3,0.0102,0.0637,0.1049,0.932,0.1765,HIGH_FRAUD_RATE,1
2024-01-01,TikTok,IN,417,29,4,0.0262,0.0695,0.0408,0.908,0.1379,NORMAL,0
2024-01-01,TikTok,NG,1538,113,15,0.0194,0.0735,0.0949,0.91,0.1327,NORMAL,0
2024-01-01,TikTok,PL,305,15,2,0.028,0.0492,0.0754,0.913,0.1333,NORMAL,0
2024-01-02,Affiliate_SEO,AU,2051,470,148,0.0274,0.2292,0.0263,0.98,0.3149,NORMAL,0
2024-01-02,Affiliate_SEO,BR,382,92,29,0.0126,0.2408,0.0183,0.976,0.3152,NORMAL,0
2024-01-02,Affiliate_SEO,CA,373,77,16,0.0152,0.2064,0.0107,0.978,0.2078,NORMAL,0
2024-01-02,Affiliate_SEO,DE,437,94,30,0.0193,0.2151,0.0137,0.976,0.3191,NORMAL,0
2024-01-02,Affiliate_SEO,IN,61,17,4,0.0067,0.2787,0.0,0.978,0.2353,NORMAL,0
2024-01-02,Affiliate_SEO,NG,95,18,6,0.023,0.1895,0.0211,0.979,0.3333,NORMAL,0
2024-01-02,Affiliate_SEO,PL,238,50,16,0.0188,0.2101,0.0252,0.977,0.32,NORMAL,0
2024-01-02,Facebook,AU,1483,103,28,0.0522,0.0695,0.0297,0.973,0.2718,NORMAL,0
2024-01-02,Facebook,BR,1075,59,15,0.03,0.0549,0.0223,0.974,0.2542,NORMAL,0
2024-01-02,Facebook,CA,1029,75,15,0.0341,0.0729,0.034,0.973,0.2,NORMAL,0
2024-01-02,Facebook,DE,520,31,8,0.0238,0.0596,0.0327,0.967,0.2581,NORMAL,0
2024-01-02,Facebook,IN,478,56,16,0.0397,0.1172,0.0167,0.968,0.2857,NORMAL,0
2024-01-02,Facebook,NG,1949,121,30,0.048,0.0621,0.0298,0.968,0.2479,NORMAL,0
2024-01-02,Facebook,PL,460,29,9,0.0297,0.063,0.037,0.971,0.3103,NORMAL,0
2024-01-02,Google_Search,AU,147,21,8,0.012,0.1429,0.0068,0.991,0.381,NORMAL,0
2024-01-02,Google_Search,BR,939,123,42,0.0522,0.131,0.0106,0.99,0.3415,NORMAL,0
2024-01-02,Google_Search,CA,490,80,17,0.0339,0.1633,0.0082,0.992,0.2125,NORMAL,0
2024-01-02,Google_Search,DE,375,64,19,0.0419,0.1707,0.008,0.989,0.2969,NORMAL,0
2024-01-02,Google_Search,IN,862,169,45,0.0326,0.1961,0.0046,0.99,0.2663,NORMAL,0
2024-01-02,Google_Search,NG,1046,112,21,0.0424,0.1071,0.0124,0.99,0.1875,NORMAL,0
2024-01-02,Google_Search,PL,952,166,41,0.0371,0.1744,0.0116,0.991,0.247,NORMAL,0
2024-01-02,Native_Ads,AU,127,7,1,0.0174,0.0551,0.063,0.94,0.1429,NORMAL,0
2024-01-02,Native_Ads,BR,585,32,7,0.0192,0.0547,0.0615,0.949,0.2188,NORMAL,0
2024-01-02,Native_Ads,CA,591,47,7,0.0139,0.0795,0.0525,0.929,0.1489,NORMAL,0
2024-01-02,Native_Ads,DE,490,41,5,0.0282,0.0837,0.0408,0.936,0.122,NORMAL,0
2024-01-02,Native_Ads,IN,346,37,7,0.0229,0.1069,0.052,0.949,0.1892,NORMAL,0
2024-01-02,Native_Ads,NG,1072,73,14,0.0303,0.0681,0.0336,0.949,0.1918,NORMAL,0
2024-01-02,Native_Ads,PL,490,30,6,0.0253,0.0612,0.0367,0.95,0.2,NORMAL,0
2024-01-02,Push_Network,AU,432,15,1,0.0149,0.0347,0.1736,0.868,0.0667,HIGH_FRAUD_RATE,1
2024-01-02,Push_Network,BR,270,13,1,0.0199,0.0481,0.2037,0.872,0.0769,HIGH_FRAUD_RATE,1
2024-01-02,Push_Network,CA,623,31,2,0.021,0.0498,0.1348,0.868,0.0645,HIGH_FRAUD_RATE,1
2024-01-02,Push_Network,DE,353,18,2,0.0207,0.051,0.1926,0.863,0.1111,HIGH_FRAUD_RATE,1
2024-01-02,Push_Network,IN,535,17,2,0.0198,0.0318,0.1645,0.84,0.1176,HIGH_FRAUD_RATE,1
2024-01-02,Push_Network,NG,963,38,5,0.0216,0.0395,0.0924,0.879,0.1316,NORMAL,0
2024-01-02,Push_Network,PL,1488,54,8,0.0265,0.0363,0.0921,0.87,0.1481,NORMAL,0
2024-01-02,TikTok,AU,271,18,2,0.0295,0.0664,0.0517,0.908,0.1111,NORMAL,0
2024-01-02,TikTok,BR,494,25,3,0.0208,0.0506,0.0688,0.932,0.12,NORMAL,0
2024-01-02,TikTok,CA,488,22,4,0.0306,0.0451,0.0738,0.909,0.1818,NORMAL,0
2024-01-02,TikTok,DE,187,12,1,0.0215,0.0642,0.1016,0.936,0.0833,HIGH_FRAUD_RATE,1
2024-01-02,TikTok,IN,1203,64,9,0.0284,0.0532,0.0939,0.929,0.1406,NORMAL,0
2024-01-02,TikTok,NG,228,11,2,0.0098,0.0482,0.0395,0.925,0.1818,NORMAL,0
2024-01-02,TikTok,PL,272,20,3,0.0134,0.0735,0.0882,0.908,0.15,NORMAL,0
2024-01-03,Affiliate_SEO,AU,753,204,69,0.0271,0.2709,0.0093,0.979,0.3382,NORMAL,0
2024-01-03,Affiliate_SEO,BR,117,22,4,0.0199,0.188,0.0171,0.979,0.1818,NORMAL,0
2024-01-03,Affiliate_SEO,CA,692,128,55,0.009,0.185,0.013,0.977,0.4297,NORMAL,0
2024-01-03,Affiliate_SEO,DE,1348,409,166,0.0275,0.3034,0.0163,0.978,0.4059,NORMAL,0
2024-01-03,Affiliate_SEO,IN,131,36,11,0.0151,0.2748,0.0076,0.981,0.3056,NORMAL,0
2024-01-03,Affiliate_SEO,NG,94,19,8,0.0258,0.2021,0.0106,0.983,0.4211,NORMAL,0
2024-01-03,Affiliate_SEO,PL,88,25,7,0.0119,0.2841,0.0114,0.977,0.28,NORMAL,0
2024-01-03,Facebook,AU,378,37,10,0.0312,0.0979,0.037,0.971,0.2703,NORMAL,0
2024-01-03,Facebook,BR,496,50,14,0.025,0.1008,0.0363,0.976,0.28,NORMAL,0
2024-01-03,Facebook,CA,452,34,6,0.0145,0.0752,0.0133,0.973,0.1765,NORMAL,0
2024-01-03,Facebook,DE,558,51,12,0.0363,0.0914,0.0412,0.97,0.2353,NORMAL,0
2024-01-03,Facebook,IN,1482,134,26,0.0414,0.0904,0.0425,0.967,0.194,NORMAL,0
2024-01-03,Facebook,NG,219,21,5,0.0366,0.0959,0.0365,0.965,0.2381,NORMAL,0
2024-01-03,Facebook,PL,1098,84,17,0.025,0.0765,0.0155,0.966,0.2024,NORMAL,0
2024-01-03,Google_Search,AU,418,69,21,0.0292,0.1651,0.012,0.99,0.3043,NORMAL,0
2024-01-03,Google_Search,BR,694,99,31,0.0227,0.1427,0.0115,0.99,0.3131,NORMAL,0
2024-01-03,Google_Search,CA,1290,216,91,0.0383,0.1674,0.0062,0.989,0.4213,NORMAL,0
2024-01-03,Google_Search,DE,1493,194,66,0.035,0.1299,0.0067,0.99,0.3402,NORMAL,0
2024-01-03,Google_Search,IN,779,137,42,0.0262,0.1759,0.0077,0.989,0.3066,NORMAL,0
2024-01-03,Google_Search,NG,580,58,9,0.0358,0.1,0.0069,0.991,0.1552,NORMAL,0
2024-01-03,Google_Search,PL,936,153,34,0.0409,0.1635,0.0096,0.988,0.2222,NORMAL,0
2024-01-03,Native_Ads,AU,427,31,6,0.0232,0.0726,0.0375,0.95,0.1935,NORMAL,0
2024-01-03,Native_Ads,BR,939,68,10,0.0217,0.0724,0.0671,0.95,0.1471,NORMAL,0
2024-01-03,Native_Ads,CA,267,19,4,0.0133,0.0712,0.0487,0.932,0.2105,NORMAL,0
2024-01-03,Native_Ads,DE,268,13,2,0.0153,0.0485,0.041,0.944,0.1538,NORMAL,0
2024-01-03,Native_Ads,IN,562,42,3,0.0164,0.0747,0.0641,0.942,0.0714,NORMAL,0
2024-01-03,Native_Ads,NG,625,49,5,0.0126,0.0784,0.0688,0.948,0.102,NORMAL,0
2024-01-03,Native_Ads,PL,603,49,9,0.0183,0.0813,0.073,0.932,0.1837,NORMAL,0
2024-01-03,Push_Network,AU,558,23,3,0.0162,0.0412,0.1882,0.884,0.1304,HIGH_FRAUD_RATE,1
2024-01-03,Push_Network,BR,476,19,3,0.0164,0.0399,0.1639,0.879,0.1579,HIGH_FRAUD_RATE,1
2024-01-03,Push_Network,CA,281,13,1,0.0191,0.0463,0.0961,0.877,0.0769,NORMAL,0
2024-01-03,Push_Network,DE,909,26,2,0.017,0.0286,0.1991,0.876,0.0769,HIGH_FRAUD_RATE,1
2024-01-03,Push_Network,IN,249,6,0,0.0157,0.0241,0.1807,0.875,0.0,HIGH_FRAUD_RATE,1
2024-01-03,Push_Network,NG,617,24,3,0.0228,0.0389,0.0908,0.836,0.125,NORMAL,0
2024-01-03,Push_Network,PL,965,30,2,0.0224,0.0311,0.1679,0.841,0.0667,HIGH_FRAUD_RATE,1
2024-01-03,TikTok,AU,417,29,4,0.0304,0.0695,0.06,0.925,0.1379,NORMAL,0
2024-01-03,TikTok,BR,314,20,2,0.0166,0.0637,0.051,0.923,0.1,NORMAL,0
2024-01-03,TikTok,CA,268,17,2,0.0134,0.0634,0.0784,0.915,0.1176,NORMAL,0
2024-01-03,TikTok,DE,152,10,1,0.02,0.0658,0.0395,0.909,0.1,NORMAL,0
2024-01-03,TikTok,IN,324,12,2,0.0196,0.037,0.0741,0.919,0.1667,NORMAL,0
2024-01-03,TikTok,NG,715,51,9,0.0294,0.0713,0.1147,0.927,0.1765,HIGH_FRAUD_RATE,1
2024-01-03,TikTok,PL,426,29,4,0.0133,0.0681,0.0399,0.911,0.1379,NORMAL,0
2024-01-04,Affiliate_SEO,AU,49,12,4,0.0049,0.2449,0.0,0.976,0.3333,NORMAL,0
2024-01-04,Affiliate_SEO,BR,327,56,25,0.0176,0.1713,0.0153,0.977,0.4464,NORMAL,0
2024-01-04,Affiliate_SEO,CA,442,93,35,0.0259,0.2104,0.0204,0.98,0.3763,NORMAL,0
2024-01-04,Affiliate_SEO,DE,1197,188,50,0.0252,0.1571,0.0251,0.977,0.266,NORMAL,0
2024-01-04,Affiliate_SEO,IN,31,6,1,0.0129,0.1935,0.0,0.976,0.1667,NORMAL,0
2024-01-04,Affiliate_SEO,NG,35,3,1,0.0109,0.0857,0.0,0.98,0.3333,NORMAL,0
2024-01-04,Affiliate_SEO,PL,160,41,14,0.0192,0.2562,0.0188,0.981,0.3415,NORMAL,0
2024-01-04,Facebook,AU,610,60,11,0.0358,0.0984,0.0262,0.974,0.1833,NORMAL,0
2024-01-04,Facebook,BR,938,125,26,0.0391,0.1333,0.0245,0.974,0.208,NORMAL,0
2024-01-04,Facebook,CA,569,68,22,0.0256,0.1195,0.0422,0.975,0.3235,NORMAL,0
2024-01-04,Facebook,DE,408,35,8,0.0302,0.0858,0.0196,0.971,0.2286,NORMAL,0
2024-01-04,Facebook,IN,366,29,8,0.0389,0.0792,0.0273,0.966,0.2759,NORMAL,0
2024-01-04,Facebook,NG,895,58,15,0.0396,0.0648,0.0201,0.967,0.2586,NORMAL,0
2024-01-04,Facebook,PL,1000,88,22,0.0366,0.088,0.032,0.97,0.25,NORMAL,0
2024-01-04,Google_Search,AU,959,85,26,0.0284,0.0886,0.0083,0.99,0.3059,NORMAL,0
2024-01-04,Google_Search,BR,1091,159,35,0.036,0.1457,0.0101,0.988,0.2201,NORMAL,0
2024-01-04,Google_Search,CA,1229,168,54,0.0415,0.1367,0.0122,0.989,0.3214,NORMAL,0
2024-01-04,Google_Search,DE,1119,79,21,0.0256,0.0706,0.0107,0.99,0.2658,NORMAL,0
2024-01-04,Google_Search,IN,829,110,23,0.0373,0.1327,0.0121,0.992,0.2091,NORMAL,0
2024-01-04,Google_Search,NG,436,50,15,0.0285,0.1147,0.0069,0.989,0.3,NORMAL,0
2024-01-04,Google_Search,PL,557,83,30,0.0321,0.149,0.0126,0.99,0.3614,NORMAL,0
2024-01-04,Native_Ads,AU,191,12,2,0.0103,0.0628,0.0628,0.938,0.1667,NORMAL,0
2024-01-04,Native_Ads,BR,272,19,2,0.0116,0.0699,0.0735,0.934,0.1053,NORMAL,0
2024-01-04,Native_Ads,CA,528,31,7,0.0316,0.0587,0.0739,0.945,0.2258,NORMAL,0
2024-01-04,Native_Ads,DE,335,22,3,0.0168,0.0657,0.0478,0.929,0.1364,NORMAL,0
2024-01-04,Native_Ads,IN,284,23,4,0.0088,0.081,0.081,0.932,0.1739,NORMAL,0
2024-01-04,Native_Ads,NG,468,36,6,0.0241,0.0769,0.0791,0.929,0.1667,NORMAL,0
2024-01-04,Native_Ads,PL,194,15,2,0.0099,0.0773,0.0464,0.94,0.1333,NORMAL,0
2024-01-04,Push_Network,AU,488,18,1,0.0183,0.0369,0.1598,0.868,0.0556,HIGH_FRAUD_RATE,1
2024-01-04,Push_Network,BR,161,7,0,0.0112,0.0435,0.0932,0.843,0.0,NORMAL,0
2024-01-04,Push_Network,CA,285,12,1,0.0271,0.0421,0.1123,0.88,0.0833,HIGH_FRAUD_RATE,1
2024-01-04,Push_Network,DE,540,19,2,0.0235,0.0352,0.0704,0.836,0.1053,NORMAL,0
2024-01-04,Push_Network,IN,484,21,3,0.0168,0.0434,0.0723,0.885,0.1429,NORMAL,0
2024-01-04,Push_Network,NG,462,20,2,0.0224,0.0433,0.0844,0.845,0.1,NORMAL,0
2024-01-04,Push_Network,PL,200,8,0,0.014,0.04,0.12,0.873,0.0,HIGH_FRAUD_RATE,1
2024-01-04,TikTok,AU,1620,95,10,0.0223,0.0586,0.0481,0.93,0.1053,NORMAL,0
2024-01-04,TikTok,BR,568,33,5,0.0235,0.0581,0.081,0.913,0.1515,NORMAL,0
2024-01-04,TikTok,CA,152,9,0,0.0076,0.0592,0.1118,0.912,0.0,HIGH_FRAUD_RATE,1
2024-01-04,TikTok,DE,650,36,4,0.0226,0.0554,0.0815,0.929,0.1111,NORMAL,0
2024-01-04,TikTok,IN,148,10,1,0.0089,0.0676,0.0676,0.905,0.1,NORMAL,0
2024-01-04,TikTok,NG,131,8,1,0.0168,0.0611,0.0916,0.918,0.125,NORMAL,0
2024-01-04,TikTok,PL,578,35,5,0.0221,0.0606,0.1003,0.915,0.1429,HIGH_FRAUD_RATE,1
2024-01-05,Affiliate_SEO,AU,827,170,59,0.0295,0.2056,0.0278,0.977,0.3471,NORMAL,0
2024-01-05,Affiliate_SEO,BR,121,24,5,0.0196,0.1983,0.0165,0.977,0.2083,NORMAL,0
2024-01-05,Affiliate_SEO,CA,1250,333,117,0.0229,0.2664,0.012,0.979,0.3514,NORMAL,0
2024-01-05,Affiliate_SEO,DE,556,196,77,0.018,0.3525,0.0126,0.98,0.3929,NORMAL,0
2024-01-05,Affiliate_SEO,IN,84,15,7,0.0258,0.1786,0.0,0.976,0.4667,NORMAL,0
2024-01-05,Affiliate_SEO,NG,31,5,1,0.0123,0.1613,0.0,0.98,0.2,NORMAL,0
2024-01-05,Affiliate_SEO,PL,90,20,6,0.0212,0.2222,0.0111,0.977,0.3,NORMAL,0
2024-01-05,Facebook,AU,1541,106,29,0.0404,0.0688,0.0195,0.973,0.2736,NORMAL,0
2024-01-05,Facebook,BR,1298,148,31,0.0224,0.114,0.0262,0.967,0.2095,NORMAL,0
2024-01-05,Facebook,CA,329,30,9,0.0358,0.0912,0.0243,0.976,0.3,NORMAL,0
2024-01-05,Facebook,DE,660,55,8,0.0352,0.0833,0.0439,0.97,0.1455,NORMAL,0
2024-01-05,Facebook,IN,761,57,14,0.034,0.0749,0.0184,0.974,0.2456,NORMAL,0
2024-01-05,Facebook,NG,896,56,12,0.0315,0.0625,0.0312,0.973,0.2143,NORMAL,0
2024-01-05,Facebook,PL,785,53,12,0.0224,0.0675,0.0242,0.964,0.2264,NORMAL,0
2024-01-05,Google_Search,AU,611,78,20,0.0496,0.1277,0.0098,0.989,0.2564,NORMAL,0
2024-01-05,Google_Search,BR,588,105,26,0.034,0.1786,0.0102,0.99,0.2476,NORMAL,0
2024-01-05,Google_Search,CA,673,101,26,0.0466,0.1501,0.0074,0.992,0.2574,NORMAL,0
2024-01-05,Google_Search,DE,796,139,30,0.0307,0.1746,0.0138,0.989,0.2158,NORMAL,0
2024-01-05,Google_Search,IN,1529,267,69,0.0381,0.1746,0.0065,0.988,0.2584,NORMAL,0
2024-01-05,Google_Search,NG,1135,111,20,0.0241,0.0978,0.0141,0.989,0.1802,NORMAL,0
2024-01-05,Google_Search,PL,1291,197,63,0.0383,0.1526,0.0108,0.989,0.3198,NORMAL,0
2024-01-05,Native_Ads,AU,349,27,6,0.0186,0.0774,0.0372,0.933,0.2222,NORMAL,0
2024-01-05,Native_Ads,BR,263,19,3,0.0178,0.0722,0.0722,0.949,0.1579,NORMAL,0
2024-01-05,Native_Ads,CA,756,62,12,0.0252,0.082,0.0384,0.943,0.1935,NORMAL,0
2024-01-05,Native_Ads,DE,1442,94,21,0.0365,0.0652,0.0589,0.946,0.2234,NORMAL,0
2024-01-05,Native_Ads,IN,434,40,8,0.0153,0.0922,0.0346,0.944,0.2,NORMAL,0
2024-01-05,Native_Ads,NG,738,49,8,0.0296,0.0664,0.0772,0.949,0.1633,NORMAL,0
2024-01-05,Native_Ads,PL,509,28,6,0.0255,0.055,0.0314,0.928,0.2143,NORMAL,0
2024-01-05,Push_Network,AU,190,7,0,0.014,0.0368,0.1632,0.86,0.0,HIGH_FRAUD_RATE,1
2024-01-05,Push_Network,BR,653,31,4,0.0207,0.0475,0.1332,0.85,0.129,HIGH_FRAUD_RATE,1
2024-01-05,Push_Network,CA,524,22,2,0.0178,0.042,0.1183,0.852,0.0909,HIGH_FRAUD_RATE,1
2024-01-05,Push_Network,DE,396,17,2,0.0229,0.0429,0.1869,0.885,0.1176,HIGH_FRAUD_RATE,1
2024-01-05,Push_Network,IN,544,21,2,0.0244,0.0386,0.1379,0.841,0.0952,HIGH_FRAUD_RATE,1
2024-01-05,Push_Network,NG,322,13,2,0.02,0.0404,0.087,0.883,0.1538,NORMAL,0
2024-01-05,Push_Network,PL,447,17,1,0.0208,0.038,0.2036,0.853,0.0588,HIGH_FRAUD_RATE,1
2024-01-05,TikTok,AU,294,14,2,0.0185,0.0476,0.0782,0.922,0.1429,NORMAL,0
2024-01-05,TikTok,BR,475,33,5,0.0279,0.0695,0.0695,0.915,0.1515,NORMAL,0
2024-01-05,TikTok,CA,798,51,6,0.0292,0.0639,0.0852,0.905,0.1176,NORMAL,0
2024-01-05,TikTok,DE,125,8,1,0.0113,0.064,0.064,0.932,0.125,NORMAL,0
2024-01-05,TikTok,IN,187,13,2,0.0169,0.0695,0.0588,0.913,0.1538,NORMAL,0
2024-01-05,TikTok,NG,604,43,4,0.0274,0.0712,0.0447,0.915,0.093,NORMAL,0
2024-01-05,TikTok,PL,772,45,5,0.0253,0.0583,0.0402,0.916,0.1111,NORMAL,0
2024-01-06,Affiliate_SEO,AU,691,178,61,0.0151,0.2576,0.026,0.982,0.3427,NORMAL,0
2024-01-06,Affiliate_SEO,BR,62,9,3,0.0145,0.1452,0.0161,0.977,0.3333,NORMAL,0
2024-01-06,Affiliate_SEO,CA,531,102,36,0.0218,0.1921,0.0226,0.984,0.3529,NORMAL,0
2024-01-06,Affiliate_SEO,DE,563,91,33,0.0177,0.1616,0.0124,0.978,0.3626,NORMAL,0
2024-01-06,Affiliate_SEO,IN,171,38,15,0.0221,0.2222,0.0058,0.979,0.3947,NORMAL,0
2024-01-06,Affiliate_SEO,NG,151,29,11,0.0254,0.1921,0.0199,0.983,0.3793,NORMAL,0
2024-01-06,Affiliate_SEO,PL,113,26,10,0.0114,0.2301,0.0088,0.978,0.3846,NORMAL,0
2024-01-06,Facebook,AU,1240,120,33,0.0303,0.0968,0.0371,0.965,0.275,NORMAL,0
2024-01-06,Facebook,BR,1268,108,19,0.0423,0.0852,0.0284,0.972,0.1759,NORMAL,0
2024-01-06,Facebook,CA,349,42,10,0.0242,0.1203,0.0315,0.968,0.2381,NORMAL,0
2024-01-06,Facebook,DE,571,51,10,0.0365,0.0893,0.0438,0.969,0.1961,NORMAL,0
2024-01-06,Facebook,IN,765,70,19,0.0338,0.0915,0.0248,0.974,0.2714,NORMAL,0
2024-01-06,Facebook,NG,1133,89,16,0.0288,0.0786,0.0424,0.974,0.1798,NORMAL,0
2024-01-06,Facebook,PL,1631,132,41,0.0326,0.0809,0.038,0.966,0.3106,NORMAL,0
2024-01-06,Google_Search,AU,1321,184,55,0.0386,0.1393,0.0083,0.991,0.2989,NORMAL,0
2024-01-06,Google_Search,BR,973,158,49,0.0427,0.1624,0.0092,0.992,0.3101,NORMAL,0
2024-01-06,Google_Search,CA,437,64,21,0.0359,0.1465,0.0046,0.991,0.3281,NORMAL,0
2024-01-06,Google_Search,DE,1448,192,57,0.0454,0.1326,0.0062,0.99,0.2969,NORMAL,0
2024-01-06,Google_Search,IN,2101,245,52,0.0403,0.1166,0.009,0.99,0.2122,NORMAL,0
2024-01-06,Google_Search,NG,739,124,37,0.0341,0.1678,0.0054,0.99,0.2984,NORMAL,0
2024-01-06,Google_Search,PL,769,121,36,0.0369,0.1573,0.0091,0.989,0.2975,NORMAL,0
2024-01-06,Native_Ads,AU,950,79,19,0.0249,0.0832,0.0316,0.94,0.2405,NORMAL,0
2024-01-06,Native_Ads,BR,344,26,4,0.0202,0.0756,0.0349,0.952,0.1538,NORMAL,0
2024-01-06,Native_Ads,CA,434,26,3,0.0175,0.0599,0.0691,0.944,0.1154,NORMAL,0
2024-01-06,Native_Ads,DE,400,21,4,0.0217,0.0525,0.07,0.952,0.1905,NORMAL,0
2024-01-06,Native_Ads,IN,193,12,2,0.0134,0.0622,0.0674,0.944,0.1667,NORMAL,0
2024-01-06,Native_Ads,NG,557,40,9,0.0226,0.0718,0.0592,0.941,0.225,NORMAL,0
2024-01-06,Native_Ads,PL,382,29,4,0.0138,0.0759,0.0419,0.93,0.1379,NORMAL,0
2024-01-06,Push_Network,AU,606,25,3,0.0168,0.0413,0.1337,0.877,0.12,HIGH_FRAUD_RATE,1
2024-01-06,Push_Network,BR,312,9,1,0.0101,0.0288,0.0801,0.876,0.1111,NORMAL,0
2024-01-06,Push_Network,CA,272,11,1,0.0107,0.0404,0.125,0.885,0.0909,HIGH_FRAUD_RATE,1
2024-01-06,Push_Network,DE,618,20,2,0.0263,0.0324,0.1262,0.834,0.1,HIGH_FRAUD_RATE,1
2024-01-06,Push_Network,IN,1059,45,4,0.0273,0.0425,0.1983,0.886,0.0889,HIGH_FRAUD_RATE,1
2024-01-06,Push_Network,NG,119,6,0,0.0149,0.0504,0.1429,0.883,0.0,HIGH_FRAUD_RATE,1
2024-01-06,Push_Network,PL,1635,66,5,0.0239,0.0404,0.1547,0.832,0.0758,HIGH_FRAUD_RATE,1
2024-01-06,TikTok,AU,317,20,2,0.0179,0.0631,0.041,0.933,0.1,NORMAL,0
2024-01-06,TikTok,BR,558,35,4,0.0129,0.0627,0.0914,0.932,0.1143,NORMAL,0
2024-01-06,TikTok,CA,464,19,3,0.0177,0.0409,0.097,0.931,0.1579,NORMAL,0
2024-01-06,TikTok,DE,1407,89,17,0.0293,0.0633,0.0426,0.922,0.191,NORMAL,0
2024-01-06,TikTok,IN,437,30,3,0.0208,0.0686,0.0709,0.909,0.1,NORMAL,0
2024-01-06,TikTok,NG,334,15,2,0.013,0.0449,0.0808,0.908,0.1333,NORMAL,0
2024-01-06,TikTok,PL,499,25,4,0.0209,0.0501,0.0922,0.924,0.16,NORMAL,0
2024-01-07,Affiliate_SEO,AU,853,141,41,0.0209,0.1653,0.0234,0.98,0.2908,NORMAL,0
2024-01-07,Affiliate_SEO,BR,304,78,20,0.0216,0.2566,0.0263,0.981,0.2564,NORMAL,0
2024-01-07,Affiliate_SEO,CA,681,138,43,0.0185,0.2026,0.0103,0.981,0.3116,NORMAL,0
2024-01-07,Affiliate_SEO,DE,4027,534,170,0.0304,0.1326,0.0296,0.977,0.3184,NORMAL,0
2024-01-07,Affiliate_SEO,IN,80,14,4,0.0274,0.175,0.0125,0.976,0.2857,NORMAL,0
2024-01-07,Affiliate_SEO,NG,90,24,9,0.033,0.2667,0.0222,0.981,0.375,NORMAL,0
2024-01-07,Affiliate_SEO,PL,434,89,38,0.0318,0.2051,0.0184,0.978,0.427,NORMAL,0
2024-01-07,Facebook,AU,1532,130,39,0.0435,0.0849,0.017,0.976,0.3,NORMAL,0
2024-01-07,Facebook,BR,1079,62,15,0.0342,0.0575,0.0343,0.976,0.2419,NORMAL,0
2024-01-07,Facebook,CA,960,99,13,0.0327,0.1031,0.0188,0.974,0.1313,NORMAL,0
2024-01-07,Facebook,DE,372,35,6,0.0279,0.0941,0.0134,0.966,0.1714,NORMAL,0
2024-01-07,Facebook,IN,671,65,12,0.0399,0.0969,0.0358,0.975,0.1846,NORMAL,0
2024-01-07,Facebook,NG,520,45,12,0.0248,0.0865,0.0173,0.974,0.2667,NORMAL,0
2024-01-07,Facebook,PL,669,52,17,0.0338,0.0777,0.0389,0.968,0.3269,NORMAL,0
2024-01-07,Google_Search,AU,636,92,33,0.0317,0.1447,0.0094,0.989,0.3587,NORMAL,0
2024-01-07,Google_Search,BR,415,63,12,0.05,0.1518,0.0145,0.991,0.1905,NORMAL,0
2024-01-07,Google_Search,CA,1802,335,84,0.031,0.1859,0.0139,0.99,0.2507,NORMAL,0
2024-01-07,Google_Search,DE,1280,186,41,0.0453,0.1453,0.0133,0.99,0.2204,NORMAL,0
2024-01-07,Google_Search,IN,1243,192,54,0.0485,0.1545,0.0113,0.989,0.2812,NORMAL,0
2024-01-07,Google_Search,NG,837,127,41,0.0224,0.1517,0.006,0.991,0.3228,NORMAL,0
2024-01-07,Google_Search,PL,862,128,29,0.0318,0.1485,0.007,0.99,0.2266,NORMAL,0
2024-01-07,Native_Ads,AU,215,14,3,0.0201,0.0651,0.0698,0.949,0.2143,NORMAL,0
2024-01-07,Native_Ads,BR,307,18,3,0.0149,0.0586,0.0847,0.937,0.1667,NORMAL,0
2024-01-07,Native_Ads,CA,650,49,6,0.0175,0.0754,0.0292,0.944,0.1224,NORMAL,0
2024-01-07,Native_Ads,DE,408,28,5,0.0325,0.0686,0.0711,0.95,0.1786,NORMAL,0
2024-01-07,Native_Ads,IN,465,26,3,0.0272,0.0559,0.0753,0.939,0.1154,NORMAL,0
2024-01-07,Native_Ads,NG,529,32,5,0.0215,0.0605,0.0681,0.943,0.1562,NORMAL,0
2024-01-07,Native_Ads,PL,591,48,11,0.0202,0.0812,0.0338,0.932,0.2292,NORMAL,0
2024-01-07,Push_Network,AU,445,17,2,0.0165,0.0382,0.0719,0.881,0.1176,NORMAL,0
2024-01-07,Push_Network,BR,110,4,0,0.012,0.0364,0.1727,0.832,0.0,HIGH_FRAUD_RATE,1
2024-01-07,Push_Network,CA,719,28,2,0.0201,0.0389,0.0765,0.874,0.0714,NORMAL,0
2024-01-07,Push_Network,DE,226,2,0,0.017,0.0088,0.1593,0.88,0.0,HIGH_FRAUD_RATE,1
2024-01-07,Push_Network,IN,634,21,3,0.0215,0.0331,0.1183,0.85,0.1429,HIGH_FRAUD_RATE,1
2024-01-07,Push_Network,NG,517,24,2,0.009,0.0464,0.1605,0.873,0.0833,HIGH_FRAUD_RATE,1
2024-01-07,Push_Network,PL,270,13,1,0.0182,0.0481,0.1259,0.851,0.0769,HIGH_FRAUD_RATE,1
2024-01-07,TikTok,AU,1536,78,14,0.0282,0.0508,0.0977,0.921,0.1795,NORMAL,0
2024-01-07,TikTok,BR,372,14,3,0.024,0.0376,0.0618,0.934,0.2143,NORMAL,0
2024-01-07,TikTok,CA,362,18,3,0.0157,0.0497,0.0691,0.928,0.1667,NORMAL,0
2024-01-07,TikTok,DE,774,36,3,0.0164,0.0465,0.0801,0.933,0.0833,NORMAL,0
2024-01-07,TikTok,IN,396,20,3,0.0086,0.0505,0.0631,0.929,0.15,NORMAL,0
2024-01-07,TikTok,NG,706,48,7,0.0149,0.068,0.1176,0.935,0.1458,HIGH_FRAUD_RATE,1
2024-01-07,TikTok,PL,430,31,5,0.0197,0.0721,0.0698,0.904,0.1613,NORMAL,0
2024-01-08,Affiliate_SEO,AU,378,107,27,0.0239,0.2831,0.0185,0.982,0.2523,NORMAL,0
2024-01-08,Affiliate_SEO,BR,140,29,12,0.0241,0.2071,0.0214,0.978,0.4138,NORMAL,0
2024-01-08,Affiliate_SEO,CA,975,233,88,0.0212,0.239,0.0205,0.981,0.3777,NORMAL,0
2024-01-08,Affiliate_SEO,DE,604,133,37,0.0224,0.2202,0.0099,0.982,0.2782,NORMAL,0
2024-01-08,Affiliate_SEO,IN,132,29,10,0.0246,0.2197,0.0152,0.984,0.3448,NORMAL,0
2024-01-08,Affiliate_SEO,NG,55,9,2,0.025,0.1636,0.0182,0.98,0.2222,NORMAL,0
2024-01-08,Affiliate_SEO,PL,203,46,16,0.0268,0.2266,0.0197,0.983,0.3478,NORMAL,0
2024-01-08,Facebook,AU,758,92,20,0.0265,0.1214,0.0343,0.967,0.2174,NORMAL,0
2024-01-08,Facebook,BR,791,52,12,0.033,0.0657,0.0367,0.969,0.2308,NORMAL,0
2024-01-08,Facebook,CA,1377,122,25,0.0476,0.0886,0.0218,0.969,0.2049,NORMAL,0
2024-01-08,Facebook,DE,451,35,10,0.0352,0.0776,0.0288,0.971,0.2857,NORMAL,0
2024-01-08,Facebook,IN,734,76,20,0.0385,0.1035,0.0177,0.972,0.2632,NORMAL,0
2024-01-08,Facebook,NG,1189,119,32,0.0484,0.1001,0.0387,0.976,0.2689,NORMAL,0
2024-01-08,Facebook,PL,1232,114,35,0.0264,0.0925,0.0235,0.973,0.307,NORMAL,0
2024-01-08,Google_Search,AU,1277,239,75,0.0306,0.1872,0.0133,0.989,0.3138,NORMAL,0
2024-01-08,Google_Search,BR,936,132,41,0.0401,0.141,0.0085,0.991,0.3106,NORMAL,0
2024-01-08,Google_Search,CA,3049,528,205,0.047,0.1732,0.0072,0.991,0.3883,NORMAL,0
2024-01-08,Google_Search,DE,726,90,15,0.0463,0.124,0.0096,0.992,0.1667,NORMAL,0
2024-01-08,Google_Search,IN,810,75,27,0.0262,0.0926,0.0099,0.989,0.36,NORMAL,0
2024-01-08,Google_Search,NG,852,141,39,0.0333,0.1655,0.0047,0.991,0.2766,NORMAL,0
2024-01-08,Google_Search,PL,462,87,17,0.0236,0.1883,0.013,0.991,0.1954,NORMAL,0
2024-01-08,Native_Ads,AU,360,28,8,0.0149,0.0778,0.0611,0.934,0.2857,NORMAL,0
2024-01-08,Native_Ads,BR,581,20,3,0.0215,0.0344,0.0499,0.93,0.15,NORMAL,0
2024-01-08,Native_Ads,CA,376,35,6,0.0174,0.0931,0.0319,0.935,0.1714,NORMAL,0
2024-01-08,Native_Ads,DE,334,18,3,0.0237,0.0539,0.0419,0.934,0.1667,NORMAL,0
2024-01-08,Native_Ads,IN,596,40,5,0.0122,0.0671,0.0805,0.943,0.125,NORMAL,0
2024-01-08,Native_Ads,NG,259,18,3,0.0196,0.0695,0.027,0.937,0.1667,NORMAL,0
2024-01-08,Native_Ads,PL,1472,127,21,0.0359,0.0863,0.0516,0.941,0.1654,NORMAL,0
2024-01-08,Push_Network,AU,650,24,2,0.0243,0.0369,0.2077,0.858,0.0833,HIGH_FRAUD_RATE,1
2024-01-08,Push_Network,BR,724,17,1,0.0222,0.0235,0.0787,0.846,0.0588,NORMAL,0
2024-01-08,Push_Network,CA,424,16,1,0.019,0.0377,0.1887,0.855,0.0625,HIGH_FRAUD_RATE,1
2024-01-08,Push_Network,DE,297,7,0,0.0162,0.0236,0.1549,0.848,0.0,HIGH_FRAUD_RATE,1
2024-01-08,Push_Network,IN,399,17,2,0.0219,0.0426,0.188,0.854,0.1176,HIGH_FRAUD_RATE,1
2024-01-08,Push_Network,NG,561,20,2,0.0193,0.0357,0.1248,0.846,0.1,HIGH_FRAUD_RATE,1
2024-01-08,Push_Network,PL,340,11,1,0.0315,0.0324,0.0824,0.845,0.0909,NORMAL,0
2024-01-08,TikTok,AU,277,16,1,0.0147,0.0578,0.1083,0.909,0.0625,HIGH_FRAUD_RATE,1
2024-01-08,TikTok,BR,433,28,3,0.0135,0.0647,0.0947,0.913,0.1071,NORMAL,0
2024-01-08,TikTok,CA,221,11,1,0.0118,0.0498,0.0407,0.919,0.0909,NORMAL,0
2024-01-08,TikTok,DE,372,15,3,0.0209,0.0403,0.1075,0.936,0.2,HIGH_FRAUD_RATE,1
2024-01-08,TikTok,IN,437,31,5,0.0242,0.0709,0.0892,0.918,0.1613,NORMAL,0
2024-01-08,TikTok,NG,328,24,3,0.0169,0.0732,0.0976,0.913,0.125,NORMAL,0
2024-01-08,TikTok,PL,1885,102,22,0.035,0.0541,0.0743,0.936,0.2157,NORMAL,0
2024-01-09,Affiliate_SEO,AU,597,154,43,0.0308,0.258,0.0117,0.976,0.2792,NORMAL,0
2024-01-09,Affiliate_SEO,BR,173,29,7,0.0143,0.1676,0.0231,0.983,0.2414,NORMAL,0
2024-01-09,Affiliate_SEO,CA,785,185,83,0.0184,0.2357,0.0166,0.983,0.4486,NORMAL,0
2024-01-09,Affiliate_SEO,DE,611,153,61,0.0204,0.2504,0.0213,0.98,0.3987,NORMAL,0
2024-01-09,Affiliate_SEO,IN,159,34,16,0.0154,0.2138,0.0189,0.98,0.4706,NORMAL,0
2024-01-09,Affiliate_SEO,NG,59,13,4,0.0131,0.2203,0.0169,0.98,0.3077,NORMAL,0
2024-01-09,Affiliate_SEO,PL,286,56,21,0.0167,0.1958,0.014,0.979,0.375,NORMAL,0
2024-01-09,Facebook,AU,603,61,14,0.0271,0.1012,0.0249,0.969,0.2295,NORMAL,0
2024-01-09,Facebook,BR,202,19,4,0.0204,0.0941,0.0347,0.968,0.2105,NORMAL,0
2024-01-09,Facebook,CA,737,40,10,0.0291,0.0543,0.0244,0.975,0.25,NORMAL,0
2024-01-09,Facebook,DE,715,68,18,0.0274,0.0951,0.0238,0.973,0.2647,NORMAL,0
2024-01-09,Facebook,IN,1184,82,18,0.0318,0.0693,0.0431,0.974,0.2195,NORMAL,0
2024-01-09,Facebook,NG,357,45,11,0.026,0.1261,0.0336,0.973,0.2444,NORMAL,0
2024-01-09,Facebook,PL,632,48,11,0.0275,0.0759,0.0269,0.97,0.2292,NORMAL,0
2024-01-09,Google_Search,AU,436,71,21,0.0317,0.1628,0.0046,0.991,0.2958,NORMAL,0
2024-01-09,Google_Search,BR,896,127,27,0.0287,0.1417,0.0112,0.989,0.2126,NORMAL,0
2024-01-09,Google_Search,CA,1049,111,27,0.0421,0.1058,0.0124,0.989,0.2432,NORMAL,0
2024-01-09,Google_Search,DE,951,123,32,0.0483,0.1293,0.0105,0.99,0.2602,NORMAL,0
2024-01-09,Google_Search,IN,2104,252,91,0.0452,0.1198,0.0076,0.991,0.3611,NORMAL,0
2024-01-09,Google_Search,NG,1585,247,72,0.0438,0.1558,0.0132,0.989,0.2915,NORMAL,0
2024-01-09,Google_Search,PL,856,143,55,0.0278,0.1671,0.007,0.99,0.3846,NORMAL,0
2024-01-09,Native_Ads,AU,795,49,10,0.0288,0.0616,0.0629,0.945,0.2041,NORMAL,0
2024-01-09,Native_Ads,BR,506,34,8,0.0244,0.0672,0.0791,0.95,0.2353,NORMAL,0
2024-01-09,Native_Ads,CA,261,21,2,0.0175,0.0805,0.0383,0.931,0.0952,NORMAL,0
2024-01-09,Native_Ads,DE,216,13,2,0.0152,0.0602,0.0833,0.95,0.1538,NORMAL,0
2024-01-09,Native_Ads,IN,1299,82,13,0.0249,0.0631,0.0554,0.935,0.1585,NORMAL,0
2024-01-09,Native_Ads,NG,1276,82,15,0.0303,0.0643,0.0886,0.945,0.1829,NORMAL,0
2024-01-09,Native_Ads,PL,610,56,7,0.0224,0.0918,0.059,0.939,0.125,NORMAL,0
2024-01-09,Push_Network,AU,220,5,0,0.0163,0.0227,0.0818,0.853,0.0,NORMAL,0
2024-01-09,Push_Network,BR,343,14,1,0.0157,0.0408,0.1662,0.861,0.0714,HIGH_FRAUD_RATE,1
2024-01-09,Push_Network,CA,444,19,1,0.026,0.0428,0.1869,0.859,0.0526,HIGH_FRAUD_RATE,1
2024-01-09,Push_Network,DE,585,20,2,0.027,0.0342,0.1111,0.85,0.1,HIGH_FRAUD_RATE,1
2024-01-09,Push_Network,IN,276,13,1,0.019,0.0471,0.1051,0.858,0.0769,HIGH_FRAUD_RATE,1
2024-01-09,Push_Network,NG,427,23,2,0.0237,0.0539,0.1803,0.861,0.087,HIGH_FRAUD_RATE,1
2024-01-09,Push_Network,PL,266,11,1,0.0123,0.0414,0.1015,0.871,0.0909,HIGH_FRAUD_RATE,1
2024-01-09,TikTok,AU,767,68,9,0.0211,0.0887,0.0782,0.925,0.1324,NORMAL,0
2024-01-09,TikTok,BR,402,16,2,0.0149,0.0398,0.0697,0.929,0.125,NORMAL,0
2024-01-09,TikTok,CA,269,18,3,0.0098,0.0669,0.052,0.926,0.1667,NORMAL,0
2024-01-09,TikTok,DE,863,41,8,0.0144,0.0475,0.0881,0.917,0.1951,NORMAL,0
2024-01-09,TikTok,IN,435,18,2,0.0191,0.0414,0.1172,0.909,0.1111,HIGH_FRAUD_RATE,1
2024-01-09,TikTok,NG,321,19,3,0.0141,0.0592,0.081,0.913,0.1579,NORMAL,0
2024-01-09,TikTok,PL,220,17,1,0.0219,0.0773,0.1091,0.915,0.0588,HIGH_FRAUD_RATE,1
2024-01-10,Affiliate_SEO,AU,148,34,12,0.0212,0.2297,0.0203,0.977,0.3529,NORMAL,0
2024-01-10,Affiliate_SEO,BR,112,20,7,0.0151,0.1786,0.0089,0.98,0.35,NORMAL,0
2024-01-10,Affiliate_SEO,CA,273,63,17,0.0206,0.2308,0.011,0.981,0.2698,NORMAL,0
2024-01-10,Affiliate_SEO,DE,275,55,20,0.0183,0.2,0.0182,0.983,0.3636,NORMAL,0
2024-01-10,Affiliate_SEO,IN,74,17,3,0.0263,0.2297,0.027,0.982,0.1765,NORMAL,0
2024-01-10,Affiliate_SEO,NG,66,10,4,0.0293,0.1515,0.0,0.983,0.4,NORMAL,0
2024-01-10,Affiliate_SEO,PL,477,110,43,0.0278,0.2306,0.0273,0.979,0.3909,NORMAL,0
2024-01-10,Facebook,AU,438,34,10,0.0152,0.0776,0.0342,0.972,0.2941,NORMAL,0
2024-01-10,Facebook,BR,1000,116,28,0.0302,0.116,0.042,0.968,0.2414,NORMAL,0
2024-01-10,Facebook,CA,434,32,6,0.0353,0.0737,0.0392,0.974,0.1875,NORMAL,0
2024-01-10,Facebook,DE,1901,154,36,0.039,0.081,0.0363,0.966,0.2338,NORMAL,0
2024-01-10,Facebook,IN,537,37,9,0.0247,0.0689,0.0186,0.975,0.2432,NORMAL,0
2024-01-10,Facebook,NG,1742,224,62,0.0398,0.1286,0.0253,0.974,0.2768,NORMAL,0
2024-01-10,Facebook,PL,1012,99,25,0.0367,0.0978,0.0208,0.974,0.2525,NORMAL,0
2024-01-10,Google_Search,AU,683,150,53,0.0338,0.2196,0.0073,0.991,0.3533,NORMAL,0
2024-01-10,Google_Search,BR,479,85,19,0.0284,0.1775,0.0084,0.992,0.2235,NORMAL,0
2024-01-10,Google_Search,CA,981,155,52,0.033,0.158,0.0112,0.989,0.3355,NORMAL,0
2024-01-10,Google_Search,DE,378,56,14,0.0154,0.1481,0.0079,0.99,0.25,NORMAL,0
2024-01-10,Google_Search,IN,1350,245,87,0.0329,0.1815,0.0067,0.989,0.3551,NORMAL,0
2024-01-10,Google_Search,NG,476,72,20,0.0336,0.1513,0.0105,0.989,0.2778,NORMAL,0
2024-01-10,Google_Search,PL,492,70,23,0.0352,0.1423,0.0041,0.992,0.3286,NORMAL,0
2024-01-10,Native_Ads,AU,684,42,9,0.0169,0.0614,0.0322,0.936,0.2143,NORMAL,0
2024-01-10,Native_Ads,BR,342,20,3,0.0133,0.0585,0.0351,0.931,0.15,NORMAL,0
2024-01-10,Native_Ads,CA,301,21,5,0.0178,0.0698,0.0465,0.93,0.2381,NORMAL,0
2024-01-10,Native_Ads,DE,526,38,8,0.0272,0.0722,0.0646,0.942,0.2105,NORMAL,0
2024-01-10,Native_Ads,IN,400,23,4,0.0211,0.0575,0.0625,0.947,0.1739,NORMAL,0
2024-01-10,Native_Ads,NG,398,35,7,0.0129,0.0879,0.0578,0.934,0.2,NORMAL,0
2024-01-10,Native_Ads,PL,476,26,5,0.0214,0.0546,0.0399,0.935,0.1923,NORMAL,0
2024-01-10,Push_Network,AU,501,23,2,0.0172,0.0459,0.1776,0.882,0.087,HIGH_FRAUD_RATE,1
2024-01-10,Push_Network,BR,774,26,4,0.0195,0.0336,0.2054,0.883,0.1538,HIGH_FRAUD_RATE,1
2024-01-10,Push_Network,CA,478,18,1,0.0178,0.0377,0.0795,0.846,0.0556,NORMAL,0
2024-01-10,Push_Network,DE,668,24,3,0.0254,0.0359,0.1198,0.853,0.125,HIGH_FRAUD_RATE,1
2024-01-10,Push_Network,IN,594,23,3,0.0228,0.0387,0.1886,0.846,0.1304,HIGH_FRAUD_RATE,1
2024-01-10,Push_Network,NG,297,10,1,0.0122,0.0337,0.1347,0.852,0.1,HIGH_FRAUD_RATE,1
2024-01-10,Push_Network,PL,99,4,0,0.0127,0.0404,0.0707,0.838,0.0,NORMAL,0
2024-01-10,TikTok,AU,537,34,5,0.0259,0.0633,0.0801,0.918,0.1471,NORMAL,0
2024-01-10,TikTok,BR,238,13,2,0.0115,0.0546,0.0924,0.918,0.1538,NORMAL,0
2024-01-10,TikTok,CA,377,29,5,0.0248,0.0769,0.0743,0.908,0.1724,NORMAL,0
2024-01-10,TikTok,DE,463,31,6,0.0203,0.067,0.0648,0.914,0.1935,NORMAL,0
2024-01-10,TikTok,IN,446,24,3,0.0213,0.0538,0.0987,0.932,0.125,NORMAL,0
2024-01-10,TikTok,NG,1134,74,13,0.0275,0.0653,0.0944,0.915,0.1757,NORMAL,0
2024-01-10,TikTok,PL,954,56,8,0.03,0.0587,0.0409,0.926,0.1429,NORMAL,0
2024-01-11,Affiliate_SEO,AU,510,116,54,0.0264,0.2275,0.0118,0.977,0.4655,NORMAL,0
2024-01-11,Affiliate_SEO,BR,324,46,11,0.0144,0.142,0.0123,0.98,0.2391,NORMAL,0
2024-01-11,Affiliate_SEO,CA,449,98,33,0.0266,0.2183,0.0267,0.983,0.3367,NORMAL,0
2024-01-11,Affiliate_SEO,DE,373,107,39,0.0106,0.2869,0.0161,0.978,0.3645,NORMAL,0
2024-01-11,Affiliate_SEO,IN,102,21,6,0.0202,0.2059,0.0098,0.982,0.2857,NORMAL,0
2024-01-11,Affiliate_SEO,NG,55,14,4,0.0271,0.2545,0.0,0.978,0.2857,NORMAL,0
2024-01-11,Affiliate_SEO,PL,450,87,24,0.0285,0.1933,0.0089,0.98,0.2759,NORMAL,0
2024-01-11,Facebook,AU,382,36,10,0.0381,0.0942,0.0209,0.975,0.2778,NORMAL,0
2024-01-11,Facebook,BR,593,63,15,0.0288,0.1062,0.0337,0.969,0.2381,NORMAL,0
2024-01-11,Facebook,CA,871,103,23,0.0392,0.1183,0.0207,0.972,0.2233,NORMAL,0
2024-01-11,Facebook,DE,751,69,12,0.0373,0.0919,0.016,0.969,0.1739,NORMAL,0
2024-01-11,Facebook,IN,792,43,14,0.0228,0.0543,0.024,0.968,0.3256,NORMAL,0
2024-01-11,Facebook,NG,1217,109,30,0.0381,0.0896,0.0222,0.976,0.2752,NORMAL,0
2024-01-11,Facebook,PL,515,34,8,0.0321,0.066,0.0272,0.971,0.2353,NORMAL,0
2024-01-11,Google_Search,AU,629,70,16,0.0412,0.1113,0.0064,0.992,0.2286,NORMAL,0
2024-01-11,Google_Search,BR,1184,177,32,0.0411,0.1495,0.0084,0.991,0.1808,NORMAL,0
2024-01-11,Google_Search,CA,412,63,18,0.0281,0.1529,0.0121,0.991,0.2857,NORMAL,0
2024-01-11,Google_Search,DE,1198,189,67,0.0391,0.1578,0.0092,0.989,0.3545,NORMAL,0
2024-01-11,Google_Search,IN,906,177,49,0.0288,0.1954,0.0077,0.988,0.2768,NORMAL,0
2024-01-11,Google_Search,NG,667,108,23,0.0381,0.1619,0.0075,0.992,0.213,NORMAL,0
2024-01-11,Google_Search,PL,514,91,33,0.0409,0.177,0.0136,0.991,0.3626,NORMAL,0
2024-01-11,Native_Ads,AU,345,22,5,0.0248,0.0638,0.0551,0.941,0.2273,NORMAL,0
2024-01-11,Native_Ads,BR,246,8,1,0.0198,0.0325,0.0285,0.942,0.125,NORMAL,0
2024-01-11,Native_Ads,CA,123,7,1,0.0123,0.0569,0.0813,0.949,0.1429,NORMAL,0
2024-01-11,Native_Ads,DE,578,28,7,0.0213,0.0484,0.0571,0.936,0.25,NORMAL,0
2024-01-11,Native_Ads,IN,1588,119,28,0.0346,0.0749,0.0309,0.944,0.2353,NORMAL,0
2024-01-11,Native_Ads,NG,407,33,6,0.0183,0.0811,0.0565,0.942,0.1818,NORMAL,0
2024-01-11,Native_Ads,PL,621,46,8,0.0164,0.0741,0.0499,0.943,0.1739,NORMAL,0
2024-01-11,Push_Network,AU,367,15,1,0.0151,0.0409,0.0954,0.878,0.0667,NORMAL,0
2024-01-11,Push_Network,BR,718,29,2,0.027,0.0404,0.2075,0.876,0.069,HIGH_FRAUD_RATE,1
2024-01-11,Push_Network,CA,431,21,2,0.023,0.0487,0.1183,0.862,0.0952,HIGH_FRAUD_RATE,1
2024-01-11,Push_Network,DE,335,14,1,0.0324,0.0418,0.1851,0.833,0.0714,HIGH_FRAUD_RATE,1
2024-01-11,Push_Network,IN,231,13,1,0.023,0.0563,0.1558,0.839,0.0769,HIGH_FRAUD_RATE,1
2024-01-11,Push_Network,NG,462,20,2,0.0233,0.0433,0.1407,0.841,0.1,HIGH_FRAUD_RATE,1
2024-01-11,Push_Network,PL,783,33,2,0.0175,0.0421,0.2082,0.861,0.0606,HIGH_FRAUD_RATE,1
2024-01-11,TikTok,AU,397,18,4,0.0231,0.0453,0.073,0.907,0.2222,NORMAL,0
2024-01-11,TikTok,BR,109,5,0,0.0134,0.0459,0.0734,0.91,0.0,NORMAL,0
2024-01-11,TikTok,CA,314,17,2,0.0206,0.0541,0.0732,0.924,0.1176,NORMAL,0
2024-01-11,TikTok,DE,129,8,0,0.005,0.062,0.062,0.925,0.0,NORMAL,0
2024-01-11,TikTok,IN,320,18,3,0.0136,0.0563,0.1031,0.935,0.1667,HIGH_FRAUD_RATE,1
2024-01-11,TikTok,NG,286,19,3,0.0154,0.0664,0.0769,0.909,0.1579,NORMAL,0
2024-01-11,TikTok,PL,898,72,10,0.0205,0.0802,0.1002,0.929,0.1389,HIGH_FRAUD_RATE,1
2024-01-12,Affiliate_SEO,AU,868,181,61,0.0179,0.2085,0.0219,0.98,0.337,NORMAL,0
2024-01-12,Affiliate_SEO,BR,237,49,14,0.0205,0.2068,0.0211,0.98,0.2857,NORMAL,0
2024-01-12,Affiliate_SEO,CA,529,122,44,0.0149,0.2306,0.0265,0.978,0.3607,NORMAL,0
2024-01-12,Affiliate_SEO,DE,1538,265,73,0.023,0.1723,0.026,0.981,0.2755,NORMAL,0
2024-01-12,Affiliate_SEO,IN,45,13,4,0.0149,0.2889,0.0,0.978,0.3077,NORMAL,0
2024-01-12,Affiliate_SEO,NG,23,5,2,0.0156,0.2174,0.0,0.981,0.4,NORMAL,0
2024-01-12,Affiliate_SEO,PL,100,22,8,0.0279,0.22,0.02,0.978,0.3636,NORMAL,0
2024-01-12,Facebook,AU,447,47,6,0.0306,0.1051,0.038,0.969,0.1277,NORMAL,0
2024-01-12,Facebook,BR,510,31,11,0.051,0.0608,0.0216,0.976,0.3548,NORMAL,0
2024-01-12,Facebook,CA,713,72,18,0.0325,0.101,0.0323,0.972,0.25,NORMAL,0
2024-01-12,Facebook,DE,441,45,10,0.0401,0.102,0.0385,0.97,0.2222,NORMAL,0
2024-01-12,Facebook,IN,1265,105,28,0.0478,0.083,0.019,0.972,0.2667,NORMAL,0
2024-01-12,Facebook,NG,1384,151,38,0.0419,0.1091,0.0448,0.968,0.2517,NORMAL,0
2024-01-12,Facebook,PL,465,45,8,0.0426,0.0968,0.0129,0.967,0.1778,NORMAL,0
2024-01-12,Google_Search,AU,745,135,31,0.0276,0.1812,0.0121,0.99,0.2296,NORMAL,0
2024-01-12,Google_Search,BR,814,135,39,0.036,0.1658,0.0123,0.991,0.2889,NORMAL,0
2024-01-12,Google_Search,CA,1308,126,41,0.0385,0.0963,0.0107,0.991,0.3254,NORMAL,0
2024-01-12,Google_Search,DE,634,95,34,0.0238,0.1498,0.0047,0.991,0.3579,NORMAL,0
2024-01-12,Google_Search,IN,669,85,28,0.0395,0.1271,0.0075,0.992,0.3294,NORMAL,0
2024-01-12,Google_Search,NG,1849,331,124,0.0478,0.179,0.0059,0.991,0.3746,NORMAL,0
2024-01-12,Google_Search,PL,438,66,13,0.0282,0.1507,0.0091,0.988,0.197,NORMAL,0
2024-01-12,Native_Ads,AU,167,11,1,0.0118,0.0659,0.0719,0.931,0.0909,NORMAL,0
2024-01-12,Native_Ads,BR,708,62,14,0.0297,0.0876,0.0508,0.951,0.2258,NORMAL,0
2024-01-12,Native_Ads,CA,136,11,2,0.0058,0.0809,0.0515,0.93,0.1818,NORMAL,0
2024-01-12,Native_Ads,DE,488,44,7,0.018,0.0902,0.0779,0.949,0.1591,NORMAL,0
2024-01-12,Native_Ads,IN,653,30,3,0.0242,0.0459,0.0337,0.939,0.1,NORMAL,0
2024-01-12,Native_Ads,NG,417,37,7,0.0266,0.0887,0.048,0.931,0.1892,NORMAL,0
2024-01-12,Native_Ads,PL,566,49,10,0.0215,0.0866,0.0866,0.935,0.2041,NORMAL,0
2024-01-12,Push_Network,AU,222,8,0,0.0109,0.036,0.1126,0.876,0.0,HIGH_FRAUD_RATE,1
2024-01-12,Push_Network,BR,218,8,1,0.0216,0.0367,0.1147,0.845,0.125,HIGH_FRAUD_RATE,1
2024-01-12,Push_Network,CA,737,20,3,0.03,0.0271,0.2008,0.848,0.15,HIGH_FRAUD_RATE,1
2024-01-12,Push_Network,DE,348,10,1,0.0195,0.0287,0.1293,0.88,0.1,HIGH_FRAUD_RATE,1
2024-01-12,Push_Network,IN,653,25,2,0.0316,0.0383,0.1822,0.846,0.08,HIGH_FRAUD_RATE,1
2024-01-12,Push_Network,NG,464,18,2,0.0314,0.0388,0.1853,0.851,0.1111,HIGH_FRAUD_RATE,1
2024-01-12,Push_Network,PL,316,16,2,0.0204,0.0506,0.1614,0.861,0.125,HIGH_FRAUD_RATE,1
2024-01-12,TikTok,AU,254,14,1,0.0192,0.0551,0.0551,0.912,0.0714,NORMAL,0
2024-01-12,TikTok,BR,454,26,4,0.0191,0.0573,0.0925,0.915,0.1538,NORMAL,0
2024-01-12,TikTok,CA,349,22,4,0.0258,0.063,0.0774,0.93,0.1818,NORMAL,0
2024-01-12,TikTok,DE,189,11,2,0.0218,0.0582,0.0423,0.906,0.1818,NORMAL,0
2024-01-12,TikTok,IN,1088,74,13,0.021,0.068,0.1158,0.925,0.1757,HIGH_FRAUD_RATE,1
2024-01-12,TikTok,NG,579,25,3,0.0219,0.0432,0.114,0.933,0.12,HIGH_FRAUD_RATE,1
2024-01-12,TikTok,PL,719,48,8,0.0278,0.0668,0.057,0.934,0.1667,NORMAL,0
2024-01-13,Affiliate_SEO,AU,1381,350,150,0.022,0.2534,0.0224,0.984,0.4286,NORMAL,0
2024-01-13,Affiliate_SEO,BR,140,32,15,0.021,0.2286,0.0071,0.98,0.4688,NORMAL,0
2024-01-13,Affiliate_SEO,CA,1071,329,112,0.0235,0.3072,0.0112,0.977,0.3404,NORMAL,0
2024-01-13,Affiliate_SEO,DE,479,102,31,0.0228,0.2129,0.0188,0.977,0.3039,NORMAL,0
2024-01-13,Affiliate_SEO,IN,237,47,17,0.0262,0.1983,0.0211,0.977,0.3617,NORMAL,0
2024-01-13,Affiliate_SEO,NG,57,15,5,0.0192,0.2632,0.0175,0.978,0.3333,NORMAL,0
2024-01-13,Affiliate_SEO,PL,425,80,14,0.0264,0.1882,0.0141,0.979,0.175,NORMAL,0
2024-01-13,Facebook,AU,511,44,7,0.0429,0.0861,0.0411,0.976,0.1591,NORMAL,0
2024-01-13,Facebook,BR,259,32,5,0.0248,0.1236,0.0154,0.968,0.1562,NORMAL,0
2024-01-13,Facebook,CA,788,78,21,0.0351,0.099,0.0254,0.973,0.2692,NORMAL,0
2024-01-13,Facebook,DE,3279,168,42,0.0438,0.0512,0.0162,0.974,0.25,NORMAL,0
2024-01-13,Facebook,IN,842,56,13,0.0296,0.0665,0.0416,0.967,0.2321,NORMAL,0
2024-01-13,Facebook,NG,2054,194,40,0.0445,0.0944,0.0326,0.966,0.2062,NORMAL,0
2024-01-13,Facebook,PL,5032,390,103,0.0434,0.0775,0.0348,0.968,0.2641,NORMAL,0
2024-01-13,Google_Search,AU,1432,202,36,0.0302,0.1411,0.0049,0.989,0.1782,NORMAL,0
2024-01-13,Google_Search,BR,432,59,18,0.036,0.1366,0.0139,0.99,0.3051,NORMAL,0
2024-01-13,Google_Search,CA,4408,730,192,0.0408,0.1656,0.0111,0.99,0.263,NORMAL,0
2024-01-13,Google_Search,DE,851,112,41,0.0292,0.1316,0.0129,0.99,0.3661,NORMAL,0
2024-01-13,Google_Search,IN,1144,169,49,0.0422,0.1477,0.0096,0.988,0.2899,NORMAL,0
2024-01-13,Google_Search,NG,1191,131,39,0.0299,0.11,0.0092,0.989,0.2977,NORMAL,0
2024-01-13,Google_Search,PL,779,121,51,0.0378,0.1553,0.0051,0.989,0.4215,NORMAL,0
2024-01-13,Native_Ads,AU,468,36,6,0.0248,0.0769,0.062,0.946,0.1667,NORMAL,0
2024-01-13,Native_Ads,BR,550,31,5,0.0184,0.0564,0.0873,0.931,0.1613,NORMAL,0
2024-01-13,Native_Ads,CA,327,26,6,0.0153,0.0795,0.0489,0.945,0.2308,NORMAL,0
2024-01-13,Native_Ads,DE,330,22,5,0.0211,0.0667,0.0455,0.943,0.2273,NORMAL,0
2024-01-13,Native_Ads,IN,841,84,13,0.0156,0.0999,0.088,0.947,0.1548,NORMAL,0
2024-01-13,Native_Ads,NG,483,36,10,0.0127,0.0745,0.0559,0.944,0.2778,NORMAL,0
2024-01-13,Native_Ads,PL,318,16,3,0.0236,0.0503,0.0409,0.93,0.1875,NORMAL,0
2024-01-13,Push_Network,AU,97,3,0,0.0168,0.0309,0.134,0.848,0.0,HIGH_FRAUD_RATE,1
2024-01-13,Push_Network,BR,324,11,1,0.0192,0.034,0.1698,0.856,0.0909,HIGH_FRAUD_RATE,1
2024-01-13,Push_Network,CA,150,7,0,0.0145,0.0467,0.1867,0.885,0.0,HIGH_FRAUD_RATE,1
2024-01-13,Push_Network,DE,385,18,1,0.0158,0.0468,0.1403,0.884,0.0556,HIGH_FRAUD_RATE,1
2024-01-13,Push_Network,IN,755,24,3,0.0211,0.0318,0.0808,0.86,0.125,NORMAL,0
2024-01-13,Push_Network,NG,69,3,0,0.0074,0.0435,0.1159,0.84,0.0,HIGH_FRAUD_RATE,1
2024-01-13,Push_Network,PL,413,17,2,0.0199,0.0412,0.1477,0.846,0.1176,HIGH_FRAUD_RATE,1
2024-01-13,TikTok,AU,169,9,1,0.0221,0.0533,0.071,0.921,0.1111,NORMAL,0
2024-01-13,TikTok,BR,296,15,2,0.0194,0.0507,0.1081,0.925,0.1333,HIGH_FRAUD_RATE,1
2024-01-13,TikTok,CA,688,32,5,0.0283,0.0465,0.0814,0.925,0.1562,NORMAL,0
2024-01-13,TikTok,DE,584,40,4,0.0167,0.0685,0.0959,0.925,0.1,NORMAL,0
2024-01-13,TikTok,IN,485,25,3,0.0187,0.0515,0.1093,0.918,0.12,HIGH_FRAUD_RATE,1
2024-01-13,TikTok,NG,384,11,1,0.0171,0.0286,0.0573,0.923,0.0909,NORMAL,0
2024-01-13,TikTok,PL,774,38,5,0.024,0.0491,0.0956,0.906,0.1316,NORMAL,0
2024-01-14,Affiliate_SEO,AU,167,34,8,0.0181,0.2036,0.012,0.98,0.2353,NORMAL,0
2024-01-14,Affiliate_SEO,BR,30,5,1,0.0076,0.1667,0.0,0.983,0.2,NORMAL,0
2024-01-14,Affiliate_SEO,CA,892,241,95,0.0269,0.2702,0.0269,0.981,0.3942,NORMAL,0
2024-01-14,Affiliate_SEO,DE,760,63,20,0.0248,0.0829,0.0171,0.983,0.3175,NORMAL,0
2024-01-14,Affiliate_SEO,IN,285,76,25,0.0221,0.2667,0.0281,0.981,0.3289,NORMAL,0
2024-01-14,Affiliate_SEO,NG,28,4,1,0.0184,0.1429,0.0,0.977,0.25,NORMAL,0
2024-01-14,Affiliate_SEO,PL,195,55,17,0.0246,0.2821,0.0256,0.981,0.3091,NORMAL,0
2024-01-14,Facebook,AU,569,37,10,0.0359,0.065,0.0193,0.965,0.2703,NORMAL,0
2024-01-14,Facebook,BR,573,47,15,0.0299,0.082,0.0384,0.972,0.3191,NORMAL,0
2024-01-14,Facebook,CA,888,92,22,0.0416,0.1036,0.0191,0.967,0.2391,NORMAL,0
2024-01-14,Facebook,DE,560,34,10,0.0455,0.0607,0.0268,0.973,0.2941,NORMAL,0
2024-01-14,Facebook,IN,390,15,3,0.03,0.0385,0.0436,0.972,0.2,NORMAL,0
2024-01-14,Facebook,NG,1666,143,31,0.0305,0.0858,0.0432,0.973,0.2168,NORMAL,0
2024-01-14,Facebook,PL,1167,60,20,0.039,0.0514,0.0377,0.974,0.3333,NORMAL,0
2024-01-14,Google_Search,AU,1033,153,43,0.0416,0.1481,0.0097,0.99,0.281,NORMAL,0
2024-01-14,Google_Search,BR,1002,105,37,0.0352,0.1048,0.006,0.992,0.3524,NORMAL,0
2024-01-14,Google_Search,CA,1418,137,43,0.0374,0.0966,0.0134,0.988,0.3139,NORMAL,0
2024-01-14,Google_Search,DE,467,69,21,0.0454,0.1478,0.0128,0.989,0.3043,NORMAL,0
2024-01-14,Google_Search,IN,1319,213,52,0.0429,0.1615,0.0061,0.99,0.2441,NORMAL,0
2024-01-14,Google_Search,NG,218,37,9,0.0213,0.1697,0.0046,0.992,0.2432,NORMAL,0
2024-01-14,Google_Search,PL,972,139,42,0.0384,0.143,0.0082,0.992,0.3022,NORMAL,0
2024-01-14,Native_Ads,AU,438,33,6,0.0207,0.0753,0.0479,0.943,0.1818,NORMAL,0
2024-01-14,Native_Ads,BR,685,45,6,0.0216,0.0657,0.0613,0.939,0.1333,NORMAL,0
2024-01-14,Native_Ads,CA,477,29,4,0.0281,0.0608,0.0587,0.93,0.1379,NORMAL,0
2024-01-14,Native_Ads,DE,1053,60,12,0.0164,0.057,0.0722,0.929,0.2,NORMAL,0
2024-01-14,Native_Ads,IN,224,18,3,0.0116,0.0804,0.0536,0.938,0.1667,NORMAL,0
2024-01-14,Native_Ads,NG,352,28,4,0.0122,0.0795,0.0795,0.948,0.1429,NORMAL,0
2024-01-14,Native_Ads,PL,308,22,5,0.0201,0.0714,0.0877,0.939,0.2273,NORMAL,0
2024-01-14,Push_Network,AU,191,7,1,0.0119,0.0366,0.1204,0.873,0.1429,HIGH_FRAUD_RATE,1
2024-01-14,Push_Network,BR,329,14,1,0.0198,0.0426,0.1854,0.885,0.0714,HIGH_FRAUD_RATE,1
2024-01-14,Push_Network,CA,264,12,1,0.0231,0.0455,0.197,0.869,0.0833,HIGH_FRAUD_RATE,1
2024-01-14,Push_Network,DE,241,11,1,0.014,0.0456,0.1369,0.865,0.0909,HIGH_FRAUD_RATE,1
2024-01-14,Push_Network,IN,973,41,6,0.0212,0.0421,0.2076,0.852,0.1463,HIGH_FRAUD_RATE,1
2024-01-14,Push_Network,NG,693,23,3,0.0271,0.0332,0.1948,0.886,0.1304,HIGH_FRAUD_RATE,1
2024-01-14,Push_Network,PL,252,7,0,0.0187,0.0278,0.127,0.882,0.0,HIGH_FRAUD_RATE,1
2024-01-14,TikTok,AU,766,55,4,0.0191,0.0718,0.0757,0.932,0.0727,NORMAL,0
2024-01-14,TikTok,BR,574,21,3,0.0146,0.0366,0.0836,0.924,0.1429,NORMAL,0
2024-01-14,TikTok,CA,462,34,4,0.0262,0.0736,0.1017,0.913,0.1176,HIGH_FRAUD_RATE,1
2024-01-14,TikTok,DE,318,20,3,0.0239,0.0629,0.1132,0.917,0.15,HIGH_FRAUD_RATE,1
2024-01-14,TikTok,IN,778,62,11,0.0307,0.0797,0.0514,0.925,0.1774,NORMAL,0
2024-01-14,TikTok,NG,912,67,11,0.0197,0.0735,0.091,0.914,0.1642,NORMAL,0
2024-01-14,TikTok,PL,417,25,3,0.0195,0.06,0.0456,0.907,0.12,NORMAL,0
2024-01-15,Affiliate_SEO,AU,207,57,22,0.0133,0.2754,0.0097,0.977,0.386,NORMAL,0
2024-01-15,Affiliate_SEO,BR,325,46,17,0.0195,0.1415,0.0123,0.977,0.3696,NORMAL,0
2024-01-15,Affiliate_SEO,CA,325,60,17,0.0109,0.1846,0.0277,0.98,0.2833,NORMAL,0
2024-01-15,Affiliate_SEO,DE,458,84,34,0.0113,0.1834,0.0153,0.978,0.4048,NORMAL,0
2024-01-15,Affiliate_SEO,IN,93,24,9,0.029,0.2581,0.0108,0.982,0.375,NORMAL,0
2024-01-15,Affiliate_SEO,NG,38,9,2,0.0141,0.2368,0.0,0.984,0.2222,NORMAL,0
2024-01-15,Affiliate_SEO,PL,192,46,20,0.024,0.2396,0.0208,0.979,0.4348,NORMAL,0
2024-01-15,Facebook,AU,737,47,9,0.0354,0.0638,0.0231,0.966,0.1915,NORMAL,0
2024-01-15,Facebook,BR,609,70,10,0.0282,0.1149,0.0296,0.968,0.1429,NORMAL,0
2024-01-15,Facebook,CA,1019,34,9,0.0338,0.0334,0.0245,0.966,0.2647,NORMAL,0
2024-01-15,Facebook,DE,1453,145,26,0.0297,0.0998,0.0323,0.972,0.1793,NORMAL,0
2024-01-15,Facebook,IN,582,35,7,0.0296,0.0601,0.0258,0.965,0.2,NORMAL,0
2024-01-15,Facebook,NG,1043,94,17,0.0419,0.0901,0.0326,0.974,0.1809,NORMAL,0
2024-01-15,Facebook,PL,1058,76,13,0.0271,0.0718,0.018,0.965,0.1711,NORMAL,0
2024-01-15,Google_Search,AU,1254,242,68,0.0295,0.193,0.0128,0.991,0.281,NORMAL,0
2024-01-15,Google_Search,BR,631,112,32,0.0334,0.1775,0.0079,0.99,0.2857,NORMAL,0
2024-01-15,Google_Search,CA,413,64,21,0.0304,0.155,0.0048,0.992,0.3281,NORMAL,0
2024-01-15,Google_Search,DE,1428,187,59,0.0369,0.131,0.0077,0.991,0.3155,NORMAL,0
2024-01-15,Google_Search,IN,555,99,29,0.0406,0.1784,0.0072,0.991,0.2929,NORMAL,0
2024-01-15,Google_Search,NG,604,88,25,0.0336,0.1457,0.0066,0.99,0.2841,NORMAL,0
2024-01-15,Google_Search,PL,1963,281,78,0.0326,0.1431,0.0122,0.989,0.2776,NORMAL,0
2024-01-15,Native_Ads,AU,581,35,6,0.0249,0.0602,0.0757,0.95,0.1714,NORMAL,0
2024-01-15,Native_Ads,BR,519,27,6,0.0132,0.052,0.0424,0.95,0.2222,NORMAL,0
2024-01-15,Native_Ads,CA,257,16,4,0.0118,0.0623,0.0311,0.934,0.25,NORMAL,0
2024-01-15,Native_Ads,DE,247,14,2,0.0196,0.0567,0.0648,0.944,0.1429,NORMAL,0
2024-01-15,Native_Ads,IN,368,20,3,0.0115,0.0543,0.0299,0.937,0.15,NORMAL,0
2024-01-15,Native_Ads,NG,441,40,5,0.0268,0.0907,0.0839,0.945,0.125,NORMAL,0
2024-01-15,Native_Ads,PL,86,5,0,0.005,0.0581,0.0581,0.946,0.0,NORMAL,0
2024-01-15,Push_Network,AU,1383,64,6,0.0292,0.0463,0.1092,0.85,0.0938,HIGH_FRAUD_RATE,1
2024-01-15,Push_Network,BR,1162,41,3,0.0255,0.0353,0.111,0.875,0.0732,HIGH_FRAUD_RATE,1
2024-01-15,Push_Network,CA,447,18,2,0.0246,0.0403,0.0738,0.837,0.1111,NORMAL,0
2024-01-15,Push_Network,DE,323,12,1,0.0191,0.0372,0.1269,0.864,0.0833,HIGH_FRAUD_RATE,1
2024-01-15,Push_Network,IN,306,14,2,0.0067,0.0458,0.085,0.833,0.1429,NORMAL,0
2024-01-15,Push_Network,NG,1065,49,5,0.0209,0.046,0.1005,0.86,0.102,HIGH_FRAUD_RATE,1
2024-01-15,Push_Network,PL,250,9,1,0.014,0.036,0.156,0.835,0.1111,HIGH_FRAUD_RATE,1
2024-01-15,TikTok,AU,292,14,1,0.0189,0.0479,0.1062,0.932,0.0714,HIGH_FRAUD_RATE,1
2024-01-15,TikTok,BR,1164,67,5,0.0194,0.0576,0.1168,0.914,0.0746,HIGH_FRAUD_RATE,1
2024-01-15,TikTok,CA,288,14,1,0.0231,0.0486,0.0625,0.908,0.0714,NORMAL,0
2024-01-15,TikTok,DE,346,15,2,0.0159,0.0434,0.1098,0.908,0.1333,HIGH_FRAUD_RATE,1
2024-01-15,TikTok,IN,350,10,1,0.0167,0.0286,0.08,0.909,0.1,NORMAL,0
2024-01-15,TikTok,NG,1124,80,13,0.0234,0.0712,0.0507,0.925,0.1625,NORMAL,0
2024-01-15,TikTok,PL,347,19,2,0.0299,0.0548,0.0749,0.917,0.1053,NORMAL,0
2024-01-16,Affiliate_SEO,AU,663,79,18,0.0219,0.1192,0.0226,0.984,0.2278,NORMAL,0
2024-01-16,Affiliate_SEO,BR,296,61,25,0.0151,0.2061,0.027,0.983,0.4098,NORMAL,0
2024-01-16,Affiliate_SEO,CA,676,159,59,0.026,0.2352,0.0266,0.977,0.3711,NORMAL,0
2024-01-16,Affiliate_SEO,DE,1354,271,137,0.0193,0.2001,0.0207,0.978,0.5055,NORMAL,0
2024-01-16,Affiliate_SEO,IN,167,56,16,0.0237,0.3353,0.006,0.979,0.2857,NORMAL,0
2024-01-16,Affiliate_SEO,NG,84,20,9,0.0266,0.2381,0.0119,0.98,0.45,NORMAL,0
2024-01-16,Affiliate_SEO,PL,249,43,15,0.0256,0.1727,0.012,0.979,0.3488,NORMAL,0
2024-01-16,Facebook,AU,675,73,21,0.0342,0.1081,0.0207,0.965,0.2877,NORMAL,0
2024-01-16,Facebook,BR,948,85,25,0.0414,0.0897,0.0285,0.964,0.2941,NORMAL,0
2024-01-16,Facebook,CA,421,56,17,0.0236,0.133,0.0428,0.972,0.3036,NORMAL,0
2024-01-16,Facebook,DE,543,42,11,0.0366,0.0773,0.0387,0.973,0.2619,NORMAL,0
2024-01-16,Facebook,IN,371,35,10,0.0372,0.0943,0.0189,0.976,0.2857,NORMAL,0
2024-01-16,Facebook,NG,601,60,11,0.0227,0.0998,0.0399,0.973,0.1833,NORMAL,0
2024-01-16,Facebook,PL,669,43,7,0.0368,0.0643,0.0389,0.972,0.1628,NORMAL,0
2024-01-16,Google_Search,AU,635,152,35,0.0381,0.2394,0.0047,0.991,0.2303,NORMAL,0
2024-01-16,Google_Search,BR,1056,172,60,0.0283,0.1629,0.0057,0.992,0.3488,NORMAL,0
2024-01-16,Google_Search,CA,1225,166,52,0.0491,0.1355,0.0147,0.988,0.3133,NORMAL,0
2024-01-16,Google_Search,DE,933,145,47,0.0266,0.1554,0.0096,0.988,0.3241,NORMAL,0
2024-01-16,Google_Search,IN,896,156,57,0.0396,0.1741,0.0056,0.989,0.3654,NORMAL,0
2024-01-16,Google_Search,NG,499,65,25,0.0314,0.1303,0.008,0.991,0.3846,NORMAL,0
2024-01-16,Google_Search,PL,759,115,32,0.0342,0.1515,0.0053,0.99,0.2783,NORMAL,0
2024-01-16,Native_Ads,AU,640,60,9,0.0224,0.0938,0.0312,0.945,0.15,NORMAL,0
2024-01-16,Native_Ads,BR,655,45,5,0.0229,0.0687,0.0489,0.949,0.1111,NORMAL,0
2024-01-16,Native_Ads,CA,1751,167,35,0.028,0.0954,0.0371,0.93,0.2096,NORMAL,0
2024-01-16,Native_Ads,DE,86,9,2,0.0175,0.1047,0.0698,0.937,0.2222,NORMAL,0
2024-01-16,Native_Ads,IN,556,38,8,0.0248,0.0683,0.0396,0.941,0.2105,NORMAL,0
2024-01-16,Native_Ads,NG,102,6,1,0.005,0.0588,0.0882,0.951,0.1667,NORMAL,0
2024-01-16,Native_Ads,PL,512,38,6,0.0294,0.0742,0.0293,0.95,0.1579,NORMAL,0
2024-01-16,Push_Network,AU,203,8,1,0.017,0.0394,0.1872,0.837,0.125,HIGH_FRAUD_RATE,1
2024-01-16,Push_Network,BR,249,6,0,0.0231,0.0241,0.1606,0.846,0.0,HIGH_FRAUD_RATE,1
2024-01-16,Push_Network,CA,507,22,2,0.0253,0.0434,0.1026,0.871,0.0909,HIGH_FRAUD_RATE,1
2024-01-16,Push_Network,DE,773,31,4,0.021,0.0401,0.1876,0.882,0.129,HIGH_FRAUD_RATE,1
2024-01-16,Push_Network,IN,787,29,3,0.0248,0.0368,0.1779,0.885,0.1034,HIGH_FRAUD_RATE,1
2024-01-16,Push_Network,NG,482,10,1,0.0178,0.0207,0.1473,0.883,0.1,HIGH_FRAUD_RATE,1
2024-01-16,Push_Network,PL,450,17,1,0.0183,0.0378,0.0911,0.841,0.0588,NORMAL,0
2024-01-16,TikTok,AU,430,24,3,0.0213,0.0558,0.086,0.907,0.125,NORMAL,0
2024-01-16,TikTok,BR,932,41,8,0.0169,0.044,0.103,0.91,0.1951,HIGH_FRAUD_RATE,1
2024-01-16,TikTok,CA,1422,88,10,0.0248,0.0619,0.1125,0.904,0.1136,HIGH_FRAUD_RATE,1
2024-01-16,TikTok,DE,440,20,4,0.0188,0.0455,0.1068,0.934,0.2,HIGH_FRAUD_RATE,1
2024-01-16,TikTok,IN,368,14,1,0.0292,0.038,0.0924,0.924,0.0714,NORMAL,0
2024-01-16,TikTok,NG,920,54,6,0.0245,0.0587,0.1076,0.911,0.1111,HIGH_FRAUD_RATE,1
2024-01-16,TikTok,PL,304,17,2,0.0152,0.0559,0.0428,0.927,0.1176,NORMAL,0
2024-01-17,Affiliate_SEO,AU,298,55,17,0.0216,0.1846,0.0268,0.981,0.3091,NORMAL,0
2024-01-17,Affiliate_SEO,BR,19,4,1,0.0072,0.2105,0.0,0.978,0.25,NORMAL,0
2024-01-17,Affiliate_SEO,CA,280,61,17,0.0158,0.2179,0.0107,0.978,0.2787,NORMAL,0
2024-01-17,Affiliate_SEO,DE,211,46,22,0.0144,0.218,0.0095,0.977,0.4783,NORMAL,0
2024-01-17,Affiliate_SEO,IN,73,16,5,0.0153,0.2192,0.0,0.982,0.3125,NORMAL,0
2024-01-17,Affiliate_SEO,NG,58,8,2,0.0216,0.1379,0.0,0.979,0.25,NORMAL,0
2024-01-17,Affiliate_SEO,PL,269,66,33,0.0231,0.2454,0.0186,0.976,0.5,NORMAL,0
2024-01-17,Facebook,AU,464,45,7,0.0268,0.097,0.0237,0.967,0.1556,NORMAL,0
2024-01-17,Facebook,BR,1823,168,42,0.0457,0.0922,0.0406,0.967,0.25,NORMAL,0
2024-01-17,Facebook,CA,792,92,19,0.0394,0.1162,0.0177,0.973,0.2065,NORMAL,0
2024-01-17,Facebook,DE,1068,65,17,0.0393,0.0609,0.044,0.966,0.2615,NORMAL,0
2024-01-17,Facebook,IN,1643,158,41,0.0337,0.0962,0.0426,0.967,0.2595,NORMAL,0
2024-01-17,Facebook,NG,1568,111,36,0.045,0.0708,0.0325,0.967,0.3243,NORMAL,0
2024-01-17,Facebook,PL,1043,81,13,0.0509,0.0777,0.0278,0.966,0.1605,NORMAL,0
2024-01-17,Google_Search,AU,942,121,44,0.0331,0.1285,0.0096,0.99,0.3636,NORMAL,0
2024-01-17,Google_Search,BR,873,174,45,0.0415,0.1993,0.0137,0.991,0.2586,NORMAL,0
2024-01-17,Google_Search,CA,987,162,29,0.0415,0.1641,0.0091,0.988,0.179,NORMAL,0
2024-01-17,Google_Search,DE,838,135,44,0.0356,0.1611,0.0131,0.99,0.3259,NORMAL,0
2024-01-17,Google_Search,IN,854,121,46,0.0374,0.1417,0.0117,0.99,0.3802,NORMAL,0
2024-01-17,Google_Search,NG,424,66,17,0.0203,0.1557,0.0071,0.991,0.2576,NORMAL,0
2024-01-17,Google_Search,PL,1814,327,89,0.0425,0.1803,0.011,0.991,0.2722,NORMAL,0
2024-01-17,Native_Ads,AU,259,18,3,0.0141,0.0695,0.0579,0.942,0.1667,NORMAL,0
2024-01-17,Native_Ads,BR,315,25,5,0.0201,0.0794,0.0381,0.944,0.2,NORMAL,0
2024-01-17,Native_Ads,CA,450,28,4,0.0118,0.0622,0.08,0.939,0.1429,NORMAL,0
2024-01-17,Native_Ads,DE,1166,83,15,0.0179,0.0712,0.0626,0.942,0.1807,NORMAL,0
2024-01-17,Native_Ads,IN,429,36,3,0.0214,0.0839,0.0769,0.929,0.0833,NORMAL,0
2024-01-17,Native_Ads,NG,643,38,5,0.0232,0.0591,0.0389,0.939,0.1316,NORMAL,0
2024-01-17,Native_Ads,PL,710,50,9,0.0279,0.0704,0.038,0.934,0.18,NORMAL,0
2024-01-17,Push_Network,AU,1068,45,6,0.0283,0.0421,0.1526,0.869,0.1333,HIGH_FRAUD_RATE,1
2024-01-17,Push_Network,BR,197,6,0,0.009,0.0305,0.0964,0.886,0.0,NORMAL,0
2024-01-17,Push_Network,CA,620,27,3,0.0179,0.0435,0.0952,0.875,0.1111,NORMAL,0
2024-01-17,Push_Network,DE,301,13,1,0.0148,0.0432,0.113,0.852,0.0769,HIGH_FRAUD_RATE,1
2024-01-17,Push_Network,IN,291,16,1,0.0105,0.055,0.1065,0.851,0.0625,HIGH_FRAUD_RATE,1
2024-01-17,Push_Network,NG,414,18,2,0.0305,0.0435,0.0942,0.87,0.1111,NORMAL,0
2024-01-17,Push_Network,PL,368,14,1,0.0154,0.038,0.1141,0.864,0.0714,HIGH_FRAUD_RATE,1
2024-01-17,TikTok,AU,274,15,2,0.0135,0.0547,0.0803,0.924,0.1333,NORMAL,0
2024-01-17,TikTok,BR,316,24,3,0.0186,0.0759,0.0854,0.927,0.125,NORMAL,0
2024-01-17,TikTok,CA,1232,47,6,0.0159,0.0381,0.1193,0.908,0.1277,HIGH_FRAUD_RATE,1
2024-01-17,TikTok,DE,703,47,6,0.024,0.0669,0.0441,0.908,0.1277,NORMAL,0
2024-01-17,TikTok,IN,488,38,4,0.0204,0.0779,0.084,0.906,0.1053,NORMAL,0
2024-01-17,TikTok,NG,272,11,1,0.0121,0.0404,0.0772,0.933,0.0909,NORMAL,0
2024-01-17,TikTok,PL,1006,63,9,0.0242,0.0626,0.0825,0.911,0.1429,NORMAL,0
2024-01-18,Affiliate_SEO,AU,1437,231,101,0.0243,0.1608,0.016,0.976,0.4372,NORMAL,0
2024-01-18,Affiliate_SEO,BR,244,58,20,0.0211,0.2377,0.0164,0.982,0.3448,NORMAL,0
2024-01-18,Affiliate_SEO,CA,699,175,88,0.0269,0.2504,0.0157,0.982,0.5029,NORMAL,0
2024-01-18,Affiliate_SEO,DE,696,166,68,0.0205,0.2385,0.0115,0.981,0.4096,NORMAL,0
2024-01-18,Affiliate_SEO,IN,87,17,4,0.0264,0.1954,0.023,0.982,0.2353,NORMAL,0
2024-01-18,Affiliate_SEO,NG,80,17,7,0.0186,0.2125,0.025,0.981,0.4118,NORMAL,0
2024-01-18,Affiliate_SEO,PL,270,63,24,0.0312,0.2333,0.0222,0.98,0.381,NORMAL,0
2024-01-18,Facebook,AU,1893,157,26,0.0286,0.0829,0.0296,0.968,0.1656,NORMAL,0
2024-01-18,Facebook,BR,406,27,6,0.0336,0.0665,0.0345,0.972,0.2222,NORMAL,0
2024-01-18,Facebook,CA,1842,198,56,0.0472,0.1075,0.0195,0.974,0.2828,NORMAL,0
2024-01-18,Facebook,DE,578,41,6,0.0302,0.0709,0.0346,0.972,0.1463,NORMAL,0
2024-01-18,Facebook,IN,1282,123,23,0.0346,0.0959,0.0242,0.966,0.187,NORMAL,0
2024-01-18,Facebook,NG,1132,125,34,0.0398,0.1104,0.0168,0.972,0.272,NORMAL,0
2024-01-18,Facebook,PL,627,46,8,0.0447,0.0734,0.0239,0.97,0.1739,NORMAL,0
2024-01-18,Google_Search,AU,925,129,39,0.0366,0.1395,0.0076,0.989,0.3023,NORMAL,0
2024-01-18,Google_Search,BR,507,76,25,0.0279,0.1499,0.0099,0.991,0.3289,NORMAL,0
2024-01-18,Google_Search,CA,556,106,30,0.0493,0.1906,0.009,0.991,0.283,NORMAL,0
2024-01-18,Google_Search,DE,580,79,10,0.0252,0.1362,0.0069,0.99,0.1266,NORMAL,0
2024-01-18,Google_Search,IN,1815,306,114,0.0366,0.1686,0.0055,0.991,0.3725,NORMAL,0
2024-01-18,Google_Search,NG,1613,234,69,0.0282,0.1451,0.0112,0.988,0.2949,NORMAL,0
2024-01-18,Google_Search,PL,1738,248,50,0.0408,0.1427,0.0104,0.991,0.2016,NORMAL,0
2024-01-18,Native_Ads,AU,513,39,6,0.0251,0.076,0.0585,0.949,0.1538,NORMAL,0
2024-01-18,Native_Ads,BR,444,31,6,0.0219,0.0698,0.0563,0.935,0.1935,NORMAL,0
2024-01-18,Native_Ads,CA,602,33,5,0.0209,0.0548,0.0299,0.939,0.1515,NORMAL,0
2024-01-18,Native_Ads,DE,231,18,3,0.0229,0.0779,0.0346,0.948,0.1667,NORMAL,0
2024-01-18,Native_Ads,IN,868,55,11,0.0264,0.0634,0.0876,0.943,0.2,NORMAL,0
2024-01-18,Native_Ads,NG,751,58,12,0.019,0.0772,0.0466,0.949,0.2069,NORMAL,0
2024-01-18,Native_Ads,PL,82,6,1,0.005,0.0732,0.0854,0.947,0.1667,NORMAL,0
2024-01-18,Push_Network,AU,983,49,4,0.0287,0.0498,0.0743,0.885,0.0816,NORMAL,0
2024-01-18,Push_Network,BR,607,26,2,0.0245,0.0428,0.2059,0.884,0.0769,HIGH_FRAUD_RATE,1
2024-01-18,Push_Network,CA,344,13,1,0.0262,0.0378,0.1337,0.835,0.0769,HIGH_FRAUD_RATE,1
2024-01-18,Push_Network,DE,1103,35,3,0.0301,0.0317,0.1387,0.864,0.0857,HIGH_FRAUD_RATE,1
2024-01-18,Push_Network,IN,605,20,2,0.0191,0.0331,0.0959,0.839,0.1,NORMAL,0
2024-01-18,Push_Network,NG,507,23,2,0.027,0.0454,0.1716,0.86,0.087,HIGH_FRAUD_RATE,1
2024-01-18,Push_Network,PL,711,33,3,0.0214,0.0464,0.1238,0.848,0.0909,HIGH_FRAUD_RATE,1
2024-01-18,TikTok,AU,519,30,3,0.0165,0.0578,0.0809,0.928,0.1,NORMAL,0
2024-01-18,TikTok,BR,833,41,4,0.0161,0.0492,0.1008,0.928,0.0976,HIGH_FRAUD_RATE,1
2024-01-18,TikTok,CA,596,30,5,0.0228,0.0503,0.0856,0.928,0.1667,NORMAL,0
2024-01-18,TikTok,DE,416,18,2,0.0143,0.0433,0.0986,0.919,0.1111,NORMAL,0
2024-01-18,TikTok,IN,777,44,6,0.0233,0.0566,0.1184,0.936,0.1364,HIGH_FRAUD_RATE,1
2024-01-18,TikTok,NG,325,15,2,0.0206,0.0462,0.0646,0.904,0.1333,NORMAL,0
2024-01-18,TikTok,PL,753,51,8,0.0224,0.0677,0.0823,0.907,0.1569,NORMAL,0
2024-01-19,Affiliate_SEO,AU,753,179,65,0.015,0.2377,0.0186,0.977,0.3631,NORMAL,0
2024-01-19,Affiliate_SEO,BR,679,156,48,0.0313,0.2297,0.0265,0.983,0.3077,NORMAL,0
2024-01-19,Affiliate_SEO,CA,2416,218,98,0.0195,0.0902,0.0277,0.979,0.4495,NORMAL,0
2024-01-19,Affiliate_SEO,DE,118,17,5,0.0057,0.1441,0.0169,0.978,0.2941,NORMAL,0
2024-01-19,Affiliate_SEO,IN,97,20,12,0.0223,0.2062,0.0206,0.977,0.6,NORMAL,0
2024-01-19,Affiliate_SEO,NG,18,4,1,0.0184,0.2222,0.0,0.979,0.25,NORMAL,0
2024-01-19,Affiliate_SEO,PL,141,32,9,0.0217,0.227,0.0213,0.98,0.2812,NORMAL,0
2024-01-19,Facebook,AU,851,81,15,0.0333,0.0952,0.0259,0.968,0.1852,NORMAL,0
2024-01-19,Facebook,BR,1858,113,29,0.0487,0.0608,0.0355,0.966,0.2566,NORMAL,0
2024-01-19,Facebook,CA,513,66,17,0.034,0.1287,0.0351,0.964,0.2576,NORMAL,0
2024-01-19,Facebook,DE,335,29,4,0.0398,0.0866,0.0388,0.964,0.1379,NORMAL,0
2024-01-19,Facebook,IN,897,99,19,0.0462,0.1104,0.0167,0.972,0.1919,NORMAL,0
2024-01-19,Facebook,NG,636,47,12,0.0361,0.0739,0.0189,0.972,0.2553,NORMAL,0
2024-01-19,Facebook,PL,999,103,23,0.0359,0.1031,0.033,0.97,0.2233,NORMAL,0
2024-01-19,Google_Search,AU,615,69,24,0.029,0.1122,0.0081,0.99,0.3478,NORMAL,0
2024-01-19,Google_Search,BR,560,40,7,0.0393,0.0714,0.0036,0.989,0.175,NORMAL,0
2024-01-19,Google_Search,CA,533,74,29,0.0337,0.1388,0.0131,0.992,0.3919,NORMAL,0
2024-01-19,Google_Search,DE,809,127,51,0.0357,0.157,0.0062,0.992,0.4016,NORMAL,0
2024-01-19,Google_Search,IN,388,36,11,0.0259,0.0928,0.0052,0.99,0.3056,NORMAL,0
2024-01-19,Google_Search,NG,2823,401,93,0.0411,0.142,0.0057,0.991,0.2319,NORMAL,0
2024-01-19,Google_Search,PL,495,62,11,0.0287,0.1253,0.004,0.99,0.1774,NORMAL,0
2024-01-19,Native_Ads,AU,767,49,9,0.0271,0.0639,0.06,0.935,0.1837,NORMAL,0
2024-01-19,Native_Ads,BR,395,20,4,0.0234,0.0506,0.0886,0.929,0.2,NORMAL,0
2024-01-19,Native_Ads,CA,281,16,2,0.0137,0.0569,0.0605,0.95,0.125,NORMAL,0
2024-01-19,Native_Ads,DE,343,16,3,0.0208,0.0466,0.0641,0.947,0.1875,NORMAL,0
2024-01-19,Native_Ads,IN,305,22,3,0.0195,0.0721,0.0393,0.951,0.1364,NORMAL,0
2024-01-19,Native_Ads,NG,338,29,6,0.0199,0.0858,0.0355,0.937,0.2069,NORMAL,0
2024-01-19,Native_Ads,PL,365,24,4,0.0219,0.0658,0.0603,0.936,0.1667,NORMAL,0
2024-01-19,Push_Network,AU,1257,47,3,0.0304,0.0374,0.1551,0.883,0.0638,HIGH_FRAUD_RATE,1
2024-01-19,Push_Network,BR,126,5,0,0.0141,0.0397,0.127,0.871,0.0,HIGH_FRAUD_RATE,1
2024-01-19,Push_Network,CA,329,12,1,0.016,0.0365,0.1003,0.859,0.0833,HIGH_FRAUD_RATE,1
2024-01-19,Push_Network,DE,748,28,2,0.0298,0.0374,0.1176,0.869,0.0714,HIGH_FRAUD_RATE,1
2024-01-19,Push_Network,IN,311,8,0,0.0161,0.0257,0.164,0.858,0.0,HIGH_FRAUD_RATE,1
2024-01-19,Push_Network,NG,644,30,4,0.0175,0.0466,0.0823,0.849,0.1333,NORMAL,0
2024-01-19,Push_Network,PL,411,16,1,0.02,0.0389,0.1241,0.834,0.0625,HIGH_FRAUD_RATE,1
2024-01-19,TikTok,AU,589,41,6,0.0234,0.0696,0.1171,0.925,0.1463,HIGH_FRAUD_RATE,1
2024-01-19,TikTok,BR,754,37,6,0.0173,0.0491,0.0902,0.934,0.1622,NORMAL,0
2024-01-19,TikTok,CA,888,70,8,0.0245,0.0788,0.0473,0.915,0.1143,NORMAL,0
2024-01-19,TikTok,DE,238,13,2,0.0078,0.0546,0.063,0.933,0.1538,NORMAL,0
2024-01-19,TikTok,IN,195,8,1,0.0143,0.041,0.0462,0.913,0.125,NORMAL,0
2024-01-19,TikTok,NG,321,15,2,0.0234,0.0467,0.0654,0.926,0.1333,NORMAL,0
2024-01-19,TikTok,PL,867,53,7,0.0211,0.0611,0.1073,0.907,0.1321,HIGH_FRAUD_RATE,1
2024-01-20,Affiliate_SEO,AU,551,142,41,0.0164,0.2577,0.0218,0.98,0.2887,NORMAL,0
2024-01-20,Affiliate_SEO,BR,151,27,11,0.0199,0.1788,0.0066,0.983,0.4074,NORMAL,0
2024-01-20,Affiliate_SEO,CA,443,71,24,0.0314,0.1603,0.0226,0.978,0.338,NORMAL,0
2024-01-20,Affiliate_SEO,DE,409,114,32,0.0223,0.2787,0.0098,0.978,0.2807,NORMAL,0
2024-01-20,Affiliate_SEO,IN,225,53,19,0.027,0.2356,0.0133,0.982,0.3585,NORMAL,0
2024-01-20,Affiliate_SEO,NG,8,1,0,0.0106,0.125,0.0,0.982,0.0,NORMAL,0
2024-01-20,Affiliate_SEO,PL,207,56,27,0.0169,0.2705,0.0242,0.979,0.4821,NORMAL,0
2024-01-20,Facebook,AU,919,88,15,0.0444,0.0958,0.0326,0.974,0.1705,NORMAL,0
2024-01-20,Facebook,BR,231,19,5,0.0134,0.0823,0.0433,0.966,0.2632,NORMAL,0
2024-01-20,Facebook,CA,863,88,18,0.0407,0.102,0.0417,0.975,0.2045,NORMAL,0
2024-01-20,Facebook,DE,1438,157,31,0.0483,0.1092,0.0417,0.974,0.1975,NORMAL,0
2024-01-20,Facebook,IN,699,57,9,0.0392,0.0815,0.0243,0.965,0.1579,NORMAL,0
2024-01-20,Facebook,NG,1176,91,22,0.0266,0.0774,0.0221,0.964,0.2418,NORMAL,0
2024-01-20,Facebook,PL,1431,133,42,0.0459,0.0929,0.044,0.968,0.3158,NORMAL,0
2024-01-20,Google_Search,AU,852,101,28,0.0309,0.1185,0.0106,0.99,0.2772,NORMAL,0
2024-01-20,Google_Search,BR,1687,274,79,0.0407,0.1624,0.013,0.991,0.2883,NORMAL,0
2024-01-20,Google_Search,CA,1073,147,50,0.0336,0.137,0.0056,0.989,0.3401,NORMAL,0
2024-01-20,Google_Search,DE,1401,184,46,0.0394,0.1313,0.0057,0.991,0.25,NORMAL,0
2024-01-20,Google_Search,IN,1277,120,36,0.0416,0.094,0.0102,0.989,0.3,NORMAL,0
2024-01-20,Google_Search,NG,1055,193,57,0.0414,0.1829,0.0057,0.99,0.2953,NORMAL,0
2024-01-20,Google_Search,PL,1314,167,53,0.0277,0.1271,0.0099,0.989,0.3174,NORMAL,0
2024-01-20,Native_Ads,AU,307,25,5,0.0164,0.0814,0.0847,0.942,0.2,NORMAL,0
2024-01-20,Native_Ads,BR,722,36,7,0.0259,0.0499,0.0332,0.942,0.1944,NORMAL,0
2024-01-20,Native_Ads,CA,486,45,8,0.0206,0.0926,0.072,0.943,0.1778,NORMAL,0
2024-01-20,Native_Ads,DE,1413,72,13,0.0233,0.051,0.0453,0.942,0.1806,NORMAL,0
2024-01-20,Native_Ads,IN,560,31,5,0.0241,0.0554,0.0786,0.945,0.1613,NORMAL,0
2024-01-20,Native_Ads,NG,392,29,7,0.0193,0.074,0.0306,0.931,0.2414,NORMAL,0
2024-01-20,Native_Ads,PL,487,41,7,0.0149,0.0842,0.0513,0.936,0.1707,NORMAL,0
2024-01-20,Push_Network,AU,396,11,1,0.0126,0.0278,0.1692,0.886,0.0909,HIGH_FRAUD_RATE,1
2024-01-20,Push_Network,BR,834,44,5,0.016,0.0528,0.1835,0.869,0.1136,HIGH_FRAUD_RATE,1
2024-01-20,Push_Network,CA,268,8,1,0.0236,0.0299,0.1306,0.854,0.125,HIGH_FRAUD_RATE,1
2024-01-20,Push_Network,DE,722,25,2,0.0179,0.0346,0.162,0.851,0.08,HIGH_FRAUD_RATE,1
2024-01-20,Push_Network,IN,401,17,1,0.0305,0.0424,0.1771,0.882,0.0588,HIGH_FRAUD_RATE,1
2024-01-20,Push_Network,NG,444,21,1,0.0173,0.0473,0.1982,0.873,0.0476,HIGH_FRAUD_RATE,1
2024-01-20,Push_Network,PL,1350,54,5,0.0262,0.04,0.0874,0.869,0.0926,NORMAL,0
2024-01-20,TikTok,AU,621,41,5,0.016,0.066,0.0644,0.927,0.122,NORMAL,0
2024-01-20,TikTok,BR,364,15,3,0.0138,0.0412,0.044,0.936,0.2,NORMAL,0
2024-01-20,TikTok,CA,493,38,6,0.0312,0.0771,0.0994,0.907,0.1579,NORMAL,0
2024-01-20,TikTok,DE,460,26,5,0.0225,0.0565,0.0826,0.916,0.1923,NORMAL,0
2024-01-20,TikTok,IN,879,51,10,0.0186,0.058,0.1035,0.909,0.1961,HIGH_FRAUD_RATE,1
2024-01-20,TikTok,NG,958,54,12,0.0215,0.0564,0.072,0.911,0.2222,NORMAL,0
2024-01-20,TikTok,PL,463,31,6,0.0222,0.067,0.0734,0.918,0.1935,NORMAL,0
2024-01-21,Affiliate_SEO,AU,1939,516,153,0.0281,0.2661,0.0222,0.982,0.2965,NORMAL,0
2024-01-21,Affiliate_SEO,BR,99,13,4,0.0178,0.1313,0.0202,0.981,0.3077,NORMAL,0
2024-01-21,Affiliate_SEO,CA,928,194,62,0.0224,0.2091,0.0248,0.984,0.3196,NORMAL,0
2024-01-21,Affiliate_SEO,DE,1364,264,70,0.0187,0.1935,0.0125,0.978,0.2652,NORMAL,0
2024-01-21,Affiliate_SEO,IN,30,5,1,0.0129,0.1667,0.0,0.983,0.2,NORMAL,0
2024-01-21,Affiliate_SEO,NG,35,8,3,0.0205,0.2286,0.0,0.984,0.375,NORMAL,0
2024-01-21,Affiliate_SEO,PL,278,59,14,0.0182,0.2122,0.0108,0.98,0.2373,NORMAL,0
2024-01-21,Facebook,AU,841,53,9,0.0451,0.063,0.0309,0.964,0.1698,NORMAL,0
2024-01-21,Facebook,BR,647,58,10,0.0505,0.0896,0.0278,0.974,0.1724,NORMAL,0
2024-01-21,Facebook,CA,864,54,13,0.0348,0.0625,0.0278,0.971,0.2407,NORMAL,0
2024-01-21,Facebook,DE,1533,128,20,0.0384,0.0835,0.0215,0.974,0.1562,NORMAL,0
2024-01-21,Facebook,IN,1009,84,11,0.0291,0.0833,0.0396,0.968,0.131,NORMAL,0
2024-01-21,Facebook,NG,740,48,12,0.0317,0.0649,0.0297,0.97,0.25,NORMAL,0
2024-01-21,Facebook,PL,787,65,15,0.0209,0.0826,0.0178,0.973,0.2308,NORMAL,0
2024-01-21,Google_Search,AU,1700,187,55,0.0463,0.11,0.0129,0.992,0.2941,NORMAL,0
2024-01-21,Google_Search,BR,641,90,26,0.0437,0.1404,0.014,0.991,0.2889,NORMAL,0
2024-01-21,Google_Search,CA,1564,256,55,0.0298,0.1637,0.0058,0.992,0.2148,NORMAL,0
2024-01-21,Google_Search,DE,662,88,31,0.0373,0.1329,0.0121,0.991,0.3523,NORMAL,0
2024-01-21,Google_Search,IN,851,158,68,0.0356,0.1857,0.0141,0.989,0.4304,NORMAL,0
2024-01-21,Google_Search,NG,756,109,23,0.0258,0.1442,0.0079,0.992,0.211,NORMAL,0
2024-01-21,Google_Search,PL,1425,210,46,0.0394,0.1474,0.0112,0.991,0.219,NORMAL,0
2024-01-21,Native_Ads,AU,860,57,15,0.0234,0.0663,0.0302,0.94,0.2632,NORMAL,0
2024-01-21,Native_Ads,BR,114,6,0,0.0075,0.0526,0.0351,0.939,0.0,NORMAL,0
2024-01-21,Native_Ads,CA,519,33,5,0.0259,0.0636,0.0462,0.937,0.1515,NORMAL,0
2024-01-21,Native_Ads,DE,462,35,6,0.0118,0.0758,0.0844,0.936,0.1714,NORMAL,0
2024-01-21,Native_Ads,IN,961,76,18,0.018,0.0791,0.0718,0.939,0.2368,NORMAL,0
2024-01-21,Native_Ads,NG,913,41,8,0.0151,0.0449,0.0712,0.942,0.1951,NORMAL,0
2024-01-21,Native_Ads,PL,650,48,11,0.0192,0.0738,0.0723,0.935,0.2292,NORMAL,0
2024-01-21,Push_Network,AU,461,16,1,0.0118,0.0347,0.102,0.851,0.0625,HIGH_FRAUD_RATE,1
2024-01-21,Push_Network,BR,330,11,1,0.0139,0.0333,0.1455,0.882,0.0909,HIGH_FRAUD_RATE,1
2024-01-21,Push_Network,CA,510,17,2,0.0273,0.0333,0.1235,0.832,0.1176,HIGH_FRAUD_RATE,1
2024-01-21,Push_Network,DE,1189,38,3,0.0209,0.032,0.1573,0.861,0.0789,HIGH_FRAUD_RATE,1
2024-01-21,Push_Network,IN,560,17,1,0.0156,0.0304,0.075,0.859,0.0588,NORMAL,0
2024-01-21,Push_Network,NG,296,12,1,0.0245,0.0405,0.1588,0.876,0.0833,HIGH_FRAUD_RATE,1
2024-01-21,Push_Network,PL,479,23,3,0.0222,0.048,0.1816,0.853,0.1304,HIGH_FRAUD_RATE,1
2024-01-21,TikTok,AU,528,17,2,0.0244,0.0322,0.0511,0.931,0.1176,NORMAL,0
2024-01-21,TikTok,BR,1258,74,11,0.0184,0.0588,0.0906,0.919,0.1486,NORMAL,0
2024-01-21,TikTok,CA,614,46,7,0.0188,0.0749,0.0554,0.925,0.1522,NORMAL,0
2024-01-21,TikTok,DE,482,22,4,0.0158,0.0456,0.112,0.925,0.1818,HIGH_FRAUD_RATE,1
2024-01-21,TikTok,IN,575,25,4,0.024,0.0435,0.1061,0.908,0.16,HIGH_FRAUD_RATE,1
2024-01-21,TikTok,NG,618,36,5,0.0224,0.0583,0.0663,0.935,0.1389,NORMAL,0
2024-01-21,TikTok,PL,188,7,1,0.019,0.0372,0.0851,0.923,0.1429,NORMAL,0
2024-01-22,Affiliate_SEO,AU,333,83,25,0.0166,0.2492,0.009,0.983,0.3012,NORMAL,0
2024-01-22,Affiliate_SEO,BR,306,61,18,0.0235,0.1993,0.0261,0.977,0.2951,NORMAL,0
2024-01-22,Affiliate_SEO,CA,459,113,28,0.018,0.2462,0.0174,0.983,0.2478,NORMAL,0
2024-01-22,Affiliate_SEO,DE,427,106,49,0.0152,0.2482,0.0141,0.983,0.4623,NORMAL,0
2024-01-22,Affiliate_SEO,IN,36,6,1,0.0228,0.1667,0.0,0.978,0.1667,NORMAL,0
2024-01-22,Affiliate_SEO,NG,33,7,2,0.0157,0.2121,0.0,0.982,0.2857,NORMAL,0
2024-01-22,Affiliate_SEO,PL,296,68,23,0.0133,0.2297,0.0203,0.981,0.3382,NORMAL,0
2024-01-22,Facebook,AU,985,76,27,0.0334,0.0772,0.0437,0.97,0.3553,NORMAL,0
2024-01-22,Facebook,BR,522,56,17,0.0329,0.1073,0.0364,0.968,0.3036,NORMAL,0
2024-01-22,Facebook,CA,672,55,11,0.0258,0.0818,0.0417,0.969,0.2,NORMAL,0
2024-01-22,Facebook,DE,1103,118,21,0.0411,0.107,0.0381,0.975,0.178,NORMAL,0
2024-01-22,Facebook,IN,451,45,13,0.0382,0.0998,0.02,0.973,0.2889,NORMAL,0
2024-01-22,Facebook,NG,1458,146,32,0.0372,0.1001,0.0336,0.97,0.2192,NORMAL,0
2024-01-22,Facebook,PL,2073,168,46,0.0289,0.081,0.0203,0.966,0.2738,NORMAL,0
2024-01-22,Google_Search,AU,1302,228,55,0.0379,0.1751,0.0061,0.991,0.2412,NORMAL,0
2024-01-22,Google_Search,BR,900,130,40,0.0468,0.1444,0.0067,0.988,0.3077,NORMAL,0
2024-01-22,Google_Search,CA,1305,224,47,0.0439,0.1716,0.0123,0.989,0.2098,NORMAL,0
2024-01-22,Google_Search,DE,663,91,31,0.0411,0.1373,0.009,0.992,0.3407,NORMAL,0
2024-01-22,Google_Search,IN,322,47,12,0.0276,0.146,0.0031,0.992,0.2553,NORMAL,0
2024-01-22,Google_Search,NG,749,100,22,0.0243,0.1335,0.0053,0.992,0.22,NORMAL,0
2024-01-22,Google_Search,PL,528,61,13,0.0346,0.1155,0.0114,0.991,0.2131,NORMAL,0
2024-01-22,Native_Ads,AU,1510,92,14,0.0239,0.0609,0.0371,0.928,0.1522,NORMAL,0
2024-01-22,Native_Ads,BR,193,15,2,0.0135,0.0777,0.0674,0.93,0.1333,NORMAL,0
2024-01-22,Native_Ads,CA,448,28,4,0.0144,0.0625,0.0737,0.932,0.1429,NORMAL,0
2024-01-22,Native_Ads,DE,79,4,0,0.0111,0.0506,0.0759,0.951,0.0,NORMAL,0
2024-01-22,Native_Ads,IN,332,15,3,0.0116,0.0452,0.0843,0.937,0.2,NORMAL,0
2024-01-22,Native_Ads,NG,312,22,4,0.0088,0.0705,0.0609,0.936,0.1818,NORMAL,0
2024-01-22,Native_Ads,PL,190,11,3,0.013,0.0579,0.0474,0.941,0.2727,NORMAL,0
2024-01-22,Push_Network,AU,644,29,2,0.017,0.045,0.132,0.871,0.069,HIGH_FRAUD_RATE,1
2024-01-22,Push_Network,BR,153,5,0,0.0183,0.0327,0.1438,0.861,0.0,HIGH_FRAUD_RATE,1
2024-01-22,Push_Network,CA,187,6,0,0.0139,0.0321,0.1016,0.837,0.0,HIGH_FRAUD_RATE,1
2024-01-22,Push_Network,DE,514,21,2,0.0251,0.0409,0.0934,0.872,0.0952,NORMAL,0
2024-01-22,Push_Network,IN,113,5,0,0.01,0.0442,0.1858,0.87,0.0,HIGH_FRAUD_RATE,1
2024-01-22,Push_Network,NG,556,32,4,0.0188,0.0576,0.1475,0.856,0.125,HIGH_FRAUD_RATE,1
2024-01-22,Push_Network,PL,685,29,4,0.0247,0.0423,0.1445,0.873,0.1379,HIGH_FRAUD_RATE,1
2024-01-22,TikTok,AU,621,21,2,0.0153,0.0338,0.1014,0.911,0.0952,HIGH_FRAUD_RATE,1
2024-01-22,TikTok,BR,430,30,3,0.0219,0.0698,0.1186,0.934,0.1,HIGH_FRAUD_RATE,1
2024-01-22,TikTok,CA,433,26,4,0.0196,0.06,0.0762,0.914,0.1538,NORMAL,0
2024-01-22,TikTok,DE,429,27,3,0.022,0.0629,0.1166,0.934,0.1111,HIGH_FRAUD_RATE,1
2024-01-22,TikTok,IN,183,7,0,0.0175,0.0383,0.082,0.936,0.0,NORMAL,0
2024-01-22,TikTok,NG,361,24,3,0.0151,0.0665,0.1108,0.926,0.125,HIGH_FRAUD_RATE,1
2024-01-22,TikTok,PL,152,9,0,0.0167,0.0592,0.0855,0.92,0.0,NORMAL,0
2024-01-23,Affiliate_SEO,AU,637,143,48,0.0211,0.2245,0.0283,0.98,0.3357,NORMAL,0
2024-01-23,Affiliate_SEO,BR,271,40,16,0.0148,0.1476,0.0148,0.977,0.4,NORMAL,0
2024-01-23,Affiliate_SEO,CA,266,52,22,0.014,0.1955,0.0188,0.98,0.4231,NORMAL,0
2024-01-23,Affiliate_SEO,DE,471,77,16,0.0249,0.1635,0.0106,0.983,0.2078,NORMAL,0
2024-01-23,Affiliate_SEO,IN,36,7,2,0.0178,0.1944,0.0278,0.983,0.2857,NORMAL,0
2024-01-23,Affiliate_SEO,NG,22,4,1,0.023,0.1818,0.0,0.98,0.25,NORMAL,0
2024-01-23,Affiliate_SEO,PL,163,36,13,0.0122,0.2209,0.0184,0.983,0.3611,NORMAL,0
2024-01-23,Facebook,AU,781,83,22,0.0356,0.1063,0.0435,0.97,0.2651,NORMAL,0
2024-01-23,Facebook,BR,450,39,9,0.0155,0.0867,0.0289,0.968,0.2308,NORMAL,0
2024-01-23,Facebook,CA,1092,130,23,0.043,0.119,0.0284,0.967,0.1769,NORMAL,0
2024-01-23,Facebook,DE,878,87,21,0.0295,0.0991,0.0216,0.972,0.2414,NORMAL,0
2024-01-23,Facebook,IN,722,73,14,0.0304,0.1011,0.0208,0.971,0.1918,NORMAL,0
2024-01-23,Facebook,NG,274,27,4,0.0222,0.0985,0.0401,0.964,0.1481,NORMAL,0
2024-01-23,Facebook,PL,1005,60,13,0.0394,0.0597,0.0269,0.965,0.2167,NORMAL,0
2024-01-23,Google_Search,AU,392,58,17,0.0449,0.148,0.0051,0.989,0.2931,NORMAL,0
2024-01-23,Google_Search,BR,406,78,33,0.0323,0.1921,0.0123,0.988,0.4231,NORMAL,0
2024-01-23,Google_Search,CA,326,50,17,0.0234,0.1534,0.0123,0.989,0.34,NORMAL,0
2024-01-23,Google_Search,DE,1132,154,45,0.0351,0.136,0.0124,0.991,0.2922,NORMAL,0
2024-01-23,Google_Search,IN,512,83,26,0.0332,0.1621,0.0059,0.991,0.3133,NORMAL,0
2024-01-23,Google_Search,NG,1133,171,65,0.0326,0.1509,0.0088,0.99,0.3801,NORMAL,0
2024-01-23,Google_Search,PL,737,122,34,0.0353,0.1655,0.0068,0.989,0.2787,NORMAL,0
2024-01-23,Native_Ads,AU,504,38,7,0.0327,0.0754,0.0575,0.95,0.1842,NORMAL,0
2024-01-23,Native_Ads,BR,323,19,3,0.0151,0.0588,0.031,0.946,0.1579,NORMAL,0
2024-01-23,Native_Ads,CA,242,12,2,0.0102,0.0496,0.0496,0.948,0.1667,NORMAL,0
2024-01-23,Native_Ads,DE,558,43,8,0.0196,0.0771,0.0645,0.946,0.186,NORMAL,0
2024-01-23,Native_Ads,IN,435,33,6,0.0197,0.0759,0.0598,0.937,0.1818,NORMAL,0
2024-01-23,Native_Ads,NG,389,17,3,0.0147,0.0437,0.0617,0.93,0.1765,NORMAL,0
2024-01-23,Native_Ads,PL,251,13,2,0.0301,0.0518,0.0757,0.938,0.1538,NORMAL,0
2024-01-23,Push_Network,AU,273,8,0,0.0208,0.0293,0.0733,0.859,0.0,NORMAL,0
2024-01-23,Push_Network,BR,775,30,3,0.0181,0.0387,0.1858,0.854,0.1,HIGH_FRAUD_RATE,1
2024-01-23,Push_Network,CA,339,10,1,0.0199,0.0295,0.0973,0.846,0.1,NORMAL,0
2024-01-23,Push_Network,DE,694,26,2,0.0237,0.0375,0.2032,0.851,0.0769,HIGH_FRAUD_RATE,1
2024-01-23,Push_Network,IN,629,24,3,0.0205,0.0382,0.1638,0.878,0.125,HIGH_FRAUD_RATE,1
2024-01-23,Push_Network,NG,268,7,0,0.0123,0.0261,0.0858,0.85,0.0,NORMAL,0
2024-01-23,Push_Network,PL,56,2,0,0.005,0.0357,0.1786,0.843,0.0,HIGH_FRAUD_RATE,1
2024-01-23,TikTok,AU,891,52,9,0.0229,0.0584,0.055,0.924,0.1731,NORMAL,0
2024-01-23,TikTok,BR,247,13,1,0.0197,0.0526,0.0729,0.904,0.0769,NORMAL,0
2024-01-23,TikTok,CA,182,10,1,0.0124,0.0549,0.0659,0.919,0.1,NORMAL,0
2024-01-23,TikTok,DE,864,55,6,0.0258,0.0637,0.0475,0.908,0.1091,NORMAL,0
2024-01-23,TikTok,IN,244,15,2,0.0178,0.0615,0.1189,0.924,0.1333,HIGH_FRAUD_RATE,1
2024-01-23,TikTok,NG,489,27,5,0.0235,0.0552,0.09,0.932,0.1852,NORMAL,0
2024-01-23,TikTok,PL,413,22,3,0.0135,0.0533,0.0896,0.934,0.1364,NORMAL,0
2024-01-24,Affiliate_SEO,AU,438,142,52,0.0211,0.3242,0.0183,0.98,0.3662,NORMAL,0
2024-01-24,Affiliate_SEO,BR,168,35,7,0.0244,0.2083,0.0119,0.979,0.2,NORMAL,0
2024-01-24,Affiliate_SEO,CA,2348,519,211,0.0234,0.221,0.0294,0.979,0.4066,NORMAL,0
2024-01-24,Affiliate_SEO,DE,281,55,23,0.022,0.1957,0.0142,0.984,0.4182,NORMAL,0
2024-01-24,Affiliate_SEO,IN,194,31,11,0.0263,0.1598,0.0155,0.977,0.3548,NORMAL,0
2024-01-24,Affiliate_SEO,NG,48,11,4,0.0145,0.2292,0.0208,0.98,0.3636,NORMAL,0
2024-01-24,Affiliate_SEO,PL,228,61,19,0.016,0.2675,0.0132,0.977,0.3115,NORMAL,0
2024-01-24,Facebook,AU,1116,88,24,0.0266,0.0789,0.0215,0.973,0.2727,NORMAL,0
2024-01-24,Facebook,BR,1474,120,30,0.0366,0.0814,0.036,0.975,0.25,NORMAL,0
2024-01-24,Facebook,CA,1419,87,12,0.0343,0.0613,0.0395,0.971,0.1379,NORMAL,0
2024-01-24,Facebook,DE,1446,148,40,0.0462,0.1024,0.0228,0.972,0.2703,NORMAL,0
2024-01-24,Facebook,IN,564,61,17,0.0353,0.1082,0.0337,0.974,0.2787,NORMAL,0
2024-01-24,Facebook,NG,1448,96,14,0.0368,0.0663,0.0366,0.967,0.1458,NORMAL,0
2024-01-24,Facebook,PL,838,54,10,0.0335,0.0644,0.0155,0.976,0.1852,NORMAL,0
2024-01-24,Google_Search,AU,1077,213,65,0.0266,0.1978,0.0084,0.99,0.3052,NORMAL,0
2024-01-24,Google_Search,BR,2411,357,100,0.0353,0.1481,0.0133,0.99,0.2801,NORMAL,0
2024-01-24,Google_Search,CA,2107,394,131,0.0467,0.187,0.009,0.989,0.3325,NORMAL,0
2024-01-24,Google_Search,DE,808,111,33,0.0331,0.1374,0.0087,0.992,0.2973,NORMAL,0
2024-01-24,Google_Search,IN,771,135,42,0.046,0.1751,0.0078,0.992,0.3111,NORMAL,0
2024-01-24,Google_Search,NG,938,172,48,0.0356,0.1834,0.0075,0.989,0.2791,NORMAL,0
2024-01-24,Google_Search,PL,314,49,11,0.0446,0.1561,0.0064,0.991,0.2245,NORMAL,0
2024-01-24,Native_Ads,AU,392,23,5,0.0225,0.0587,0.0842,0.944,0.2174,NORMAL,0
2024-01-24,Native_Ads,BR,785,56,13,0.0242,0.0713,0.0497,0.938,0.2321,NORMAL,0
2024-01-24,Native_Ads,CA,179,15,2,0.0116,0.0838,0.0391,0.934,0.1333,NORMAL,0
2024-01-24,Native_Ads,DE,792,55,13,0.0349,0.0694,0.0783,0.933,0.2364,NORMAL,0
2024-01-24,Native_Ads,IN,1052,61,13,0.0263,0.058,0.039,0.933,0.2131,NORMAL,0
2024-01-24,Native_Ads,NG,283,14,2,0.0265,0.0495,0.0671,0.937,0.1429,NORMAL,0
2024-01-24,Native_Ads,PL,261,23,3,0.018,0.0881,0.0345,0.94,0.1304,NORMAL,0
2024-01-24,Push_Network,AU,731,39,4,0.0179,0.0534,0.104,0.867,0.1026,HIGH_FRAUD_RATE,1
2024-01-24,Push_Network,BR,142,5,0,0.005,0.0352,0.1901,0.888,0.0,HIGH_FRAUD_RATE,1
2024-01-24,Push_Network,CA,517,13,1,0.0268,0.0251,0.1605,0.867,0.0769,HIGH_FRAUD_RATE,1
2024-01-24,Push_Network,DE,944,38,5,0.0281,0.0403,0.1144,0.875,0.1316,HIGH_FRAUD_RATE,1
2024-01-24,Push_Network,IN,433,19,2,0.0209,0.0439,0.1686,0.839,0.1053,HIGH_FRAUD_RATE,1
2024-01-24,Push_Network,NG,677,28,2,0.0254,0.0414,0.1137,0.881,0.0714,HIGH_FRAUD_RATE,1
2024-01-24,Push_Network,PL,373,16,2,0.0309,0.0429,0.193,0.871,0.125,HIGH_FRAUD_RATE,1
2024-01-24,TikTok,AU,162,11,2,0.0186,0.0679,0.0988,0.932,0.1818,NORMAL,0
2024-01-24,TikTok,BR,473,31,6,0.0335,0.0655,0.093,0.934,0.1935,NORMAL,0
2024-01-24,TikTok,CA,469,25,2,0.0193,0.0533,0.0554,0.926,0.08,NORMAL,0
2024-01-24,TikTok,DE,435,23,1,0.0135,0.0529,0.0529,0.932,0.0435,NORMAL,0
2024-01-24,TikTok,IN,376,19,2,0.0235,0.0505,0.0612,0.918,0.1053,NORMAL,0
2024-01-24,TikTok,NG,777,40,7,0.0206,0.0515,0.1145,0.913,0.175,HIGH_FRAUD_RATE,1
2024-01-24,TikTok,PL,532,40,9,0.0205,0.0752,0.0752,0.927,0.225,NORMAL,0
2024-01-25,Affiliate_SEO,AU,1857,554,187,0.0303,0.2983,0.0151,0.977,0.3375,NORMAL,0
2024-01-25,Affiliate_SEO,BR,95,17,5,0.0127,0.1789,0.0105,0.981,0.2941,NORMAL,0
2024-01-25,Affiliate_SEO,CA,187,46,18,0.01,0.246,0.016,0.979,0.3913,NORMAL,0
2024-01-25,Affiliate_SEO,DE,986,224,100,0.0135,0.2272,0.0203,0.976,0.4464,NORMAL,0
2024-01-25,Affiliate_SEO,IN,64,13,4,0.0206,0.2031,0.0156,0.979,0.3077,NORMAL,0
2024-01-25,Affiliate_SEO,NG,22,4,1,0.023,0.1818,0.0,0.982,0.25,NORMAL,0
2024-01-25,Affiliate_SEO,PL,329,75,30,0.0202,0.228,0.0091,0.977,0.4,NORMAL,0
2024-01-25,Facebook,AU,515,35,9,0.0195,0.068,0.0311,0.968,0.2571,NORMAL,0
2024-01-25,Facebook,BR,688,73,18,0.0359,0.1061,0.0247,0.965,0.2466,NORMAL,0
2024-01-25,Facebook,CA,410,39,7,0.0321,0.0951,0.0415,0.968,0.1795,NORMAL,0
2024-01-25,Facebook,DE,1289,95,26,0.0366,0.0737,0.0396,0.966,0.2737,NORMAL,0
2024-01-25,Facebook,IN,675,78,19,0.039,0.1156,0.0237,0.968,0.2436,NORMAL,0
2024-01-25,Facebook,NG,1814,149,43,0.0344,0.0821,0.0171,0.967,0.2886,NORMAL,0
2024-01-25,Facebook,PL,366,24,6,0.0231,0.0656,0.0219,0.973,0.25,NORMAL,0
2024-01-25,Google_Search,AU,1217,179,36,0.05,0.1471,0.0049,0.989,0.2011,NORMAL,0
2024-01-25,Google_Search,BR,760,115,44,0.0404,0.1513,0.0132,0.989,0.3826,NORMAL,0
2024-01-25,Google_Search,CA,985,145,52,0.0233,0.1472,0.0071,0.99,0.3586,NORMAL,0
2024-01-25,Google_Search,DE,1867,390,114,0.0441,0.2089,0.0145,0.991,0.2923,NORMAL,0
2024-01-25,Google_Search,IN,1173,243,75,0.0438,0.2072,0.0077,0.991,0.3086,NORMAL,0
2024-01-25,Google_Search,NG,345,66,31,0.02,0.1913,0.0058,0.99,0.4697,NORMAL,0
2024-01-25,Google_Search,PL,1415,207,66,0.0254,0.1463,0.0127,0.99,0.3188,NORMAL,0
2024-01-25,Native_Ads,AU,737,56,14,0.027,0.076,0.0787,0.945,0.25,NORMAL,0
2024-01-25,Native_Ads,BR,454,43,8,0.0219,0.0947,0.0352,0.942,0.186,NORMAL,0
2024-01-25,Native_Ads,CA,224,18,3,0.0156,0.0804,0.0491,0.944,0.1667,NORMAL,0
2024-01-25,Native_Ads,DE,180,14,2,0.0209,0.0778,0.0667,0.943,0.1429,NORMAL,0
2024-01-25,Native_Ads,IN,766,53,8,0.0258,0.0692,0.077,0.929,0.1509,NORMAL,0
2024-01-25,Native_Ads,NG,294,17,1,0.0203,0.0578,0.051,0.952,0.0588,NORMAL,0
2024-01-25,Native_Ads,PL,619,50,11,0.016,0.0808,0.0404,0.932,0.22,NORMAL,0
2024-01-25,Push_Network,AU,166,5,0,0.015,0.0301,0.1627,0.835,0.0,HIGH_FRAUD_RATE,1
2024-01-25,Push_Network,BR,257,10,1,0.0122,0.0389,0.1518,0.884,0.1,HIGH_FRAUD_RATE,1
2024-01-25,Push_Network,CA,688,28,3,0.026,0.0407,0.1468,0.854,0.1071,HIGH_FRAUD_RATE,1
2024-01-25,Push_Network,DE,979,43,6,0.0205,0.0439,0.0725,0.847,0.1395,NORMAL,0
2024-01-25,Push_Network,IN,260,11,1,0.0192,0.0423,0.1154,0.88,0.0909,HIGH_FRAUD_RATE,1
2024-01-25,Push_Network,NG,116,4,0,0.0075,0.0345,0.1983,0.887,0.0,HIGH_FRAUD_RATE,1
2024-01-25,Push_Network,PL,166,6,0,0.014,0.0361,0.1867,0.845,0.0,HIGH_FRAUD_RATE,1
2024-01-25,TikTok,AU,195,12,2,0.022,0.0615,0.1077,0.924,0.1667,HIGH_FRAUD_RATE,1
2024-01-25,TikTok,BR,1351,88,15,0.021,0.0651,0.0607,0.935,0.1705,NORMAL,0
2024-01-25,TikTok,CA,307,12,1,0.0147,0.0391,0.0782,0.929,0.0833,NORMAL,0
2024-01-25,TikTok,DE,61,5,0,0.0076,0.082,0.0656,0.934,0.0,NORMAL,0
2024-01-25,TikTok,IN,465,30,5,0.0221,0.0645,0.0538,0.916,0.1667,NORMAL,0
2024-01-25,TikTok,NG,210,13,1,0.0095,0.0619,0.119,0.92,0.0769,HIGH_FRAUD_RATE,1
2024-01-25,TikTok,PL,408,19,3,0.0184,0.0466,0.0417,0.914,0.1579,NORMAL,0
2024-01-26,Affiliate_SEO,AU,161,22,7,0.0201,0.1366,0.0248,0.982,0.3182,NORMAL,0
2024-01-26,Affiliate_SEO,BR,121,27,9,0.0106,0.2231,0.0083,0.981,0.3333,NORMAL,0
2024-01-26,Affiliate_SEO,CA,498,103,33,0.0179,0.2068,0.012,0.982,0.3204,NORMAL,0
2024-01-26,Affiliate_SEO,DE,660,181,53,0.0185,0.2742,0.0136,0.982,0.2928,NORMAL,0
2024-01-26,Affiliate_SEO,IN,158,25,8,0.0234,0.1582,0.0127,0.977,0.32,NORMAL,0
2024-01-26,Affiliate_SEO,NG,28,5,0,0.0052,0.1786,0.0,0.981,0.0,NORMAL,0
2024-01-26,Affiliate_SEO,PL,302,51,18,0.0123,0.1689,0.0132,0.983,0.3529,NORMAL,0
2024-01-26,Facebook,AU,522,60,15,0.0312,0.1149,0.0268,0.971,0.25,NORMAL,0
2024-01-26,Facebook,BR,537,51,12,0.032,0.095,0.0261,0.968,0.2353,NORMAL,0
2024-01-26,Facebook,CA,640,53,17,0.036,0.0828,0.0297,0.965,0.3208,NORMAL,0
2024-01-26,Facebook,DE,1082,96,21,0.0402,0.0887,0.0296,0.966,0.2188,NORMAL,0
2024-01-26,Facebook,IN,793,72,8,0.0347,0.0908,0.0328,0.966,0.1111,NORMAL,0
2024-01-26,Facebook,NG,1114,90,17,0.0475,0.0808,0.0197,0.973,0.1889,NORMAL,0
2024-01-26,Facebook,PL,1142,108,28,0.0527,0.0946,0.0166,0.971,0.2593,NORMAL,0
2024-01-26,Google_Search,AU,740,91,32,0.0308,0.123,0.0054,0.992,0.3516,NORMAL,0
2024-01-26,Google_Search,BR,402,50,17,0.0264,0.1244,0.01,0.988,0.34,NORMAL,0
2024-01-26,Google_Search,CA,632,105,38,0.0422,0.1661,0.0095,0.99,0.3619,NORMAL,0
2024-01-26,Google_Search,DE,287,28,10,0.0283,0.0976,0.0139,0.989,0.3571,NORMAL,0
2024-01-26,Google_Search,IN,577,64,20,0.0258,0.1109,0.0139,0.988,0.3125,NORMAL,0
2024-01-26,Google_Search,NG,568,58,18,0.0311,0.1021,0.007,0.991,0.3103,NORMAL,0
2024-01-26,Google_Search,PL,1029,159,40,0.03,0.1545,0.0097,0.99,0.2516,NORMAL,0
2024-01-26,Native_Ads,AU,400,31,6,0.0215,0.0775,0.065,0.948,0.1935,NORMAL,0
2024-01-26,Native_Ads,BR,384,28,3,0.0223,0.0729,0.0573,0.933,0.1071,NORMAL,0
2024-01-26,Native_Ads,CA,354,27,5,0.0165,0.0763,0.0508,0.935,0.1852,NORMAL,0
2024-01-26,Native_Ads,DE,112,8,1,0.0079,0.0714,0.0625,0.952,0.125,NORMAL,0
2024-01-26,Native_Ads,IN,303,18,2,0.0247,0.0594,0.033,0.947,0.1111,NORMAL,0
2024-01-26,Native_Ads,NG,437,18,3,0.0136,0.0412,0.0847,0.95,0.1667,NORMAL,0
2024-01-26,Native_Ads,PL,489,31,4,0.0183,0.0634,0.0389,0.929,0.129,NORMAL,0
2024-01-26,Push_Network,AU,623,26,3,0.0222,0.0417,0.0899,0.848,0.1154,NORMAL,0
2024-01-26,Push_Network,BR,501,20,2,0.0219,0.0399,0.0958,0.868,0.1,NORMAL,0
2024-01-26,Push_Network,CA,332,10,1,0.022,0.0301,0.1687,0.878,0.1,HIGH_FRAUD_RATE,1
2024-01-26,Push_Network,DE,365,20,2,0.0199,0.0548,0.0904,0.846,0.1,NORMAL,0
2024-01-26,Push_Network,IN,236,13,2,0.012,0.0551,0.1737,0.834,0.1538,HIGH_FRAUD_RATE,1
2024-01-26,Push_Network,NG,263,10,1,0.0176,0.038,0.1863,0.846,0.1,HIGH_FRAUD_RATE,1
2024-01-26,Push_Network,PL,292,10,1,0.0209,0.0342,0.137,0.853,0.1,HIGH_FRAUD_RATE,1
2024-01-26,TikTok,AU,323,24,4,0.0228,0.0743,0.0712,0.905,0.1667,NORMAL,0
2024-01-26,TikTok,BR,253,13,2,0.0168,0.0514,0.083,0.914,0.1538,NORMAL,0
2024-01-26,TikTok,CA,93,9,1,0.005,0.0968,0.0753,0.908,0.1111,NORMAL,0
2024-01-26,TikTok,DE,161,12,1,0.0088,0.0745,0.118,0.92,0.0833,HIGH_FRAUD_RATE,1
2024-01-26,TikTok,IN,617,43,6,0.0208,0.0697,0.081,0.915,0.1395,NORMAL,0
2024-01-26,TikTok,NG,467,25,3,0.0257,0.0535,0.0407,0.922,0.12,NORMAL,0
2024-01-26,TikTok,PL,485,26,4,0.0147,0.0536,0.0454,0.93,0.1538,NORMAL,0
2024-01-27,Affiliate_SEO,AU,626,141,45,0.0107,0.2252,0.0128,0.982,0.3191,NORMAL,0
2024-01-27,Affiliate_SEO,BR,119,22,8,0.0156,0.1849,0.0084,0.983,0.3636,NORMAL,0
2024-01-27,Affiliate_SEO,CA,681,131,40,0.0197,0.1924,0.0117,0.979,0.3053,NORMAL,0
2024-01-27,Affiliate_SEO,DE,1953,474,151,0.0242,0.2427,0.0282,0.978,0.3186,NORMAL,0
2024-01-27,Affiliate_SEO,IN,139,33,11,0.0188,0.2374,0.0216,0.98,0.3333,NORMAL,0
2024-01-27,Affiliate_SEO,NG,26,6,2,0.0167,0.2308,0.0,0.981,0.3333,NORMAL,0
2024-01-27,Affiliate_SEO,PL,111,21,10,0.0206,0.1892,0.018,0.984,0.4762,NORMAL,0
2024-01-27,Facebook,AU,893,100,27,0.0416,0.112,0.0179,0.972,0.27,NORMAL,0
2024-01-27,Facebook,BR,863,74,19,0.0208,0.0857,0.0382,0.967,0.2568,NORMAL,0
2024-01-27,Facebook,CA,537,64,17,0.033,0.1192,0.0428,0.972,0.2656,NORMAL,0
2024-01-27,Facebook,DE,886,103,24,0.0392,0.1163,0.0203,0.969,0.233,NORMAL,0
2024-01-27,Facebook,IN,471,45,17,0.0192,0.0955,0.0149,0.967,0.3778,NORMAL,0
2024-01-27,Facebook,NG,708,83,20,0.0304,0.1172,0.0184,0.967,0.241,NORMAL,0
2024-01-27,Facebook,PL,321,32,7,0.0258,0.0997,0.0156,0.964,0.2188,NORMAL,0
2024-01-27,Google_Search,AU,1839,344,130,0.025,0.1871,0.0141,0.988,0.3779,NORMAL,0
2024-01-27,Google_Search,BR,927,167,38,0.0418,0.1802,0.0129,0.991,0.2275,NORMAL,0
2024-01-27,Google_Search,CA,1441,203,90,0.0382,0.1409,0.0146,0.992,0.4433,NORMAL,0
2024-01-27,Google_Search,DE,1278,151,52,0.0307,0.1182,0.007,0.989,0.3444,NORMAL,0
2024-01-27,Google_Search,IN,635,70,28,0.0246,0.1102,0.0126,0.99,0.4,NORMAL,0
2024-01-27,Google_Search,NG,1380,194,53,0.0388,0.1406,0.013,0.991,0.2732,NORMAL,0
2024-01-27,Google_Search,PL,1345,178,41,0.0477,0.1323,0.0059,0.989,0.2303,NORMAL,0
2024-01-27,Native_Ads,AU,463,33,5,0.0236,0.0713,0.0648,0.939,0.1515,NORMAL,0
2024-01-27,Native_Ads,BR,324,23,4,0.0089,0.071,0.0802,0.944,0.1739,NORMAL,0
2024-01-27,Native_Ads,CA,230,19,3,0.0132,0.0826,0.0304,0.948,0.1579,NORMAL,0
2024-01-27,Native_Ads,DE,924,47,8,0.0241,0.0509,0.0595,0.941,0.1702,NORMAL,0
2024-01-27,Native_Ads,IN,374,24,4,0.0158,0.0642,0.0401,0.938,0.1667,NORMAL,0
2024-01-27,Native_Ads,NG,1461,103,18,0.0209,0.0705,0.063,0.941,0.1748,NORMAL,0
2024-01-27,Native_Ads,PL,680,55,11,0.0176,0.0809,0.0324,0.945,0.2,NORMAL,0
2024-01-27,Push_Network,AU,1248,50,7,0.0221,0.0401,0.0825,0.884,0.14,NORMAL,0
2024-01-27,Push_Network,BR,371,18,2,0.0133,0.0485,0.1482,0.876,0.1111,HIGH_FRAUD_RATE,1
2024-01-27,Push_Network,CA,472,16,1,0.0199,0.0339,0.1504,0.866,0.0625,HIGH_FRAUD_RATE,1
2024-01-27,Push_Network,DE,426,19,2,0.0186,0.0446,0.1901,0.848,0.1053,HIGH_FRAUD_RATE,1
2024-01-27,Push_Network,IN,590,23,2,0.0195,0.039,0.1203,0.878,0.087,HIGH_FRAUD_RATE,1
2024-01-27,Push_Network,NG,788,35,4,0.0196,0.0444,0.1942,0.833,0.1143,HIGH_FRAUD_RATE,1
2024-01-27,Push_Network,PL,720,36,4,0.0213,0.05,0.1375,0.841,0.1111,HIGH_FRAUD_RATE,1
2024-01-27,TikTok,AU,531,23,3,0.0195,0.0433,0.0414,0.905,0.1304,NORMAL,0
2024-01-27,TikTok,BR,362,28,4,0.0155,0.0773,0.0801,0.904,0.1429,NORMAL,0
2024-01-27,TikTok,CA,339,19,3,0.0173,0.056,0.0737,0.92,0.1579,NORMAL,0
2024-01-27,TikTok,DE,655,40,6,0.0208,0.0611,0.0611,0.909,0.15,NORMAL,0
2024-01-27,TikTok,IN,887,43,7,0.0271,0.0485,0.0924,0.906,0.1628,NORMAL,0
2024-01-27,TikTok,NG,1305,55,9,0.0177,0.0421,0.0866,0.909,0.1636,NORMAL,0
2024-01-27,TikTok,PL,429,27,4,0.0165,0.0629,0.1189,0.911,0.1481,HIGH_FRAUD_RATE,1
2024-01-28,Affiliate_SEO,AU,688,148,38,0.0212,0.2151,0.0276,0.984,0.2568,NORMAL,0
2024-01-28,Affiliate_SEO,BR,106,28,10,0.015,0.2642,0.0094,0.977,0.3571,NORMAL,0
2024-01-28,Affiliate_SEO,CA,379,101,29,0.0171,0.2665,0.0211,0.982,0.2871,NORMAL,0
2024-01-28,Affiliate_SEO,DE,969,215,47,0.0196,0.2219,0.0124,0.983,0.2186,NORMAL,0
2024-01-28,Affiliate_SEO,IN,93,28,11,0.0208,0.3011,0.0215,0.982,0.3929,NORMAL,0
2024-01-28,Affiliate_SEO,NG,25,4,1,0.0213,0.16,0.0,0.979,0.25,NORMAL,0
2024-01-28,Affiliate_SEO,PL,46,10,3,0.0132,0.2174,0.0217,0.981,0.3,NORMAL,0
2024-01-28,Facebook,AU,1181,96,22,0.0263,0.0813,0.0288,0.965,0.2292,NORMAL,0
2024-01-28,Facebook,BR,1026,114,30,0.0336,0.1111,0.0409,0.968,0.2632,NORMAL,0
2024-01-28,Facebook,CA,1091,113,26,0.0432,0.1036,0.0312,0.973,0.2301,NORMAL,0
2024-01-28,Facebook,DE,778,66,13,0.0414,0.0848,0.0219,0.972,0.197,NORMAL,0
2024-01-28,Facebook,IN,453,30,9,0.0385,0.0662,0.0155,0.972,0.3,NORMAL,0
2024-01-28,Facebook,NG,616,64,13,0.0462,0.1039,0.0325,0.966,0.2031,NORMAL,0
2024-01-28,Facebook,PL,662,46,8,0.0333,0.0695,0.0363,0.974,0.1739,NORMAL,0
2024-01-28,Google_Search,AU,1062,94,27,0.0431,0.0885,0.0122,0.988,0.2872,NORMAL,0
2024-01-28,Google_Search,BR,632,57,19,0.031,0.0902,0.0127,0.991,0.3333,NORMAL,0
2024-01-28,Google_Search,CA,585,111,34,0.0258,0.1897,0.0103,0.992,0.3063,NORMAL,0
2024-01-28,Google_Search,DE,1210,169,47,0.0297,0.1397,0.0132,0.99,0.2781,NORMAL,0
2024-01-28,Google_Search,IN,1093,183,61,0.0327,0.1674,0.011,0.989,0.3333,NORMAL,0
2024-01-28,Google_Search,NG,656,73,22,0.0332,0.1113,0.0046,0.991,0.3014,NORMAL,0
2024-01-28,Google_Search,PL,489,84,21,0.0375,0.1718,0.0143,0.989,0.25,NORMAL,0
2024-01-28,Native_Ads,AU,1510,86,17,0.0258,0.057,0.0371,0.949,0.1977,NORMAL,0
2024-01-28,Native_Ads,BR,463,35,6,0.0095,0.0756,0.0497,0.948,0.1714,NORMAL,0
2024-01-28,Native_Ads,CA,2221,122,15,0.0275,0.0549,0.0752,0.94,0.123,NORMAL,0
2024-01-28,Native_Ads,DE,399,16,2,0.0275,0.0401,0.0802,0.94,0.125,NORMAL,0
2024-01-28,Native_Ads,IN,521,43,10,0.0177,0.0825,0.0864,0.943,0.2326,NORMAL,0
2024-01-28,Native_Ads,NG,278,18,4,0.0174,0.0647,0.0683,0.931,0.2222,NORMAL,0
2024-01-28,Native_Ads,PL,279,25,5,0.0098,0.0896,0.0323,0.928,0.2,NORMAL,0
2024-01-28,Push_Network,AU,185,11,0,0.0219,0.0595,0.1405,0.851,0.0,HIGH_FRAUD_RATE,1
2024-01-28,Push_Network,BR,813,27,4,0.0252,0.0332,0.0861,0.841,0.1481,NORMAL,0
2024-01-28,Push_Network,CA,313,15,2,0.0245,0.0479,0.1885,0.844,0.1333,HIGH_FRAUD_RATE,1
2024-01-28,Push_Network,DE,237,10,1,0.0123,0.0422,0.1477,0.879,0.1,HIGH_FRAUD_RATE,1
2024-01-28,Push_Network,IN,909,26,2,0.025,0.0286,0.1826,0.854,0.0769,HIGH_FRAUD_RATE,1
2024-01-28,Push_Network,NG,523,16,2,0.0231,0.0306,0.2084,0.87,0.125,HIGH_FRAUD_RATE,1
2024-01-28,Push_Network,PL,768,25,2,0.0201,0.0326,0.1146,0.86,0.08,HIGH_FRAUD_RATE,1
2024-01-28,TikTok,AU,464,22,4,0.0258,0.0474,0.1142,0.909,0.1818,HIGH_FRAUD_RATE,1
2024-01-28,TikTok,BR,1019,62,10,0.0139,0.0608,0.1109,0.935,0.1613,HIGH_FRAUD_RATE,1
2024-01-28,TikTok,CA,324,20,2,0.0193,0.0617,0.0741,0.908,0.1,NORMAL,0
2024-01-28,TikTok,DE,691,42,7,0.03,0.0608,0.0507,0.933,0.1667,NORMAL,0
2024-01-28,TikTok,IN,424,30,4,0.0238,0.0708,0.0802,0.931,0.1333,NORMAL,0
2024-01-28,TikTok,NG,286,17,2,0.0137,0.0594,0.0804,0.926,0.1176,NORMAL,0
2024-01-28,TikTok,PL,333,22,3,0.0247,0.0661,0.0841,0.915,0.1364,NORMAL,0
2024-01-29,Affiliate_SEO,AU,582,142,55,0.0261,0.244,0.0223,0.979,0.3873,NORMAL,0
2024-01-29,Affiliate_SEO,BR,104,16,5,0.0151,0.1538,0.0192,0.98,0.3125,NORMAL,0
2024-01-29,Affiliate_SEO,CA,287,80,24,0.0148,0.2787,0.0105,0.984,0.3,NORMAL,0
2024-01-29,Affiliate_SEO,DE,2148,509,161,0.0262,0.237,0.0196,0.976,0.3163,NORMAL,0
2024-01-29,Affiliate_SEO,IN,55,12,2,0.0216,0.2182,0.0182,0.978,0.1667,NORMAL,0
2024-01-29,Affiliate_SEO,NG,68,15,5,0.0285,0.2206,0.0,0.98,0.3333,NORMAL,0
2024-01-29,Affiliate_SEO,PL,347,94,29,0.018,0.2709,0.0115,0.979,0.3085,NORMAL,0
2024-01-29,Facebook,AU,696,89,18,0.0396,0.1279,0.0259,0.974,0.2022,NORMAL,0
2024-01-29,Facebook,BR,281,31,6,0.0274,0.1103,0.0391,0.968,0.1935,NORMAL,0
2024-01-29,Facebook,CA,1453,126,30,0.0443,0.0867,0.0337,0.964,0.2381,NORMAL,0
2024-01-29,Facebook,DE,466,58,12,0.0221,0.1245,0.0258,0.972,0.2069,NORMAL,0
2024-01-29,Facebook,IN,1144,100,21,0.0367,0.0874,0.0166,0.965,0.21,NORMAL,0
2024-01-29,Facebook,NG,2202,154,39,0.034,0.0699,0.0381,0.975,0.2532,NORMAL,0
2024-01-29,Facebook,PL,1474,160,51,0.0429,0.1085,0.0326,0.97,0.3187,NORMAL,0
2024-01-29,Google_Search,AU,682,99,26,0.0198,0.1452,0.0073,0.99,0.2626,NORMAL,0
2024-01-29,Google_Search,BR,548,63,19,0.0421,0.115,0.0109,0.988,0.3016,NORMAL,0
2024-01-29,Google_Search,CA,977,130,42,0.0454,0.1331,0.0133,0.991,0.3231,NORMAL,0
2024-01-29,Google_Search,DE,349,54,18,0.0312,0.1547,0.0057,0.988,0.3333,NORMAL,0
2024-01-29,Google_Search,IN,545,105,16,0.0372,0.1927,0.0092,0.989,0.1524,NORMAL,0
2024-01-29,Google_Search,NG,1883,290,87,0.0434,0.154,0.0058,0.991,0.3,NORMAL,0
2024-01-29,Google_Search,PL,1361,161,51,0.037,0.1183,0.0103,0.992,0.3168,NORMAL,0
2024-01-29,Native_Ads,AU,171,14,2,0.0133,0.0819,0.0585,0.936,0.1429,NORMAL,0
2024-01-29,Native_Ads,BR,1098,115,28,0.0239,0.1047,0.0674,0.939,0.2435,NORMAL,0
2024-01-29,Native_Ads,CA,439,31,5,0.0236,0.0706,0.0569,0.95,0.1613,NORMAL,0
2024-01-29,Native_Ads,DE,484,25,4,0.0168,0.0517,0.0888,0.944,0.16,NORMAL,0
2024-01-29,Native_Ads,IN,262,13,3,0.0089,0.0496,0.0458,0.932,0.2308,NORMAL,0
2024-01-29,Native_Ads,NG,301,25,6,0.0209,0.0831,0.0498,0.949,0.24,NORMAL,0
2024-01-29,Native_Ads,PL,413,32,5,0.0211,0.0775,0.0654,0.945,0.1562,NORMAL,0
2024-01-29,Push_Network,AU,257,9,0,0.0093,0.035,0.1012,0.837,0.0,HIGH_FRAUD_RATE,1
2024-01-29,Push_Network,BR,520,24,3,0.0276,0.0462,0.1212,0.834,0.125,HIGH_FRAUD_RATE,1
2024-01-29,Push_Network,CA,734,21,2,0.0197,0.0286,0.1144,0.871,0.0952,HIGH_FRAUD_RATE,1
2024-01-29,Push_Network,DE,300,14,1,0.0143,0.0467,0.1767,0.867,0.0714,HIGH_FRAUD_RATE,1
2024-01-29,Push_Network,IN,1095,41,5,0.0191,0.0374,0.105,0.887,0.122,HIGH_FRAUD_RATE,1
2024-01-29,Push_Network,NG,206,8,1,0.0134,0.0388,0.0728,0.834,0.125,NORMAL,0
2024-01-29,Push_Network,PL,240,8,0,0.019,0.0333,0.0917,0.834,0.0,NORMAL,0
2024-01-29,TikTok,AU,359,24,4,0.0121,0.0669,0.0864,0.907,0.1667,NORMAL,0
2024-01-29,TikTok,BR,213,12,1,0.0156,0.0563,0.0563,0.921,0.0833,NORMAL,0
2024-01-29,TikTok,CA,477,28,5,0.0253,0.0587,0.0608,0.928,0.1786,NORMAL,0
2024-01-29,TikTok,DE,483,23,3,0.0239,0.0476,0.0787,0.919,0.1304,NORMAL,0
2024-01-29,TikTok,IN,755,44,9,0.0293,0.0583,0.0715,0.932,0.2045,NORMAL,0
2024-01-29,TikTok,NG,304,15,2,0.015,0.0493,0.0493,0.925,0.1333,NORMAL,0
2024-01-29,TikTok,PL,682,35,4,0.0219,0.0513,0.1173,0.919,0.1143,HIGH_FRAUD_RATE,1
2024-01-30,Affiliate_SEO,AU,627,124,51,0.019,0.1978,0.0096,0.982,0.4113,NORMAL,0
2024-01-30,Affiliate_SEO,BR,141,27,6,0.0212,0.1915,0.0071,0.977,0.2222,NORMAL,0
2024-01-30,Affiliate_SEO,CA,1513,334,82,0.0308,0.2208,0.0126,0.977,0.2455,NORMAL,0
2024-01-30,Affiliate_SEO,DE,783,141,31,0.0287,0.1801,0.014,0.982,0.2199,NORMAL,0
2024-01-30,Affiliate_SEO,IN,104,27,6,0.025,0.2596,0.0192,0.981,0.2222,NORMAL,0
2024-01-30,Affiliate_SEO,NG,79,23,8,0.0113,0.2911,0.0253,0.98,0.3478,NORMAL,0
2024-01-30,Affiliate_SEO,PL,264,71,33,0.023,0.2689,0.0114,0.979,0.4648,NORMAL,0
2024-01-30,Facebook,AU,687,63,14,0.057,0.0917,0.0175,0.967,0.2222,NORMAL,0
2024-01-30,Facebook,BR,829,56,12,0.0243,0.0676,0.0205,0.97,0.2143,NORMAL,0
2024-01-30,Facebook,CA,654,28,6,0.0328,0.0428,0.0367,0.971,0.2143,NORMAL,0
2024-01-30,Facebook,DE,643,57,12,0.0446,0.0886,0.0404,0.975,0.2105,NORMAL,0
2024-01-30,Facebook,IN,1097,100,23,0.0384,0.0912,0.0346,0.969,0.23,NORMAL,0
2024-01-30,Facebook,NG,1170,103,20,0.0379,0.088,0.0444,0.964,0.1942,NORMAL,0
2024-01-30,Facebook,PL,778,56,12,0.038,0.072,0.0257,0.973,0.2143,NORMAL,0
2024-01-30,Google_Search,AU,496,81,25,0.0301,0.1633,0.004,0.99,0.3086,NORMAL,0
2024-01-30,Google_Search,BR,320,29,7,0.0273,0.0906,0.0125,0.99,0.2414,NORMAL,0
2024-01-30,Google_Search,CA,511,84,21,0.0402,0.1644,0.0117,0.99,0.25,NORMAL,0
2024-01-30,Google_Search,DE,1197,168,73,0.0461,0.1404,0.01,0.991,0.4345,NORMAL,0
2024-01-30,Google_Search,IN,525,74,20,0.0459,0.141,0.0076,0.989,0.2703,NORMAL,0
2024-01-30,Google_Search,NG,719,144,51,0.0272,0.2003,0.0083,0.99,0.3542,NORMAL,0
2024-01-30,Google_Search,PL,910,106,29,0.0322,0.1165,0.0143,0.991,0.2736,NORMAL,0
2024-01-30,Native_Ads,AU,417,40,8,0.0109,0.0959,0.0504,0.933,0.2,NORMAL,0
2024-01-30,Native_Ads,BR,1136,105,25,0.0257,0.0924,0.0475,0.948,0.2381,NORMAL,0
2024-01-30,Native_Ads,CA,351,27,6,0.0183,0.0769,0.057,0.939,0.2222,NORMAL,0
2024-01-30,Native_Ads,DE,159,10,2,0.0143,0.0629,0.0755,0.951,0.2,NORMAL,0
2024-01-30,Native_Ads,IN,1081,55,12,0.0208,0.0509,0.086,0.948,0.2182,NORMAL,0
2024-01-30,Native_Ads,NG,164,9,0,0.0146,0.0549,0.0671,0.933,0.0,NORMAL,0
2024-01-30,Native_Ads,PL,221,15,2,0.0212,0.0679,0.0407,0.938,0.1333,NORMAL,0
2024-01-30,Push_Network,AU,431,14,1,0.0182,0.0325,0.1044,0.843,0.0714,HIGH_FRAUD_RATE,1
2024-01-30,Push_Network,BR,310,14,1,0.0202,0.0452,0.1194,0.857,0.0714,HIGH_FRAUD_RATE,1
2024-01-30,Push_Network,CA,220,12,1,0.0206,0.0545,0.1091,0.841,0.0833,HIGH_FRAUD_RATE,1
2024-01-30,Push_Network,DE,356,13,2,0.0166,0.0365,0.191,0.883,0.1538,HIGH_FRAUD_RATE,1
2024-01-30,Push_Network,IN,550,18,2,0.0179,0.0327,0.1473,0.868,0.1111,HIGH_FRAUD_RATE,1
2024-01-30,Push_Network,NG,72,2,0,0.0153,0.0278,0.0694,0.884,0.0,NORMAL,0
2024-01-30,Push_Network,PL,415,12,1,0.0157,0.0289,0.1566,0.855,0.0833,HIGH_FRAUD_RATE,1
2024-01-30,TikTok,AU,517,32,3,0.0236,0.0619,0.089,0.929,0.0938,NORMAL,0
2024-01-30,TikTok,BR,203,10,1,0.0184,0.0493,0.1084,0.934,0.1,HIGH_FRAUD_RATE,1
2024-01-30,TikTok,CA,769,41,7,0.0162,0.0533,0.0728,0.936,0.1707,NORMAL,0
2024-01-30,TikTok,DE,232,15,2,0.0161,0.0647,0.0517,0.906,0.1333,NORMAL,0
2024-01-30,TikTok,IN,591,38,1,0.0169,0.0643,0.11,0.925,0.0263,HIGH_FRAUD_RATE,1
2024-01-30,TikTok,NG,919,51,7,0.0228,0.0555,0.0805,0.936,0.1373,NORMAL,0
2024-01-30,TikTok,PL,162,8,1,0.0168,0.0494,0.0802,0.925,0.125,NORMAL,0
2024-01-31,Affiliate_SEO,AU,354,72,21,0.0104,0.2034,0.0226,0.979,0.2917,NORMAL,0
2024-01-31,Affiliate_SEO,BR,163,40,9,0.0258,0.2454,0.0184,0.983,0.225,NORMAL,0
2024-01-31,Affiliate_SEO,CA,569,127,34,0.0167,0.2232,0.0246,0.977,0.2677,NORMAL,0
2024-01-31,Affiliate_SEO,DE,911,158,35,0.0189,0.1734,0.0143,0.977,0.2215,NORMAL,0
2024-01-31,Affiliate_SEO,IN,53,11,4,0.015,0.2075,0.0,0.982,0.3636,NORMAL,0
2024-01-31,Affiliate_SEO,NG,46,10,4,0.0167,0.2174,0.0217,0.977,0.4,NORMAL,0
2024-01-31,Affiliate_SEO,PL,362,76,30,0.019,0.2099,0.0083,0.982,0.3947,NORMAL,0
2024-01-31,Facebook,AU,1133,104,43,0.0308,0.0918,0.0397,0.969,0.4135,NORMAL,0
2024-01-31,Facebook,BR,443,48,6,0.0258,0.1084,0.0339,0.975,0.125,NORMAL,0
2024-01-31,Facebook,CA,412,45,6,0.0317,0.1092,0.0291,0.973,0.1333,NORMAL,0
2024-01-31,Facebook,DE,554,51,14,0.0347,0.0921,0.0379,0.975,0.2745,NORMAL,0
2024-01-31,Facebook,IN,2142,170,32,0.0394,0.0794,0.0448,0.968,0.1882,NORMAL,0
2024-01-31,Facebook,NG,2185,164,46,0.0424,0.0751,0.038,0.965,0.2805,NORMAL,0
2024-01-31,Facebook,PL,1123,92,18,0.0475,0.0819,0.0258,0.972,0.1957,NORMAL,0
2024-01-31,Google_Search,AU,786,135,40,0.0388,0.1718,0.0089,0.99,0.2963,NORMAL,0
2024-01-31,Google_Search,BR,1183,203,58,0.0353,0.1716,0.011,0.988,0.2857,NORMAL,0
2024-01-31,Google_Search,CA,1020,169,48,0.0265,0.1657,0.0049,0.992,0.284,NORMAL,0
2024-01-31,Google_Search,DE,655,95,36,0.0308,0.145,0.0046,0.99,0.3789,NORMAL,0
2024-01-31,Google_Search,IN,2187,428,95,0.0365,0.1957,0.0069,0.989,0.222,NORMAL,0
2024-01-31,Google_Search,NG,487,62,15,0.0296,0.1273,0.0062,0.991,0.2419,NORMAL,0
2024-01-31,Google_Search,PL,670,121,38,0.031,0.1806,0.0075,0.991,0.314,NORMAL,0
2024-01-31,Native_Ads,AU,423,35,7,0.0211,0.0827,0.078,0.947,0.2,NORMAL,0
2024-01-31,Native_Ads,BR,278,12,2,0.0143,0.0432,0.0324,0.931,0.1667,NORMAL,0
2024-01-31,Native_Ads,CA,712,59,10,0.0166,0.0829,0.0716,0.948,0.1695,NORMAL,0
2024-01-31,Native_Ads,DE,470,33,8,0.0154,0.0702,0.0851,0.945,0.2424,NORMAL,0
2024-01-31,Native_Ads,IN,388,32,6,0.0184,0.0825,0.0438,0.93,0.1875,NORMAL,0
2024-01-31,Native_Ads,NG,562,37,8,0.0267,0.0658,0.0694,0.949,0.2162,NORMAL,0
2024-01-31,Native_Ads,PL,576,54,10,0.0187,0.0938,0.0885,0.937,0.1852,NORMAL,0
2024-01-31,Push_Network,AU,534,14,1,0.0191,0.0262,0.1479,0.844,0.0714,HIGH_FRAUD_RATE,1
2024-01-31,Push_Network,BR,118,4,0,0.0093,0.0339,0.1525,0.866,0.0,HIGH_FRAUD_RATE,1
2024-01-31,Push_Network,CA,301,12,1,0.0185,0.0399,0.1362,0.837,0.0833,HIGH_FRAUD_RATE,1
2024-01-31,Push_Network,DE,254,6,0,0.0139,0.0236,0.1575,0.867,0.0,HIGH_FRAUD_RATE,1
2024-01-31,Push_Network,IN,432,19,1,0.0239,0.044,0.0718,0.846,0.0526,NORMAL,0
2024-01-31,Push_Network,NG,279,9,1,0.0228,0.0323,0.1219,0.842,0.1111,HIGH_FRAUD_RATE,1
2024-01-31,Push_Network,PL,482,29,4,0.0254,0.0602,0.1763,0.835,0.1379,HIGH_FRAUD_RATE,1
2024-01-31,TikTok,AU,293,17,2,0.0145,0.058,0.0819,0.913,0.1176,NORMAL,0
2024-01-31,TikTok,BR,1233,52,7,0.0189,0.0422,0.1135,0.91,0.1346,HIGH_FRAUD_RATE,1
2024-01-31,TikTok,CA,1314,91,13,0.0237,0.0693,0.0518,0.91,0.1429,NORMAL,0
2024-01-31,TikTok,DE,182,8,1,0.0133,0.044,0.0385,0.934,0.125,NORMAL,0
2024-01-31,TikTok,IN,1715,92,15,0.0303,0.0536,0.042,0.935,0.163,NORMAL,0
2024-01-31,TikTok,NG,288,13,1,0.0124,0.0451,0.0694,0.916,0.0769,NORMAL,0
2024-01-31,TikTok,PL,415,22,4,0.0228,0.053,0.0723,0.923,0.1818,NORMAL,0
2024-02-01,Affiliate_SEO,AU,330,87,26,0.0271,0.2636,0.0273,0.976,0.2989,NORMAL,0
2024-02-01,Affiliate_SEO,BR,275,73,29,0.0276,0.2655,0.0182,0.984,0.3973,NORMAL,0
2024-02-01,Affiliate_SEO,CA,1173,289,107,0.0273,0.2464,0.0136,0.983,0.3702,NORMAL,0
2024-02-01,Affiliate_SEO,DE,313,65,21,0.017,0.2077,0.016,0.981,0.3231,NORMAL,0
2024-02-01,Affiliate_SEO,IN,33,7,1,0.0248,0.2121,0.0,0.977,0.1429,NORMAL,0
2024-02-01,Affiliate_SEO,NG,7,1,0,0.0047,0.1429,0.0,0.978,0.0,NORMAL,0
2024-02-01,Affiliate_SEO,PL,130,38,9,0.0215,0.2923,0.0231,0.982,0.2368,NORMAL,0
2024-02-01,Facebook,AU,1151,93,19,0.0472,0.0808,0.0356,0.972,0.2043,NORMAL,0
2024-02-01,Facebook,BR,430,42,11,0.0365,0.0977,0.0349,0.968,0.2619,NORMAL,0
2024-02-01,Facebook,CA,1244,150,37,0.0348,0.1206,0.0209,0.975,0.2467,NORMAL,0
2024-02-01,Facebook,DE,419,33,7,0.0371,0.0788,0.031,0.97,0.2121,NORMAL,0
2024-02-01,Facebook,IN,882,73,26,0.0422,0.0828,0.0431,0.971,0.3562,NORMAL,0
2024-02-01,Facebook,NG,528,59,13,0.0379,0.1117,0.0284,0.974,0.2203,NORMAL,0
2024-02-01,Facebook,PL,955,62,14,0.0316,0.0649,0.0314,0.966,0.2258,NORMAL,0
2024-02-01,Google_Search,AU,224,39,17,0.0244,0.1741,0.0089,0.991,0.4359,NORMAL,0
2024-02-01,Google_Search,BR,697,123,44,0.0222,0.1765,0.0129,0.992,0.3577,NORMAL,0
2024-02-01,Google_Search,CA,1007,125,38,0.0264,0.1241,0.0079,0.989,0.304,NORMAL,0
2024-02-01,Google_Search,DE,834,99,15,0.0371,0.1187,0.0072,0.991,0.1515,NORMAL,0
2024-02-01,Google_Search,IN,1606,258,83,0.0368,0.1606,0.0075,0.991,0.3217,NORMAL,0
2024-02-01,Google_Search,NG,772,133,34,0.0412,0.1723,0.0117,0.991,0.2556,NORMAL,0
2024-02-01,Google_Search,PL,246,41,13,0.037,0.1667,0.0122,0.99,0.3171,NORMAL,0
2024-02-01,Native_Ads,AU,780,54,7,0.0274,0.0692,0.0321,0.945,0.1296,NORMAL,0
2024-02-01,Native_Ads,BR,281,22,3,0.0234,0.0783,0.089,0.928,0.1364,NORMAL,0
2024-02-01,Native_Ads,CA,338,19,3,0.0132,0.0562,0.068,0.951,0.1579,NORMAL,0
2024-02-01,Native_Ads,DE,518,35,7,0.0308,0.0676,0.0328,0.933,0.2,NORMAL,0
2024-02-01,Native_Ads,IN,251,15,2,0.0125,0.0598,0.0677,0.943,0.1333,NORMAL,0
2024-02-01,Native_Ads,NG,392,27,7,0.0308,0.0689,0.0485,0.948,0.2593,NORMAL,0
2024-02-01,Native_Ads,PL,360,29,6,0.0171,0.0806,0.0417,0.933,0.2069,NORMAL,0
2024-02-01,Push_Network,AU,131,7,0,0.0152,0.0534,0.1832,0.861,0.0,HIGH_FRAUD_RATE,1
2024-02-01,Push_Network,BR,269,10,1,0.025,0.0372,0.1822,0.846,0.1,HIGH_FRAUD_RATE,1
2024-02-01,Push_Network,CA,272,11,1,0.01,0.0404,0.136,0.865,0.0909,HIGH_FRAUD_RATE,1
2024-02-01,Push_Network,DE,709,29,3,0.0169,0.0409,0.1848,0.885,0.1034,HIGH_FRAUD_RATE,1
2024-02-01,Push_Network,IN,395,14,1,0.023,0.0354,0.1696,0.835,0.0714,HIGH_FRAUD_RATE,1
2024-02-01,Push_Network,NG,356,9,1,0.0199,0.0253,0.1124,0.844,0.1111,HIGH_FRAUD_RATE,1
2024-02-01,Push_Network,PL,451,24,2,0.0233,0.0532,0.1242,0.845,0.0833,HIGH_FRAUD_RATE,1
2024-02-01,TikTok,AU,1000,72,10,0.0194,0.072,0.083,0.92,0.1389,NORMAL,0
2024-02-01,TikTok,BR,1068,52,8,0.0218,0.0487,0.0946,0.935,0.1538,NORMAL,0
2024-02-01,TikTok,CA,142,10,2,0.0168,0.0704,0.0563,0.928,0.2,NORMAL,0
2024-02-01,TikTok,DE,669,43,7,0.0125,0.0643,0.0732,0.922,0.1628,NORMAL,0
2024-02-01,TikTok,IN,344,22,4,0.0168,0.064,0.0552,0.924,0.1818,NORMAL,0
2024-02-01,TikTok,NG,372,17,2,0.022,0.0457,0.1156,0.908,0.1176,HIGH_FRAUD_RATE,1
2024-02-01,TikTok,PL,314,11,2,0.0179,0.035,0.0605,0.918,0.1818,NORMAL,0
2024-02-02,Affiliate_SEO,AU,255,45,11,0.023,0.1765,0.0078,0.98,0.2444,NORMAL,0
2024-02-02,Affiliate_SEO,BR,193,35,13,0.0284,0.1813,0.0207,0.979,0.3714,NORMAL,0
2024-02-02,Affiliate_SEO,CA,164,42,14,0.0279,0.2561,0.0244,0.98,0.3333,NORMAL,0
2024-02-02,Affiliate_SEO,DE,1319,317,151,0.0227,0.2403,0.0114,0.977,0.4763,NORMAL,0
2024-02-02,Affiliate_SEO,IN,67,15,4,0.021,0.2239,0.0149,0.979,0.2667,NORMAL,0
2024-02-02,Affiliate_SEO,NG,37,8,3,0.0096,0.2162,0.0,0.983,0.375,NORMAL,0
2024-02-02,Affiliate_SEO,PL,93,15,5,0.0129,0.1613,0.0215,0.98,0.3333,NORMAL,0
2024-02-02,Facebook,AU,349,24,4,0.0179,0.0688,0.0401,0.973,0.1667,NORMAL,0
2024-02-02,Facebook,BR,806,67,14,0.0278,0.0831,0.031,0.97,0.209,NORMAL,0
2024-02-02,Facebook,CA,982,82,17,0.0289,0.0835,0.0346,0.974,0.2073,NORMAL,0
2024-02-02,Facebook,DE,332,29,6,0.0213,0.0873,0.0181,0.973,0.2069,NORMAL,0
2024-02-02,Facebook,IN,418,37,6,0.0249,0.0885,0.0359,0.966,0.1622,NORMAL,0
2024-02-02,Facebook,NG,451,24,5,0.0289,0.0532,0.0377,0.975,0.2083,NORMAL,0
2024-02-02,Facebook,PL,380,34,6,0.0393,0.0895,0.0342,0.972,0.1765,NORMAL,0
2024-02-02,Google_Search,AU,832,127,41,0.0392,0.1526,0.012,0.989,0.3228,NORMAL,0
2024-02-02,Google_Search,BR,769,139,32,0.0333,0.1808,0.0052,0.99,0.2302,NORMAL,0
2024-02-02,Google_Search,CA,373,57,23,0.0242,0.1528,0.0107,0.988,0.4035,NORMAL,0
2024-02-02,Google_Search,DE,871,134,30,0.035,0.1538,0.0057,0.991,0.2239,NORMAL,0
2024-02-02,Google_Search,IN,686,113,25,0.0454,0.1647,0.0058,0.992,0.2212,NORMAL,0
2024-02-02,Google_Search,NG,833,132,39,0.0336,0.1585,0.0072,0.99,0.2955,NORMAL,0
2024-02-02,Google_Search,PL,1002,190,46,0.042,0.1896,0.007,0.988,0.2421,NORMAL,0
2024-02-02,Native_Ads,AU,1001,67,16,0.0223,0.0669,0.0759,0.939,0.2388,NORMAL,0
2024-02-02,Native_Ads,BR,356,30,3,0.0192,0.0843,0.0337,0.94,0.1,NORMAL,0
2024-02-02,Native_Ads,CA,406,33,5,0.0216,0.0813,0.0837,0.933,0.1515,NORMAL,0
2024-02-02,Native_Ads,DE,428,33,5,0.0213,0.0771,0.0794,0.929,0.1515,NORMAL,0
2024-02-02,Native_Ads,IN,837,70,16,0.0236,0.0836,0.0621,0.932,0.2286,NORMAL,0
2024-02-02,Native_Ads,NG,593,33,5,0.0311,0.0556,0.0641,0.934,0.1515,NORMAL,0
2024-02-02,Native_Ads,PL,315,22,3,0.0193,0.0698,0.054,0.95,0.1364,NORMAL,0
2024-02-02,Push_Network,AU,445,20,1,0.0219,0.0449,0.0697,0.873,0.05,NORMAL,0
2024-02-02,Push_Network,BR,364,14,1,0.021,0.0385,0.1264,0.851,0.0714,HIGH_FRAUD_RATE,1
2024-02-02,Push_Network,CA,655,27,2,0.0282,0.0412,0.0916,0.874,0.0741,NORMAL,0
2024-02-02,Push_Network,DE,140,4,0,0.0232,0.0286,0.1357,0.854,0.0,HIGH_FRAUD_RATE,1
2024-02-02,Push_Network,IN,343,12,1,0.0201,0.035,0.0845,0.886,0.0833,NORMAL,0
2024-02-02,Push_Network,NG,1847,83,10,0.0344,0.0449,0.0855,0.847,0.1205,NORMAL,0
2024-02-02,Push_Network,PL,381,12,1,0.0179,0.0315,0.1575,0.884,0.0833,HIGH_FRAUD_RATE,1
2024-02-02,TikTok,AU,566,18,2,0.0274,0.0318,0.0565,0.918,0.1111,NORMAL,0
2024-02-02,TikTok,BR,331,18,2,0.0172,0.0544,0.0876,0.927,0.1111,NORMAL,0
2024-02-02,TikTok,CA,612,35,4,0.0275,0.0572,0.085,0.918,0.1143,NORMAL,0
2024-02-02,TikTok,DE,707,51,6,0.015,0.0721,0.0495,0.919,0.1176,NORMAL,0
2024-02-02,TikTok,IN,109,4,0,0.0093,0.0367,0.0826,0.918,0.0,NORMAL,0
2024-02-02,TikTok,NG,1576,101,11,0.0212,0.0641,0.1015,0.92,0.1089,HIGH_FRAUD_RATE,1
2024-02-02,TikTok,PL,505,31,5,0.0235,0.0614,0.1129,0.918,0.1613,HIGH_FRAUD_RATE,1
2024-02-03,Affiliate_SEO,AU,249,59,20,0.0208,0.2369,0.0281,0.98,0.339,NORMAL,0
2024-02-03,Affiliate_SEO,BR,309,61,23,0.0205,0.1974,0.0259,0.98,0.377,NORMAL,0
2024-02-03,Affiliate_SEO,CA,375,72,26,0.0213,0.192,0.0133,0.982,0.3611,NORMAL,0
2024-02-03,Affiliate_SEO,DE,437,79,18,0.0127,0.1808,0.0114,0.982,0.2278,NORMAL,0
2024-02-03,Affiliate_SEO,IN,118,33,13,0.0243,0.2797,0.0254,0.981,0.3939,NORMAL,0
2024-02-03,Affiliate_SEO,NG,31,5,1,0.0102,0.1613,0.0,0.983,0.2,NORMAL,0
2024-02-03,Affiliate_SEO,PL,109,22,7,0.0216,0.2018,0.0092,0.983,0.3182,NORMAL,0
2024-02-03,Facebook,AU,1164,128,29,0.0517,0.11,0.0387,0.974,0.2266,NORMAL,0
2024-02-03,Facebook,BR,321,14,3,0.0306,0.0436,0.0374,0.968,0.2143,NORMAL,0
2024-02-03,Facebook,CA,796,47,15,0.0453,0.059,0.0201,0.964,0.3191,NORMAL,0
2024-02-03,Facebook,DE,394,26,5,0.0243,0.066,0.0305,0.966,0.1923,NORMAL,0
2024-02-03,Facebook,IN,791,65,23,0.0321,0.0822,0.024,0.968,0.3538,NORMAL,0
2024-02-03,Facebook,NG,1055,88,23,0.0418,0.0834,0.0389,0.975,0.2614,NORMAL,0
2024-02-03,Facebook,PL,640,64,17,0.0365,0.1,0.025,0.965,0.2656,NORMAL,0
2024-02-03,Google_Search,AU,1570,174,54,0.0299,0.1108,0.0134,0.989,0.3103,NORMAL,0
2024-02-03,Google_Search,BR,831,129,37,0.0446,0.1552,0.012,0.991,0.2868,NORMAL,0
2024-02-03,Google_Search,CA,3055,491,145,0.0377,0.1607,0.0141,0.99,0.2953,NORMAL,0
2024-02-03,Google_Search,DE,957,142,52,0.0388,0.1484,0.0052,0.988,0.3662,NORMAL,0
2024-02-03,Google_Search,IN,1306,165,38,0.0402,0.1263,0.0092,0.991,0.2303,NORMAL,0
2024-02-03,Google_Search,NG,422,60,20,0.0308,0.1422,0.0118,0.991,0.3333,NORMAL,0
2024-02-03,Google_Search,PL,666,124,39,0.0269,0.1862,0.009,0.989,0.3145,NORMAL,0
2024-02-03,Native_Ads,AU,699,37,8,0.0136,0.0529,0.0787,0.946,0.2162,NORMAL,0
2024-02-03,Native_Ads,BR,445,37,6,0.0172,0.0831,0.0472,0.95,0.1622,NORMAL,0
2024-02-03,Native_Ads,CA,333,19,4,0.0179,0.0571,0.0781,0.937,0.2105,NORMAL,0
2024-02-03,Native_Ads,DE,1383,108,30,0.0266,0.0781,0.0615,0.952,0.2778,NORMAL,0
2024-02-03,Native_Ads,IN,922,63,12,0.0268,0.0683,0.039,0.951,0.1905,NORMAL,0
2024-02-03,Native_Ads,NG,160,8,1,0.0106,0.05,0.0625,0.952,0.125,NORMAL,0
2024-02-03,Native_Ads,PL,427,34,8,0.0183,0.0796,0.0304,0.943,0.2353,NORMAL,0
2024-02-03,Push_Network,AU,198,7,1,0.0151,0.0354,0.1717,0.875,0.1429,HIGH_FRAUD_RATE,1
2024-02-03,Push_Network,BR,150,5,0,0.0152,0.0333,0.1133,0.86,0.0,HIGH_FRAUD_RATE,1
2024-02-03,Push_Network,CA,1029,53,6,0.0179,0.0515,0.1778,0.88,0.1132,HIGH_FRAUD_RATE,1
2024-02-03,Push_Network,DE,493,17,1,0.0263,0.0345,0.1988,0.856,0.0588,HIGH_FRAUD_RATE,1
2024-02-03,Push_Network,IN,597,28,3,0.0243,0.0469,0.0888,0.857,0.1071,NORMAL,0
2024-02-03,Push_Network,NG,700,28,3,0.017,0.04,0.0957,0.87,0.1071,NORMAL,0
2024-02-03,Push_Network,PL,678,31,5,0.0233,0.0457,0.1475,0.883,0.1613,HIGH_FRAUD_RATE,1
2024-02-03,TikTok,AU,805,48,9,0.0195,0.0596,0.1143,0.923,0.1875,HIGH_FRAUD_RATE,1
2024-02-03,TikTok,BR,388,26,3,0.0138,0.067,0.0464,0.913,0.1154,NORMAL,0
2024-02-03,TikTok,CA,356,20,3,0.0132,0.0562,0.0899,0.918,0.15,NORMAL,0
2024-02-03,TikTok,DE,1220,82,16,0.0397,0.0672,0.0779,0.932,0.1951,NORMAL,0
2024-02-03,TikTok,IN,223,10,1,0.0172,0.0448,0.0942,0.916,0.1,NORMAL,0
2024-02-03,TikTok,NG,545,26,4,0.0255,0.0477,0.1174,0.914,0.1538,HIGH_FRAUD_RATE,1
2024-02-03,TikTok,PL,678,44,7,0.0204,0.0649,0.087,0.927,0.1591,NORMAL,0
2024-02-04,Affiliate_SEO,AU,219,37,10,0.0112,0.1689,0.0274,0.98,0.2703,NORMAL,0
2024-02-04,Affiliate_SEO,BR,260,45,15,0.0198,0.1731,0.0192,0.98,0.3333,NORMAL,0
2024-02-04,Affiliate_SEO,CA,367,84,24,0.0146,0.2289,0.0218,0.977,0.2857,NORMAL,0
2024-02-04,Affiliate_SEO,DE,335,66,17,0.0161,0.197,0.0269,0.979,0.2576,NORMAL,0
2024-02-04,Affiliate_SEO,IN,21,2,0,0.0225,0.0952,0.0,0.983,0.0,NORMAL,0
2024-02-04,Affiliate_SEO,NG,193,42,11,0.0217,0.2176,0.0155,0.978,0.2619,NORMAL,0
2024-02-04,Affiliate_SEO,PL,258,70,18,0.0208,0.2713,0.0194,0.98,0.2571,NORMAL,0
2024-02-04,Facebook,AU,416,28,9,0.0386,0.0673,0.0409,0.97,0.3214,NORMAL,0
2024-02-04,Facebook,BR,698,74,20,0.0319,0.106,0.0258,0.974,0.2703,NORMAL,0
2024-02-04,Facebook,CA,549,37,6,0.0381,0.0674,0.0146,0.965,0.1622,NORMAL,0
2024-02-04,Facebook,DE,808,85,21,0.0339,0.1052,0.0322,0.966,0.2471,NORMAL,0
2024-02-04,Facebook,IN,601,67,17,0.0141,0.1115,0.0399,0.972,0.2537,NORMAL,0
2024-02-04,Facebook,NG,613,55,14,0.0417,0.0897,0.044,0.973,0.2545,NORMAL,0
2024-02-04,Facebook,PL,1477,114,22,0.0356,0.0772,0.0162,0.975,0.193,NORMAL,0
2024-02-04,Google_Search,AU,2117,410,134,0.0456,0.1937,0.0104,0.991,0.3268,NORMAL,0
2024-02-04,Google_Search,BR,464,90,27,0.0248,0.194,0.0129,0.992,0.3,NORMAL,0
2024-02-04,Google_Search,CA,859,148,31,0.0486,0.1723,0.007,0.991,0.2095,NORMAL,0
2024-02-04,Google_Search,DE,1004,130,50,0.0243,0.1295,0.0139,0.991,0.3846,NORMAL,0
2024-02-04,Google_Search,IN,1141,156,40,0.0449,0.1367,0.014,0.989,0.2564,NORMAL,0
2024-02-04,Google_Search,NG,685,71,23,0.0342,0.1036,0.0058,0.988,0.3239,NORMAL,0
2024-02-04,Google_Search,PL,564,99,26,0.0249,0.1755,0.0071,0.988,0.2626,NORMAL,0
2024-02-04,Native_Ads,AU,551,34,5,0.026,0.0617,0.0762,0.94,0.1471,NORMAL,0
2024-02-04,Native_Ads,BR,1129,93,18,0.0252,0.0824,0.0469,0.946,0.1935,NORMAL,0
2024-02-04,Native_Ads,CA,92,4,0,0.0066,0.0435,0.0326,0.929,0.0,NORMAL,0
2024-02-04,Native_Ads,DE,126,8,1,0.013,0.0635,0.0714,0.941,0.125,NORMAL,0
2024-02-04,Native_Ads,IN,179,17,3,0.0119,0.095,0.067,0.947,0.1765,NORMAL,0
2024-02-04,Native_Ads,NG,291,15,3,0.0142,0.0515,0.0859,0.935,0.2,NORMAL,0
2024-02-04,Native_Ads,PL,491,32,7,0.0216,0.0652,0.0428,0.93,0.2188,NORMAL,0
2024-02-04,Push_Network,AU,568,24,2,0.0317,0.0423,0.1849,0.836,0.0833,HIGH_FRAUD_RATE,1
2024-02-04,Push_Network,BR,463,15,2,0.0193,0.0324,0.1015,0.839,0.1333,HIGH_FRAUD_RATE,1
2024-02-04,Push_Network,CA,129,6,0,0.0178,0.0465,0.1473,0.88,0.0,HIGH_FRAUD_RATE,1
2024-02-04,Push_Network,DE,254,11,1,0.018,0.0433,0.1102,0.874,0.0909,HIGH_FRAUD_RATE,1
2024-02-04,Push_Network,IN,236,6,0,0.0143,0.0254,0.1314,0.839,0.0,HIGH_FRAUD_RATE,1
2024-02-04,Push_Network,NG,533,14,1,0.0271,0.0263,0.182,0.879,0.0714,HIGH_FRAUD_RATE,1
2024-02-04,Push_Network,PL,314,14,2,0.0095,0.0446,0.1401,0.844,0.1429,HIGH_FRAUD_RATE,1
2024-02-04,TikTok,AU,1986,143,23,0.0328,0.072,0.1037,0.912,0.1608,HIGH_FRAUD_RATE,1
2024-02-04,TikTok,BR,676,32,5,0.0223,0.0473,0.1169,0.923,0.1562,HIGH_FRAUD_RATE,1
2024-02-04,TikTok,CA,329,16,2,0.016,0.0486,0.0456,0.916,0.125,NORMAL,0
2024-02-04,TikTok,DE,414,26,3,0.0171,0.0628,0.07,0.904,0.1154,NORMAL,0
2024-02-04,TikTok,IN,488,42,6,0.0232,0.0861,0.1189,0.917,0.1429,HIGH_FRAUD_RATE,1
2024-02-04,TikTok,NG,268,15,2,0.0152,0.056,0.0672,0.921,0.1333,NORMAL,0
2024-02-04,TikTok,PL,614,28,3,0.0219,0.0456,0.0896,0.917,0.1071,NORMAL,0
2024-02-05,Affiliate_SEO,AU,318,72,25,0.0184,0.2264,0.0252,0.984,0.3472,NORMAL,0
2024-02-05,Affiliate_SEO,BR,64,13,3,0.0166,0.2031,0.0156,0.98,0.2308,NORMAL,0
2024-02-05,Affiliate_SEO,CA,1202,310,112,0.0205,0.2579,0.0225,0.98,0.3613,NORMAL,0
2024-02-05,Affiliate_SEO,DE,298,20,8,0.0144,0.0671,0.0101,0.979,0.4,NORMAL,0
2024-02-05,Affiliate_SEO,IN,67,15,4,0.0258,0.2239,0.0149,0.981,0.2667,NORMAL,0
2024-02-05,Affiliate_SEO,NG,23,4,0,0.0141,0.1739,0.0,0.981,0.0,NORMAL,0
2024-02-05,Affiliate_SEO,PL,190,30,15,0.0282,0.1579,0.0105,0.977,0.5,NORMAL,0
2024-02-05,Facebook,AU,1065,125,40,0.0332,0.1174,0.031,0.969,0.32,NORMAL,0
2024-02-05,Facebook,BR,1647,193,52,0.0403,0.1172,0.0261,0.973,0.2694,NORMAL,0
2024-02-05,Facebook,CA,929,81,11,0.0451,0.0872,0.0151,0.975,0.1358,NORMAL,0
2024-02-05,Facebook,DE,585,57,17,0.0235,0.0974,0.0154,0.973,0.2982,NORMAL,0
2024-02-05,Facebook,IN,628,64,19,0.0371,0.1019,0.0191,0.97,0.2969,NORMAL,0
2024-02-05,Facebook,NG,688,49,11,0.0379,0.0712,0.0407,0.966,0.2245,NORMAL,0
2024-02-05,Facebook,PL,538,54,13,0.0346,0.1004,0.0223,0.972,0.2407,NORMAL,0
2024-02-05,Google_Search,AU,260,38,11,0.0435,0.1462,0.0115,0.99,0.2895,NORMAL,0
2024-02-05,Google_Search,BR,1095,193,60,0.0339,0.1763,0.0091,0.989,0.3109,NORMAL,0
2024-02-05,Google_Search,CA,573,115,35,0.0245,0.2007,0.0105,0.991,0.3043,NORMAL,0
2024-02-05,Google_Search,DE,1081,194,54,0.0409,0.1795,0.0093,0.991,0.2784,NORMAL,0
2024-02-05,Google_Search,IN,295,34,13,0.0268,0.1153,0.0034,0.99,0.3824,NORMAL,0
2024-02-05,Google_Search,NG,248,37,7,0.0306,0.1492,0.0121,0.988,0.1892,NORMAL,0
2024-02-05,Google_Search,PL,563,63,20,0.0229,0.1119,0.0107,0.988,0.3175,NORMAL,0
2024-02-05,Native_Ads,AU,438,32,5,0.0235,0.0731,0.0708,0.944,0.1562,NORMAL,0
2024-02-05,Native_Ads,BR,346,29,6,0.0183,0.0838,0.0462,0.95,0.2069,NORMAL,0
2024-02-05,Native_Ads,CA,298,26,6,0.0193,0.0872,0.0336,0.943,0.2308,NORMAL,0
2024-02-05,Native_Ads,DE,1593,127,24,0.033,0.0797,0.0578,0.951,0.189,NORMAL,0
2024-02-05,Native_Ads,IN,231,13,2,0.0144,0.0563,0.0476,0.942,0.1538,NORMAL,0
2024-02-05,Native_Ads,NG,593,44,7,0.0233,0.0742,0.0776,0.948,0.1591,NORMAL,0
2024-02-05,Native_Ads,PL,102,6,1,0.015,0.0588,0.0392,0.935,0.1667,NORMAL,0
2024-02-05,Push_Network,AU,401,10,1,0.0206,0.0249,0.0773,0.861,0.1,NORMAL,0
2024-02-05,Push_Network,BR,1056,46,5,0.0197,0.0436,0.1525,0.835,0.1087,HIGH_FRAUD_RATE,1
2024-02-05,Push_Network,CA,1001,44,7,0.0168,0.044,0.1998,0.854,0.1591,HIGH_FRAUD_RATE,1
2024-02-05,Push_Network,DE,168,7,0,0.0195,0.0417,0.1667,0.871,0.0,HIGH_FRAUD_RATE,1
2024-02-05,Push_Network,IN,269,10,1,0.0214,0.0372,0.1152,0.868,0.1,HIGH_FRAUD_RATE,1
2024-02-05,Push_Network,NG,643,27,4,0.0311,0.042,0.2037,0.835,0.1481,HIGH_FRAUD_RATE,1
2024-02-05,Push_Network,PL,588,29,3,0.0228,0.0493,0.119,0.853,0.1034,HIGH_FRAUD_RATE,1
2024-02-05,TikTok,AU,1054,40,6,0.0239,0.038,0.0797,0.906,0.15,NORMAL,0
2024-02-05,TikTok,BR,179,13,1,0.019,0.0726,0.1061,0.905,0.0769,HIGH_FRAUD_RATE,1
2024-02-05,TikTok,CA,379,22,2,0.0132,0.058,0.058,0.926,0.0909,NORMAL,0
2024-02-05,TikTok,DE,816,57,12,0.0227,0.0699,0.0527,0.906,0.2105,NORMAL,0
2024-02-05,TikTok,IN,361,22,3,0.0237,0.0609,0.0859,0.914,0.1364,NORMAL,0
2024-02-05,TikTok,NG,350,27,3,0.0104,0.0771,0.1086,0.907,0.1111,HIGH_FRAUD_RATE,1
2024-02-05,TikTok,PL,2471,115,23,0.0229,0.0465,0.0425,0.935,0.2,NORMAL,0
2024-02-06,Affiliate_SEO,AU,377,65,28,0.0134,0.1724,0.0186,0.977,0.4308,NORMAL,0
2024-02-06,Affiliate_SEO,BR,171,32,11,0.0269,0.1871,0.0234,0.977,0.3438,NORMAL,0
2024-02-06,Affiliate_SEO,CA,484,145,45,0.0246,0.2996,0.0124,0.984,0.3103,NORMAL,0
2024-02-06,Affiliate_SEO,DE,327,53,22,0.0216,0.1621,0.0153,0.982,0.4151,NORMAL,0
2024-02-06,Affiliate_SEO,IN,24,6,2,0.0126,0.25,0.0,0.983,0.3333,NORMAL,0
2024-02-06,Affiliate_SEO,NG,113,21,9,0.0193,0.1858,0.0088,0.977,0.4286,NORMAL,0
2024-02-06,Affiliate_SEO,PL,171,32,10,0.0152,0.1871,0.0234,0.976,0.3125,NORMAL,0
2024-02-06,Facebook,AU,448,39,9,0.0337,0.0871,0.0424,0.969,0.2308,NORMAL,0
2024-02-06,Facebook,BR,891,73,22,0.0443,0.0819,0.0191,0.975,0.3014,NORMAL,0
2024-02-06,Facebook,CA,1172,107,35,0.0308,0.0913,0.0435,0.974,0.3271,NORMAL,0
2024-02-06,Facebook,DE,3164,295,65,0.0454,0.0932,0.0209,0.968,0.2203,NORMAL,0
2024-02-06,Facebook,IN,645,74,15,0.0398,0.1147,0.0326,0.972,0.2027,NORMAL,0
2024-02-06,Facebook,NG,1139,108,27,0.0245,0.0948,0.0272,0.974,0.25,NORMAL,0
2024-02-06,Facebook,PL,246,23,5,0.0446,0.0935,0.0325,0.974,0.2174,NORMAL,0
2024-02-06,Google_Search,AU,832,97,26,0.0508,0.1166,0.0048,0.99,0.268,NORMAL,0
2024-02-06,Google_Search,BR,563,80,24,0.0523,0.1421,0.0107,0.989,0.3,NORMAL,0
2024-02-06,Google_Search,CA,388,54,18,0.0353,0.1392,0.0103,0.991,0.3333,NORMAL,0
2024-02-06,Google_Search,DE,654,91,26,0.0491,0.1391,0.0046,0.988,0.2857,NORMAL,0
2024-02-06,Google_Search,IN,1579,243,76,0.0346,0.1539,0.0127,0.989,0.3128,NORMAL,0
2024-02-06,Google_Search,NG,567,100,37,0.0394,0.1764,0.0071,0.989,0.37,NORMAL,0
2024-02-06,Google_Search,PL,1258,173,48,0.0402,0.1375,0.0143,0.988,0.2775,NORMAL,0
2024-02-06,Native_Ads,AU,544,46,11,0.0145,0.0846,0.0717,0.93,0.2391,NORMAL,0
2024-02-06,Native_Ads,BR,754,56,9,0.015,0.0743,0.065,0.951,0.1607,NORMAL,0
2024-02-06,Native_Ads,CA,429,23,4,0.0177,0.0536,0.0862,0.951,0.1739,NORMAL,0
2024-02-06,Native_Ads,DE,783,38,6,0.0204,0.0485,0.046,0.942,0.1579,NORMAL,0
2024-02-06,Native_Ads,IN,263,14,2,0.0271,0.0532,0.0342,0.94,0.1429,NORMAL,0
2024-02-06,Native_Ads,NG,1313,91,18,0.0273,0.0693,0.0663,0.952,0.1978,NORMAL,0
2024-02-06,Native_Ads,PL,462,24,2,0.0216,0.0519,0.0758,0.952,0.0833,NORMAL,0
2024-02-06,Push_Network,AU,515,18,1,0.02,0.035,0.2019,0.886,0.0556,HIGH_FRAUD_RATE,1
2024-02-06,Push_Network,BR,527,20,2,0.02,0.038,0.129,0.838,0.1,HIGH_FRAUD_RATE,1
2024-02-06,Push_Network,CA,909,45,6,0.027,0.0495,0.077,0.873,0.1333,NORMAL,0
2024-02-06,Push_Network,DE,257,13,1,0.0124,0.0506,0.1245,0.848,0.0769,HIGH_FRAUD_RATE,1
2024-02-06,Push_Network,IN,752,23,2,0.0225,0.0306,0.0851,0.863,0.087,NORMAL,0
2024-02-06,Push_Network,NG,156,8,0,0.0104,0.0513,0.1474,0.853,0.0,HIGH_FRAUD_RATE,1
2024-02-06,Push_Network,PL,297,13,1,0.0167,0.0438,0.0976,0.887,0.0769,NORMAL,0
2024-02-06,TikTok,AU,332,20,3,0.0232,0.0602,0.0693,0.933,0.15,NORMAL,0
2024-02-06,TikTok,BR,609,22,3,0.0326,0.0361,0.0837,0.933,0.1364,NORMAL,0
2024-02-06,TikTok,CA,565,49,9,0.0207,0.0867,0.0973,0.916,0.1837,NORMAL,0
2024-02-06,TikTok,DE,801,41,5,0.0267,0.0512,0.0712,0.908,0.122,NORMAL,0
2024-02-06,TikTok,IN,761,46,10,0.0249,0.0604,0.0775,0.934,0.2174,NORMAL,0
2024-02-06,TikTok,NG,196,10,1,0.0101,0.051,0.102,0.933,0.1,HIGH_FRAUD_RATE,1
2024-02-06,TikTok,PL,424,22,4,0.0159,0.0519,0.0943,0.928,0.1818,NORMAL,0
2024-02-07,Affiliate_SEO,AU,481,97,23,0.0229,0.2017,0.0249,0.979,0.2371,NORMAL,0
2024-02-07,Affiliate_SEO,BR,401,96,28,0.0228,0.2394,0.0274,0.983,0.2917,NORMAL,0
2024-02-07,Affiliate_SEO,CA,447,110,40,0.0236,0.2461,0.0246,0.977,0.3636,NORMAL,0
2024-02-07,Affiliate_SEO,DE,321,66,32,0.0157,0.2056,0.0187,0.982,0.4848,NORMAL,0
2024-02-07,Affiliate_SEO,IN,149,37,11,0.0169,0.2483,0.0201,0.984,0.2973,NORMAL,0
2024-02-07,Affiliate_SEO,NG,39,7,2,0.0141,0.1795,0.0,0.979,0.2857,NORMAL,0
2024-02-07,Affiliate_SEO,PL,686,117,32,0.0217,0.1706,0.0146,0.982,0.2735,NORMAL,0
2024-02-07,Facebook,AU,1081,88,11,0.0332,0.0814,0.0176,0.97,0.125,NORMAL,0
2024-02-07,Facebook,BR,1253,121,27,0.0468,0.0966,0.0335,0.969,0.2231,NORMAL,0
2024-02-07,Facebook,CA,777,108,14,0.0378,0.139,0.0296,0.973,0.1296,NORMAL,0
2024-02-07,Facebook,DE,792,62,15,0.0268,0.0783,0.0177,0.973,0.2419,NORMAL,0
2024-02-07,Facebook,IN,890,79,15,0.0342,0.0888,0.0348,0.969,0.1899,NORMAL,0
2024-02-07,Facebook,NG,1114,113,33,0.0315,0.1014,0.0404,0.973,0.292,NORMAL,0
2024-02-07,Facebook,PL,1282,107,21,0.0387,0.0835,0.0367,0.968,0.1963,NORMAL,0
2024-02-07,Google_Search,AU,253,40,13,0.0312,0.1581,0.0119,0.989,0.325,NORMAL,0
2024-02-07,Google_Search,BR,263,50,14,0.0348,0.1901,0.0038,0.99,0.28,NORMAL,0
2024-02-07,Google_Search,CA,560,113,38,0.0361,0.2018,0.0054,0.991,0.3363,NORMAL,0
2024-02-07,Google_Search,DE,4131,435,143,0.0449,0.1053,0.0073,0.989,0.3287,NORMAL,0
2024-02-07,Google_Search,IN,363,56,16,0.0288,0.1543,0.0138,0.989,0.2857,NORMAL,0
2024-02-07,Google_Search,NG,1148,207,42,0.0235,0.1803,0.0105,0.989,0.2029,NORMAL,0
2024-02-07,Google_Search,PL,970,131,23,0.031,0.1351,0.0144,0.988,0.1756,NORMAL,0
2024-02-07,Native_Ads,AU,589,44,8,0.0224,0.0747,0.0628,0.932,0.1818,NORMAL,0
2024-02-07,Native_Ads,BR,220,13,2,0.0251,0.0591,0.0864,0.941,0.1538,NORMAL,0
2024-02-07,Native_Ads,CA,359,22,3,0.0249,0.0613,0.0557,0.935,0.1364,NORMAL,0
2024-02-07,Native_Ads,DE,435,17,3,0.0144,0.0391,0.0552,0.942,0.1765,NORMAL,0
2024-02-07,Native_Ads,IN,804,71,13,0.021,0.0883,0.056,0.94,0.1831,NORMAL,0
2024-02-07,Native_Ads,NG,430,25,3,0.0182,0.0581,0.0488,0.932,0.12,NORMAL,0
2024-02-07,Native_Ads,PL,735,59,11,0.0249,0.0803,0.0612,0.95,0.1864,NORMAL,0
2024-02-07,Push_Network,AU,434,20,2,0.0319,0.0461,0.1336,0.871,0.1,HIGH_FRAUD_RATE,1
2024-02-07,Push_Network,BR,291,13,1,0.0277,0.0447,0.1718,0.869,0.0769,HIGH_FRAUD_RATE,1
2024-02-07,Push_Network,CA,478,23,2,0.0162,0.0481,0.1255,0.851,0.087,HIGH_FRAUD_RATE,1
2024-02-07,Push_Network,DE,486,18,2,0.0192,0.037,0.0926,0.886,0.1111,NORMAL,0
2024-02-07,Push_Network,IN,873,34,3,0.0214,0.0389,0.0813,0.88,0.0882,NORMAL,0
2024-02-07,Push_Network,NG,1349,55,6,0.0265,0.0408,0.2083,0.86,0.1091,HIGH_FRAUD_RATE,1
2024-02-07,Push_Network,PL,246,8,0,0.0138,0.0325,0.1748,0.864,0.0,HIGH_FRAUD_RATE,1
2024-02-07,TikTok,AU,509,28,3,0.0212,0.055,0.1061,0.918,0.1071,HIGH_FRAUD_RATE,1
2024-02-07,TikTok,BR,384,20,3,0.0223,0.0521,0.0521,0.927,0.15,NORMAL,0
2024-02-07,TikTok,CA,292,21,4,0.0226,0.0719,0.0411,0.921,0.1905,NORMAL,0
2024-02-07,TikTok,DE,528,24,4,0.0186,0.0455,0.1155,0.916,0.1667,HIGH_FRAUD_RATE,1
2024-02-07,TikTok,IN,245,14,3,0.0183,0.0571,0.0898,0.926,0.2143,NORMAL,0
2024-02-07,TikTok,NG,531,38,5,0.0222,0.0716,0.0866,0.915,0.1316,NORMAL,0
2024-02-07,TikTok,PL,395,24,2,0.0158,0.0608,0.0633,0.906,0.0833,NORMAL,0
2024-02-08,Affiliate_SEO,AU,466,110,34,0.0326,0.2361,0.0172,0.977,0.3091,NORMAL,0
2024-02-08,Affiliate_SEO,BR,1650,247,82,0.0325,0.1497,0.0103,0.978,0.332,NORMAL,0
2024-02-08,Affiliate_SEO,CA,1020,193,54,0.0254,0.1892,0.0255,0.978,0.2798,NORMAL,0
2024-02-08,Affiliate_SEO,DE,2124,187,72,0.0165,0.088,0.0137,0.984,0.385,NORMAL,0
2024-02-08,Affiliate_SEO,IN,242,66,29,0.0316,0.2727,0.0165,0.982,0.4394,NORMAL,0
2024-02-08,Affiliate_SEO,NG,123,35,16,0.0257,0.2846,0.0244,0.981,0.4571,NORMAL,0
2024-02-08,Affiliate_SEO,PL,400,110,42,0.0317,0.275,0.0125,0.98,0.3818,NORMAL,0
2024-02-08,Facebook,AU,805,84,24,0.0317,0.1043,0.0161,0.968,0.2857,NORMAL,0
2024-02-08,Facebook,BR,3021,349,81,0.0462,0.1155,0.0417,0.974,0.2321,NORMAL,0
2024-02-08,Facebook,CA,385,34,6,0.0168,0.0883,0.0312,0.966,0.1765,NORMAL,0
2024-02-08,Facebook,DE,595,44,10,0.0413,0.0739,0.0185,0.973,0.2273,NORMAL,0
2024-02-08,Facebook,IN,778,69,17,0.0369,0.0887,0.0193,0.972,0.2464,NORMAL,0
2024-02-08,Facebook,NG,1253,113,27,0.0338,0.0902,0.0367,0.97,0.2389,NORMAL,0
2024-02-08,Facebook,PL,952,69,21,0.0342,0.0725,0.0441,0.971,0.3043,NORMAL,0
2024-02-08,Google_Search,AU,1444,311,61,0.0262,0.2154,0.0145,0.992,0.1961,NORMAL,0
2024-02-08,Google_Search,BR,437,84,21,0.0337,0.1922,0.0046,0.99,0.25,NORMAL,0
2024-02-08,Google_Search,CA,473,73,17,0.0342,0.1543,0.0106,0.991,0.2329,NORMAL,0
2024-02-08,Google_Search,DE,240,32,11,0.0239,0.1333,0.0125,0.99,0.3438,NORMAL,0
2024-02-08,Google_Search,IN,856,93,25,0.0429,0.1086,0.0105,0.99,0.2688,NORMAL,0
2024-02-08,Google_Search,NG,894,109,24,0.0247,0.1219,0.0078,0.99,0.2202,NORMAL,0
2024-02-08,Google_Search,PL,790,118,36,0.0275,0.1494,0.0101,0.992,0.3051,NORMAL,0
2024-02-08,Native_Ads,AU,733,60,12,0.0167,0.0819,0.03,0.95,0.2,NORMAL,0
2024-02-08,Native_Ads,BR,205,13,2,0.0105,0.0634,0.0634,0.942,0.1538,NORMAL,0
2024-02-08,Native_Ads,CA,267,22,4,0.0268,0.0824,0.0375,0.93,0.1818,NORMAL,0
2024-02-08,Native_Ads,DE,256,18,3,0.0122,0.0703,0.0742,0.943,0.1667,NORMAL,0
2024-02-08,Native_Ads,IN,770,64,9,0.0174,0.0831,0.039,0.939,0.1406,NORMAL,0
2024-02-08,Native_Ads,NG,364,23,3,0.0186,0.0632,0.0385,0.934,0.1304,NORMAL,0
2024-02-08,Native_Ads,PL,737,33,5,0.0251,0.0448,0.0665,0.94,0.1515,NORMAL,0
2024-02-08,Push_Network,AU,708,28,2,0.0248,0.0395,0.1455,0.887,0.0714,HIGH_FRAUD_RATE,1
2024-02-08,Push_Network,BR,842,27,3,0.0195,0.0321,0.0998,0.864,0.1111,NORMAL,0
2024-02-08,Push_Network,CA,138,5,0,0.015,0.0362,0.1087,0.86,0.0,HIGH_FRAUD_RATE,1
2024-02-08,Push_Network,DE,503,22,3,0.0097,0.0437,0.0775,0.841,0.1364,NORMAL,0
2024-02-08,Push_Network,IN,573,28,3,0.028,0.0489,0.1571,0.87,0.1071,HIGH_FRAUD_RATE,1
2024-02-08,Push_Network,NG,758,27,3,0.0194,0.0356,0.0963,0.837,0.1111,NORMAL,0
2024-02-08,Push_Network,PL,488,14,1,0.0184,0.0287,0.166,0.833,0.0714,HIGH_FRAUD_RATE,1
2024-02-08,TikTok,AU,535,23,3,0.0179,0.043,0.1047,0.933,0.1304,HIGH_FRAUD_RATE,1
2024-02-08,TikTok,BR,589,38,7,0.023,0.0645,0.1087,0.905,0.1842,HIGH_FRAUD_RATE,1
2024-02-08,TikTok,CA,248,17,2,0.022,0.0685,0.0403,0.911,0.1176,NORMAL,0
2024-02-08,TikTok,DE,107,8,1,0.0089,0.0748,0.0374,0.933,0.125,NORMAL,0
2024-02-08,TikTok,IN,981,51,8,0.0227,0.052,0.1162,0.905,0.1569,HIGH_FRAUD_RATE,1
2024-02-08,TikTok,NG,2018,171,39,0.0293,0.0847,0.0788,0.91,0.2281,NORMAL,0
2024-02-08,TikTok,PL,291,19,3,0.0183,0.0653,0.0722,0.925,0.1579,NORMAL,0
2024-02-09,Affiliate_SEO,AU,714,145,65,0.0175,0.2031,0.0224,0.979,0.4483,NORMAL,0
2024-02-09,Affiliate_SEO,BR,980,218,74,0.0259,0.2224,0.0265,0.981,0.3394,NORMAL,0
2024-02-09,Affiliate_SEO,CA,518,82,22,0.0174,0.1583,0.0212,0.979,0.2683,NORMAL,0
2024-02-09,Affiliate_SEO,DE,733,213,75,0.0309,0.2906,0.0136,0.977,0.3521,NORMAL,0
2024-02-09,Affiliate_SEO,IN,119,31,10,0.0266,0.2605,0.0168,0.979,0.3226,NORMAL,0
2024-02-09,Affiliate_SEO,NG,45,12,4,0.0187,0.2667,0.0,0.977,0.3333,NORMAL,0
2024-02-09,Affiliate_SEO,PL,155,33,11,0.0201,0.2129,0.0129,0.982,0.3333,NORMAL,0
2024-02-09,Facebook,AU,468,42,11,0.0309,0.0897,0.0299,0.973,0.2619,NORMAL,0
2024-02-09,Facebook,BR,686,38,9,0.0331,0.0554,0.0394,0.972,0.2368,NORMAL,0
2024-02-09,Facebook,CA,1126,120,29,0.0399,0.1066,0.0391,0.974,0.2417,NORMAL,0
2024-02-09,Facebook,DE,411,34,6,0.0195,0.0827,0.0268,0.973,0.1765,NORMAL,0
2024-02-09,Facebook,IN,577,38,7,0.0299,0.0659,0.0295,0.972,0.1842,NORMAL,0
2024-02-09,Facebook,NG,603,35,8,0.0434,0.058,0.0282,0.974,0.2286,NORMAL,0
2024-02-09,Facebook,PL,729,81,13,0.037,0.1111,0.0398,0.976,0.1605,NORMAL,0
2024-02-09,Google_Search,AU,2158,408,96,0.0348,0.1891,0.006,0.989,0.2353,NORMAL,0
2024-02-09,Google_Search,BR,277,31,9,0.0369,0.1119,0.0072,0.988,0.2903,NORMAL,0
2024-02-09,Google_Search,CA,959,161,29,0.0376,0.1679,0.0073,0.99,0.1801,NORMAL,0
2024-02-09,Google_Search,DE,1363,185,63,0.0308,0.1357,0.0132,0.99,0.3405,NORMAL,0
2024-02-09,Google_Search,IN,860,148,50,0.0268,0.1721,0.0058,0.99,0.3378,NORMAL,0
2024-02-09,Google_Search,NG,459,39,10,0.0315,0.085,0.0109,0.991,0.2564,NORMAL,0
2024-02-09,Google_Search,PL,882,159,60,0.0408,0.1803,0.0091,0.99,0.3774,NORMAL,0
2024-02-09,Native_Ads,AU,1178,89,18,0.0184,0.0756,0.0832,0.93,0.2022,NORMAL,0
2024-02-09,Native_Ads,BR,636,53,11,0.019,0.0833,0.0786,0.945,0.2075,NORMAL,0
2024-02-09,Native_Ads,CA,239,8,2,0.0143,0.0335,0.0711,0.935,0.25,NORMAL,0
2024-02-09,Native_Ads,DE,440,29,5,0.0282,0.0659,0.0818,0.935,0.1724,NORMAL,0
2024-02-09,Native_Ads,IN,452,23,3,0.0202,0.0509,0.0376,0.945,0.1304,NORMAL,0
2024-02-09,Native_Ads,NG,282,18,3,0.0245,0.0638,0.0426,0.945,0.1667,NORMAL,0
2024-02-09,Native_Ads,PL,443,22,4,0.0279,0.0497,0.0384,0.948,0.1818,NORMAL,0
2024-02-09,Push_Network,AU,121,4,0,0.0056,0.0331,0.1074,0.832,0.0,HIGH_FRAUD_RATE,1
2024-02-09,Push_Network,BR,2357,97,12,0.0304,0.0412,0.1803,0.847,0.1237,HIGH_FRAUD_RATE,1
2024-02-09,Push_Network,CA,1065,23,2,0.0215,0.0216,0.2038,0.863,0.087,HIGH_FRAUD_RATE,1
2024-02-09,Push_Network,DE,709,34,2,0.0199,0.048,0.1819,0.835,0.0588,HIGH_FRAUD_RATE,1
2024-02-09,Push_Network,IN,238,7,0,0.0145,0.0294,0.1176,0.859,0.0,HIGH_FRAUD_RATE,1
2024-02-09,Push_Network,NG,331,17,1,0.0198,0.0514,0.0846,0.873,0.0588,NORMAL,0
2024-02-09,Push_Network,PL,656,36,4,0.0251,0.0549,0.0869,0.839,0.1111,NORMAL,0
2024-02-09,TikTok,AU,1158,84,11,0.0209,0.0725,0.0924,0.908,0.131,NORMAL,0
2024-02-09,TikTok,BR,721,44,8,0.0252,0.061,0.0804,0.913,0.1818,NORMAL,0
2024-02-09,TikTok,CA,450,27,4,0.0202,0.06,0.0422,0.905,0.1481,NORMAL,0
2024-02-09,TikTok,DE,370,22,3,0.0234,0.0595,0.0676,0.932,0.1364,NORMAL,0
2024-02-09,TikTok,IN,486,33,5,0.0167,0.0679,0.1049,0.921,0.1515,HIGH_FRAUD_RATE,1
2024-02-09,TikTok,NG,284,15,2,0.0194,0.0528,0.1162,0.915,0.1333,HIGH_FRAUD_RATE,1
2024-02-09,TikTok,PL,1287,96,18,0.024,0.0746,0.0831,0.922,0.1875,NORMAL,0
2024-02-10,Affiliate_SEO,AU,906,211,82,0.0193,0.2329,0.0132,0.983,0.3886,NORMAL,0
2024-02-10,Affiliate_SEO,BR,59,12,5,0.0128,0.2034,0.0,0.984,0.4167,NORMAL,0
2024-02-10,Affiliate_SEO,CA,857,190,49,0.0239,0.2217,0.0233,0.981,0.2579,NORMAL,0
2024-02-10,Affiliate_SEO,DE,173,36,13,0.0174,0.2081,0.0289,0.976,0.3611,NORMAL,0
2024-02-10,Affiliate_SEO,IN,74,24,7,0.0152,0.3243,0.0135,0.979,0.2917,NORMAL,0
2024-02-10,Affiliate_SEO,NG,56,7,1,0.0214,0.125,0.0179,0.98,0.1429,NORMAL,0
2024-02-10,Affiliate_SEO,PL,102,21,8,0.0072,0.2059,0.0196,0.977,0.381,NORMAL,0
2024-02-10,Facebook,AU,914,82,19,0.0387,0.0897,0.0274,0.967,0.2317,NORMAL,0
2024-02-10,Facebook,BR,1008,84,21,0.0333,0.0833,0.0397,0.974,0.25,NORMAL,0
2024-02-10,Facebook,CA,337,31,6,0.0244,0.092,0.0415,0.971,0.1935,NORMAL,0
2024-02-10,Facebook,DE,1312,136,31,0.0426,0.1037,0.0274,0.969,0.2279,NORMAL,0
2024-02-10,Facebook,IN,624,67,18,0.0331,0.1074,0.0433,0.971,0.2687,NORMAL,0
2024-02-10,Facebook,NG,1106,101,23,0.0402,0.0913,0.0217,0.976,0.2277,NORMAL,0
2024-02-10,Facebook,PL,1771,151,39,0.0342,0.0853,0.0232,0.971,0.2583,NORMAL,0
2024-02-10,Google_Search,AU,1204,172,54,0.0393,0.1429,0.0058,0.992,0.314,NORMAL,0
2024-02-10,Google_Search,BR,1068,173,55,0.0262,0.162,0.0112,0.989,0.3179,NORMAL,0
2024-02-10,Google_Search,CA,1516,176,45,0.0275,0.1161,0.0145,0.99,0.2557,NORMAL,0
2024-02-10,Google_Search,DE,1379,243,70,0.0406,0.1762,0.0102,0.99,0.2881,NORMAL,0
2024-02-10,Google_Search,IN,1984,350,110,0.0509,0.1764,0.0076,0.989,0.3143,NORMAL,0
2024-02-10,Google_Search,NG,402,42,14,0.0364,0.1045,0.005,0.99,0.3333,NORMAL,0
2024-02-10,Google_Search,PL,1927,337,81,0.0392,0.1749,0.014,0.99,0.2404,NORMAL,0
2024-02-10,Native_Ads,AU,392,23,5,0.0093,0.0587,0.0485,0.95,0.2174,NORMAL,0
2024-02-10,Native_Ads,BR,539,19,3,0.0294,0.0353,0.0297,0.942,0.1579,NORMAL,0
2024-02-10,Native_Ads,CA,306,17,3,0.01,0.0556,0.0784,0.933,0.1765,NORMAL,0
2024-02-10,Native_Ads,DE,451,35,8,0.015,0.0776,0.0621,0.935,0.2286,NORMAL,0
2024-02-10,Native_Ads,IN,457,41,9,0.0131,0.0897,0.0481,0.929,0.2195,NORMAL,0
2024-02-10,Native_Ads,NG,794,52,11,0.0121,0.0655,0.0668,0.937,0.2115,NORMAL,0
2024-02-10,Native_Ads,PL,126,7,1,0.0091,0.0556,0.0794,0.939,0.1429,NORMAL,0
2024-02-10,Push_Network,AU,313,11,1,0.0165,0.0351,0.1629,0.851,0.0909,HIGH_FRAUD_RATE,1
2024-02-10,Push_Network,BR,796,27,2,0.0175,0.0339,0.1482,0.848,0.0741,HIGH_FRAUD_RATE,1
2024-02-10,Push_Network,CA,275,9,1,0.0217,0.0327,0.1673,0.858,0.1111,HIGH_FRAUD_RATE,1
2024-02-10,Push_Network,DE,379,16,1,0.0119,0.0422,0.1847,0.839,0.0625,HIGH_FRAUD_RATE,1
2024-02-10,Push_Network,IN,581,29,2,0.0232,0.0499,0.1222,0.867,0.069,HIGH_FRAUD_RATE,1
2024-02-10,Push_Network,NG,465,15,1,0.0241,0.0323,0.114,0.857,0.0667,HIGH_FRAUD_RATE,1
2024-02-10,Push_Network,PL,568,21,2,0.0312,0.037,0.1356,0.853,0.0952,HIGH_FRAUD_RATE,1
2024-02-10,TikTok,AU,1637,103,19,0.026,0.0629,0.1014,0.923,0.1845,HIGH_FRAUD_RATE,1
2024-02-10,TikTok,BR,999,45,5,0.0229,0.045,0.0761,0.929,0.1111,NORMAL,0
2024-02-10,TikTok,CA,2614,89,11,0.0298,0.034,0.101,0.925,0.1236,HIGH_FRAUD_RATE,1
2024-02-10,TikTok,DE,225,17,2,0.0225,0.0756,0.04,0.921,0.1176,NORMAL,0
2024-02-10,TikTok,IN,661,33,5,0.0177,0.0499,0.0893,0.925,0.1515,NORMAL,0
2024-02-10,TikTok,NG,437,24,4,0.0274,0.0549,0.0435,0.908,0.1667,NORMAL,0
2024-02-10,TikTok,PL,1009,46,6,0.023,0.0456,0.0515,0.934,0.1304,NORMAL,0
2024-02-11,Affiliate_SEO,AU,348,110,48,0.0174,0.3161,0.0144,0.983,0.4364,NORMAL,0
2024-02-11,Affiliate_SEO,BR,158,37,11,0.0261,0.2342,0.0127,0.977,0.2973,NORMAL,0
2024-02-11,Affiliate_SEO,CA,261,51,20,0.0135,0.1954,0.023,0.98,0.3922,NORMAL,0
2024-02-11,Affiliate_SEO,DE,325,58,25,0.0141,0.1785,0.0215,0.978,0.431,NORMAL,0
2024-02-11,Affiliate_SEO,IN,39,9,2,0.0131,0.2308,0.0,0.977,0.2222,NORMAL,0
2024-02-11,Affiliate_SEO,NG,8,1,0,0.0045,0.125,0.0,0.978,0.0,NORMAL,0
2024-02-11,Affiliate_SEO,PL,91,24,5,0.0191,0.2637,0.022,0.978,0.2083,NORMAL,0
2024-02-11,Facebook,AU,736,82,20,0.0222,0.1114,0.0435,0.966,0.2439,NORMAL,0
2024-02-11,Facebook,BR,312,31,8,0.0287,0.0994,0.0256,0.974,0.2581,NORMAL,0
2024-02-11,Facebook,CA,1255,114,26,0.0416,0.0908,0.0375,0.972,0.2281,NORMAL,0
2024-02-11,Facebook,DE,1493,123,21,0.0398,0.0824,0.0449,0.965,0.1707,NORMAL,0
2024-02-11,Facebook,IN,634,37,6,0.0353,0.0584,0.0426,0.973,0.1622,NORMAL,0
2024-02-11,Facebook,NG,1759,151,30,0.0432,0.0858,0.0341,0.965,0.1987,NORMAL,0
2024-02-11,Facebook,PL,1565,210,48,0.0586,0.1342,0.0358,0.965,0.2286,NORMAL,0
2024-02-11,Google_Search,AU,1405,224,79,0.0369,0.1594,0.0064,0.99,0.3527,NORMAL,0
2024-02-11,Google_Search,BR,479,58,17,0.0243,0.1211,0.0084,0.989,0.2931,NORMAL,0
2024-02-11,Google_Search,CA,387,78,19,0.0385,0.2016,0.0078,0.99,0.2436,NORMAL,0
2024-02-11,Google_Search,DE,360,36,11,0.0277,0.1,0.0056,0.991,0.3056,NORMAL,0
2024-02-11,Google_Search,IN,455,60,17,0.0362,0.1319,0.0088,0.991,0.2833,NORMAL,0
2024-02-11,Google_Search,NG,802,87,23,0.0358,0.1085,0.0075,0.989,0.2644,NORMAL,0
2024-02-11,Google_Search,PL,1035,181,64,0.048,0.1749,0.0126,0.992,0.3536,NORMAL,0
2024-02-11,Native_Ads,AU,629,53,14,0.0128,0.0843,0.0668,0.946,0.2642,NORMAL,0
2024-02-11,Native_Ads,BR,947,79,19,0.0166,0.0834,0.0296,0.934,0.2405,NORMAL,0
2024-02-11,Native_Ads,CA,109,6,1,0.005,0.055,0.055,0.931,0.1667,NORMAL,0
2024-02-11,Native_Ads,DE,405,30,7,0.0247,0.0741,0.084,0.93,0.2333,NORMAL,0
2024-02-11,Native_Ads,IN,351,32,6,0.0343,0.0912,0.0769,0.942,0.1875,NORMAL,0
2024-02-11,Native_Ads,NG,192,13,2,0.0055,0.0677,0.0833,0.945,0.1538,NORMAL,0
2024-02-11,Native_Ads,PL,645,46,8,0.0254,0.0713,0.0636,0.938,0.1739,NORMAL,0
2024-02-11,Push_Network,AU,812,27,3,0.0161,0.0333,0.0874,0.84,0.1111,NORMAL,0
2024-02-11,Push_Network,BR,228,8,0,0.0153,0.0351,0.2018,0.867,0.0,HIGH_FRAUD_RATE,1
2024-02-11,Push_Network,CA,236,9,1,0.0224,0.0381,0.1822,0.843,0.1111,HIGH_FRAUD_RATE,1
2024-02-11,Push_Network,DE,516,18,1,0.0212,0.0349,0.1337,0.845,0.0556,HIGH_FRAUD_RATE,1
2024-02-11,Push_Network,IN,315,10,1,0.0229,0.0317,0.1048,0.865,0.1,HIGH_FRAUD_RATE,1
2024-02-11,Push_Network,NG,45,1,0,0.005,0.0222,0.0889,0.85,0.0,NORMAL,0
2024-02-11,Push_Network,PL,683,29,2,0.0141,0.0425,0.1493,0.844,0.069,HIGH_FRAUD_RATE,1
2024-02-11,TikTok,AU,531,23,3,0.0241,0.0433,0.081,0.927,0.1304,NORMAL,0
2024-02-11,TikTok,BR,646,32,5,0.0218,0.0495,0.0495,0.932,0.1562,NORMAL,0
2024-02-11,TikTok,CA,692,56,8,0.0235,0.0809,0.0954,0.907,0.1429,NORMAL,0
2024-02-11,TikTok,DE,789,54,8,0.024,0.0684,0.0444,0.926,0.1481,NORMAL,0
2024-02-11,TikTok,IN,692,46,5,0.0253,0.0665,0.0867,0.913,0.1087,NORMAL,0
2024-02-11,TikTok,NG,529,33,6,0.0232,0.0624,0.0775,0.918,0.1818,NORMAL,0
2024-02-11,TikTok,PL,559,30,4,0.0188,0.0537,0.0841,0.924,0.1333,NORMAL,0
2024-02-12,Affiliate_SEO,AU,325,47,16,0.0261,0.1446,0.0246,0.979,0.3404,NORMAL,0
2024-02-12,Affiliate_SEO,BR,259,67,22,0.0259,0.2587,0.0154,0.982,0.3284,NORMAL,0
2024-02-12,Affiliate_SEO,CA,188,34,10,0.0147,0.1809,0.0213,0.98,0.2941,NORMAL,0
2024-02-12,Affiliate_SEO,DE,303,74,10,0.0193,0.2442,0.0165,0.98,0.1351,NORMAL,0
2024-02-12,Affiliate_SEO,IN,123,28,10,0.0091,0.2276,0.0163,0.982,0.3571,NORMAL,0
2024-02-12,Affiliate_SEO,NG,55,16,4,0.0217,0.2909,0.0182,0.982,0.25,NORMAL,0
2024-02-12,Affiliate_SEO,PL,1668,424,134,0.0318,0.2542,0.021,0.984,0.316,NORMAL,0
2024-02-12,Facebook,AU,1203,84,22,0.0395,0.0698,0.0208,0.967,0.2619,NORMAL,0
2024-02-12,Facebook,BR,938,61,11,0.0426,0.065,0.0384,0.974,0.1803,NORMAL,0
2024-02-12,Facebook,CA,483,41,13,0.0472,0.0849,0.0166,0.972,0.3171,NORMAL,0
2024-02-12,Facebook,DE,237,21,4,0.0343,0.0886,0.038,0.976,0.1905,NORMAL,0
2024-02-12,Facebook,IN,1356,124,20,0.0284,0.0914,0.0391,0.972,0.1613,NORMAL,0
2024-02-12,Facebook,NG,217,21,4,0.022,0.0968,0.0138,0.967,0.1905,NORMAL,0
2024-02-12,Facebook,PL,360,34,7,0.0253,0.0944,0.0139,0.975,0.2059,NORMAL,0
2024-02-12,Google_Search,AU,283,34,8,0.0471,0.1201,0.0141,0.988,0.2353,NORMAL,0
2024-02-12,Google_Search,BR,1054,126,25,0.0324,0.1195,0.0066,0.992,0.1984,NORMAL,0
2024-02-12,Google_Search,CA,1079,155,42,0.0382,0.1437,0.0093,0.991,0.271,NORMAL,0
2024-02-12,Google_Search,DE,1361,223,69,0.0489,0.1639,0.0132,0.989,0.3094,NORMAL,0
2024-02-12,Google_Search,IN,479,78,21,0.0334,0.1628,0.0125,0.989,0.2692,NORMAL,0
2024-02-12,Google_Search,NG,1451,160,50,0.0468,0.1103,0.0083,0.989,0.3125,NORMAL,0
2024-02-12,Google_Search,PL,706,119,30,0.0289,0.1686,0.0127,0.991,0.2521,NORMAL,0
2024-02-12,Native_Ads,AU,303,31,7,0.0172,0.1023,0.0792,0.935,0.2258,NORMAL,0
2024-02-12,Native_Ads,BR,80,4,0,0.0081,0.05,0.0875,0.935,0.0,NORMAL,0
2024-02-12,Native_Ads,CA,1379,62,13,0.0233,0.045,0.0624,0.93,0.2097,NORMAL,0
2024-02-12,Native_Ads,DE,386,31,4,0.0205,0.0803,0.0829,0.951,0.129,NORMAL,0
2024-02-12,Native_Ads,IN,143,7,1,0.0094,0.049,0.0629,0.94,0.1429,NORMAL,0
2024-02-12,Native_Ads,NG,191,15,3,0.0123,0.0785,0.0576,0.93,0.2,NORMAL,0
2024-02-12,Native_Ads,PL,337,20,4,0.014,0.0593,0.0831,0.934,0.2,NORMAL,0
2024-02-12,Push_Network,AU,435,19,2,0.0151,0.0437,0.154,0.878,0.1053,HIGH_FRAUD_RATE,1
2024-02-12,Push_Network,BR,267,7,0,0.0135,0.0262,0.1161,0.883,0.0,HIGH_FRAUD_RATE,1
2024-02-12,Push_Network,CA,330,14,2,0.0215,0.0424,0.0879,0.861,0.1429,NORMAL,0
2024-02-12,Push_Network,DE,593,27,2,0.0151,0.0455,0.1906,0.859,0.0741,HIGH_FRAUD_RATE,1
2024-02-12,Push_Network,IN,252,10,1,0.0222,0.0397,0.1627,0.838,0.1,HIGH_FRAUD_RATE,1
2024-02-12,Push_Network,NG,592,23,3,0.0213,0.0389,0.0726,0.845,0.1304,NORMAL,0
2024-02-12,Push_Network,PL,178,8,1,0.0126,0.0449,0.2022,0.835,0.125,HIGH_FRAUD_RATE,1
2024-02-12,TikTok,AU,233,11,1,0.011,0.0472,0.1116,0.908,0.0909,HIGH_FRAUD_RATE,1
2024-02-12,TikTok,BR,1035,43,5,0.0289,0.0415,0.0966,0.905,0.1163,NORMAL,0
2024-02-12,TikTok,CA,220,9,1,0.0142,0.0409,0.0773,0.929,0.1111,NORMAL,0
2024-02-12,TikTok,DE,504,37,4,0.023,0.0734,0.0952,0.925,0.1081,NORMAL,0
2024-02-12,TikTok,IN,205,11,1,0.0147,0.0537,0.1024,0.926,0.0909,HIGH_FRAUD_RATE,1
2024-02-12,TikTok,NG,233,11,1,0.0179,0.0472,0.0386,0.925,0.0909,NORMAL,0
2024-02-12,TikTok,PL,576,53,8,0.0136,0.092,0.1094,0.925,0.1509,HIGH_FRAUD_RATE,1
2024-02-13,Affiliate_SEO,AU,485,93,29,0.0205,0.1918,0.0268,0.977,0.3118,NORMAL,0
2024-02-13,Affiliate_SEO,BR,247,64,16,0.0175,0.2591,0.0243,0.976,0.25,NORMAL,0
2024-02-13,Affiliate_SEO,CA,240,47,16,0.0146,0.1958,0.0167,0.98,0.3404,NORMAL,0
2024-02-13,Affiliate_SEO,DE,619,104,35,0.0128,0.168,0.0275,0.983,0.3365,NORMAL,0
2024-02-13,Affiliate_SEO,IN,204,48,10,0.0177,0.2353,0.0245,0.979,0.2083,NORMAL,0
2024-02-13,Affiliate_SEO,NG,163,34,16,0.0209,0.2086,0.0245,0.984,0.4706,NORMAL,0
2024-02-13,Affiliate_SEO,PL,92,23,8,0.0094,0.25,0.0109,0.978,0.3478,NORMAL,0
2024-02-13,Facebook,AU,1240,122,30,0.0313,0.0984,0.0153,0.975,0.2459,NORMAL,0
2024-02-13,Facebook,BR,605,50,10,0.0331,0.0826,0.043,0.975,0.2,NORMAL,0
2024-02-13,Facebook,CA,175,14,2,0.0342,0.08,0.0114,0.975,0.1429,NORMAL,0
2024-02-13,Facebook,DE,398,45,5,0.0262,0.1131,0.0276,0.972,0.1111,NORMAL,0
2024-02-13,Facebook,IN,1312,126,32,0.0282,0.096,0.0305,0.975,0.254,NORMAL,0
2024-02-13,Facebook,NG,732,63,17,0.0399,0.0861,0.0164,0.966,0.2698,NORMAL,0
2024-02-13,Facebook,PL,885,69,15,0.03,0.078,0.0407,0.971,0.2174,NORMAL,0
2024-02-13,Google_Search,AU,856,113,33,0.039,0.132,0.0129,0.989,0.292,NORMAL,0
2024-02-13,Google_Search,BR,301,50,7,0.0274,0.1661,0.0066,0.989,0.14,NORMAL,0
2024-02-13,Google_Search,CA,386,46,12,0.0354,0.1192,0.0052,0.99,0.2609,NORMAL,0
2024-02-13,Google_Search,DE,1120,169,49,0.0385,0.1509,0.0098,0.99,0.2899,NORMAL,0
2024-02-13,Google_Search,IN,1054,146,55,0.035,0.1385,0.0057,0.989,0.3767,NORMAL,0
2024-02-13,Google_Search,NG,373,50,11,0.0233,0.134,0.0107,0.989,0.22,NORMAL,0
2024-02-13,Google_Search,PL,401,78,20,0.0506,0.1945,0.0075,0.991,0.2564,NORMAL,0
2024-02-13,Native_Ads,AU,556,41,6,0.0246,0.0737,0.0594,0.939,0.1463,NORMAL,0
2024-02-13,Native_Ads,BR,555,35,7,0.0197,0.0631,0.0703,0.934,0.2,NORMAL,0
2024-02-13,Native_Ads,CA,559,29,5,0.0191,0.0519,0.0358,0.946,0.1724,NORMAL,0
2024-02-13,Native_Ads,DE,153,14,1,0.0155,0.0915,0.0588,0.932,0.0714,NORMAL,0
2024-02-13,Native_Ads,IN,318,24,3,0.0128,0.0755,0.0566,0.934,0.125,NORMAL,0
2024-02-13,Native_Ads,NG,876,60,14,0.0295,0.0685,0.0388,0.934,0.2333,NORMAL,0
2024-02-13,Native_Ads,PL,568,40,5,0.0252,0.0704,0.0405,0.949,0.125,NORMAL,0
2024-02-13,Push_Network,AU,424,19,2,0.0165,0.0448,0.184,0.842,0.1053,HIGH_FRAUD_RATE,1
2024-02-13,Push_Network,BR,371,10,1,0.0266,0.027,0.1132,0.886,0.1,HIGH_FRAUD_RATE,1
2024-02-13,Push_Network,CA,243,11,1,0.0266,0.0453,0.1646,0.834,0.0909,HIGH_FRAUD_RATE,1
2024-02-13,Push_Network,DE,807,42,5,0.0309,0.052,0.1549,0.869,0.119,HIGH_FRAUD_RATE,1
2024-02-13,Push_Network,IN,334,12,1,0.0183,0.0359,0.0838,0.852,0.0833,NORMAL,0
2024-02-13,Push_Network,NG,163,5,0,0.0089,0.0307,0.1411,0.867,0.0,HIGH_FRAUD_RATE,1
2024-02-13,Push_Network,PL,469,13,1,0.0156,0.0277,0.1109,0.867,0.0769,HIGH_FRAUD_RATE,1
2024-02-13,TikTok,AU,278,14,1,0.0277,0.0504,0.0576,0.934,0.0714,NORMAL,0
2024-02-13,TikTok,BR,181,12,1,0.0284,0.0663,0.0718,0.906,0.0833,NORMAL,0
2024-02-13,TikTok,CA,1070,69,12,0.0215,0.0645,0.0776,0.909,0.1739,NORMAL,0
2024-02-13,TikTok,DE,353,26,5,0.0227,0.0737,0.0567,0.921,0.1923,NORMAL,0
2024-02-13,TikTok,IN,326,15,3,0.0203,0.046,0.0644,0.906,0.2,NORMAL,0
2024-02-13,TikTok,NG,624,39,5,0.0234,0.0625,0.109,0.907,0.1282,HIGH_FRAUD_RATE,1
2024-02-13,TikTok,PL,560,42,6,0.0329,0.075,0.0804,0.914,0.1429,NORMAL,0
2024-02-14,Affiliate_SEO,AU,1565,247,81,0.0213,0.1578,0.0141,0.982,0.3279,NORMAL,0
2024-02-14,Affiliate_SEO,BR,239,39,17,0.0242,0.1632,0.0209,0.983,0.4359,NORMAL,0
2024-02-14,Affiliate_SEO,CA,1315,248,88,0.0146,0.1886,0.0099,0.976,0.3548,NORMAL,0
2024-02-14,Affiliate_SEO,DE,230,52,21,0.01,0.2261,0.0087,0.977,0.4038,NORMAL,0
2024-02-14,Affiliate_SEO,IN,129,31,5,0.0257,0.2403,0.0155,0.979,0.1613,NORMAL,0
2024-02-14,Affiliate_SEO,NG,39,8,3,0.0212,0.2051,0.0,0.979,0.375,NORMAL,0
2024-02-14,Affiliate_SEO,PL,160,37,13,0.0269,0.2313,0.025,0.982,0.3514,NORMAL,0
2024-02-14,Facebook,AU,707,50,8,0.0455,0.0707,0.024,0.976,0.16,NORMAL,0
2024-02-14,Facebook,BR,310,32,8,0.0135,0.1032,0.0226,0.964,0.25,NORMAL,0
2024-02-14,Facebook,CA,569,39,9,0.0381,0.0685,0.0404,0.975,0.2308,NORMAL,0
2024-02-14,Facebook,DE,2154,218,33,0.0378,0.1012,0.019,0.967,0.1514,NORMAL,0
2024-02-14,Facebook,IN,964,60,10,0.0436,0.0622,0.0176,0.971,0.1667,NORMAL,0
2024-02-14,Facebook,NG,234,23,5,0.0314,0.0983,0.0128,0.975,0.2174,NORMAL,0
2024-02-14,Facebook,PL,318,27,8,0.0273,0.0849,0.022,0.971,0.2963,NORMAL,0
2024-02-14,Google_Search,AU,611,109,30,0.0403,0.1784,0.0082,0.989,0.2752,NORMAL,0
2024-02-14,Google_Search,BR,1017,181,57,0.0358,0.178,0.0098,0.992,0.3149,NORMAL,0
2024-02-14,Google_Search,CA,2124,471,188,0.0267,0.2218,0.0141,0.991,0.3992,NORMAL,0
2024-02-14,Google_Search,DE,671,106,29,0.0245,0.158,0.0119,0.991,0.2736,NORMAL,0
2024-02-14,Google_Search,IN,1081,222,58,0.0444,0.2054,0.013,0.989,0.2613,NORMAL,0
2024-02-14,Google_Search,NG,425,71,19,0.03,0.1671,0.0071,0.991,0.2676,NORMAL,0
2024-02-14,Google_Search,PL,923,153,43,0.0263,0.1658,0.0065,0.989,0.281,NORMAL,0
2024-02-14,Native_Ads,AU,529,30,7,0.0245,0.0567,0.0699,0.937,0.2333,NORMAL,0
2024-02-14,Native_Ads,BR,410,30,5,0.0254,0.0732,0.0878,0.945,0.1667,NORMAL,0
2024-02-14,Native_Ads,CA,546,34,6,0.0231,0.0623,0.0549,0.951,0.1765,NORMAL,0
2024-02-14,Native_Ads,DE,767,45,9,0.0247,0.0587,0.086,0.951,0.2,NORMAL,0
2024-02-14,Native_Ads,IN,306,26,3,0.0145,0.085,0.0458,0.944,0.1154,NORMAL,0
2024-02-14,Native_Ads,NG,611,34,7,0.0309,0.0556,0.0393,0.932,0.2059,NORMAL,0
2024-02-14,Native_Ads,PL,401,31,5,0.0144,0.0773,0.0873,0.944,0.1613,NORMAL,0
2024-02-14,Push_Network,AU,261,9,1,0.0132,0.0345,0.1992,0.833,0.1111,HIGH_FRAUD_RATE,1
2024-02-14,Push_Network,BR,465,18,1,0.0275,0.0387,0.1849,0.877,0.0556,HIGH_FRAUD_RATE,1
2024-02-14,Push_Network,CA,263,11,1,0.0128,0.0418,0.1065,0.832,0.0909,HIGH_FRAUD_RATE,1
2024-02-14,Push_Network,DE,344,15,1,0.0252,0.0436,0.0843,0.851,0.0667,NORMAL,0
2024-02-14,Push_Network,IN,671,40,5,0.0211,0.0596,0.1893,0.87,0.125,HIGH_FRAUD_RATE,1
2024-02-14,Push_Network,IN,9207,2003,2,0.277,0.2749,0.2864,0.487,0.0033,CTR_SPIKE+LOW_QUALITY,1
2024-02-14,Push_Network,NG,1002,38,2,0.0175,0.0379,0.1208,0.847,0.0526,HIGH_FRAUD_RATE,1
2024-02-14,Push_Network,NG,7621,2416,6,0.2399,0.1734,0.2616,0.623,0.0029,CTR_SPIKE+LOW_QUALITY,1
2024-02-14,Push_Network,PL,251,11,1,0.0172,0.0438,0.1235,0.877,0.0909,HIGH_FRAUD_RATE,1
2024-02-14,TikTok,AU,529,31,5,0.0187,0.0586,0.051,0.928,0.1613,NORMAL,0
2024-02-14,TikTok,BR,451,22,4,0.0196,0.0488,0.0466,0.913,0.1818,NORMAL,0
2024-02-14,TikTok,CA,440,18,3,0.0158,0.0409,0.0841,0.907,0.1667,NORMAL,0
2024-02-14,TikTok,DE,281,23,3,0.0077,0.0819,0.0641,0.933,0.1304,NORMAL,0
2024-02-14,TikTok,IN,563,30,3,0.0276,0.0533,0.0426,0.913,0.1,NORMAL,0
2024-02-14,TikTok,NG,567,16,2,0.0314,0.0282,0.0705,0.927,0.125,NORMAL,0
2024-02-14,TikTok,PL,682,49,9,0.0263,0.0718,0.0513,0.934,0.1837,NORMAL,0
2024-02-15,Affiliate_SEO,AU,870,196,88,0.0187,0.2253,0.0207,0.976,0.449,NORMAL,0
2024-02-15,Affiliate_SEO,BR,49,10,3,0.0055,0.2041,0.0204,0.979,0.3,NORMAL,0
2024-02-15,Affiliate_SEO,CA,705,199,80,0.0322,0.2823,0.017,0.978,0.402,NORMAL,0
2024-02-15,Affiliate_SEO,DE,545,133,31,0.0164,0.244,0.0257,0.982,0.2331,NORMAL,0
2024-02-15,Affiliate_SEO,IN,60,17,6,0.0176,0.2833,0.0167,0.982,0.3529,NORMAL,0
2024-02-15,Affiliate_SEO,NG,53,14,4,0.0188,0.2642,0.0189,0.976,0.2857,NORMAL,0
2024-02-15,Affiliate_SEO,PL,235,50,12,0.0179,0.2128,0.017,0.984,0.24,NORMAL,0
2024-02-15,Facebook,AU,1666,126,31,0.0358,0.0756,0.027,0.975,0.246,NORMAL,0
2024-02-15,Facebook,BR,600,55,11,0.0402,0.0917,0.0417,0.965,0.2,NORMAL,0
2024-02-15,Facebook,CA,618,61,10,0.0371,0.0987,0.034,0.966,0.1639,NORMAL,0
2024-02-15,Facebook,DE,828,70,16,0.0308,0.0845,0.0374,0.976,0.2286,NORMAL,0
2024-02-15,Facebook,IN,398,29,8,0.022,0.0729,0.0201,0.967,0.2759,NORMAL,0
2024-02-15,Facebook,NG,1013,84,24,0.0491,0.0829,0.0405,0.967,0.2857,NORMAL,0
2024-02-15,Facebook,PL,698,75,19,0.0306,0.1074,0.0287,0.972,0.2533,NORMAL,0
2024-02-15,Google_Search,AU,1367,114,31,0.0371,0.0834,0.0073,0.99,0.2719,NORMAL,0
2024-02-15,Google_Search,BR,900,140,42,0.0417,0.1556,0.0144,0.99,0.3,NORMAL,0
2024-02-15,Google_Search,CA,922,99,25,0.0303,0.1074,0.0141,0.991,0.2525,NORMAL,0
2024-02-15,Google_Search,DE,1112,175,48,0.0397,0.1574,0.0135,0.989,0.2743,NORMAL,0
2024-02-15,Google_Search,IN,1656,271,92,0.0273,0.1636,0.0072,0.989,0.3395,NORMAL,0
2024-02-15,Google_Search,NG,711,108,28,0.0241,0.1519,0.0056,0.991,0.2593,NORMAL,0
2024-02-15,Google_Search,PL,1388,138,42,0.0426,0.0994,0.0079,0.989,0.3043,NORMAL,0
2024-02-15,Native_Ads,AU,458,34,6,0.0159,0.0742,0.0459,0.937,0.1765,NORMAL,0
2024-02-15,Native_Ads,BR,291,18,3,0.0143,0.0619,0.055,0.943,0.1667,NORMAL,0
2024-02-15,Native_Ads,CA,456,38,7,0.0202,0.0833,0.0417,0.929,0.1842,NORMAL,0
2024-02-15,Native_Ads,DE,600,43,6,0.0142,0.0717,0.0317,0.944,0.1395,NORMAL,0
2024-02-15,Native_Ads,IN,112,6,1,0.0144,0.0536,0.0804,0.944,0.1667,NORMAL,0
2024-02-15,Native_Ads,NG,215,12,2,0.0079,0.0558,0.0605,0.936,0.1667,NORMAL,0
2024-02-15,Native_Ads,PL,210,10,2,0.013,0.0476,0.0429,0.937,0.2,NORMAL,0
2024-02-15,Push_Network,AU,394,15,1,0.0133,0.0381,0.1777,0.881,0.0667,HIGH_FRAUD_RATE,1
2024-02-15,Push_Network,BR,1065,43,5,0.0309,0.0404,0.1052,0.845,0.1163,HIGH_FRAUD_RATE,1
2024-02-15,Push_Network,CA,283,8,1,0.0177,0.0283,0.1201,0.841,0.125,HIGH_FRAUD_RATE,1
2024-02-15,Push_Network,DE,411,19,2,0.0217,0.0462,0.1752,0.845,0.1053,HIGH_FRAUD_RATE,1
2024-02-15,Push_Network,IN,1009,43,5,0.0251,0.0426,0.1992,0.866,0.1163,HIGH_FRAUD_RATE,1
2024-02-15,Push_Network,NG,901,36,4,0.0196,0.04,0.2042,0.842,0.1111,HIGH_FRAUD_RATE,1
2024-02-15,Push_Network,PL,1271,56,6,0.0268,0.0441,0.085,0.839,0.1071,NORMAL,0
2024-02-15,TikTok,AU,240,15,3,0.0132,0.0625,0.075,0.927,0.2,NORMAL,0
2024-02-15,TikTok,BR,611,34,5,0.0213,0.0556,0.0966,0.913,0.1471,NORMAL,0
2024-02-15,TikTok,CA,317,18,2,0.0146,0.0568,0.0694,0.931,0.1111,NORMAL,0
2024-02-15,TikTok,DE,451,32,5,0.024,0.071,0.0776,0.92,0.1562,NORMAL,0
2024-02-15,TikTok,IN,364,26,4,0.0194,0.0714,0.0385,0.932,0.1538,NORMAL,0
2024-02-15,TikTok,NG,308,12,1,0.0144,0.039,0.0422,0.911,0.0833,NORMAL,0
2024-02-15,TikTok,PL,467,24,4,0.0206,0.0514,0.0857,0.913,0.1667,NORMAL,0
2024-02-16,Affiliate_SEO,AU,550,128,42,0.0186,0.2327,0.0145,0.982,0.3281,NORMAL,0
2024-02-16,Affiliate_SEO,BR,239,78,30,0.0329,0.3264,0.0251,0.984,0.3846,NORMAL,0
2024-02-16,Affiliate_SEO,CA,1017,216,87,0.0234,0.2124,0.0197,0.983,0.4028,NORMAL,0
2024-02-16,Affiliate_SEO,DE,255,60,22,0.0236,0.2353,0.0157,0.979,0.3667,NORMAL,0
2024-02-16,Affiliate_SEO,IN,55,13,5,0.0162,0.2364,0.0,0.983,0.3846,NORMAL,0
2024-02-16,Affiliate_SEO,NG,23,6,1,0.0101,0.2609,0.0,0.983,0.1667,NORMAL,0
2024-02-16,Affiliate_SEO,PL,368,84,40,0.0244,0.2283,0.0245,0.983,0.4762,NORMAL,0
2024-02-16,Facebook,AU,1257,124,32,0.0467,0.0986,0.0326,0.974,0.2581,NORMAL,0
2024-02-16,Facebook,BR,172,13,4,0.0312,0.0756,0.0291,0.973,0.3077,NORMAL,0
2024-02-16,Facebook,CA,601,70,15,0.0263,0.1165,0.0283,0.975,0.2143,NORMAL,0
2024-02-16,Facebook,DE,1200,156,45,0.0564,0.13,0.0233,0.965,0.2885,NORMAL,0
2024-02-16,Facebook,IN,597,47,11,0.0276,0.0787,0.0168,0.973,0.234,NORMAL,0
2024-02-16,Facebook,NG,933,97,24,0.0378,0.104,0.0289,0.966,0.2474,NORMAL,0
2024-02-16,Facebook,PL,339,34,6,0.0288,0.1003,0.0295,0.967,0.1765,NORMAL,0
2024-02-16,Google_Search,AU,894,123,33,0.0465,0.1376,0.0101,0.991,0.2683,NORMAL,0
2024-02-16,Google_Search,BR,406,42,8,0.0145,0.1034,0.0099,0.991,0.1905,NORMAL,0
2024-02-16,Google_Search,CA,549,85,21,0.0294,0.1548,0.0109,0.991,0.2471,NORMAL,0
2024-02-16,Google_Search,DE,778,140,33,0.0351,0.1799,0.0141,0.992,0.2357,NORMAL,0
2024-02-16,Google_Search,IN,712,154,42,0.0359,0.2163,0.0056,0.991,0.2727,NORMAL,0
2024-02-16,Google_Search,NG,625,82,26,0.0297,0.1312,0.0128,0.99,0.3171,NORMAL,0
2024-02-16,Google_Search,PL,513,88,22,0.036,0.1715,0.0097,0.989,0.25,NORMAL,0
2024-02-16,Native_Ads,AU,822,41,8,0.0223,0.0499,0.0535,0.937,0.1951,NORMAL,0
2024-02-16,Native_Ads,BR,350,23,3,0.0211,0.0657,0.0571,0.94,0.1304,NORMAL,0
2024-02-16,Native_Ads,CA,277,27,5,0.0222,0.0975,0.0397,0.944,0.1852,NORMAL,0
2024-02-16,Native_Ads,DE,739,20,2,0.0197,0.0271,0.0704,0.931,0.1,NORMAL,0
2024-02-16,Native_Ads,IN,461,38,6,0.0167,0.0824,0.0629,0.948,0.1579,NORMAL,0
2024-02-16,Native_Ads,NG,581,27,4,0.0232,0.0465,0.0602,0.948,0.1481,NORMAL,0
2024-02-16,Native_Ads,PL,259,20,4,0.0224,0.0772,0.0347,0.942,0.2,NORMAL,0
2024-02-16,Push_Network,AU,61,1,0,0.0081,0.0164,0.1311,0.845,0.0,HIGH_FRAUD_RATE,1
2024-02-16,Push_Network,BR,400,15,1,0.0217,0.0375,0.2025,0.843,0.0667,HIGH_FRAUD_RATE,1
2024-02-16,Push_Network,CA,642,30,3,0.0192,0.0467,0.1885,0.867,0.1,HIGH_FRAUD_RATE,1
2024-02-16,Push_Network,DE,347,13,2,0.0194,0.0375,0.1729,0.87,0.1538,HIGH_FRAUD_RATE,1
2024-02-16,Push_Network,IN,169,6,0,0.0089,0.0355,0.1302,0.847,0.0,HIGH_FRAUD_RATE,1
2024-02-16,Push_Network,NG,166,4,0,0.0168,0.0241,0.1566,0.856,0.0,HIGH_FRAUD_RATE,1
2024-02-16,Push_Network,PL,467,20,1,0.0222,0.0428,0.1777,0.835,0.05,HIGH_FRAUD_RATE,1
2024-02-16,TikTok,AU,520,28,4,0.0252,0.0538,0.0558,0.935,0.1429,NORMAL,0
2024-02-16,TikTok,BR,937,29,5,0.0215,0.0309,0.111,0.919,0.1724,HIGH_FRAUD_RATE,1
2024-02-16,TikTok,CA,628,28,4,0.0192,0.0446,0.0573,0.912,0.1429,NORMAL,0
2024-02-16,TikTok,DE,221,7,1,0.0211,0.0317,0.0588,0.91,0.1429,NORMAL,0
2024-02-16,TikTok,IN,245,10,1,0.0283,0.0408,0.1102,0.924,0.1,HIGH_FRAUD_RATE,1
2024-02-16,TikTok,NG,360,25,5,0.0111,0.0694,0.1056,0.918,0.2,HIGH_FRAUD_RATE,1
2024-02-16,TikTok,PL,274,20,3,0.0234,0.073,0.0438,0.931,0.15,NORMAL,0
2024-02-17,Affiliate_SEO,AU,493,144,39,0.0225,0.2921,0.0223,0.982,0.2708,NORMAL,0
2024-02-17,Affiliate_SEO,BR,525,129,50,0.0277,0.2457,0.021,0.982,0.3876,NORMAL,0
2024-02-17,Affiliate_SEO,CA,400,106,43,0.0249,0.265,0.01,0.978,0.4057,NORMAL,0
2024-02-17,Affiliate_SEO,DE,439,147,57,0.0244,0.3349,0.0273,0.979,0.3878,NORMAL,0
2024-02-17,Affiliate_SEO,IN,64,9,3,0.0212,0.1406,0.0156,0.977,0.3333,NORMAL,0
2024-02-17,Affiliate_SEO,NG,32,6,1,0.0206,0.1875,0.0,0.977,0.1667,NORMAL,0
2024-02-17,Affiliate_SEO,PL,238,47,19,0.0243,0.1975,0.0294,0.983,0.4043,NORMAL,0
2024-02-17,Facebook,AU,766,67,16,0.0294,0.0875,0.0222,0.969,0.2388,NORMAL,0
2024-02-17,Facebook,BR,280,31,10,0.0227,0.1107,0.0214,0.967,0.3226,NORMAL,0
2024-02-17,Facebook,CA,369,34,8,0.0236,0.0921,0.0136,0.975,0.2353,NORMAL,0
2024-02-17,Facebook,DE,354,26,7,0.0191,0.0734,0.0424,0.968,0.2692,NORMAL,0
2024-02-17,Facebook,IN,1442,127,32,0.0462,0.0881,0.0222,0.974,0.252,NORMAL,0
2024-02-17,Facebook,NG,185,22,3,0.0081,0.1189,0.0324,0.969,0.1364,NORMAL,0
2024-02-17,Facebook,PL,2142,206,43,0.0444,0.0962,0.028,0.968,0.2087,NORMAL,0
2024-02-17,Google_Search,AU,1379,209,41,0.0331,0.1516,0.0145,0.988,0.1962,NORMAL,0
2024-02-17,Google_Search,BR,958,161,60,0.0389,0.1681,0.0042,0.991,0.3727,NORMAL,0
2024-02-17,Google_Search,CA,448,77,25,0.0265,0.1719,0.0045,0.991,0.3247,NORMAL,0
2024-02-17,Google_Search,DE,2324,455,144,0.0335,0.1958,0.0077,0.991,0.3165,NORMAL,0
2024-02-17,Google_Search,IN,1076,155,47,0.0244,0.1441,0.013,0.991,0.3032,NORMAL,0
2024-02-17,Google_Search,NG,540,90,36,0.0221,0.1667,0.0056,0.992,0.4,NORMAL,0
2024-02-17,Google_Search,PL,1433,242,79,0.0423,0.1689,0.0133,0.989,0.3264,NORMAL,0
2024-02-17,Native_Ads,AU,966,87,22,0.0151,0.0901,0.0818,0.952,0.2529,NORMAL,0
2024-02-17,Native_Ads,BR,652,50,12,0.0249,0.0767,0.0752,0.929,0.24,NORMAL,0
2024-02-17,Native_Ads,CA,420,40,8,0.0237,0.0952,0.05,0.939,0.2,NORMAL,0
2024-02-17,Native_Ads,DE,382,31,8,0.0226,0.0812,0.0445,0.943,0.2581,NORMAL,0
2024-02-17,Native_Ads,IN,1484,114,25,0.0197,0.0768,0.0815,0.942,0.2193,NORMAL,0
2024-02-17,Native_Ads,NG,554,46,10,0.0146,0.083,0.0848,0.943,0.2174,NORMAL,0
2024-02-17,Native_Ads,PL,130,8,1,0.009,0.0615,0.0769,0.94,0.125,NORMAL,0
2024-02-17,Push_Network,AU,398,14,1,0.0178,0.0352,0.098,0.839,0.0714,NORMAL,0
2024-02-17,Push_Network,BR,326,15,1,0.0088,0.046,0.138,0.839,0.0667,HIGH_FRAUD_RATE,1
2024-02-17,Push_Network,CA,534,22,1,0.0202,0.0412,0.103,0.851,0.0455,HIGH_FRAUD_RATE,1
2024-02-17,Push_Network,DE,427,15,1,0.0163,0.0351,0.103,0.846,0.0667,HIGH_FRAUD_RATE,1
2024-02-17,Push_Network,IN,217,9,1,0.0221,0.0415,0.0829,0.849,0.1111,NORMAL,0
2024-02-17,Push_Network,NG,940,34,4,0.0145,0.0362,0.0915,0.864,0.1176,NORMAL,0
2024-02-17,Push_Network,PL,428,21,2,0.0167,0.0491,0.2056,0.888,0.0952,HIGH_FRAUD_RATE,1
2024-02-17,TikTok,AU,638,41,8,0.0232,0.0643,0.1113,0.932,0.1951,HIGH_FRAUD_RATE,1
2024-02-17,TikTok,BR,347,22,4,0.0187,0.0634,0.0922,0.925,0.1818,NORMAL,0
2024-02-17,TikTok,CA,561,30,3,0.0189,0.0535,0.0891,0.906,0.1,NORMAL,0
2024-02-17,TikTok,DE,567,28,3,0.013,0.0494,0.0882,0.917,0.1071,NORMAL,0
2024-02-17,TikTok,IN,519,42,6,0.0185,0.0809,0.0482,0.917,0.1429,NORMAL,0
2024-02-17,TikTok,NG,271,19,3,0.0215,0.0701,0.1144,0.925,0.1579,HIGH_FRAUD_RATE,1
2024-02-17,TikTok,PL,223,13,1,0.0117,0.0583,0.0404,0.908,0.0769,NORMAL,0
2024-02-18,Affiliate_SEO,AU,816,83,39,0.0165,0.1017,0.0172,0.977,0.4699,NORMAL,0
2024-02-18,Affiliate_SEO,BR,750,173,68,0.0298,0.2307,0.028,0.982,0.3931,NORMAL,0
2024-02-18,Affiliate_SEO,CA,966,219,84,0.0265,0.2267,0.0166,0.979,0.3836,NORMAL,0
2024-02-18,Affiliate_SEO,DE,291,38,14,0.0184,0.1306,0.0241,0.978,0.3684,NORMAL,0
2024-02-18,Affiliate_SEO,IN,84,19,6,0.0147,0.2262,0.0238,0.977,0.3158,NORMAL,0
2024-02-18,Affiliate_SEO,NG,92,17,6,0.0183,0.1848,0.0109,0.982,0.3529,NORMAL,0
2024-02-18,Affiliate_SEO,PL,363,86,39,0.0192,0.2369,0.0275,0.977,0.4535,NORMAL,0
2024-02-18,Facebook,AU,760,51,10,0.0339,0.0671,0.0329,0.972,0.1961,NORMAL,0
2024-02-18,Facebook,BR,1684,110,28,0.0185,0.0653,0.0315,0.973,0.2545,NORMAL,0
2024-02-18,Facebook,CA,734,67,16,0.0373,0.0913,0.0191,0.971,0.2388,NORMAL,0
2024-02-18,Facebook,DE,1198,126,26,0.0406,0.1052,0.0184,0.968,0.2063,NORMAL,0
2024-02-18,Facebook,IN,1910,141,24,0.0405,0.0738,0.0346,0.968,0.1702,NORMAL,0
2024-02-18,Facebook,NG,2354,179,41,0.0431,0.076,0.02,0.965,0.2291,NORMAL,0
2024-02-18,Facebook,PL,672,70,11,0.0391,0.1042,0.0179,0.968,0.1571,NORMAL,0
2024-02-18,Google_Search,AU,952,90,27,0.0436,0.0945,0.0105,0.989,0.3,NORMAL,0
2024-02-18,Google_Search,BR,2827,278,68,0.035,0.0983,0.0092,0.99,0.2446,NORMAL,0
2024-02-18,Google_Search,CA,1796,352,136,0.0356,0.196,0.0089,0.989,0.3864,NORMAL,0
2024-02-18,Google_Search,DE,893,125,28,0.0218,0.14,0.0123,0.99,0.224,NORMAL,0
2024-02-18,Google_Search,IN,695,144,43,0.0392,0.2072,0.0058,0.989,0.2986,NORMAL,0
2024-02-18,Google_Search,NG,971,142,39,0.0446,0.1462,0.0082,0.99,0.2746,NORMAL,0
2024-02-18,Google_Search,PL,755,81,22,0.0344,0.1073,0.004,0.992,0.2716,NORMAL,0
2024-02-18,Native_Ads,AU,298,23,5,0.0108,0.0772,0.0872,0.949,0.2174,NORMAL,0
2024-02-18,Native_Ads,BR,649,67,13,0.025,0.1032,0.0847,0.945,0.194,NORMAL,0
2024-02-18,Native_Ads,CA,400,29,6,0.0127,0.0725,0.05,0.941,0.2069,NORMAL,0
2024-02-18,Native_Ads,DE,425,38,9,0.0254,0.0894,0.0376,0.95,0.2368,NORMAL,0
2024-02-18,Native_Ads,IN,514,36,7,0.024,0.07,0.0467,0.943,0.1944,NORMAL,0
2024-02-18,Native_Ads,NG,345,22,3,0.0265,0.0638,0.0725,0.95,0.1364,NORMAL,0
2024-02-18,Native_Ads,PL,429,41,5,0.0178,0.0956,0.0583,0.941,0.122,NORMAL,0
2024-02-18,Push_Network,AU,506,24,3,0.0211,0.0474,0.087,0.854,0.125,NORMAL,0
2024-02-18,Push_Network,BR,1012,14,2,0.0326,0.0138,0.2006,0.86,0.1429,HIGH_FRAUD_RATE,1
2024-02-18,Push_Network,CA,350,15,1,0.0209,0.0429,0.1086,0.882,0.0667,HIGH_FRAUD_RATE,1
2024-02-18,Push_Network,DE,406,11,1,0.0177,0.0271,0.0714,0.88,0.0909,NORMAL,0
2024-02-18,Push_Network,IN,351,12,1,0.0264,0.0342,0.2023,0.877,0.0833,HIGH_FRAUD_RATE,1
2024-02-18,Push_Network,NG,870,32,4,0.0253,0.0368,0.1092,0.852,0.125,HIGH_FRAUD_RATE,1
2024-02-18,Push_Network,PL,555,22,2,0.0185,0.0396,0.1604,0.869,0.0909,HIGH_FRAUD_RATE,1
2024-02-18,TikTok,AU,1524,117,17,0.024,0.0768,0.0879,0.91,0.1453,NORMAL,0
2024-02-18,TikTok,BR,752,61,10,0.0218,0.0811,0.117,0.93,0.1639,HIGH_FRAUD_RATE,1
2024-02-18,TikTok,CA,444,33,3,0.0158,0.0743,0.1081,0.91,0.0909,HIGH_FRAUD_RATE,1
2024-02-18,TikTok,DE,1546,85,19,0.0192,0.055,0.053,0.923,0.2235,NORMAL,0
2024-02-18,TikTok,IN,765,46,7,0.0157,0.0601,0.1137,0.921,0.1522,HIGH_FRAUD_RATE,1
2024-02-18,TikTok,NG,482,30,5,0.0129,0.0622,0.0975,0.934,0.1667,NORMAL,0
2024-02-18,TikTok,PL,508,22,3,0.0222,0.0433,0.0689,0.923,0.1364,NORMAL,0
2024-02-19,Affiliate_SEO,AU,386,134,51,0.0114,0.3472,0.0181,0.984,0.3806,NORMAL,0
2024-02-19,Affiliate_SEO,BR,164,54,11,0.0206,0.3293,0.0183,0.98,0.2037,NORMAL,0
2024-02-19,Affiliate_SEO,CA,293,75,29,0.0181,0.256,0.0102,0.982,0.3867,NORMAL,0
2024-02-19,Affiliate_SEO,DE,186,35,8,0.0227,0.1882,0.0269,0.982,0.2286,NORMAL,0
2024-02-19,Affiliate_SEO,IN,182,31,9,0.0273,0.1703,0.022,0.982,0.2903,NORMAL,0
2024-02-19,Affiliate_SEO,NG,56,13,3,0.0194,0.2321,0.0179,0.983,0.2308,NORMAL,0
2024-02-19,Affiliate_SEO,PL,451,103,24,0.0226,0.2284,0.0177,0.979,0.233,NORMAL,0
2024-02-19,Facebook,AU,624,70,14,0.0314,0.1122,0.0417,0.97,0.2,NORMAL,0
2024-02-19,Facebook,BR,1251,101,33,0.0253,0.0807,0.0288,0.964,0.3267,NORMAL,0
2024-02-19,Facebook,CA,361,36,7,0.0292,0.0997,0.0194,0.964,0.1944,NORMAL,0
2024-02-19,Facebook,DE,755,21,4,0.0267,0.0278,0.0344,0.965,0.1905,NORMAL,0
2024-02-19,Facebook,IN,501,55,13,0.0297,0.1098,0.022,0.972,0.2364,NORMAL,0
2024-02-19,Facebook,NG,403,44,9,0.0293,0.1092,0.0199,0.971,0.2045,NORMAL,0
2024-02-19,Facebook,PL,1131,105,16,0.0281,0.0928,0.0239,0.971,0.1524,NORMAL,0
2024-02-19,Google_Search,AU,619,121,33,0.0195,0.1955,0.0065,0.99,0.2727,NORMAL,0
2024-02-19,Google_Search,BR,1647,265,57,0.0405,0.1609,0.0079,0.988,0.2151,NORMAL,0
2024-02-19,Google_Search,CA,517,100,38,0.0236,0.1934,0.0135,0.99,0.38,NORMAL,0
2024-02-19,Google_Search,DE,922,135,34,0.0432,0.1464,0.0098,0.989,0.2519,NORMAL,0
2024-02-19,Google_Search,IN,1769,278,101,0.0515,0.1572,0.0079,0.991,0.3633,NORMAL,0
2024-02-19,Google_Search,NG,473,79,22,0.033,0.167,0.0085,0.992,0.2785,NORMAL,0
2024-02-19,Google_Search,PL,542,89,25,0.0384,0.1642,0.0074,0.989,0.2809,NORMAL,0
2024-02-19,Native_Ads,AU,547,46,10,0.0248,0.0841,0.0512,0.947,0.2174,NORMAL,0
2024-02-19,Native_Ads,BR,980,81,11,0.0226,0.0827,0.0378,0.935,0.1358,NORMAL,0
2024-02-19,Native_Ads,CA,432,33,8,0.0095,0.0764,0.0602,0.939,0.2424,NORMAL,0
2024-02-19,Native_Ads,DE,318,18,3,0.0204,0.0566,0.0346,0.945,0.1667,NORMAL,0
2024-02-19,Native_Ads,IN,479,35,9,0.021,0.0731,0.0793,0.932,0.2571,NORMAL,0
2024-02-19,Native_Ads,NG,654,44,9,0.0107,0.0673,0.0489,0.938,0.2045,NORMAL,0
2024-02-19,Native_Ads,PL,489,39,7,0.0143,0.0798,0.0286,0.943,0.1795,NORMAL,0
2024-02-19,Push_Network,AU,946,42,4,0.026,0.0444,0.1564,0.846,0.0952,HIGH_FRAUD_RATE,1
2024-02-19,Push_Network,BR,192,6,0,0.0141,0.0312,0.1771,0.88,0.0,HIGH_FRAUD_RATE,1
2024-02-19,Push_Network,CA,251,9,1,0.0177,0.0359,0.2032,0.87,0.1111,HIGH_FRAUD_RATE,1
2024-02-19,Push_Network,DE,414,17,1,0.0117,0.0411,0.1594,0.844,0.0588,HIGH_FRAUD_RATE,1
2024-02-19,Push_Network,IN,739,34,4,0.0214,0.046,0.111,0.885,0.1176,HIGH_FRAUD_RATE,1
2024-02-19,Push_Network,NG,1213,50,3,0.0315,0.0412,0.08,0.851,0.06,NORMAL,0
2024-02-19,Push_Network,PL,386,17,1,0.0257,0.044,0.1969,0.88,0.0588,HIGH_FRAUD_RATE,1
2024-02-19,TikTok,AU,399,30,4,0.0211,0.0752,0.0902,0.916,0.1333,NORMAL,0
2024-02-19,TikTok,BR,244,12,1,0.0173,0.0492,0.082,0.91,0.0833,NORMAL,0
2024-02-19,TikTok,CA,376,10,1,0.0121,0.0266,0.0612,0.935,0.1,NORMAL,0
2024-02-19,TikTok,DE,500,32,5,0.0131,0.064,0.044,0.934,0.1562,NORMAL,0
2024-02-19,TikTok,IN,567,19,2,0.0269,0.0335,0.0952,0.923,0.1053,NORMAL,0
2024-02-19,TikTok,NG,1286,70,10,0.0177,0.0544,0.0428,0.922,0.1429,NORMAL,0
2024-02-19,TikTok,PL,168,13,1,0.0184,0.0774,0.0952,0.909,0.0769,NORMAL,0
2024-02-20,Affiliate_SEO,AU,879,137,50,0.0249,0.1559,0.025,0.98,0.365,NORMAL,0
2024-02-20,Affiliate_SEO,BR,236,58,19,0.0218,0.2458,0.0127,0.978,0.3276,NORMAL,0
2024-02-20,Affiliate_SEO,CA,643,176,54,0.0209,0.2737,0.0187,0.977,0.3068,NORMAL,0
2024-02-20,Affiliate_SEO,DE,689,188,70,0.0236,0.2729,0.0276,0.978,0.3723,NORMAL,0
2024-02-20,Affiliate_SEO,IN,65,18,8,0.0169,0.2769,0.0154,0.978,0.4444,NORMAL,0
2024-02-20,Affiliate_SEO,NG,67,10,2,0.0141,0.1493,0.0149,0.983,0.2,NORMAL,0
2024-02-20,Affiliate_SEO,PL,56,11,4,0.0117,0.1964,0.0179,0.977,0.3636,NORMAL,0
2024-02-20,Facebook,AU,695,71,14,0.0381,0.1022,0.0374,0.974,0.1972,NORMAL,0
2024-02-20,Facebook,BR,2019,166,33,0.0319,0.0822,0.0178,0.964,0.1988,NORMAL,0
2024-02-20,Facebook,CA,653,80,27,0.0292,0.1225,0.0368,0.967,0.3375,NORMAL,0
2024-02-20,Facebook,DE,528,48,14,0.0401,0.0909,0.0303,0.968,0.2917,NORMAL,0
2024-02-20,Facebook,IN,557,65,18,0.0454,0.1167,0.0251,0.969,0.2769,NORMAL,0
2024-02-20,Facebook,NG,1235,128,32,0.0381,0.1036,0.0259,0.975,0.25,NORMAL,0
2024-02-20,Facebook,PL,1037,103,28,0.0371,0.0993,0.0395,0.965,0.2718,NORMAL,0
2024-02-20,Google_Search,AU,1055,143,52,0.0309,0.1355,0.0095,0.989,0.3636,NORMAL,0
2024-02-20,Google_Search,BR,938,167,34,0.0368,0.178,0.0128,0.991,0.2036,NORMAL,0
2024-02-20,Google_Search,CA,841,90,22,0.0389,0.107,0.0071,0.989,0.2444,NORMAL,0
2024-02-20,Google_Search,DE,877,105,40,0.0429,0.1197,0.0114,0.989,0.381,NORMAL,0
2024-02-20,Google_Search,IN,819,119,40,0.0337,0.1453,0.0147,0.992,0.3361,NORMAL,0
2024-02-20,Google_Search,NG,813,67,23,0.029,0.0824,0.0086,0.991,0.3433,NORMAL,0
2024-02-20,Google_Search,PL,1768,209,56,0.0329,0.1182,0.009,0.991,0.2679,NORMAL,0
2024-02-20,Native_Ads,AU,660,61,12,0.0203,0.0924,0.0652,0.931,0.1967,NORMAL,0
2024-02-20,Native_Ads,BR,510,44,10,0.0209,0.0863,0.0843,0.928,0.2273,NORMAL,0
2024-02-20,Native_Ads,CA,216,11,1,0.0233,0.0509,0.037,0.951,0.0909,NORMAL,0
2024-02-20,Native_Ads,DE,695,79,12,0.022,0.1137,0.0547,0.948,0.1519,NORMAL,0
2024-02-20,Native_Ads,IN,507,54,9,0.0193,0.1065,0.073,0.946,0.1667,NORMAL,0
2024-02-20,Native_Ads,NG,1762,126,20,0.0259,0.0715,0.0448,0.936,0.1587,NORMAL,0
2024-02-20,Native_Ads,PL,924,69,13,0.0215,0.0747,0.0584,0.949,0.1884,NORMAL,0
2024-02-20,Push_Network,AU,278,8,0,0.0128,0.0288,0.1295,0.885,0.0,HIGH_FRAUD_RATE,1
2024-02-20,Push_Network,BR,362,17,1,0.0169,0.047,0.1685,0.865,0.0588,HIGH_FRAUD_RATE,1
2024-02-20,Push_Network,CA,237,9,1,0.0071,0.038,0.1857,0.862,0.1111,HIGH_FRAUD_RATE,1
2024-02-20,Push_Network,DE,840,39,4,0.016,0.0464,0.131,0.86,0.1026,HIGH_FRAUD_RATE,1
2024-02-20,Push_Network,IN,237,10,1,0.015,0.0422,0.0675,0.884,0.1,NORMAL,0
2024-02-20,Push_Network,NG,419,15,2,0.0171,0.0358,0.2029,0.887,0.1333,HIGH_FRAUD_RATE,1
2024-02-20,Push_Network,PL,727,22,2,0.0291,0.0303,0.1376,0.888,0.0909,HIGH_FRAUD_RATE,1
2024-02-20,TikTok,AU,805,42,6,0.0239,0.0522,0.0472,0.917,0.1429,NORMAL,0
2024-02-20,TikTok,BR,398,25,2,0.0211,0.0628,0.0427,0.927,0.08,NORMAL,0
2024-02-20,TikTok,CA,612,44,5,0.0264,0.0719,0.0768,0.909,0.1136,NORMAL,0
2024-02-20,TikTok,DE,461,20,2,0.0152,0.0434,0.0889,0.934,0.1,NORMAL,0
2024-02-20,TikTok,IN,259,12,2,0.0201,0.0463,0.0579,0.928,0.1667,NORMAL,0
2024-02-20,TikTok,NG,2385,137,21,0.0318,0.0574,0.073,0.924,0.1533,NORMAL,0
2024-02-20,TikTok,PL,723,38,5,0.0231,0.0526,0.0498,0.918,0.1316,NORMAL,0
2024-02-21,Affiliate_SEO,AU,464,119,49,0.0184,0.2565,0.0172,0.98,0.4118,NORMAL,0
2024-02-21,Affiliate_SEO,BR,112,18,5,0.0213,0.1607,0.0179,0.984,0.2778,NORMAL,0
2024-02-21,Affiliate_SEO,CA,1742,494,213,0.0268,0.2836,0.0253,0.981,0.4312,NORMAL,0
2024-02-21,Affiliate_SEO,DE,1518,391,141,0.0169,0.2576,0.0244,0.979,0.3606,NORMAL,0
2024-02-21,Affiliate_SEO,IN,198,37,13,0.0201,0.1869,0.0253,0.982,0.3514,NORMAL,0
2024-02-21,Affiliate_SEO,NG,115,21,9,0.0162,0.1826,0.0174,0.984,0.4286,NORMAL,0
2024-02-21,Affiliate_SEO,PL,213,39,16,0.024,0.1831,0.0188,0.979,0.4103,NORMAL,0
2024-02-21,Facebook,AU,1374,140,33,0.034,0.1019,0.0335,0.973,0.2357,NORMAL,0
2024-02-21,Facebook,BR,649,59,11,0.0401,0.0909,0.0401,0.971,0.1864,NORMAL,0
2024-02-21,Facebook,CA,754,62,13,0.0342,0.0822,0.0305,0.975,0.2097,NORMAL,0
2024-02-21,Facebook,DE,223,17,4,0.0188,0.0762,0.0359,0.97,0.2353,NORMAL,0
2024-02-21,Facebook,IN,1111,128,31,0.0426,0.1152,0.0441,0.966,0.2422,NORMAL,0
2024-02-21,Facebook,NG,854,83,21,0.0352,0.0972,0.0234,0.968,0.253,NORMAL,0
2024-02-21,Facebook,PL,774,79,20,0.0317,0.1021,0.0284,0.97,0.2532,NORMAL,0
2024-02-21,Google_Search,AU,972,176,60,0.0406,0.1811,0.0051,0.989,0.3409,NORMAL,0
2024-02-21,Google_Search,BR,831,135,58,0.0343,0.1625,0.0084,0.989,0.4296,NORMAL,0
2024-02-21,Google_Search,CA,826,113,43,0.0314,0.1368,0.0109,0.99,0.3805,NORMAL,0
2024-02-21,Google_Search,DE,663,129,30,0.0404,0.1946,0.0136,0.989,0.2326,NORMAL,0
2024-02-21,Google_Search,IN,480,43,15,0.029,0.0896,0.0083,0.991,0.3488,NORMAL,0
2024-02-21,Google_Search,NG,373,48,12,0.0398,0.1287,0.008,0.99,0.25,NORMAL,0
2024-02-21,Google_Search,PL,617,113,47,0.0282,0.1831,0.0065,0.99,0.4159,NORMAL,0
2024-02-21,Native_Ads,AU,455,33,6,0.0195,0.0725,0.0813,0.942,0.1818,NORMAL,0
2024-02-21,Native_Ads,BR,857,53,12,0.0189,0.0618,0.0467,0.941,0.2264,NORMAL,0
2024-02-21,Native_Ads,CA,759,59,12,0.0195,0.0777,0.0501,0.939,0.2034,NORMAL,0
2024-02-21,Native_Ads,DE,335,28,5,0.0134,0.0836,0.0597,0.942,0.1786,NORMAL,0
2024-02-21,Native_Ads,IN,265,18,4,0.0113,0.0679,0.0679,0.944,0.2222,NORMAL,0
2024-02-21,Native_Ads,NG,438,25,4,0.0247,0.0571,0.0639,0.949,0.16,NORMAL,0
2024-02-21,Native_Ads,PL,431,25,6,0.0252,0.058,0.0742,0.949,0.24,NORMAL,0
2024-02-21,Push_Network,AU,925,36,3,0.0301,0.0389,0.1135,0.875,0.0833,HIGH_FRAUD_RATE,1
2024-02-21,Push_Network,BR,1096,45,7,0.0232,0.0411,0.1186,0.834,0.1556,HIGH_FRAUD_RATE,1
2024-02-21,Push_Network,CA,264,10,1,0.016,0.0379,0.178,0.877,0.1,HIGH_FRAUD_RATE,1
2024-02-21,Push_Network,DE,1105,40,3,0.0155,0.0362,0.1873,0.85,0.075,HIGH_FRAUD_RATE,1
2024-02-21,Push_Network,IN,240,9,0,0.0076,0.0375,0.0875,0.856,0.0,NORMAL,0
2024-02-21,Push_Network,NG,287,15,1,0.0198,0.0523,0.1707,0.839,0.0667,HIGH_FRAUD_RATE,1
2024-02-21,Push_Network,PL,758,29,2,0.0229,0.0383,0.0884,0.869,0.069,NORMAL,0
2024-02-21,TikTok,AU,788,66,9,0.0318,0.0838,0.052,0.928,0.1364,NORMAL,0
2024-02-21,TikTok,BR,226,14,1,0.0145,0.0619,0.0575,0.906,0.0714,NORMAL,0
2024-02-21,TikTok,CA,219,15,2,0.0094,0.0685,0.0776,0.933,0.1333,NORMAL,0
2024-02-21,TikTok,DE,187,11,2,0.0142,0.0588,0.0535,0.909,0.1818,NORMAL,0
2024-02-21,TikTok,IN,258,18,2,0.0252,0.0698,0.1085,0.918,0.1111,HIGH_FRAUD_RATE,1
2024-02-21,TikTok,NG,863,56,10,0.0257,0.0649,0.1182,0.914,0.1786,HIGH_FRAUD_RATE,1
2024-02-21,TikTok,PL,322,17,2,0.0254,0.0528,0.059,0.905,0.1176,NORMAL,0
2024-02-22,Affiliate_SEO,AU,629,138,42,0.0192,0.2194,0.0175,0.977,0.3043,NORMAL,0
2024-02-22,Affiliate_SEO,BR,205,38,15,0.0217,0.1854,0.0098,0.984,0.3947,NORMAL,0
2024-02-22,Affiliate_SEO,CA,375,62,22,0.0168,0.1653,0.016,0.978,0.3548,NORMAL,0
2024-02-22,Affiliate_SEO,DE,919,259,88,0.0198,0.2818,0.0174,0.982,0.3398,NORMAL,0
2024-02-22,Affiliate_SEO,IN,58,12,4,0.0302,0.2069,0.0172,0.983,0.3333,NORMAL,0
2024-02-22,Affiliate_SEO,NG,43,7,2,0.0222,0.1628,0.0,0.977,0.2857,NORMAL,0
2024-02-22,Affiliate_SEO,PL,133,34,12,0.0088,0.2556,0.0226,0.981,0.3529,NORMAL,0
2024-02-22,Facebook,AU,853,102,31,0.0357,0.1196,0.0176,0.967,0.3039,NORMAL,0
2024-02-22,Facebook,BR,1454,132,26,0.0392,0.0908,0.0254,0.975,0.197,NORMAL,0
2024-02-22,Facebook,CA,2277,226,50,0.035,0.0993,0.018,0.967,0.2212,NORMAL,0
2024-02-22,Facebook,DE,774,78,14,0.0311,0.1008,0.0245,0.968,0.1795,NORMAL,0
2024-02-22,Facebook,IN,2116,167,37,0.0342,0.0789,0.0435,0.968,0.2216,NORMAL,0
2024-02-22,Facebook,NG,1206,101,22,0.0363,0.0837,0.0282,0.967,0.2178,NORMAL,0
2024-02-22,Facebook,PL,314,17,4,0.0373,0.0541,0.0159,0.969,0.2353,NORMAL,0
2024-02-22,Google_Search,AU,791,99,34,0.0446,0.1252,0.0063,0.989,0.3434,NORMAL,0
2024-02-22,Google_Search,BR,279,19,6,0.0485,0.0681,0.0143,0.991,0.3158,NORMAL,0
2024-02-22,Google_Search,CA,1010,147,56,0.0273,0.1455,0.0079,0.99,0.381,NORMAL,0
2024-02-22,Google_Search,DE,1136,196,50,0.0328,0.1725,0.0079,0.989,0.2551,NORMAL,0
2024-02-22,Google_Search,IN,1035,100,27,0.042,0.0966,0.0087,0.99,0.27,NORMAL,0
2024-02-22,Google_Search,NG,468,79,20,0.0475,0.1688,0.0107,0.99,0.2532,NORMAL,0
2024-02-22,Google_Search,PL,1805,278,65,0.0353,0.154,0.0055,0.992,0.2338,NORMAL,0
2024-02-22,Native_Ads,AU,665,47,10,0.0257,0.0707,0.0301,0.949,0.2128,NORMAL,0
2024-02-22,Native_Ads,BR,654,48,6,0.0219,0.0734,0.0382,0.95,0.125,NORMAL,0
2024-02-22,Native_Ads,CA,762,61,9,0.0183,0.0801,0.0499,0.938,0.1475,NORMAL,0
2024-02-22,Native_Ads,DE,468,35,6,0.022,0.0748,0.0321,0.942,0.1714,NORMAL,0
2024-02-22,Native_Ads,IN,429,27,6,0.0134,0.0629,0.035,0.934,0.2222,NORMAL,0
2024-02-22,Native_Ads,NG,1122,85,20,0.0274,0.0758,0.0615,0.937,0.2353,NORMAL,0
2024-02-22,Native_Ads,PL,638,40,10,0.027,0.0627,0.0737,0.95,0.25,NORMAL,0
2024-02-22,Push_Network,AU,633,28,3,0.0231,0.0442,0.2085,0.866,0.1071,HIGH_FRAUD_RATE,1
2024-02-22,Push_Network,BR,877,55,7,0.0254,0.0627,0.1117,0.868,0.1273,HIGH_FRAUD_RATE,1
2024-02-22,Push_Network,CA,522,21,3,0.0212,0.0402,0.1015,0.861,0.1429,HIGH_FRAUD_RATE,1
2024-02-22,Push_Network,DE,483,17,1,0.0268,0.0352,0.0932,0.855,0.0588,NORMAL,0
2024-02-22,Push_Network,IN,791,30,3,0.014,0.0379,0.0847,0.859,0.1,NORMAL,0
2024-02-22,Push_Network,NG,856,49,4,0.0211,0.0572,0.0853,0.862,0.0816,NORMAL,0
2024-02-22,Push_Network,PL,145,5,0,0.0192,0.0345,0.0759,0.844,0.0,NORMAL,0
2024-02-22,TikTok,AU,562,27,1,0.0288,0.048,0.1085,0.921,0.037,HIGH_FRAUD_RATE,1
2024-02-22,TikTok,BR,1246,87,12,0.0215,0.0698,0.0562,0.934,0.1379,NORMAL,0
2024-02-22,TikTok,CA,631,34,5,0.0266,0.0539,0.0824,0.906,0.1471,NORMAL,0
2024-02-22,TikTok,DE,905,55,8,0.0275,0.0608,0.0663,0.914,0.1455,NORMAL,0
2024-02-22,TikTok,IN,146,7,0,0.0131,0.0479,0.1027,0.92,0.0,HIGH_FRAUD_RATE,1
2024-02-22,TikTok,NG,764,48,9,0.0279,0.0628,0.1139,0.93,0.1875,HIGH_FRAUD_RATE,1
2024-02-22,TikTok,PL,491,30,3,0.0179,0.0611,0.0794,0.92,0.1,NORMAL,0
2024-02-23,Affiliate_SEO,AU,1080,106,40,0.0124,0.0981,0.0259,0.981,0.3774,NORMAL,0
2024-02-23,Affiliate_SEO,BR,187,33,10,0.0184,0.1765,0.0267,0.982,0.303,NORMAL,0
2024-02-23,Affiliate_SEO,CA,312,91,29,0.0246,0.2917,0.016,0.978,0.3187,NORMAL,0
2024-02-23,Affiliate_SEO,DE,739,145,44,0.0165,0.1962,0.0244,0.981,0.3034,NORMAL,0
2024-02-23,Affiliate_SEO,IN,107,32,9,0.0222,0.2991,0.0093,0.98,0.2812,NORMAL,0
2024-02-23,Affiliate_SEO,NG,21,5,0,0.0199,0.2381,0.0,0.976,0.0,NORMAL,0
2024-02-23,Affiliate_SEO,PL,107,17,5,0.0139,0.1589,0.0093,0.981,0.2941,NORMAL,0
2024-02-23,Facebook,AU,919,74,20,0.0378,0.0805,0.0294,0.968,0.2703,NORMAL,0
2024-02-23,Facebook,BR,1464,140,19,0.0445,0.0956,0.0403,0.967,0.1357,NORMAL,0
2024-02-23,Facebook,CA,551,55,10,0.0404,0.0998,0.0436,0.97,0.1818,NORMAL,0
2024-02-23,Facebook,DE,1756,175,22,0.043,0.0997,0.0376,0.975,0.1257,NORMAL,0
2024-02-23,Facebook,IN,548,56,13,0.0327,0.1022,0.0237,0.974,0.2321,NORMAL,0
2024-02-23,Facebook,NG,1322,132,20,0.0332,0.0998,0.0272,0.972,0.1515,NORMAL,0
2024-02-23,Facebook,PL,527,34,7,0.0238,0.0645,0.0285,0.972,0.2059,NORMAL,0
2024-02-23,Google_Search,AU,613,105,26,0.0416,0.1713,0.0049,0.989,0.2476,NORMAL,0
2024-02-23,Google_Search,BR,991,136,46,0.0355,0.1372,0.0101,0.991,0.3382,NORMAL,0
2024-02-23,Google_Search,CA,1033,185,54,0.0338,0.1791,0.0136,0.989,0.2919,NORMAL,0
2024-02-23,Google_Search,DE,560,104,33,0.0299,0.1857,0.0107,0.989,0.3173,NORMAL,0
2024-02-23,Google_Search,IN,537,114,30,0.0261,0.2123,0.0056,0.991,0.2632,NORMAL,0
2024-02-23,Google_Search,NG,1843,259,75,0.0409,0.1405,0.0098,0.989,0.2896,NORMAL,0
2024-02-23,Google_Search,PL,930,134,30,0.038,0.1441,0.0086,0.991,0.2239,NORMAL,0
2024-02-23,Native_Ads,AU,244,20,5,0.0173,0.082,0.0451,0.939,0.25,NORMAL,0
2024-02-23,Native_Ads,BR,277,26,4,0.0131,0.0939,0.0289,0.94,0.1538,NORMAL,0
2024-02-23,Native_Ads,CA,474,35,5,0.0244,0.0738,0.0464,0.93,0.1429,NORMAL,0
2024-02-23,Native_Ads,DE,424,24,4,0.0197,0.0566,0.0472,0.93,0.1667,NORMAL,0
2024-02-23,Native_Ads,IN,475,29,4,0.0197,0.0611,0.0611,0.938,0.1379,NORMAL,0
2024-02-23,Native_Ads,NG,370,20,2,0.014,0.0541,0.0351,0.941,0.1,NORMAL,0
2024-02-23,Native_Ads,PL,74,5,1,0.012,0.0676,0.0541,0.929,0.2,NORMAL,0
2024-02-23,Push_Network,AU,1135,42,5,0.0226,0.037,0.1789,0.863,0.119,HIGH_FRAUD_RATE,1
2024-02-23,Push_Network,BR,239,7,1,0.0109,0.0293,0.0921,0.879,0.1429,NORMAL,0
2024-02-23,Push_Network,CA,540,26,2,0.019,0.0481,0.1296,0.87,0.0769,HIGH_FRAUD_RATE,1
2024-02-23,Push_Network,DE,682,28,4,0.0299,0.0411,0.1364,0.867,0.1429,HIGH_FRAUD_RATE,1
2024-02-23,Push_Network,IN,1444,40,5,0.0245,0.0277,0.1856,0.866,0.125,HIGH_FRAUD_RATE,1
2024-02-23,Push_Network,NG,380,15,1,0.0223,0.0395,0.1868,0.858,0.0667,HIGH_FRAUD_RATE,1
2024-02-23,Push_Network,PL,762,33,4,0.0226,0.0433,0.1247,0.867,0.1212,HIGH_FRAUD_RATE,1
2024-02-23,TikTok,AU,307,18,2,0.0174,0.0586,0.0684,0.917,0.1111,NORMAL,0
2024-02-23,TikTok,BR,235,12,1,0.0089,0.0511,0.0426,0.907,0.0833,NORMAL,0
2024-02-23,TikTok,CA,690,54,8,0.0274,0.0783,0.058,0.935,0.1481,NORMAL,0
2024-02-23,TikTok,DE,618,41,6,0.0256,0.0663,0.1117,0.926,0.1463,HIGH_FRAUD_RATE,1
2024-02-23,TikTok,IN,378,26,5,0.0192,0.0688,0.0847,0.916,0.1923,NORMAL,0
2024-02-23,TikTok,NG,634,43,5,0.0231,0.0678,0.0852,0.92,0.1163,NORMAL,0
2024-02-23,TikTok,PL,1048,65,6,0.0219,0.062,0.0468,0.926,0.0923,NORMAL,0
2024-02-24,Affiliate_SEO,AU,697,149,51,0.0361,0.2138,0.0273,0.98,0.3423,NORMAL,0
2024-02-24,Affiliate_SEO,BR,171,26,7,0.0126,0.152,0.0175,0.979,0.2692,NORMAL,0
2024-02-24,Affiliate_SEO,CA,522,102,35,0.0248,0.1954,0.0172,0.981,0.3431,NORMAL,0
2024-02-24,Affiliate_SEO,DE,359,68,30,0.0234,0.1894,0.0223,0.984,0.4412,NORMAL,0
2024-02-24,Affiliate_SEO,IN,39,8,2,0.0104,0.2051,0.0,0.983,0.25,NORMAL,0
2024-02-24,Affiliate_SEO,NG,26,8,2,0.0236,0.3077,0.0,0.982,0.25,NORMAL,0
2024-02-24,Affiliate_SEO,PL,312,58,23,0.0193,0.1859,0.0096,0.983,0.3966,NORMAL,0
2024-02-24,Facebook,AU,640,59,7,0.0393,0.0922,0.0297,0.976,0.1186,NORMAL,0
2024-02-24,Facebook,BR,688,49,8,0.0217,0.0712,0.0436,0.97,0.1633,NORMAL,0
2024-02-24,Facebook,CA,1037,92,25,0.0303,0.0887,0.0164,0.972,0.2717,NORMAL,0
2024-02-24,Facebook,DE,1292,133,34,0.026,0.1029,0.0178,0.97,0.2556,NORMAL,0
2024-02-24,Facebook,IN,509,28,6,0.0439,0.055,0.0334,0.968,0.2143,NORMAL,0
2024-02-24,Facebook,NG,973,98,17,0.0467,0.1007,0.0298,0.964,0.1735,NORMAL,0
2024-02-24,Facebook,PL,1074,129,23,0.0312,0.1201,0.0261,0.967,0.1783,NORMAL,0
2024-02-24,Google_Search,AU,479,74,29,0.0283,0.1545,0.0146,0.992,0.3919,NORMAL,0
2024-02-24,Google_Search,BR,660,138,30,0.0336,0.2091,0.0136,0.988,0.2174,NORMAL,0
2024-02-24,Google_Search,CA,773,134,29,0.0368,0.1734,0.0129,0.988,0.2164,NORMAL,0
2024-02-24,Google_Search,DE,457,71,19,0.051,0.1554,0.0131,0.992,0.2676,NORMAL,0
2024-02-24,Google_Search,IN,361,69,24,0.0311,0.1911,0.0083,0.992,0.3478,NORMAL,0
2024-02-24,Google_Search,NG,850,156,45,0.0353,0.1835,0.0082,0.992,0.2885,NORMAL,0
2024-02-24,Google_Search,PL,204,32,12,0.0124,0.1569,0.0049,0.991,0.375,NORMAL,0
2024-02-24,Native_Ads,AU,523,47,12,0.0139,0.0899,0.0765,0.933,0.2553,NORMAL,0
2024-02-24,Native_Ads,BR,702,44,9,0.0194,0.0627,0.057,0.95,0.2045,NORMAL,0
2024-02-24,Native_Ads,CA,1175,113,30,0.0243,0.0962,0.0434,0.94,0.2655,NORMAL,0
2024-02-24,Native_Ads,DE,201,11,2,0.0137,0.0547,0.0597,0.944,0.1818,NORMAL,0
2024-02-24,Native_Ads,IN,647,53,9,0.0311,0.0819,0.0896,0.931,0.1698,NORMAL,0
2024-02-24,Native_Ads,NG,572,35,7,0.029,0.0612,0.0769,0.934,0.2,NORMAL,0
2024-02-24,Native_Ads,PL,711,61,9,0.0167,0.0858,0.0745,0.946,0.1475,NORMAL,0
2024-02-24,Push_Network,AU,1886,98,10,0.0222,0.052,0.184,0.859,0.102,HIGH_FRAUD_RATE,1
2024-02-24,Push_Network,BR,314,14,1,0.0304,0.0446,0.1178,0.837,0.0714,HIGH_FRAUD_RATE,1
2024-02-24,Push_Network,CA,65,3,0,0.0072,0.0462,0.2,0.86,0.0,HIGH_FRAUD_RATE,1
2024-02-24,Push_Network,DE,190,7,0,0.0152,0.0368,0.0947,0.852,0.0,NORMAL,0
2024-02-24,Push_Network,IN,374,21,1,0.0196,0.0561,0.0989,0.85,0.0476,NORMAL,0
2024-02-24,Push_Network,NG,495,16,1,0.023,0.0323,0.1838,0.88,0.0625,HIGH_FRAUD_RATE,1
2024-02-24,Push_Network,PL,1797,98,10,0.0326,0.0545,0.1964,0.879,0.102,HIGH_FRAUD_RATE,1
2024-02-24,TikTok,AU,695,63,9,0.0164,0.0906,0.1007,0.933,0.1429,HIGH_FRAUD_RATE,1
2024-02-24,TikTok,BR,305,17,2,0.0122,0.0557,0.0885,0.932,0.1176,NORMAL,0
2024-02-24,TikTok,CA,824,43,6,0.0249,0.0522,0.0752,0.92,0.1395,NORMAL,0
2024-02-24,TikTok,DE,426,27,4,0.0199,0.0634,0.1056,0.911,0.1481,HIGH_FRAUD_RATE,1
2024-02-24,TikTok,IN,373,19,2,0.0132,0.0509,0.0858,0.932,0.1053,NORMAL,0
2024-02-24,TikTok,NG,993,71,10,0.0264,0.0715,0.0886,0.908,0.1408,NORMAL,0
2024-02-24,TikTok,PL,459,23,2,0.0249,0.0501,0.1133,0.92,0.087,HIGH_FRAUD_RATE,1
2024-02-25,Affiliate_SEO,AU,332,74,30,0.0134,0.2229,0.0241,0.979,0.4054,NORMAL,0
2024-02-25,Affiliate_SEO,BR,272,60,22,0.0279,0.2206,0.0257,0.977,0.3667,NORMAL,0
2024-02-25,Affiliate_SEO,CA,861,156,58,0.0159,0.1812,0.0128,0.982,0.3718,NORMAL,0
2024-02-25,Affiliate_SEO,DE,198,38,17,0.0141,0.1919,0.0202,0.983,0.4474,NORMAL,0
2024-02-25,Affiliate_SEO,IN,82,16,6,0.0203,0.1951,0.0122,0.976,0.375,NORMAL,0
2024-02-25,Affiliate_SEO,NG,30,5,1,0.0186,0.1667,0.0,0.984,0.2,NORMAL,0
2024-02-25,Affiliate_SEO,PL,150,24,6,0.0124,0.16,0.02,0.984,0.25,NORMAL,0
2024-02-25,Facebook,AU,624,65,16,0.0371,0.1042,0.0337,0.967,0.2462,NORMAL,0
2024-02-25,Facebook,BR,548,23,3,0.0307,0.042,0.0347,0.972,0.1304,NORMAL,0
2024-02-25,Facebook,CA,1094,73,17,0.0447,0.0667,0.0192,0.97,0.2329,NORMAL,0
2024-02-25,Facebook,DE,892,45,13,0.0227,0.0504,0.0381,0.966,0.2889,NORMAL,0
2024-02-25,Facebook,IN,1320,153,31,0.0302,0.1159,0.0311,0.969,0.2026,NORMAL,0
2024-02-25,Facebook,NG,509,59,15,0.0188,0.1159,0.0255,0.969,0.2542,NORMAL,0
2024-02-25,Facebook,PL,1754,189,34,0.035,0.1078,0.0274,0.974,0.1799,NORMAL,0
2024-02-25,Google_Search,AU,877,124,28,0.0381,0.1414,0.0046,0.991,0.2258,NORMAL,0
2024-02-25,Google_Search,BR,635,75,15,0.0344,0.1181,0.0142,0.99,0.2,NORMAL,0
2024-02-25,Google_Search,CA,1905,214,61,0.0413,0.1123,0.0142,0.989,0.285,NORMAL,0
2024-02-25,Google_Search,DE,901,140,43,0.0211,0.1554,0.0067,0.991,0.3071,NORMAL,0
2024-02-25,Google_Search,IN,1224,187,67,0.0227,0.1528,0.009,0.99,0.3583,NORMAL,0
2024-02-25,Google_Search,NG,1417,158,52,0.0293,0.1115,0.0064,0.992,0.3291,NORMAL,0
2024-02-25,Google_Search,PL,945,141,50,0.0383,0.1492,0.0085,0.991,0.3546,NORMAL,0
2024-02-25,Native_Ads,AU,159,13,2,0.0118,0.0818,0.0881,0.947,0.1538,NORMAL,0
2024-02-25,Native_Ads,BR,972,70,17,0.0234,0.072,0.0638,0.938,0.2429,NORMAL,0
2024-02-25,Native_Ads,CA,782,49,13,0.0168,0.0627,0.0818,0.946,0.2653,NORMAL,0
2024-02-25,Native_Ads,DE,398,29,3,0.0244,0.0729,0.0302,0.941,0.1034,NORMAL,0
2024-02-25,Native_Ads,IN,425,33,6,0.0142,0.0776,0.0282,0.947,0.1818,NORMAL,0
2024-02-25,Native_Ads,NG,215,17,3,0.0124,0.0791,0.0465,0.935,0.1765,NORMAL,0
2024-02-25,Native_Ads,PL,698,60,14,0.0208,0.086,0.0645,0.933,0.2333,NORMAL,0
2024-02-25,Push_Network,AU,315,14,2,0.0239,0.0444,0.1175,0.862,0.1429,HIGH_FRAUD_RATE,1
2024-02-25,Push_Network,BR,485,14,1,0.0264,0.0289,0.1629,0.865,0.0714,HIGH_FRAUD_RATE,1
2024-02-25,Push_Network,CA,308,9,1,0.0151,0.0292,0.1948,0.837,0.1111,HIGH_FRAUD_RATE,1
2024-02-25,Push_Network,DE,166,4,0,0.0174,0.0241,0.1325,0.875,0.0,HIGH_FRAUD_RATE,1
2024-02-25,Push_Network,IN,379,12,1,0.0161,0.0317,0.1478,0.833,0.0833,HIGH_FRAUD_RATE,1
2024-02-25,Push_Network,NG,431,19,1,0.0193,0.0441,0.1462,0.851,0.0526,HIGH_FRAUD_RATE,1
2024-02-25,Push_Network,PL,579,21,2,0.0312,0.0363,0.133,0.862,0.0952,HIGH_FRAUD_RATE,1
2024-02-25,TikTok,AU,917,50,7,0.0159,0.0545,0.1014,0.93,0.14,HIGH_FRAUD_RATE,1
2024-02-25,TikTok,BR,891,31,6,0.0406,0.0348,0.1033,0.923,0.1935,HIGH_FRAUD_RATE,1
2024-02-25,TikTok,CA,928,44,7,0.0193,0.0474,0.0959,0.931,0.1591,NORMAL,0
2024-02-25,TikTok,DE,1253,65,7,0.0295,0.0519,0.1165,0.913,0.1077,HIGH_FRAUD_RATE,1
2024-02-25,TikTok,IN,354,16,2,0.0237,0.0452,0.1073,0.912,0.125,HIGH_FRAUD_RATE,1
2024-02-25,TikTok,NG,190,13,1,0.0154,0.0684,0.0947,0.917,0.0769,NORMAL,0
2024-02-25,TikTok,PL,398,22,3,0.0126,0.0553,0.0779,0.935,0.1364,NORMAL,0
2024-02-26,Affiliate_SEO,AU,404,76,23,0.0124,0.1881,0.0099,0.977,0.3026,NORMAL,0
2024-02-26,Affiliate_SEO,BR,544,101,48,0.0304,0.1857,0.011,0.979,0.4752,NORMAL,0
2024-02-26,Affiliate_SEO,CA,111,24,9,0.0099,0.2162,0.018,0.984,0.375,NORMAL,0
2024-02-26,Affiliate_SEO,DE,1589,453,169,0.0242,0.2851,0.0176,0.982,0.3731,NORMAL,0
2024-02-26,Affiliate_SEO,IN,87,18,4,0.0264,0.2069,0.0115,0.979,0.2222,NORMAL,0
2024-02-26,Affiliate_SEO,NG,52,10,3,0.0168,0.1923,0.0,0.98,0.3,NORMAL,0
2024-02-26,Affiliate_SEO,PL,405,83,36,0.0178,0.2049,0.0173,0.976,0.4337,NORMAL,0
2024-02-26,Facebook,AU,858,68,13,0.0266,0.0793,0.0408,0.965,0.1912,NORMAL,0
2024-02-26,Facebook,BR,687,51,11,0.0265,0.0742,0.0262,0.972,0.2157,NORMAL,0
2024-02-26,Facebook,CA,815,71,14,0.0279,0.0871,0.0184,0.974,0.1972,NORMAL,0
2024-02-26,Facebook,DE,1512,159,47,0.0467,0.1052,0.0337,0.973,0.2956,NORMAL,0
2024-02-26,Facebook,IN,1239,108,24,0.049,0.0872,0.0169,0.966,0.2222,NORMAL,0
2024-02-26,Facebook,NG,1289,104,23,0.0293,0.0807,0.0233,0.964,0.2212,NORMAL,0
2024-02-26,Facebook,PL,1109,108,22,0.0376,0.0974,0.0234,0.964,0.2037,NORMAL,0
2024-02-26,Google_Search,AU,1076,130,51,0.046,0.1208,0.0074,0.988,0.3923,NORMAL,0
2024-02-26,Google_Search,BR,818,132,40,0.0391,0.1614,0.0134,0.989,0.303,NORMAL,0
2024-02-26,Google_Search,CA,173,17,6,0.0346,0.0983,0.0116,0.992,0.3529,NORMAL,0
2024-02-26,Google_Search,DE,784,114,40,0.0459,0.1454,0.0128,0.991,0.3509,NORMAL,0
2024-02-26,Google_Search,IN,697,108,37,0.0372,0.1549,0.0072,0.99,0.3426,NORMAL,0
2024-02-26,Google_Search,NG,2010,265,99,0.0238,0.1318,0.0124,0.991,0.3736,NORMAL,0
2024-02-26,Google_Search,PL,1696,300,85,0.0394,0.1769,0.0065,0.989,0.2833,NORMAL,0
2024-02-26,Native_Ads,AU,218,14,3,0.0085,0.0642,0.0596,0.946,0.2143,NORMAL,0
2024-02-26,Native_Ads,BR,302,22,3,0.0182,0.0728,0.0397,0.938,0.1364,NORMAL,0
2024-02-26,Native_Ads,CA,342,27,5,0.0174,0.0789,0.0877,0.942,0.1852,NORMAL,0
2024-02-26,Native_Ads,DE,345,24,6,0.0238,0.0696,0.0609,0.932,0.25,NORMAL,0
2024-02-26,Native_Ads,IN,325,25,5,0.0197,0.0769,0.0369,0.944,0.2,NORMAL,0
2024-02-26,Native_Ads,NG,368,19,3,0.0137,0.0516,0.0489,0.945,0.1579,NORMAL,0
2024-02-26,Native_Ads,PL,659,53,13,0.0229,0.0804,0.085,0.929,0.2453,NORMAL,0
2024-02-26,Push_Network,AU,217,12,1,0.0145,0.0553,0.106,0.835,0.0833,HIGH_FRAUD_RATE,1
2024-02-26,Push_Network,BR,417,14,2,0.0173,0.0336,0.0911,0.877,0.1429,NORMAL,0
2024-02-26,Push_Network,CA,1768,93,13,0.0234,0.0526,0.1431,0.86,0.1398,HIGH_FRAUD_RATE,1
2024-02-26,Push_Network,DE,646,36,3,0.0164,0.0557,0.0759,0.873,0.0833,NORMAL,0
2024-02-26,Push_Network,IN,260,11,1,0.0248,0.0423,0.0769,0.838,0.0909,NORMAL,0
2024-02-26,Push_Network,NG,504,14,1,0.0218,0.0278,0.0972,0.878,0.0714,NORMAL,0
2024-02-26,Push_Network,PL,945,27,3,0.023,0.0286,0.1312,0.88,0.1111,HIGH_FRAUD_RATE,1
2024-02-26,TikTok,AU,155,9,1,0.0164,0.0581,0.1032,0.913,0.1111,HIGH_FRAUD_RATE,1
2024-02-26,TikTok,BR,522,32,6,0.0272,0.0613,0.0843,0.933,0.1875,NORMAL,0
2024-02-26,TikTok,CA,939,83,16,0.0221,0.0884,0.1033,0.931,0.1928,HIGH_FRAUD_RATE,1
2024-02-26,TikTok,DE,248,14,2,0.0189,0.0565,0.0565,0.923,0.1429,NORMAL,0
2024-02-26,TikTok,IN,164,12,2,0.0085,0.0732,0.0915,0.905,0.1667,NORMAL,0
2024-02-26,TikTok,NG,202,13,1,0.0159,0.0644,0.1139,0.921,0.0769,HIGH_FRAUD_RATE,1
2024-02-26,TikTok,PL,235,16,2,0.027,0.0681,0.1149,0.916,0.125,HIGH_FRAUD_RATE,1
2024-02-27,Affiliate_SEO,AU,303,63,21,0.0175,0.2079,0.0231,0.984,0.3333,NORMAL,0
2024-02-27,Affiliate_SEO,BR,94,22,6,0.0135,0.234,0.0106,0.98,0.2727,NORMAL,0
2024-02-27,Affiliate_SEO,CA,1723,329,105,0.0286,0.1909,0.0163,0.977,0.3191,NORMAL,0
2024-02-27,Affiliate_SEO,DE,525,149,57,0.0173,0.2838,0.0133,0.983,0.3826,NORMAL,0
2024-02-27,Affiliate_SEO,IN,43,8,1,0.0319,0.186,0.0,0.98,0.125,NORMAL,0
2024-02-27,Affiliate_SEO,NG,40,5,1,0.0112,0.125,0.025,0.976,0.2,NORMAL,0
2024-02-27,Affiliate_SEO,PL,517,83,23,0.0215,0.1605,0.029,0.981,0.2771,NORMAL,0
2024-02-27,Facebook,AU,626,53,13,0.0244,0.0847,0.0224,0.969,0.2453,NORMAL,0
2024-02-27,Facebook,BR,686,48,10,0.0304,0.07,0.0219,0.971,0.2083,NORMAL,0
2024-02-27,Facebook,CA,328,26,7,0.0243,0.0793,0.0396,0.968,0.2692,NORMAL,0
2024-02-27,Facebook,DE,1237,129,26,0.0475,0.1043,0.0275,0.973,0.2016,NORMAL,0
2024-02-27,Facebook,IN,336,30,7,0.0144,0.0893,0.0179,0.966,0.2333,NORMAL,0
2024-02-27,Facebook,NG,360,20,3,0.0231,0.0556,0.0194,0.966,0.15,NORMAL,0
2024-02-27,Facebook,PL,670,62,16,0.0428,0.0925,0.0224,0.975,0.2581,NORMAL,0
2024-02-27,Google_Search,AU,1070,160,45,0.0343,0.1495,0.0112,0.991,0.2812,NORMAL,0
2024-02-27,Google_Search,BR,558,72,16,0.0207,0.129,0.009,0.991,0.2222,NORMAL,0
2024-02-27,Google_Search,CA,476,73,26,0.0362,0.1534,0.0063,0.992,0.3562,NORMAL,0
2024-02-27,Google_Search,DE,687,110,32,0.0382,0.1601,0.0116,0.989,0.2909,NORMAL,0
2024-02-27,Google_Search,IN,1102,121,37,0.04,0.1098,0.0082,0.989,0.3058,NORMAL,0
2024-02-27,Google_Search,NG,650,117,44,0.0328,0.18,0.0092,0.989,0.3761,NORMAL,0
2024-02-27,Google_Search,PL,234,30,8,0.0107,0.1282,0.0085,0.99,0.2667,NORMAL,0
2024-02-27,Native_Ads,AU,631,41,9,0.0326,0.065,0.0317,0.935,0.2195,NORMAL,0
2024-02-27,Native_Ads,BR,354,26,4,0.018,0.0734,0.048,0.941,0.1538,NORMAL,0
2024-02-27,Native_Ads,CA,367,30,7,0.0196,0.0817,0.0599,0.936,0.2333,NORMAL,0
2024-02-27,Native_Ads,DE,446,29,5,0.0209,0.065,0.0314,0.93,0.1724,NORMAL,0
2024-02-27,Native_Ads,IN,931,75,16,0.0338,0.0806,0.0623,0.946,0.2133,NORMAL,0
2024-02-27,Native_Ads,NG,395,33,8,0.0175,0.0835,0.0405,0.933,0.2424,NORMAL,0
2024-02-27,Native_Ads,PL,289,17,3,0.0193,0.0588,0.0415,0.938,0.1765,NORMAL,0
2024-02-27,Push_Network,AU,375,16,1,0.0202,0.0427,0.1547,0.853,0.0625,HIGH_FRAUD_RATE,1
2024-02-27,Push_Network,BR,216,7,0,0.014,0.0324,0.1389,0.878,0.0,HIGH_FRAUD_RATE,1
2024-02-27,Push_Network,CA,220,9,0,0.0132,0.0409,0.0909,0.877,0.0,NORMAL,0
2024-02-27,Push_Network,DE,653,19,1,0.0166,0.0291,0.1715,0.864,0.0526,HIGH_FRAUD_RATE,1
2024-02-27,Push_Network,IN,146,7,1,0.0081,0.0479,0.1507,0.841,0.1429,HIGH_FRAUD_RATE,1
2024-02-27,Push_Network,NG,260,11,0,0.0195,0.0423,0.1808,0.858,0.0,HIGH_FRAUD_RATE,1
2024-02-27,Push_Network,PL,130,3,0,0.0144,0.0231,0.1769,0.877,0.0,HIGH_FRAUD_RATE,1
2024-02-27,TikTok,AU,939,39,4,0.0239,0.0415,0.0618,0.908,0.1026,NORMAL,0
2024-02-27,TikTok,BR,804,52,3,0.0218,0.0647,0.0846,0.91,0.0577,NORMAL,0
2024-02-27,TikTok,CA,357,21,2,0.0144,0.0588,0.0532,0.917,0.0952,NORMAL,0
2024-02-27,TikTok,DE,398,30,5,0.0186,0.0754,0.103,0.918,0.1667,HIGH_FRAUD_RATE,1
2024-02-27,TikTok,IN,508,21,3,0.0135,0.0413,0.0689,0.908,0.1429,NORMAL,0
2024-02-27,TikTok,NG,449,22,5,0.0207,0.049,0.0646,0.931,0.2273,NORMAL,0
2024-02-27,TikTok,PL,684,51,8,0.0218,0.0746,0.0936,0.934,0.1569,NORMAL,0
2024-02-28,Affiliate_SEO,AU,991,258,115,0.025,0.2603,0.0272,0.982,0.4457,NORMAL,0
2024-02-28,Affiliate_SEO,BR,67,16,7,0.0179,0.2388,0.0149,0.983,0.4375,NORMAL,0
2024-02-28,Affiliate_SEO,CA,965,205,88,0.0231,0.2124,0.0259,0.977,0.4293,NORMAL,0
2024-02-28,Affiliate_SEO,DE,326,64,28,0.0161,0.1963,0.0245,0.977,0.4375,NORMAL,0
2024-02-28,Affiliate_SEO,IN,35,6,1,0.0217,0.1714,0.0,0.981,0.1667,NORMAL,0
2024-02-28,Affiliate_SEO,NG,37,8,2,0.013,0.2162,0.0,0.983,0.25,NORMAL,0
2024-02-28,Affiliate_SEO,PL,258,51,19,0.0164,0.1977,0.0271,0.979,0.3725,NORMAL,0
2024-02-28,Facebook,AU,938,95,35,0.0272,0.1013,0.0416,0.974,0.3684,NORMAL,0
2024-02-28,Facebook,BR,2207,204,50,0.0402,0.0924,0.0258,0.969,0.2451,NORMAL,0
2024-02-28,Facebook,CA,933,70,13,0.035,0.075,0.0439,0.972,0.1857,NORMAL,0
2024-02-28,Facebook,DE,1272,118,37,0.0454,0.0928,0.0377,0.975,0.3136,NORMAL,0
2024-02-28,Facebook,IN,1478,139,30,0.037,0.094,0.0223,0.975,0.2158,NORMAL,0
2024-02-28,Facebook,NG,1141,121,19,0.0389,0.106,0.0158,0.971,0.157,NORMAL,0
2024-02-28,Facebook,PL,739,48,9,0.0301,0.065,0.023,0.971,0.1875,NORMAL,0
2024-02-28,Google_Search,AU,508,46,16,0.0372,0.0906,0.0098,0.988,0.3478,NORMAL,0
2024-02-28,Google_Search,BR,1220,141,42,0.0455,0.1156,0.0066,0.99,0.2979,NORMAL,0
2024-02-28,Google_Search,CA,2436,246,78,0.0305,0.101,0.0049,0.991,0.3171,NORMAL,0
2024-02-28,Google_Search,DE,950,181,50,0.0359,0.1905,0.0074,0.991,0.2762,NORMAL,0
2024-02-28,Google_Search,IN,577,52,15,0.0361,0.0901,0.0087,0.99,0.2885,NORMAL,0
2024-02-28,Google_Search,NG,1145,169,52,0.0366,0.1476,0.0079,0.989,0.3077,NORMAL,0
2024-02-28,Google_Search,PL,1568,215,66,0.0425,0.1371,0.0064,0.992,0.307,NORMAL,0
2024-02-28,Native_Ads,AU,700,55,10,0.0219,0.0786,0.0771,0.936,0.1818,NORMAL,0
2024-02-28,Native_Ads,BR,613,42,7,0.0213,0.0685,0.0473,0.938,0.1667,NORMAL,0
2024-02-28,Native_Ads,CA,254,15,4,0.0128,0.0591,0.0787,0.937,0.2667,NORMAL,0
2024-02-28,Native_Ads,DE,220,14,3,0.0216,0.0636,0.0591,0.938,0.2143,NORMAL,0
2024-02-28,Native_Ads,IN,237,16,3,0.0223,0.0675,0.0675,0.933,0.1875,NORMAL,0
2024-02-28,Native_Ads,NG,334,22,5,0.0153,0.0659,0.0419,0.933,0.2273,NORMAL,0
2024-02-28,Native_Ads,PL,395,27,8,0.0231,0.0684,0.0481,0.951,0.2963,NORMAL,0
2024-02-28,Push_Network,AU,1095,35,3,0.0208,0.032,0.1406,0.86,0.0857,HIGH_FRAUD_RATE,1
2024-02-28,Push_Network,BR,703,29,3,0.0293,0.0413,0.0768,0.86,0.1034,NORMAL,0
2024-02-28,Push_Network,CA,421,13,1,0.0241,0.0309,0.0879,0.843,0.0769,NORMAL,0
2024-02-28,Push_Network,DE,422,14,1,0.0197,0.0332,0.1398,0.853,0.0714,HIGH_FRAUD_RATE,1
2024-02-28,Push_Network,IN,352,12,1,0.0248,0.0341,0.0739,0.868,0.0833,NORMAL,0
2024-02-28,Push_Network,NG,894,41,5,0.0263,0.0459,0.0817,0.837,0.122,NORMAL,0
2024-02-28,Push_Network,PL,1161,45,5,0.0319,0.0388,0.2007,0.859,0.1111,HIGH_FRAUD_RATE,1
2024-02-28,TikTok,AU,569,45,7,0.0238,0.0791,0.0844,0.935,0.1556,NORMAL,0
2024-02-28,TikTok,BR,284,15,2,0.0097,0.0528,0.0669,0.907,0.1333,NORMAL,0
2024-02-28,TikTok,CA,698,34,5,0.0282,0.0487,0.1003,0.923,0.1471,HIGH_FRAUD_RATE,1
2024-02-28,TikTok,DE,229,10,1,0.007,0.0437,0.1135,0.911,0.1,HIGH_FRAUD_RATE,1
2024-02-28,TikTok,IN,290,16,2,0.0129,0.0552,0.0724,0.921,0.125,NORMAL,0
2024-02-28,TikTok,NG,407,28,4,0.0303,0.0688,0.0516,0.907,0.1429,NORMAL,0
2024-02-28,TikTok,PL,621,37,6,0.0186,0.0596,0.095,0.916,0.1622,NORMAL,0
2024-02-29,Affiliate_SEO,AU,624,84,24,0.0231,0.1346,0.0224,0.983,0.2857,NORMAL,0
2024-02-29,Affiliate_SEO,BR,85,26,11,0.0125,0.3059,0.0235,0.979,0.4231,NORMAL,0
2024-02-29,Affiliate_SEO,CA,467,111,45,0.0205,0.2377,0.0128,0.979,0.4054,NORMAL,0
2024-02-29,Affiliate_SEO,DE,349,96,39,0.01,0.2751,0.0172,0.983,0.4062,NORMAL,0
2024-02-29,Affiliate_SEO,IN,62,13,4,0.0212,0.2097,0.0161,0.983,0.3077,NORMAL,0
2024-02-29,Affiliate_SEO,NG,61,7,2,0.0135,0.1148,0.0164,0.978,0.2857,NORMAL,0
2024-02-29,Affiliate_SEO,PL,311,83,27,0.0163,0.2669,0.0225,0.983,0.3253,NORMAL,0
2024-02-29,Facebook,AU,427,29,8,0.026,0.0679,0.0375,0.974,0.2759,NORMAL,0
2024-02-29,Facebook,BR,774,74,15,0.0497,0.0956,0.0439,0.966,0.2027,NORMAL,0
2024-02-29,Facebook,CA,556,46,12,0.042,0.0827,0.0342,0.974,0.2609,NORMAL,0
2024-02-29,Facebook,DE,831,54,12,0.036,0.065,0.0301,0.974,0.2222,NORMAL,0
2024-02-29,Facebook,IN,1007,100,27,0.0348,0.0993,0.0308,0.973,0.27,NORMAL,0
2024-02-29,Facebook,NG,2424,219,51,0.0462,0.0903,0.0206,0.974,0.2329,NORMAL,0
2024-02-29,Facebook,PL,312,34,9,0.0375,0.109,0.0385,0.969,0.2647,NORMAL,0
2024-02-29,Google_Search,AU,1203,138,41,0.0428,0.1147,0.01,0.99,0.2971,NORMAL,0
2024-02-29,Google_Search,BR,780,83,23,0.0384,0.1064,0.0115,0.988,0.2771,NORMAL,0
2024-02-29,Google_Search,CA,539,76,27,0.0262,0.141,0.0074,0.991,0.3553,NORMAL,0
2024-02-29,Google_Search,DE,738,150,48,0.0317,0.2033,0.0122,0.991,0.32,NORMAL,0
2024-02-29,Google_Search,IN,1129,146,47,0.0322,0.1293,0.008,0.991,0.3219,NORMAL,0
2024-02-29,Google_Search,NG,378,62,17,0.025,0.164,0.0106,0.989,0.2742,NORMAL,0
2024-02-29,Google_Search,PL,722,125,39,0.0386,0.1731,0.0055,0.989,0.312,NORMAL,0
2024-02-29,Native_Ads,AU,229,18,3,0.0207,0.0786,0.048,0.951,0.1667,NORMAL,0
2024-02-29,Native_Ads,BR,307,26,5,0.0147,0.0847,0.0521,0.931,0.1923,NORMAL,0
2024-02-29,Native_Ads,CA,413,27,7,0.0224,0.0654,0.0387,0.948,0.2593,NORMAL,0
2024-02-29,Native_Ads,DE,1002,74,19,0.028,0.0739,0.0858,0.935,0.2568,NORMAL,0
2024-02-29,Native_Ads,IN,188,11,2,0.0146,0.0585,0.0851,0.937,0.1818,NORMAL,0
2024-02-29,Native_Ads,NG,730,60,12,0.0251,0.0822,0.0411,0.952,0.2,NORMAL,0
2024-02-29,Native_Ads,PL,121,9,2,0.0076,0.0744,0.0661,0.948,0.2222,NORMAL,0
2024-02-29,Push_Network,AU,1110,23,2,0.0292,0.0207,0.1495,0.863,0.087,HIGH_FRAUD_RATE,1
2024-02-29,Push_Network,BR,226,10,1,0.0141,0.0442,0.0885,0.884,0.1,NORMAL,0
2024-02-29,Push_Network,CA,807,28,4,0.0229,0.0347,0.0867,0.876,0.1429,NORMAL,0
2024-02-29,Push_Network,DE,467,19,1,0.0222,0.0407,0.1734,0.84,0.0526,HIGH_FRAUD_RATE,1
2024-02-29,Push_Network,IN,235,10,0,0.0185,0.0426,0.1234,0.855,0.0,HIGH_FRAUD_RATE,1
2024-02-29,Push_Network,NG,140,3,0,0.0128,0.0214,0.1214,0.835,0.0,HIGH_FRAUD_RATE,1
2024-02-29,Push_Network,PL,257,9,1,0.0225,0.035,0.1284,0.88,0.1111,HIGH_FRAUD_RATE,1
2024-02-29,TikTok,AU,213,12,1,0.0182,0.0563,0.0845,0.926,0.0833,NORMAL,0
2024-02-29,TikTok,BR,288,15,1,0.0105,0.0521,0.0868,0.93,0.0667,NORMAL,0
2024-02-29,TikTok,CA,265,16,1,0.0114,0.0604,0.0906,0.915,0.0625,NORMAL,0
2024-02-29,TikTok,DE,350,25,3,0.0168,0.0714,0.0743,0.927,0.12,NORMAL,0
2024-02-29,TikTok,IN,337,13,2,0.0107,0.0386,0.0979,0.908,0.1538,NORMAL,0
2024-02-29,TikTok,NG,677,42,8,0.0192,0.062,0.1182,0.92,0.1905,HIGH_FRAUD_RATE,1
2024-02-29,TikTok,PL,463,33,5,0.0174,0.0713,0.1166,0.928,0.1515,HIGH_FRAUD_RATE,1
2024-03-01,Affiliate_SEO,AU,300,76,32,0.0183,0.2533,0.01,0.981,0.4211,NORMAL,0
2024-03-01,Affiliate_SEO,BR,39,5,1,0.0083,0.1282,0.0,0.983,0.2,NORMAL,0
2024-03-01,Affiliate_SEO,CA,1539,354,108,0.02,0.23,0.024,0.979,0.3051,NORMAL,0
2024-03-01,Affiliate_SEO,DE,144,27,7,0.0111,0.1875,0.0208,0.984,0.2593,NORMAL,0
2024-03-01,Affiliate_SEO,IN,208,20,6,0.0196,0.0962,0.0096,0.978,0.3,NORMAL,0
2024-03-01,Affiliate_SEO,NG,85,14,5,0.0136,0.1647,0.0118,0.978,0.3571,NORMAL,0
2024-03-01,Affiliate_SEO,PL,56,11,4,0.0068,0.1964,0.0,0.977,0.3636,NORMAL,0
2024-03-01,Facebook,AU,690,62,17,0.0224,0.0899,0.0145,0.968,0.2742,NORMAL,0
2024-03-01,Facebook,BR,620,54,17,0.0394,0.0871,0.0306,0.965,0.3148,NORMAL,0
2024-03-01,Facebook,CA,1001,58,14,0.0426,0.0579,0.04,0.965,0.2414,NORMAL,0
2024-03-01,Facebook,DE,1091,98,22,0.0527,0.0898,0.0312,0.968,0.2245,NORMAL,0
2024-03-01,Facebook,IN,747,55,10,0.0321,0.0736,0.0254,0.965,0.1818,NORMAL,0
2024-03-01,Facebook,NG,1335,86,12,0.0382,0.0644,0.0157,0.967,0.1395,NORMAL,0
2024-03-01,Facebook,PL,2158,265,78,0.0389,0.1228,0.0394,0.974,0.2943,NORMAL,0
2024-03-01,Google_Search,AU,1128,143,43,0.0489,0.1268,0.0062,0.991,0.3007,NORMAL,0
2024-03-01,Google_Search,BR,295,35,11,0.0136,0.1186,0.0068,0.988,0.3143,NORMAL,0
2024-03-01,Google_Search,CA,1233,181,59,0.0409,0.1468,0.0105,0.991,0.326,NORMAL,0
2024-03-01,Google_Search,DE,1575,143,59,0.0438,0.0908,0.007,0.989,0.4126,NORMAL,0
2024-03-01,Google_Search,IN,625,103,37,0.0359,0.1648,0.0096,0.989,0.3592,NORMAL,0
2024-03-01,Google_Search,NG,544,76,23,0.0339,0.1397,0.0074,0.992,0.3026,NORMAL,0
2024-03-01,Google_Search,PL,397,72,30,0.0182,0.1814,0.0076,0.989,0.4167,NORMAL,0
2024-03-01,Native_Ads,AU,345,23,3,0.0224,0.0667,0.058,0.949,0.1304,NORMAL,0
2024-03-01,Native_Ads,BR,301,18,3,0.0158,0.0598,0.0332,0.945,0.1667,NORMAL,0
2024-03-01,Native_Ads,CA,1360,122,24,0.0298,0.0897,0.0713,0.94,0.1967,NORMAL,0
2024-03-01,Native_Ads,DE,1221,89,16,0.028,0.0729,0.0868,0.941,0.1798,NORMAL,0
2024-03-01,Native_Ads,IN,487,45,8,0.0247,0.0924,0.0452,0.952,0.1778,NORMAL,0
2024-03-01,Native_Ads,NG,670,42,5,0.016,0.0627,0.0522,0.936,0.119,NORMAL,0
2024-03-01,Native_Ads,PL,344,23,4,0.0118,0.0669,0.0465,0.935,0.1739,NORMAL,0
2024-03-01,Push_Network,AU,576,20,1,0.0172,0.0347,0.0833,0.832,0.05,NORMAL,0
2024-03-01,Push_Network,BR,312,10,1,0.0131,0.0321,0.125,0.86,0.1,HIGH_FRAUD_RATE,1
2024-03-01,Push_Network,CA,561,18,2,0.0167,0.0321,0.148,0.859,0.1111,HIGH_FRAUD_RATE,1
2024-03-01,Push_Network,DE,314,11,1,0.0226,0.035,0.2006,0.85,0.0909,HIGH_FRAUD_RATE,1
2024-03-01,Push_Network,IN,383,8,1,0.0162,0.0209,0.141,0.884,0.125,HIGH_FRAUD_RATE,1
2024-03-01,Push_Network,NG,382,18,2,0.0214,0.0471,0.1806,0.862,0.1111,HIGH_FRAUD_RATE,1
2024-03-01,Push_Network,PL,980,44,4,0.0248,0.0449,0.1786,0.844,0.0909,HIGH_FRAUD_RATE,1
2024-03-01,TikTok,AU,296,23,4,0.0196,0.0777,0.0405,0.91,0.1739,NORMAL,0
2024-03-01,TikTok,BR,738,57,8,0.0181,0.0772,0.107,0.923,0.1404,HIGH_FRAUD_RATE,1
2024-03-01,TikTok,CA,494,29,4,0.0206,0.0587,0.0992,0.924,0.1379,NORMAL,0
2024-03-01,TikTok,DE,1180,71,11,0.0358,0.0602,0.1153,0.93,0.1549,HIGH_FRAUD_RATE,1
2024-03-01,TikTok,IN,133,4,0,0.012,0.0301,0.0602,0.931,0.0,NORMAL,0
2024-03-01,TikTok,NG,377,22,2,0.0146,0.0584,0.1008,0.905,0.0909,HIGH_FRAUD_RATE,1
2024-03-01,TikTok,PL,437,32,5,0.021,0.0732,0.0892,0.922,0.1562,NORMAL,0
2024-03-02,Affiliate_SEO,AU,295,69,23,0.015,0.2339,0.0203,0.982,0.3333,NORMAL,0
2024-03-02,Affiliate_SEO,BR,120,16,4,0.0086,0.1333,0.0167,0.98,0.25,NORMAL,0
2024-03-02,Affiliate_SEO,CA,454,84,25,0.0182,0.185,0.0176,0.982,0.2976,NORMAL,0
2024-03-02,Affiliate_SEO,DE,243,64,25,0.0171,0.2634,0.0165,0.981,0.3906,NORMAL,0
2024-03-02,Affiliate_SEO,IN,118,29,10,0.0244,0.2458,0.0254,0.979,0.3448,NORMAL,0
2024-03-02,Affiliate_SEO,NG,55,11,4,0.0099,0.2,0.0,0.981,0.3636,NORMAL,0
2024-03-02,Affiliate_SEO,PL,153,35,13,0.021,0.2288,0.0131,0.978,0.3714,NORMAL,0
2024-03-02,Facebook,AU,645,49,12,0.0321,0.076,0.0264,0.976,0.2449,NORMAL,0
2024-03-02,Facebook,BR,962,92,21,0.0423,0.0956,0.0405,0.965,0.2283,NORMAL,0
2024-03-02,Facebook,CA,783,75,22,0.0274,0.0958,0.0319,0.97,0.2933,NORMAL,0
2024-03-02,Facebook,DE,1361,81,13,0.0361,0.0595,0.0265,0.965,0.1605,NORMAL,0
2024-03-02,Facebook,IN,2451,181,35,0.0437,0.0738,0.0441,0.973,0.1934,NORMAL,0
2024-03-02,Facebook,NG,762,53,12,0.0293,0.0696,0.0289,0.976,0.2264,NORMAL,0
2024-03-02,Facebook,PL,1133,111,39,0.0365,0.098,0.0265,0.972,0.3514,NORMAL,0
2024-03-02,Google_Search,AU,991,123,34,0.0331,0.1241,0.005,0.989,0.2764,NORMAL,0
2024-03-02,Google_Search,BR,1886,253,53,0.0429,0.1341,0.0143,0.988,0.2095,NORMAL,0
2024-03-02,Google_Search,CA,481,74,19,0.0354,0.1538,0.0062,0.99,0.2568,NORMAL,0
2024-03-02,Google_Search,DE,1130,193,57,0.0433,0.1708,0.008,0.992,0.2953,NORMAL,0
2024-03-02,Google_Search,IN,1472,235,73,0.0513,0.1596,0.0088,0.989,0.3106,NORMAL,0
2024-03-02,Google_Search,NG,2650,468,147,0.044,0.1766,0.014,0.991,0.3141,NORMAL,0
2024-03-02,Google_Search,PL,1677,335,130,0.0576,0.1998,0.0066,0.991,0.3881,NORMAL,0
2024-03-02,Native_Ads,AU,313,22,4,0.0167,0.0703,0.0415,0.928,0.1818,NORMAL,0
2024-03-02,Native_Ads,BR,511,35,8,0.0179,0.0685,0.0724,0.932,0.2286,NORMAL,0
2024-03-02,Native_Ads,CA,757,60,11,0.0261,0.0793,0.074,0.937,0.1833,NORMAL,0
2024-03-02,Native_Ads,DE,934,60,10,0.0277,0.0642,0.0707,0.948,0.1667,NORMAL,0
2024-03-02,Native_Ads,IN,548,38,9,0.0172,0.0693,0.0511,0.948,0.2368,NORMAL,0
2024-03-02,Native_Ads,NG,823,60,15,0.0151,0.0729,0.051,0.948,0.25,NORMAL,0
2024-03-02,Native_Ads,PL,1806,129,28,0.0265,0.0714,0.0814,0.95,0.2171,NORMAL,0
2024-03-02,Push_Network,AU,251,11,1,0.0267,0.0438,0.1195,0.876,0.0909,HIGH_FRAUD_RATE,1
2024-03-02,Push_Network,BR,512,23,3,0.0197,0.0449,0.1621,0.857,0.1304,HIGH_FRAUD_RATE,1
2024-03-02,Push_Network,CA,445,17,1,0.0131,0.0382,0.182,0.861,0.0588,HIGH_FRAUD_RATE,1
2024-03-02,Push_Network,DE,469,12,1,0.0151,0.0256,0.1173,0.854,0.0833,HIGH_FRAUD_RATE,1
2024-03-02,Push_Network,IN,1373,36,3,0.026,0.0262,0.177,0.872,0.0833,HIGH_FRAUD_RATE,1
2024-03-02,Push_Network,NG,264,12,1,0.0235,0.0455,0.072,0.878,0.0833,NORMAL,0
2024-03-02,Push_Network,PL,509,21,1,0.0173,0.0413,0.1061,0.832,0.0476,HIGH_FRAUD_RATE,1
2024-03-02,TikTok,AU,443,27,3,0.0229,0.0609,0.0609,0.932,0.1111,NORMAL,0
2024-03-02,TikTok,BR,1063,69,12,0.0194,0.0649,0.0865,0.929,0.1739,NORMAL,0
2024-03-02,TikTok,CA,250,11,1,0.0193,0.044,0.04,0.914,0.0909,NORMAL,0
2024-03-02,TikTok,DE,146,9,1,0.007,0.0616,0.089,0.928,0.1111,NORMAL,0
2024-03-02,TikTok,IN,373,23,3,0.0239,0.0617,0.0429,0.933,0.1304,NORMAL,0
2024-03-02,TikTok,NG,767,49,8,0.0213,0.0639,0.0587,0.905,0.1633,NORMAL,0
2024-03-02,TikTok,PL,544,28,3,0.0263,0.0515,0.0588,0.922,0.1071,NORMAL,0
2024-03-03,Affiliate_SEO,AU,945,257,93,0.0231,0.272,0.0275,0.984,0.3619,NORMAL,0
2024-03-03,Affiliate_SEO,BR,134,26,10,0.0212,0.194,0.0149,0.984,0.3846,NORMAL,0
2024-03-03,Affiliate_SEO,CA,379,79,32,0.0253,0.2084,0.0132,0.979,0.4051,NORMAL,0
2024-03-03,Affiliate_SEO,DE,384,91,23,0.0232,0.237,0.026,0.98,0.2527,NORMAL,0
2024-03-03,Affiliate_SEO,IN,41,8,2,0.0232,0.1951,0.0,0.98,0.25,NORMAL,0
2024-03-03,Affiliate_SEO,NG,26,6,2,0.0158,0.2308,0.0,0.978,0.3333,NORMAL,0
2024-03-03,Affiliate_SEO,PL,245,46,14,0.0201,0.1878,0.0122,0.979,0.3043,NORMAL,0
2024-03-03,Facebook,AU,1180,128,31,0.0317,0.1085,0.039,0.974,0.2422,NORMAL,0
2024-03-03,Facebook,BR,573,62,17,0.0253,0.1082,0.0175,0.966,0.2742,NORMAL,0
2024-03-03,Facebook,CA,579,57,14,0.0377,0.0984,0.038,0.969,0.2456,NORMAL,0
2024-03-03,Facebook,DE,1554,145,34,0.0401,0.0933,0.0412,0.973,0.2345,NORMAL,0
2024-03-03,Facebook,IN,539,59,12,0.0285,0.1095,0.0278,0.969,0.2034,NORMAL,0
2024-03-03,Facebook,NG,729,53,14,0.0276,0.0727,0.0316,0.966,0.2642,NORMAL,0
2024-03-03,Facebook,PL,1234,105,26,0.0395,0.0851,0.0251,0.969,0.2476,NORMAL,0
2024-03-03,Google_Search,AU,442,57,17,0.0401,0.129,0.009,0.988,0.2982,NORMAL,0
2024-03-03,Google_Search,BR,1525,197,51,0.0436,0.1292,0.0079,0.99,0.2589,NORMAL,0
2024-03-03,Google_Search,CA,1276,160,43,0.0349,0.1254,0.0055,0.991,0.2687,NORMAL,0
2024-03-03,Google_Search,DE,615,110,31,0.0317,0.1789,0.0098,0.989,0.2818,NORMAL,0
2024-03-03,Google_Search,IN,701,110,34,0.041,0.1569,0.0086,0.988,0.3091,NORMAL,0
2024-03-03,Google_Search,NG,1170,159,49,0.0321,0.1359,0.0145,0.988,0.3082,NORMAL,0
2024-03-03,Google_Search,PL,451,60,20,0.0235,0.133,0.0133,0.99,0.3333,NORMAL,0
2024-03-03,Native_Ads,AU,276,23,5,0.0168,0.0833,0.058,0.929,0.2174,NORMAL,0
2024-03-03,Native_Ads,BR,876,64,16,0.02,0.0731,0.0411,0.952,0.25,NORMAL,0
2024-03-03,Native_Ads,CA,1045,62,15,0.0161,0.0593,0.0536,0.932,0.2419,NORMAL,0
2024-03-03,Native_Ads,DE,583,35,7,0.0203,0.06,0.0395,0.93,0.2,NORMAL,0
2024-03-03,Native_Ads,IN,1074,67,15,0.0262,0.0624,0.0708,0.949,0.2239,NORMAL,0
2024-03-03,Native_Ads,NG,748,64,15,0.0152,0.0856,0.0481,0.94,0.2344,NORMAL,0
2024-03-03,Native_Ads,PL,524,34,7,0.0268,0.0649,0.0515,0.935,0.2059,NORMAL,0
2024-03-03,Push_Network,AU,964,39,4,0.0268,0.0405,0.195,0.878,0.1026,HIGH_FRAUD_RATE,1
2024-03-03,Push_Network,BR,175,6,0,0.0132,0.0343,0.1371,0.846,0.0,HIGH_FRAUD_RATE,1
2024-03-03,Push_Network,CA,395,14,1,0.023,0.0354,0.1443,0.868,0.0714,HIGH_FRAUD_RATE,1
2024-03-03,Push_Network,DE,323,13,1,0.0236,0.0402,0.1548,0.868,0.0769,HIGH_FRAUD_RATE,1
2024-03-03,Push_Network,IN,406,15,1,0.0195,0.0369,0.2044,0.86,0.0667,HIGH_FRAUD_RATE,1
2024-03-03,Push_Network,NG,636,25,3,0.0256,0.0393,0.2091,0.865,0.12,HIGH_FRAUD_RATE,1
2024-03-03,Push_Network,PL,1122,31,4,0.024,0.0276,0.0891,0.839,0.129,NORMAL,0
2024-03-03,TikTok,AU,764,59,12,0.0291,0.0772,0.1021,0.935,0.2034,HIGH_FRAUD_RATE,1
2024-03-03,TikTok,BR,188,11,1,0.0097,0.0585,0.0426,0.929,0.0909,NORMAL,0
2024-03-03,TikTok,CA,456,28,3,0.0224,0.0614,0.1075,0.917,0.1071,HIGH_FRAUD_RATE,1
2024-03-03,TikTok,DE,720,41,8,0.0216,0.0569,0.0875,0.928,0.1951,NORMAL,0
2024-03-03,TikTok,IN,164,12,1,0.0107,0.0732,0.0915,0.912,0.0833,NORMAL,0
2024-03-03,TikTok,NG,501,31,5,0.0194,0.0619,0.0619,0.935,0.1613,NORMAL,0
2024-03-03,TikTok,PL,803,60,7,0.0232,0.0747,0.0934,0.932,0.1167,NORMAL,0
2024-03-04,Affiliate_SEO,AU,676,149,35,0.0213,0.2204,0.0118,0.977,0.2349,NORMAL,0
2024-03-04,Affiliate_SEO,BR,121,27,7,0.0135,0.2231,0.0083,0.977,0.2593,NORMAL,0
2024-03-04,Affiliate_SEO,CA,2092,409,129,0.0175,0.1955,0.0201,0.982,0.3154,NORMAL,0
2024-03-04,Affiliate_SEO,DE,449,89,33,0.0162,0.1982,0.0089,0.981,0.3708,NORMAL,0
2024-03-04,Affiliate_SEO,IN,164,40,17,0.0327,0.2439,0.0183,0.982,0.425,NORMAL,0
2024-03-04,Affiliate_SEO,NG,26,4,1,0.0234,0.1538,0.0,0.978,0.25,NORMAL,0
2024-03-04,Affiliate_SEO,PL,150,28,8,0.0139,0.1867,0.0133,0.977,0.2857,NORMAL,0
2024-03-04,Facebook,AU,701,69,19,0.0323,0.0984,0.0157,0.966,0.2754,NORMAL,0
2024-03-04,Facebook,BR,1603,161,48,0.0517,0.1004,0.0337,0.966,0.2981,NORMAL,0
2024-03-04,Facebook,CA,1992,113,20,0.0309,0.0567,0.0171,0.976,0.177,NORMAL,0
2024-03-04,Facebook,DE,608,42,11,0.0399,0.0691,0.0329,0.975,0.2619,NORMAL,0
2024-03-04,Facebook,IN,1066,68,19,0.0431,0.0638,0.0375,0.969,0.2794,NORMAL,0
2024-03-04,Facebook,NG,1000,59,17,0.0298,0.059,0.028,0.971,0.2881,NORMAL,0
2024-03-04,Facebook,PL,514,52,8,0.0244,0.1012,0.0195,0.97,0.1538,NORMAL,0
2024-03-04,Google_Search,AU,408,81,25,0.0308,0.1985,0.0098,0.989,0.3086,NORMAL,0
2024-03-04,Google_Search,BR,722,88,23,0.0374,0.1219,0.0097,0.989,0.2614,NORMAL,0
2024-03-04,Google_Search,CA,959,189,47,0.0398,0.1971,0.0063,0.989,0.2487,NORMAL,0
2024-03-04,Google_Search,DE,191,30,8,0.0328,0.1571,0.0052,0.988,0.2667,NORMAL,0
2024-03-04,Google_Search,IN,601,69,25,0.0269,0.1148,0.01,0.991,0.3623,NORMAL,0
2024-03-04,Google_Search,NG,1176,198,45,0.0439,0.1684,0.0128,0.989,0.2273,NORMAL,0
2024-03-04,Google_Search,PL,564,103,41,0.0282,0.1826,0.0053,0.99,0.3981,NORMAL,0
2024-03-04,Native_Ads,AU,360,22,3,0.0157,0.0611,0.0417,0.948,0.1364,NORMAL,0
2024-03-04,Native_Ads,BR,591,27,6,0.014,0.0457,0.0778,0.949,0.2222,NORMAL,0
2024-03-04,Native_Ads,CA,773,59,12,0.0252,0.0763,0.0828,0.941,0.2034,NORMAL,0
2024-03-04,Native_Ads,DE,249,21,4,0.0145,0.0843,0.0321,0.95,0.1905,NORMAL,0
2024-03-04,Native_Ads,IN,655,51,14,0.0253,0.0779,0.0687,0.949,0.2745,NORMAL,0
2024-03-04,Native_Ads,NG,318,20,3,0.0222,0.0629,0.0786,0.937,0.15,NORMAL,0
2024-03-04,Native_Ads,PL,362,23,4,0.0101,0.0635,0.0304,0.943,0.1739,NORMAL,0
2024-03-04,Push_Network,AU,329,7,1,0.021,0.0213,0.1216,0.88,0.1429,HIGH_FRAUD_RATE,1
2024-03-04,Push_Network,BR,458,8,0,0.0166,0.0175,0.1572,0.873,0.0,HIGH_FRAUD_RATE,1
2024-03-04,Push_Network,CA,719,26,3,0.0246,0.0362,0.0848,0.85,0.1154,NORMAL,0
2024-03-04,Push_Network,DE,390,15,1,0.0275,0.0385,0.159,0.836,0.0667,HIGH_FRAUD_RATE,1
2024-03-04,Push_Network,IN,742,23,1,0.0175,0.031,0.1173,0.858,0.0435,HIGH_FRAUD_RATE,1
2024-03-04,Push_Network,NG,602,26,3,0.0244,0.0432,0.1013,0.856,0.1154,HIGH_FRAUD_RATE,1
2024-03-04,Push_Network,PL,810,35,4,0.0165,0.0432,0.1469,0.884,0.1143,HIGH_FRAUD_RATE,1
2024-03-04,TikTok,AU,599,33,5,0.0134,0.0551,0.0434,0.914,0.1515,NORMAL,0
2024-03-04,TikTok,BR,1626,105,15,0.0097,0.0646,0.0843,0.93,0.1429,NORMAL,0
2024-03-04,TikTok,CA,175,13,2,0.0191,0.0743,0.0857,0.919,0.1538,NORMAL,0
2024-03-04,TikTok,DE,416,21,2,0.0168,0.0505,0.0673,0.931,0.0952,NORMAL,0
2024-03-04,TikTok,IN,2164,96,14,0.0221,0.0444,0.1118,0.923,0.1458,HIGH_FRAUD_RATE,1
2024-03-04,TikTok,NG,230,18,3,0.0192,0.0783,0.1174,0.915,0.1667,HIGH_FRAUD_RATE,1
2024-03-04,TikTok,PL,201,11,1,0.013,0.0547,0.0498,0.928,0.0909,NORMAL,0
2024-03-05,Affiliate_SEO,AU,117,21,8,0.005,0.1795,0.0171,0.982,0.381,NORMAL,0
2024-03-05,Affiliate_SEO,BR,155,32,8,0.0207,0.2065,0.0129,0.98,0.25,NORMAL,0
2024-03-05,Affiliate_SEO,CA,519,126,47,0.0177,0.2428,0.0193,0.982,0.373,NORMAL,0
2024-03-05,Affiliate_SEO,DE,169,22,7,0.0119,0.1302,0.0118,0.982,0.3182,NORMAL,0
2024-03-05,Affiliate_SEO,IN,28,7,2,0.0193,0.25,0.0,0.982,0.2857,NORMAL,0
2024-03-05,Affiliate_SEO,NG,90,15,7,0.0248,0.1667,0.0111,0.98,0.4667,NORMAL,0
2024-03-05,Affiliate_SEO,PL,244,66,13,0.0219,0.2705,0.0164,0.983,0.197,NORMAL,0
2024-03-05,Facebook,AU,2148,236,55,0.043,0.1099,0.0349,0.966,0.2331,NORMAL,0
2024-03-05,Facebook,BR,845,70,19,0.0394,0.0828,0.0201,0.975,0.2714,NORMAL,0
2024-03-05,Facebook,CA,1033,85,22,0.0375,0.0823,0.0416,0.97,0.2588,NORMAL,0
2024-03-05,Facebook,DE,457,41,9,0.043,0.0897,0.0175,0.966,0.2195,NORMAL,0
2024-03-05,Facebook,IN,706,79,14,0.0251,0.1119,0.0439,0.967,0.1772,NORMAL,0
2024-03-05,Facebook,NG,1212,116,25,0.0334,0.0957,0.0165,0.967,0.2155,NORMAL,0
2024-03-05,Facebook,PL,591,61,17,0.0273,0.1032,0.0372,0.967,0.2787,NORMAL,0
2024-03-05,Google_Search,AU,807,96,20,0.0364,0.119,0.0136,0.988,0.2083,NORMAL,0
2024-03-05,Google_Search,BR,572,96,30,0.0416,0.1678,0.014,0.988,0.3125,NORMAL,0
2024-03-05,Google_Search,CA,1011,178,50,0.0276,0.1761,0.0119,0.99,0.2809,NORMAL,0
2024-03-05,Google_Search,DE,650,89,29,0.0356,0.1369,0.0108,0.988,0.3258,NORMAL,0
2024-03-05,Google_Search,IN,601,95,28,0.0306,0.1581,0.005,0.991,0.2947,NORMAL,0
2024-03-05,Google_Search,NG,706,67,21,0.0431,0.0949,0.0085,0.99,0.3134,NORMAL,0
2024-03-05,Google_Search,PL,1495,151,52,0.0461,0.101,0.0054,0.99,0.3444,NORMAL,0
2024-03-05,Native_Ads,AU,408,16,2,0.0106,0.0392,0.0564,0.941,0.125,NORMAL,0
2024-03-05,Native_Ads,BR,720,52,9,0.0222,0.0722,0.0667,0.945,0.1731,NORMAL,0
2024-03-05,Native_Ads,CA,737,49,10,0.0213,0.0665,0.0488,0.945,0.2041,NORMAL,0
2024-03-05,Native_Ads,DE,680,43,6,0.0314,0.0632,0.0824,0.948,0.1395,NORMAL,0
2024-03-05,Native_Ads,IN,332,18,2,0.0189,0.0542,0.0422,0.937,0.1111,NORMAL,0
2024-03-05,Native_Ads,NG,479,29,5,0.0198,0.0605,0.0689,0.945,0.1724,NORMAL,0
2024-03-05,Native_Ads,PL,496,31,6,0.022,0.0625,0.0867,0.95,0.1935,NORMAL,0
2024-03-05,Push_Network,AU,686,31,3,0.0264,0.0452,0.1531,0.882,0.0968,HIGH_FRAUD_RATE,1
2024-03-05,Push_Network,BR,485,13,1,0.0212,0.0268,0.2021,0.84,0.0769,HIGH_FRAUD_RATE,1
2024-03-05,Push_Network,CA,189,6,0,0.0117,0.0317,0.1799,0.857,0.0,HIGH_FRAUD_RATE,1
2024-03-05,Push_Network,DE,472,17,2,0.0176,0.036,0.1356,0.851,0.1176,HIGH_FRAUD_RATE,1
2024-03-05,Push_Network,IN,364,13,1,0.0233,0.0357,0.2005,0.836,0.0769,HIGH_FRAUD_RATE,1
2024-03-05,Push_Network,NG,291,11,1,0.0207,0.0378,0.0722,0.86,0.0909,NORMAL,0
2024-03-05,Push_Network,PL,851,24,2,0.029,0.0282,0.1986,0.848,0.0833,HIGH_FRAUD_RATE,1
2024-03-05,TikTok,AU,414,21,3,0.017,0.0507,0.1039,0.925,0.1429,HIGH_FRAUD_RATE,1
2024-03-05,TikTok,BR,447,22,3,0.0133,0.0492,0.0984,0.922,0.1364,NORMAL,0
2024-03-05,TikTok,CA,576,29,5,0.0195,0.0503,0.1181,0.935,0.1724,HIGH_FRAUD_RATE,1
2024-03-05,TikTok,DE,399,29,2,0.0258,0.0727,0.1128,0.917,0.069,HIGH_FRAUD_RATE,1
2024-03-05,TikTok,IN,503,13,1,0.0174,0.0258,0.0596,0.935,0.0769,NORMAL,0
2024-03-05,TikTok,NG,549,34,4,0.0241,0.0619,0.0455,0.913,0.1176,NORMAL,0
2024-03-05,TikTok,PL,572,20,3,0.0244,0.035,0.0979,0.916,0.15,NORMAL,0
2024-03-06,Affiliate_SEO,AU,1401,367,185,0.0202,0.262,0.0278,0.978,0.5041,NORMAL,0
2024-03-06,Affiliate_SEO,BR,227,46,18,0.0256,0.2026,0.0132,0.979,0.3913,NORMAL,0
2024-03-06,Affiliate_SEO,CA,152,28,8,0.0167,0.1842,0.0197,0.978,0.2857,NORMAL,0
2024-03-06,Affiliate_SEO,DE,1224,322,111,0.0276,0.2631,0.0294,0.977,0.3447,NORMAL,0
2024-03-06,Affiliate_SEO,IN,31,6,1,0.0155,0.1935,0.0,0.978,0.1667,NORMAL,0
2024-03-06,Affiliate_SEO,NG,55,14,4,0.0264,0.2545,0.0,0.982,0.2857,NORMAL,0
2024-03-06,Affiliate_SEO,PL,178,44,14,0.0236,0.2472,0.0056,0.982,0.3182,NORMAL,0
2024-03-06,Facebook,AU,1422,134,51,0.0443,0.0942,0.0281,0.966,0.3806,NORMAL,0
2024-03-06,Facebook,BR,928,88,13,0.0304,0.0948,0.0172,0.972,0.1477,NORMAL,0
2024-03-06,Facebook,CA,663,70,15,0.0334,0.1056,0.0196,0.971,0.2143,NORMAL,0
2024-03-06,Facebook,DE,341,27,7,0.0398,0.0792,0.0205,0.967,0.2593,NORMAL,0
2024-03-06,Facebook,IN,1239,72,12,0.0391,0.0581,0.0371,0.973,0.1667,NORMAL,0
2024-03-06,Facebook,NG,765,59,15,0.0461,0.0771,0.0183,0.971,0.2542,NORMAL,0
2024-03-06,Facebook,PL,596,69,17,0.0368,0.1158,0.0336,0.976,0.2464,NORMAL,0
2024-03-06,Google_Search,AU,463,58,11,0.0335,0.1253,0.0065,0.988,0.1897,NORMAL,0
2024-03-06,Google_Search,BR,341,57,23,0.0251,0.1672,0.0088,0.991,0.4035,NORMAL,0
2024-03-06,Google_Search,CA,620,106,26,0.0291,0.171,0.0129,0.991,0.2453,NORMAL,0
2024-03-06,Google_Search,DE,1018,195,72,0.0445,0.1916,0.0128,0.991,0.3692,NORMAL,0
2024-03-06,Google_Search,IN,1077,90,19,0.0369,0.0836,0.013,0.989,0.2111,NORMAL,0
2024-03-06,Google_Search,NG,975,131,38,0.0319,0.1344,0.0051,0.989,0.2901,NORMAL,0
2024-03-06,Google_Search,PL,164,21,7,0.026,0.128,0.0122,0.99,0.3333,NORMAL,0
2024-03-06,Native_Ads,AU,911,52,10,0.0337,0.0571,0.0373,0.928,0.1923,NORMAL,0
2024-03-06,Native_Ads,BR,338,28,5,0.0172,0.0828,0.0503,0.949,0.1786,NORMAL,0
2024-03-06,Native_Ads,CA,460,36,6,0.0264,0.0783,0.0739,0.948,0.1667,NORMAL,0
2024-03-06,Native_Ads,DE,485,27,6,0.0122,0.0557,0.033,0.946,0.2222,NORMAL,0
2024-03-06,Native_Ads,IN,283,21,4,0.0157,0.0742,0.0424,0.936,0.1905,NORMAL,0
2024-03-06,Native_Ads,NG,77,4,0,0.0077,0.0519,0.0519,0.945,0.0,NORMAL,0
2024-03-06,Native_Ads,PL,194,13,2,0.0178,0.067,0.0567,0.95,0.1538,NORMAL,0
2024-03-06,Push_Network,AU,440,16,2,0.0216,0.0364,0.1455,0.851,0.125,HIGH_FRAUD_RATE,1
2024-03-06,Push_Network,BR,91,2,0,0.0062,0.022,0.0769,0.85,0.0,NORMAL,0
2024-03-06,Push_Network,CA,252,8,0,0.0168,0.0317,0.119,0.859,0.0,HIGH_FRAUD_RATE,1
2024-03-06,Push_Network,DE,324,16,1,0.0186,0.0494,0.1667,0.877,0.0625,HIGH_FRAUD_RATE,1
2024-03-06,Push_Network,IN,153,5,0,0.005,0.0327,0.2026,0.86,0.0,HIGH_FRAUD_RATE,1
2024-03-06,Push_Network,NG,120,3,0,0.006,0.025,0.2,0.874,0.0,HIGH_FRAUD_RATE,1
2024-03-06,Push_Network,PL,707,25,2,0.0264,0.0354,0.1061,0.845,0.08,HIGH_FRAUD_RATE,1
2024-03-06,TikTok,AU,479,30,4,0.0239,0.0626,0.0793,0.927,0.1333,NORMAL,0
2024-03-06,TikTok,BR,202,10,2,0.0144,0.0495,0.1139,0.911,0.2,HIGH_FRAUD_RATE,1
2024-03-06,TikTok,CA,294,18,3,0.018,0.0612,0.102,0.92,0.1667,HIGH_FRAUD_RATE,1
2024-03-06,TikTok,DE,492,21,3,0.0185,0.0427,0.065,0.905,0.1429,NORMAL,0
2024-03-06,TikTok,IN,1018,59,8,0.0209,0.058,0.057,0.905,0.1356,NORMAL,0
2024-03-06,TikTok,NG,451,26,4,0.0173,0.0576,0.1086,0.907,0.1538,HIGH_FRAUD_RATE,1
2024-03-06,TikTok,PL,289,8,1,0.0134,0.0277,0.0484,0.917,0.125,NORMAL,0
2024-03-07,Affiliate_SEO,AU,579,129,52,0.0214,0.2228,0.0294,0.984,0.4031,NORMAL,0
2024-03-07,Affiliate_SEO,BR,324,84,29,0.021,0.2593,0.0154,0.979,0.3452,NORMAL,0
2024-03-07,Affiliate_SEO,CA,173,38,14,0.0131,0.2197,0.0173,0.982,0.3684,NORMAL,0
2024-03-07,Affiliate_SEO,DE,392,96,41,0.0214,0.2449,0.023,0.98,0.4271,NORMAL,0
2024-03-07,Affiliate_SEO,IN,61,12,4,0.0175,0.1967,0.0,0.982,0.3333,NORMAL,0
2024-03-07,Affiliate_SEO,NG,32,5,1,0.0238,0.1562,0.0,0.977,0.2,NORMAL,0
2024-03-07,Affiliate_SEO,PL,225,68,24,0.0198,0.3022,0.0267,0.979,0.3529,NORMAL,0
2024-03-07,Facebook,AU,673,52,13,0.0279,0.0773,0.0297,0.969,0.25,NORMAL,0
2024-03-07,Facebook,BR,581,65,18,0.0341,0.1119,0.0379,0.968,0.2769,NORMAL,0
2024-03-07,Facebook,CA,675,44,7,0.0369,0.0652,0.0178,0.969,0.1591,NORMAL,0
2024-03-07,Facebook,DE,503,37,7,0.0197,0.0736,0.0278,0.97,0.1892,NORMAL,0
2024-03-07,Facebook,IN,888,94,30,0.0374,0.1059,0.0315,0.976,0.3191,NORMAL,0
2024-03-07,Facebook,NG,975,84,20,0.0367,0.0862,0.0195,0.975,0.2381,NORMAL,0
2024-03-07,Facebook,PL,695,69,19,0.0382,0.0993,0.0187,0.973,0.2754,NORMAL,0
2024-03-07,Google_Search,AU,1655,270,69,0.0637,0.1631,0.0091,0.99,0.2556,NORMAL,0
2024-03-07,Google_Search,BR,1257,174,57,0.0474,0.1384,0.0127,0.989,0.3276,NORMAL,0
2024-03-07,Google_Search,CA,783,138,34,0.0312,0.1762,0.0064,0.988,0.2464,NORMAL,0
2024-03-07,Google_Search,DE,477,65,15,0.0294,0.1363,0.0063,0.99,0.2308,NORMAL,0
2024-03-07,Google_Search,IN,524,80,17,0.0487,0.1527,0.0115,0.991,0.2125,NORMAL,0
2024-03-07,Google_Search,NG,1743,268,59,0.0287,0.1538,0.0057,0.99,0.2201,NORMAL,0
2024-03-07,Google_Search,PL,1436,212,89,0.0207,0.1476,0.0049,0.989,0.4198,NORMAL,0
2024-03-07,Native_Ads,AU,511,28,5,0.0305,0.0548,0.047,0.942,0.1786,NORMAL,0
2024-03-07,Native_Ads,BR,221,13,1,0.0081,0.0588,0.0362,0.948,0.0769,NORMAL,0
2024-03-07,Native_Ads,CA,1266,83,19,0.0269,0.0656,0.0893,0.94,0.2289,NORMAL,0
2024-03-07,Native_Ads,DE,381,33,7,0.0235,0.0866,0.0367,0.934,0.2121,NORMAL,0
2024-03-07,Native_Ads,IN,1392,125,23,0.0358,0.0898,0.0776,0.939,0.184,NORMAL,0
2024-03-07,Native_Ads,NG,580,43,8,0.0165,0.0741,0.0621,0.938,0.186,NORMAL,0
2024-03-07,Native_Ads,PL,865,81,10,0.0228,0.0936,0.0671,0.929,0.1235,NORMAL,0
2024-03-07,Push_Network,AU,1059,46,3,0.0286,0.0434,0.1171,0.843,0.0652,HIGH_FRAUD_RATE,1
2024-03-07,Push_Network,BR,1028,52,6,0.0232,0.0506,0.1994,0.861,0.1154,HIGH_FRAUD_RATE,1
2024-03-07,Push_Network,CA,349,15,1,0.0238,0.043,0.1862,0.863,0.0667,HIGH_FRAUD_RATE,1
2024-03-07,Push_Network,DE,272,11,0,0.0203,0.0404,0.1765,0.839,0.0,HIGH_FRAUD_RATE,1
2024-03-07,Push_Network,IN,525,17,2,0.032,0.0324,0.181,0.852,0.1176,HIGH_FRAUD_RATE,1
2024-03-07,Push_Network,NG,523,23,3,0.0211,0.044,0.2027,0.876,0.1304,HIGH_FRAUD_RATE,1
2024-03-07,Push_Network,PL,514,24,3,0.0136,0.0467,0.1012,0.836,0.125,HIGH_FRAUD_RATE,1
2024-03-07,TikTok,AU,567,40,6,0.0135,0.0705,0.0494,0.925,0.15,NORMAL,0
2024-03-07,TikTok,BR,254,11,2,0.0181,0.0433,0.0512,0.904,0.1818,NORMAL,0
2024-03-07,TikTok,CA,141,8,0,0.0185,0.0567,0.0851,0.919,0.0,NORMAL,0
2024-03-07,TikTok,DE,531,31,3,0.0261,0.0584,0.081,0.91,0.0968,NORMAL,0
2024-03-07,TikTok,IN,1071,59,12,0.0253,0.0551,0.1195,0.904,0.2034,HIGH_FRAUD_RATE,1
2024-03-07,TikTok,NG,788,45,6,0.031,0.0571,0.0533,0.911,0.1333,NORMAL,0
2024-03-07,TikTok,PL,348,15,2,0.0132,0.0431,0.0575,0.932,0.1333,NORMAL,0
2024-03-08,Affiliate_SEO,AU,640,155,54,0.0276,0.2422,0.0281,0.98,0.3484,NORMAL,0
2024-03-08,Affiliate_SEO,BR,325,57,21,0.0249,0.1754,0.0154,0.98,0.3684,NORMAL,0
2024-03-08,Affiliate_SEO,CA,1179,264,100,0.0235,0.2239,0.0254,0.979,0.3788,NORMAL,0
2024-03-08,Affiliate_SEO,DE,185,39,14,0.0085,0.2108,0.0216,0.98,0.359,NORMAL,0
2024-03-08,Affiliate_SEO,IN,81,17,5,0.017,0.2099,0.0123,0.976,0.2941,NORMAL,0
2024-03-08,Affiliate_SEO,NG,49,13,4,0.0185,0.2653,0.0,0.98,0.3077,NORMAL,0
2024-03-08,Affiliate_SEO,PL,427,135,38,0.0225,0.3162,0.0117,0.977,0.2815,NORMAL,0
2024-03-08,Facebook,AU,1285,105,26,0.0513,0.0817,0.0288,0.969,0.2476,NORMAL,0
2024-03-08,Facebook,BR,973,106,28,0.0451,0.1089,0.037,0.969,0.2642,NORMAL,0
2024-03-08,Facebook,CA,257,20,2,0.0259,0.0778,0.0389,0.973,0.1,NORMAL,0
2024-03-08,Facebook,DE,445,53,13,0.0245,0.1191,0.0337,0.969,0.2453,NORMAL,0
2024-03-08,Facebook,IN,786,73,15,0.0235,0.0929,0.028,0.969,0.2055,NORMAL,0
2024-03-08,Facebook,NG,685,66,17,0.0393,0.0964,0.0161,0.97,0.2576,NORMAL,0
2024-03-08,Facebook,PL,481,47,13,0.0359,0.0977,0.0416,0.964,0.2766,NORMAL,0
2024-03-08,Google_Search,AU,399,57,19,0.0243,0.1429,0.0125,0.988,0.3333,NORMAL,0
2024-03-08,Google_Search,BR,647,68,28,0.0428,0.1051,0.0062,0.991,0.4118,NORMAL,0
2024-03-08,Google_Search,CA,3385,367,120,0.0457,0.1084,0.0121,0.992,0.327,NORMAL,0
2024-03-08,Google_Search,DE,1216,132,38,0.0426,0.1086,0.0074,0.988,0.2879,NORMAL,0
2024-03-08,Google_Search,IN,691,127,37,0.0386,0.1838,0.0072,0.989,0.2913,NORMAL,0
2024-03-08,Google_Search,NG,520,44,14,0.038,0.0846,0.0115,0.989,0.3182,NORMAL,0
2024-03-08,Google_Search,PL,1821,263,89,0.0331,0.1444,0.0137,0.99,0.3384,NORMAL,0
2024-03-08,Native_Ads,AU,793,45,10,0.0168,0.0567,0.0391,0.932,0.2222,NORMAL,0
2024-03-08,Native_Ads,BR,1488,87,20,0.0226,0.0585,0.0759,0.945,0.2299,NORMAL,0
2024-03-08,Native_Ads,CA,529,31,5,0.0232,0.0586,0.0832,0.931,0.1613,NORMAL,0
2024-03-08,Native_Ads,DE,1014,59,12,0.028,0.0582,0.0513,0.937,0.2034,NORMAL,0
2024-03-08,Native_Ads,IN,334,28,3,0.0238,0.0838,0.0299,0.947,0.1071,NORMAL,0
2024-03-08,Native_Ads,NG,339,23,5,0.0215,0.0678,0.0855,0.94,0.2174,NORMAL,0
2024-03-08,Native_Ads,PL,180,10,2,0.005,0.0556,0.0278,0.936,0.2,NORMAL,0
2024-03-08,Push_Network,AU,378,14,1,0.0106,0.037,0.1984,0.878,0.0714,HIGH_FRAUD_RATE,1
2024-03-08,Push_Network,BR,312,7,1,0.0176,0.0224,0.1859,0.844,0.1429,HIGH_FRAUD_RATE,1
2024-03-08,Push_Network,CA,408,7,0,0.0183,0.0172,0.0858,0.878,0.0,NORMAL,0
2024-03-08,Push_Network,DE,754,28,3,0.0262,0.0371,0.1764,0.848,0.1071,HIGH_FRAUD_RATE,1
2024-03-08,Push_Network,IN,545,22,2,0.0331,0.0404,0.1193,0.852,0.0909,HIGH_FRAUD_RATE,1
2024-03-08,Push_Network,IN,8192,2134,3,0.2314,0.2389,0.3715,0.484,0.0023,CTR_SPIKE+LOW_QUALITY,1
2024-03-08,Push_Network,NG,480,15,1,0.0179,0.0312,0.1708,0.852,0.0667,HIGH_FRAUD_RATE,1
2024-03-08,Push_Network,NG,7129,1692,4,0.2091,0.2418,0.3084,0.523,0.0028,CTR_SPIKE+LOW_QUALITY,1
2024-03-08,Push_Network,PL,342,10,1,0.0225,0.0292,0.1842,0.88,0.1,HIGH_FRAUD_RATE,1
2024-03-08,TikTok,AU,1201,57,6,0.0248,0.0475,0.0774,0.916,0.1053,NORMAL,0
2024-03-08,TikTok,BR,355,16,3,0.0261,0.0451,0.0817,0.931,0.1875,NORMAL,0
2024-03-08,TikTok,CA,709,41,9,0.027,0.0578,0.0522,0.909,0.2195,NORMAL,0
2024-03-08,TikTok,DE,72,3,0,0.0069,0.0417,0.0694,0.926,0.0,NORMAL,0
2024-03-08,TikTok,IN,330,20,3,0.0236,0.0606,0.0576,0.934,0.15,NORMAL,0
2024-03-08,TikTok,NG,727,35,5,0.0214,0.0481,0.0495,0.914,0.1429,NORMAL,0
2024-03-08,TikTok,PL,1388,77,14,0.0282,0.0555,0.1009,0.915,0.1818,HIGH_FRAUD_RATE,1
2024-03-09,Affiliate_SEO,AU,2015,546,217,0.0321,0.271,0.0283,0.981,0.3974,NORMAL,0
2024-03-09,Affiliate_SEO,BR,221,52,15,0.0194,0.2353,0.0271,0.984,0.2885,NORMAL,0
2024-03-09,Affiliate_SEO,CA,342,29,9,0.0185,0.0848,0.0263,0.98,0.3103,NORMAL,0
2024-03-09,Affiliate_SEO,DE,1304,253,81,0.0206,0.194,0.0261,0.983,0.3202,NORMAL,0
2024-03-09,Affiliate_SEO,IN,23,5,1,0.007,0.2174,0.0,0.979,0.2,NORMAL,0
2024-03-09,Affiliate_SEO,NG,111,36,15,0.0249,0.3243,0.027,0.982,0.4167,NORMAL,0
2024-03-09,Affiliate_SEO,PL,236,44,11,0.0182,0.1864,0.0127,0.98,0.25,NORMAL,0
2024-03-09,Facebook,AU,589,74,15,0.0289,0.1256,0.0153,0.974,0.2027,NORMAL,0
2024-03-09,Facebook,BR,696,63,9,0.0338,0.0905,0.0388,0.969,0.1429,NORMAL,0
2024-03-09,Facebook,CA,845,71,23,0.0368,0.084,0.0189,0.969,0.3239,NORMAL,0
2024-03-09,Facebook,DE,780,75,17,0.0327,0.0962,0.0192,0.97,0.2267,NORMAL,0
2024-03-09,Facebook,IN,406,29,6,0.0365,0.0714,0.0246,0.97,0.2069,NORMAL,0
2024-03-09,Facebook,NG,491,41,11,0.025,0.0835,0.0428,0.972,0.2683,NORMAL,0
2024-03-09,Facebook,PL,555,42,10,0.0364,0.0757,0.0216,0.968,0.2381,NORMAL,0
2024-03-09,Google_Search,AU,796,156,34,0.0286,0.196,0.0101,0.992,0.2179,NORMAL,0
2024-03-09,Google_Search,BR,624,95,31,0.0325,0.1522,0.0128,0.989,0.3263,NORMAL,0
2024-03-09,Google_Search,CA,382,53,19,0.0338,0.1387,0.0105,0.989,0.3585,NORMAL,0
2024-03-09,Google_Search,DE,678,87,31,0.0241,0.1283,0.0044,0.991,0.3563,NORMAL,0
2024-03-09,Google_Search,IN,942,146,33,0.0508,0.155,0.0053,0.989,0.226,NORMAL,0
2024-03-09,Google_Search,NG,1686,274,93,0.0367,0.1625,0.0053,0.989,0.3394,NORMAL,0
2024-03-09,Google_Search,PL,326,45,17,0.0365,0.138,0.0123,0.989,0.3778,NORMAL,0
2024-03-09,Native_Ads,AU,336,23,3,0.0134,0.0685,0.0298,0.932,0.1304,NORMAL,0
2024-03-09,Native_Ads,BR,703,43,7,0.0213,0.0612,0.0825,0.93,0.1628,NORMAL,0
2024-03-09,Native_Ads,CA,431,24,3,0.0194,0.0557,0.051,0.948,0.125,NORMAL,0
2024-03-09,Native_Ads,DE,250,13,2,0.0126,0.052,0.08,0.932,0.1538,NORMAL,0
2024-03-09,Native_Ads,IN,454,25,7,0.0171,0.0551,0.0441,0.944,0.28,NORMAL,0
2024-03-09,Native_Ads,NG,594,45,6,0.0183,0.0758,0.032,0.935,0.1333,NORMAL,0
2024-03-09,Native_Ads,PL,348,21,3,0.0173,0.0603,0.0345,0.933,0.1429,NORMAL,0
2024-03-09,Push_Network,AU,719,22,3,0.0176,0.0306,0.0848,0.869,0.1364,NORMAL,0
2024-03-09,Push_Network,BR,1075,38,4,0.0291,0.0353,0.1247,0.846,0.1053,HIGH_FRAUD_RATE,1
2024-03-09,Push_Network,CA,1520,42,5,0.0292,0.0276,0.1842,0.88,0.119,HIGH_FRAUD_RATE,1
2024-03-09,Push_Network,DE,981,52,6,0.0305,0.053,0.1957,0.86,0.1154,HIGH_FRAUD_RATE,1
2024-03-09,Push_Network,IN,425,21,1,0.0234,0.0494,0.0824,0.839,0.0476,NORMAL,0
2024-03-09,Push_Network,NG,516,26,3,0.0184,0.0504,0.1686,0.87,0.1154,HIGH_FRAUD_RATE,1
2024-03-09,Push_Network,PL,248,11,1,0.0216,0.0444,0.121,0.873,0.0909,HIGH_FRAUD_RATE,1
2024-03-09,TikTok,AU,600,47,8,0.0229,0.0783,0.11,0.933,0.1702,HIGH_FRAUD_RATE,1
2024-03-09,TikTok,BR,1131,69,12,0.0334,0.061,0.0433,0.922,0.1739,NORMAL,0
2024-03-09,TikTok,CA,834,53,9,0.0251,0.0635,0.0528,0.934,0.1698,NORMAL,0
2024-03-09,TikTok,DE,483,21,3,0.0171,0.0435,0.0621,0.909,0.1429,NORMAL,0
2024-03-09,TikTok,IN,576,26,4,0.0231,0.0451,0.0955,0.928,0.1538,NORMAL,0
2024-03-09,TikTok,NG,490,25,4,0.0245,0.051,0.0551,0.933,0.16,NORMAL,0
2024-03-09,TikTok,PL,316,22,3,0.0186,0.0696,0.0886,0.929,0.1364,NORMAL,0
2024-03-10,Affiliate_SEO,AU,94,20,6,0.0088,0.2128,0.0213,0.982,0.3,NORMAL,0
2024-03-10,Affiliate_SEO,BR,404,80,40,0.0219,0.198,0.0272,0.976,0.5,NORMAL,0
2024-03-10,Affiliate_SEO,CA,896,144,65,0.0219,0.1607,0.01,0.978,0.4514,NORMAL,0
2024-03-10,Affiliate_SEO,DE,1152,303,98,0.0262,0.263,0.013,0.984,0.3234,NORMAL,0
2024-03-10,Affiliate_SEO,IN,36,8,2,0.0336,0.2222,0.0,0.983,0.25,NORMAL,0
2024-03-10,Affiliate_SEO,NG,69,15,8,0.0149,0.2174,0.0145,0.979,0.5333,NORMAL,0
2024-03-10,Affiliate_SEO,PL,168,52,19,0.0256,0.3095,0.0238,0.978,0.3654,NORMAL,0
2024-03-10,Facebook,AU,276,29,7,0.017,0.1051,0.0326,0.967,0.2414,NORMAL,0
2024-03-10,Facebook,BR,1629,163,43,0.0365,0.1001,0.0374,0.975,0.2638,NORMAL,0
2024-03-10,Facebook,CA,1408,137,34,0.033,0.0973,0.0334,0.965,0.2482,NORMAL,0
2024-03-10,Facebook,DE,736,63,13,0.0483,0.0856,0.0231,0.964,0.2063,NORMAL,0
2024-03-10,Facebook,IN,1201,102,25,0.0474,0.0849,0.0408,0.97,0.2451,NORMAL,0
2024-03-10,Facebook,NG,761,71,21,0.0367,0.0933,0.0263,0.969,0.2958,NORMAL,0
2024-03-10,Facebook,PL,521,57,10,0.0379,0.1094,0.025,0.967,0.1754,NORMAL,0
2024-03-10,Google_Search,AU,2176,448,135,0.0402,0.2059,0.0124,0.99,0.3013,NORMAL,0
2024-03-10,Google_Search,BR,1962,310,104,0.0492,0.158,0.0082,0.991,0.3355,NORMAL,0
2024-03-10,Google_Search,CA,844,148,26,0.0411,0.1754,0.0059,0.989,0.1757,NORMAL,0
2024-03-10,Google_Search,DE,1880,277,94,0.0384,0.1473,0.0064,0.988,0.3394,NORMAL,0
2024-03-10,Google_Search,IN,518,48,14,0.0291,0.0927,0.0058,0.991,0.2917,NORMAL,0
2024-03-10,Google_Search,NG,733,110,39,0.0402,0.1501,0.0136,0.992,0.3545,NORMAL,0
2024-03-10,Google_Search,PL,934,134,35,0.0344,0.1435,0.0139,0.992,0.2612,NORMAL,0
2024-03-10,Native_Ads,AU,399,25,7,0.0181,0.0627,0.0576,0.941,0.28,NORMAL,0
2024-03-10,Native_Ads,BR,473,36,5,0.0197,0.0761,0.0486,0.937,0.1389,NORMAL,0
2024-03-10,Native_Ads,CA,207,14,2,0.0074,0.0676,0.0386,0.951,0.1429,NORMAL,0
2024-03-10,Native_Ads,DE,675,45,6,0.0209,0.0667,0.0607,0.948,0.1333,NORMAL,0
2024-03-10,Native_Ads,IN,624,53,11,0.0173,0.0849,0.0705,0.944,0.2075,NORMAL,0
2024-03-10,Native_Ads,NG,393,20,4,0.0137,0.0509,0.0305,0.938,0.2,NORMAL,0
2024-03-10,Native_Ads,PL,93,9,2,0.0088,0.0968,0.0753,0.942,0.2222,NORMAL,0
2024-03-10,Push_Network,AU,150,5,0,0.005,0.0333,0.1133,0.877,0.0,HIGH_FRAUD_RATE,1
2024-03-10,Push_Network,BR,416,16,1,0.0218,0.0385,0.0938,0.884,0.0625,NORMAL,0
2024-03-10,Push_Network,CA,421,18,2,0.0144,0.0428,0.1354,0.841,0.1111,HIGH_FRAUD_RATE,1
2024-03-10,Push_Network,DE,374,18,2,0.021,0.0481,0.0856,0.862,0.1111,NORMAL,0
2024-03-10,Push_Network,IN,553,25,2,0.0145,0.0452,0.1392,0.882,0.08,HIGH_FRAUD_RATE,1
2024-03-10,Push_Network,NG,504,18,2,0.0151,0.0357,0.0873,0.853,0.1111,NORMAL,0
2024-03-10,Push_Network,PL,914,46,6,0.0213,0.0503,0.0864,0.888,0.1304,NORMAL,0
2024-03-10,TikTok,AU,728,50,9,0.0249,0.0687,0.0701,0.933,0.18,NORMAL,0
2024-03-10,TikTok,BR,683,39,7,0.0191,0.0571,0.0673,0.907,0.1795,NORMAL,0
2024-03-10,TikTok,CA,191,13,1,0.0207,0.0681,0.0733,0.932,0.0769,NORMAL,0
2024-03-10,TikTok,DE,554,43,7,0.021,0.0776,0.1065,0.904,0.1628,HIGH_FRAUD_RATE,1
2024-03-10,TikTok,IN,273,22,2,0.0189,0.0806,0.0989,0.908,0.0909,NORMAL,0
2024-03-10,TikTok,NG,546,30,3,0.0095,0.0549,0.0934,0.904,0.1,NORMAL,0
2024-03-10,TikTok,PL,458,30,5,0.0172,0.0655,0.0764,0.926,0.1667,NORMAL,0
2024-03-11,Affiliate_SEO,AU,289,68,24,0.0236,0.2353,0.0242,0.982,0.3529,NORMAL,0
2024-03-11,Affiliate_SEO,BR,460,106,39,0.0214,0.2304,0.0109,0.984,0.3679,NORMAL,0
2024-03-11,Affiliate_SEO,CA,489,118,46,0.0204,0.2413,0.0204,0.981,0.3898,NORMAL,0
2024-03-11,Affiliate_SEO,DE,706,190,67,0.0181,0.2691,0.0255,0.981,0.3526,NORMAL,0
2024-03-11,Affiliate_SEO,IN,63,13,4,0.0314,0.2063,0.0,0.981,0.3077,NORMAL,0
2024-03-11,Affiliate_SEO,NG,205,60,20,0.0236,0.2927,0.0244,0.977,0.3333,NORMAL,0
2024-03-11,Affiliate_SEO,PL,106,15,5,0.0131,0.1415,0.0094,0.981,0.3333,NORMAL,0
2024-03-11,Facebook,AU,1293,121,30,0.0392,0.0936,0.0255,0.971,0.2479,NORMAL,0
2024-03-11,Facebook,BR,499,67,14,0.0299,0.1343,0.024,0.975,0.209,NORMAL,0
2024-03-11,Facebook,CA,392,43,12,0.0334,0.1097,0.0153,0.965,0.2791,NORMAL,0
2024-03-11,Facebook,DE,515,40,4,0.0372,0.0777,0.0291,0.975,0.1,NORMAL,0
2024-03-11,Facebook,IN,1414,145,27,0.0429,0.1025,0.0361,0.968,0.1862,NORMAL,0
2024-03-11,Facebook,NG,572,35,6,0.0409,0.0612,0.0437,0.965,0.1714,NORMAL,0
2024-03-11,Facebook,PL,622,63,13,0.023,0.1013,0.0305,0.975,0.2063,NORMAL,0
2024-03-11,Google_Search,AU,761,125,51,0.0379,0.1643,0.0079,0.988,0.408,NORMAL,0
2024-03-11,Google_Search,BR,871,88,22,0.033,0.101,0.0138,0.989,0.25,NORMAL,0
2024-03-11,Google_Search,CA,358,74,22,0.0301,0.2067,0.0112,0.989,0.2973,NORMAL,0
2024-03-11,Google_Search,DE,517,92,17,0.0243,0.1779,0.0135,0.99,0.1848,NORMAL,0
2024-03-11,Google_Search,IN,370,64,17,0.0289,0.173,0.0108,0.992,0.2656,NORMAL,0
2024-03-11,Google_Search,NG,1267,187,55,0.0419,0.1476,0.0055,0.992,0.2941,NORMAL,0
2024-03-11,Google_Search,PL,800,114,42,0.0364,0.1425,0.0088,0.989,0.3684,NORMAL,0
2024-03-11,Native_Ads,AU,570,47,8,0.0196,0.0825,0.0351,0.941,0.1702,NORMAL,0
2024-03-11,Native_Ads,BR,295,21,3,0.0135,0.0712,0.0373,0.949,0.1429,NORMAL,0
2024-03-11,Native_Ads,CA,152,9,2,0.0092,0.0592,0.0789,0.929,0.2222,NORMAL,0
2024-03-11,Native_Ads,DE,366,31,6,0.0215,0.0847,0.0628,0.93,0.1935,NORMAL,0
2024-03-11,Native_Ads,IN,930,61,6,0.0305,0.0656,0.086,0.947,0.0984,NORMAL,0
2024-03-11,Native_Ads,NG,392,24,3,0.0143,0.0612,0.0485,0.949,0.125,NORMAL,0
2024-03-11,Native_Ads,PL,2060,168,37,0.0308,0.0816,0.0369,0.929,0.2202,NORMAL,0
2024-03-11,Push_Network,AU,331,14,1,0.0171,0.0423,0.0937,0.876,0.0714,NORMAL,0
2024-03-11,Push_Network,BR,667,31,3,0.0257,0.0465,0.1199,0.878,0.0968,HIGH_FRAUD_RATE,1
2024-03-11,Push_Network,CA,547,18,2,0.0192,0.0329,0.0987,0.847,0.1111,NORMAL,0
2024-03-11,Push_Network,DE,501,25,2,0.026,0.0499,0.1337,0.88,0.08,HIGH_FRAUD_RATE,1
2024-03-11,Push_Network,IN,423,19,2,0.0152,0.0449,0.1608,0.853,0.1053,HIGH_FRAUD_RATE,1
2024-03-11,Push_Network,NG,522,22,2,0.0184,0.0421,0.0996,0.836,0.0909,NORMAL,0
2024-03-11,Push_Network,PL,945,43,2,0.0228,0.0455,0.181,0.86,0.0465,HIGH_FRAUD_RATE,1
2024-03-11,TikTok,AU,300,22,4,0.0158,0.0733,0.0833,0.914,0.1818,NORMAL,0
2024-03-11,TikTok,BR,721,54,8,0.029,0.0749,0.0652,0.92,0.1481,NORMAL,0
2024-03-11,TikTok,CA,409,25,3,0.0174,0.0611,0.0489,0.917,0.12,NORMAL,0
2024-03-11,TikTok,DE,814,67,9,0.025,0.0823,0.0725,0.924,0.1343,NORMAL,0
2024-03-11,TikTok,IN,941,61,5,0.0137,0.0648,0.0446,0.913,0.082,NORMAL,0
2024-03-11,TikTok,NG,473,24,3,0.0257,0.0507,0.0444,0.916,0.125,NORMAL,0
2024-03-11,TikTok,PL,756,45,8,0.0264,0.0595,0.082,0.931,0.1778,NORMAL,0
2024-03-12,Affiliate_SEO,AU,811,197,78,0.016,0.2429,0.0222,0.984,0.3959,NORMAL,0
2024-03-12,Affiliate_SEO,BR,246,37,11,0.0254,0.1504,0.0122,0.982,0.2973,NORMAL,0
2024-03-12,Affiliate_SEO,CA,373,86,34,0.0284,0.2306,0.0188,0.983,0.3953,NORMAL,0
2024-03-12,Affiliate_SEO,DE,1053,248,72,0.0332,0.2355,0.0161,0.983,0.2903,NORMAL,0
2024-03-12,Affiliate_SEO,IN,106,21,5,0.0142,0.1981,0.0189,0.982,0.2381,NORMAL,0
2024-03-12,Affiliate_SEO,NG,206,32,10,0.0217,0.1553,0.0194,0.981,0.3125,NORMAL,0
2024-03-12,Affiliate_SEO,PL,242,49,19,0.0142,0.2025,0.0124,0.982,0.3878,NORMAL,0
2024-03-12,Facebook,AU,1231,116,25,0.0372,0.0942,0.0349,0.972,0.2155,NORMAL,0
2024-03-12,Facebook,BR,559,59,12,0.0296,0.1055,0.0143,0.969,0.2034,NORMAL,0
2024-03-12,Facebook,CA,1091,89,22,0.0399,0.0816,0.0348,0.972,0.2472,NORMAL,0
2024-03-12,Facebook,DE,1612,147,40,0.0416,0.0912,0.0242,0.967,0.2721,NORMAL,0
2024-03-12,Facebook,IN,2042,195,67,0.0437,0.0955,0.0309,0.974,0.3436,NORMAL,0
2024-03-12,Facebook,NG,735,61,14,0.0273,0.083,0.0286,0.974,0.2295,NORMAL,0
2024-03-12,Facebook,PL,681,57,14,0.0383,0.0837,0.0441,0.966,0.2456,NORMAL,0
2024-03-12,Google_Search,AU,1246,247,89,0.037,0.1982,0.0072,0.991,0.3603,NORMAL,0
2024-03-12,Google_Search,BR,1620,243,75,0.05,0.15,0.0086,0.99,0.3086,NORMAL,0
2024-03-12,Google_Search,CA,396,76,25,0.034,0.1919,0.0076,0.992,0.3289,NORMAL,0
2024-03-12,Google_Search,DE,1996,341,96,0.0423,0.1708,0.0065,0.991,0.2815,NORMAL,0
2024-03-12,Google_Search,IN,969,129,33,0.0394,0.1331,0.0093,0.991,0.2558,NORMAL,0
2024-03-12,Google_Search,NG,462,68,20,0.0516,0.1472,0.0065,0.991,0.2941,NORMAL,0
2024-03-12,Google_Search,PL,1021,121,37,0.0377,0.1185,0.0137,0.988,0.3058,NORMAL,0
2024-03-12,Native_Ads,AU,543,54,10,0.0241,0.0994,0.0424,0.94,0.1852,NORMAL,0
2024-03-12,Native_Ads,BR,814,50,7,0.0243,0.0614,0.0332,0.933,0.14,NORMAL,0
2024-03-12,Native_Ads,CA,257,19,2,0.0213,0.0739,0.0428,0.943,0.1053,NORMAL,0
2024-03-12,Native_Ads,DE,260,17,3,0.0181,0.0654,0.0615,0.929,0.1765,NORMAL,0
2024-03-12,Native_Ads,IN,359,18,3,0.0166,0.0501,0.0808,0.949,0.1667,NORMAL,0
2024-03-12,Native_Ads,NG,1283,87,20,0.0261,0.0678,0.0624,0.929,0.2299,NORMAL,0
2024-03-12,Native_Ads,PL,421,16,3,0.018,0.038,0.0641,0.939,0.1875,NORMAL,0
2024-03-12,Push_Network,AU,758,38,2,0.0323,0.0501,0.1385,0.841,0.0526,HIGH_FRAUD_RATE,1
2024-03-12,Push_Network,BR,770,26,2,0.024,0.0338,0.0935,0.879,0.0769,NORMAL,0
2024-03-12,Push_Network,CA,260,8,0,0.0138,0.0308,0.2,0.844,0.0,HIGH_FRAUD_RATE,1
2024-03-12,Push_Network,DE,187,6,0,0.0078,0.0321,0.1176,0.874,0.0,HIGH_FRAUD_RATE,1
2024-03-12,Push_Network,IN,740,20,2,0.0178,0.027,0.1459,0.879,0.1,HIGH_FRAUD_RATE,1
2024-03-12,Push_Network,NG,261,8,1,0.0112,0.0307,0.1877,0.847,0.125,HIGH_FRAUD_RATE,1
2024-03-12,Push_Network,PL,188,6,1,0.008,0.0319,0.0798,0.833,0.1667,NORMAL,0
2024-03-12,TikTok,AU,878,48,7,0.0208,0.0547,0.0888,0.926,0.1458,NORMAL,0
2024-03-12,TikTok,BR,1328,80,16,0.0209,0.0602,0.061,0.927,0.2,NORMAL,0
2024-03-12,TikTok,CA,118,3,0,0.0078,0.0254,0.0763,0.916,0.0,NORMAL,0
2024-03-12,TikTok,DE,285,13,1,0.0234,0.0456,0.0877,0.916,0.0769,NORMAL,0
2024-03-12,TikTok,IN,664,56,10,0.0173,0.0843,0.0873,0.914,0.1786,NORMAL,0
2024-03-12,TikTok,NG,375,9,1,0.0181,0.024,0.0987,0.928,0.1111,NORMAL,0
2024-03-12,TikTok,PL,826,47,7,0.0292,0.0569,0.0932,0.932,0.1489,NORMAL,0
2024-03-13,Affiliate_SEO,AU,788,192,50,0.0255,0.2437,0.0165,0.98,0.2604,NORMAL,0
2024-03-13,Affiliate_SEO,BR,332,81,32,0.032,0.244,0.0151,0.98,0.3951,NORMAL,0
2024-03-13,Affiliate_SEO,CA,200,48,17,0.0225,0.24,0.015,0.98,0.3542,NORMAL,0
2024-03-13,Affiliate_SEO,DE,310,65,20,0.0224,0.2097,0.0258,0.983,0.3077,NORMAL,0
2024-03-13,Affiliate_SEO,IN,63,10,2,0.0123,0.1587,0.0,0.981,0.2,NORMAL,0
2024-03-13,Affiliate_SEO,NG,16,2,0,0.005,0.125,0.0,0.983,0.0,NORMAL,0
2024-03-13,Affiliate_SEO,PL,383,76,20,0.0209,0.1984,0.0183,0.983,0.2632,NORMAL,0
2024-03-13,Facebook,AU,546,45,9,0.0329,0.0824,0.0183,0.964,0.2,NORMAL,0
2024-03-13,Facebook,BR,2290,192,30,0.0381,0.0838,0.0345,0.966,0.1562,NORMAL,0
2024-03-13,Facebook,CA,1301,120,21,0.0339,0.0922,0.0261,0.975,0.175,NORMAL,0
2024-03-13,Facebook,DE,525,56,14,0.0332,0.1067,0.021,0.976,0.25,NORMAL,0
2024-03-13,Facebook,IN,636,48,11,0.0398,0.0755,0.044,0.968,0.2292,NORMAL,0
2024-03-13,Facebook,NG,595,58,13,0.0357,0.0975,0.0151,0.967,0.2241,NORMAL,0
2024-03-13,Facebook,PL,912,78,18,0.0378,0.0855,0.0263,0.967,0.2308,NORMAL,0
2024-03-13,Google_Search,AU,436,67,31,0.0324,0.1537,0.0115,0.991,0.4627,NORMAL,0
2024-03-13,Google_Search,BR,807,99,28,0.0501,0.1227,0.0074,0.99,0.2828,NORMAL,0
2024-03-13,Google_Search,CA,584,98,36,0.0382,0.1678,0.0137,0.99,0.3673,NORMAL,0
2024-03-13,Google_Search,DE,157,33,9,0.0216,0.2102,0.0127,0.991,0.2727,NORMAL,0
2024-03-13,Google_Search,IN,1455,225,70,0.0409,0.1546,0.0096,0.99,0.3111,NORMAL,0
2024-03-13,Google_Search,NG,2552,367,110,0.0391,0.1438,0.0133,0.988,0.2997,NORMAL,0
2024-03-13,Google_Search,PL,1299,220,51,0.0514,0.1694,0.0092,0.988,0.2318,NORMAL,0
2024-03-13,Native_Ads,AU,529,26,4,0.0111,0.0491,0.0643,0.945,0.1538,NORMAL,0
2024-03-13,Native_Ads,BR,425,33,7,0.0213,0.0776,0.0824,0.94,0.2121,NORMAL,0
2024-03-13,Native_Ads,CA,1046,77,15,0.0146,0.0736,0.0774,0.933,0.1948,NORMAL,0
2024-03-13,Native_Ads,DE,172,11,2,0.0219,0.064,0.0756,0.931,0.1818,NORMAL,0
2024-03-13,Native_Ads,IN,203,11,2,0.0132,0.0542,0.0788,0.939,0.1818,NORMAL,0
2024-03-13,Native_Ads,NG,521,41,10,0.0196,0.0787,0.0422,0.934,0.2439,NORMAL,0
2024-03-13,Native_Ads,PL,572,48,10,0.0251,0.0839,0.0297,0.942,0.2083,NORMAL,0
2024-03-13,Push_Network,AU,194,9,0,0.0122,0.0464,0.0979,0.839,0.0,NORMAL,0
2024-03-13,Push_Network,BR,276,10,1,0.0106,0.0362,0.0833,0.855,0.1,NORMAL,0
2024-03-13,Push_Network,CA,855,41,4,0.0252,0.048,0.1193,0.84,0.0976,HIGH_FRAUD_RATE,1
2024-03-13,Push_Network,DE,823,41,5,0.0235,0.0498,0.0741,0.843,0.122,NORMAL,0
2024-03-13,Push_Network,IN,1415,43,5,0.0247,0.0304,0.1095,0.841,0.1163,HIGH_FRAUD_RATE,1
2024-03-13,Push_Network,NG,655,23,3,0.0237,0.0351,0.1328,0.851,0.1304,HIGH_FRAUD_RATE,1
2024-03-13,Push_Network,PL,406,14,1,0.0268,0.0345,0.1084,0.855,0.0714,HIGH_FRAUD_RATE,1
2024-03-13,TikTok,AU,780,27,4,0.0213,0.0346,0.1154,0.924,0.1481,HIGH_FRAUD_RATE,1
2024-03-13,TikTok,BR,269,14,2,0.0174,0.052,0.0632,0.926,0.1429,NORMAL,0
2024-03-13,TikTok,CA,349,22,4,0.0167,0.063,0.0544,0.917,0.1818,NORMAL,0
2024-03-13,TikTok,DE,326,15,2,0.012,0.046,0.1135,0.917,0.1333,HIGH_FRAUD_RATE,1
2024-03-13,TikTok,IN,566,38,6,0.0214,0.0671,0.0583,0.934,0.1579,NORMAL,0
2024-03-13,TikTok,NG,1331,115,18,0.0214,0.0864,0.0518,0.93,0.1565,NORMAL,0
2024-03-13,TikTok,PL,617,32,6,0.0292,0.0519,0.0859,0.926,0.1875,NORMAL,0
2024-03-14,Affiliate_SEO,AU,278,64,23,0.0203,0.2302,0.0108,0.979,0.3594,NORMAL,0
2024-03-14,Affiliate_SEO,BR,305,79,28,0.0255,0.259,0.0164,0.982,0.3544,NORMAL,0
2024-03-14,Affiliate_SEO,CA,1042,206,75,0.0181,0.1977,0.0096,0.981,0.3641,NORMAL,0
2024-03-14,Affiliate_SEO,DE,384,81,25,0.0125,0.2109,0.026,0.982,0.3086,NORMAL,0
2024-03-14,Affiliate_SEO,IN,391,71,20,0.0275,0.1816,0.023,0.976,0.2817,NORMAL,0
2024-03-14,Affiliate_SEO,NG,90,24,10,0.0282,0.2667,0.0111,0.983,0.4167,NORMAL,0
2024-03-14,Affiliate_SEO,PL,174,31,7,0.0131,0.1782,0.0172,0.983,0.2258,NORMAL,0
2024-03-14,Facebook,AU,478,38,9,0.0291,0.0795,0.0397,0.971,0.2368,NORMAL,0
2024-03-14,Facebook,BR,1562,138,32,0.0468,0.0883,0.0186,0.971,0.2319,NORMAL,0
2024-03-14,Facebook,CA,799,67,13,0.049,0.0839,0.0426,0.97,0.194,NORMAL,0
2024-03-14,Facebook,DE,1472,119,34,0.0392,0.0808,0.0306,0.973,0.2857,NORMAL,0
2024-03-14,Facebook,IN,372,27,5,0.0257,0.0726,0.0188,0.965,0.1852,NORMAL,0
2024-03-14,Facebook,NG,1172,99,25,0.0436,0.0845,0.0341,0.975,0.2525,NORMAL,0
2024-03-14,Facebook,PL,902,39,7,0.0337,0.0432,0.0322,0.974,0.1795,NORMAL,0
2024-03-14,Google_Search,AU,376,46,16,0.0376,0.1223,0.0053,0.989,0.3478,NORMAL,0
2024-03-14,Google_Search,BR,1122,177,38,0.0256,0.1578,0.0107,0.989,0.2147,NORMAL,0
2024-03-14,Google_Search,CA,799,106,32,0.0481,0.1327,0.0138,0.989,0.3019,NORMAL,0
2024-03-14,Google_Search,DE,461,49,15,0.0223,0.1063,0.0043,0.99,0.3061,NORMAL,0
2024-03-14,Google_Search,IN,605,81,34,0.0349,0.1339,0.005,0.99,0.4198,NORMAL,0
2024-03-14,Google_Search,NG,297,41,13,0.0273,0.138,0.0101,0.991,0.3171,NORMAL,0
2024-03-14,Google_Search,PL,880,153,50,0.0295,0.1739,0.0102,0.989,0.3268,NORMAL,0
2024-03-14,Native_Ads,AU,120,9,1,0.0054,0.075,0.0333,0.948,0.1111,NORMAL,0
2024-03-14,Native_Ads,BR,529,41,7,0.0155,0.0775,0.0454,0.937,0.1707,NORMAL,0
2024-03-14,Native_Ads,CA,994,65,11,0.0196,0.0654,0.0533,0.93,0.1692,NORMAL,0
2024-03-14,Native_Ads,DE,390,22,2,0.0193,0.0564,0.0436,0.935,0.0909,NORMAL,0
2024-03-14,Native_Ads,IN,2832,156,26,0.0203,0.0551,0.0837,0.947,0.1667,NORMAL,0
2024-03-14,Native_Ads,NG,633,42,8,0.0167,0.0664,0.0885,0.941,0.1905,NORMAL,0
2024-03-14,Native_Ads,PL,1132,51,11,0.016,0.0451,0.0645,0.938,0.2157,NORMAL,0
2024-03-14,Push_Network,AU,429,15,1,0.0234,0.035,0.1981,0.858,0.0667,HIGH_FRAUD_RATE,1
2024-03-14,Push_Network,BR,230,9,0,0.0174,0.0391,0.1478,0.878,0.0,HIGH_FRAUD_RATE,1
2024-03-14,Push_Network,CA,198,6,0,0.0166,0.0303,0.1566,0.863,0.0,HIGH_FRAUD_RATE,1
2024-03-14,Push_Network,DE,327,14,2,0.0183,0.0428,0.1682,0.876,0.1429,HIGH_FRAUD_RATE,1
2024-03-14,Push_Network,IN,524,17,1,0.0173,0.0324,0.187,0.853,0.0588,HIGH_FRAUD_RATE,1
2024-03-14,Push_Network,NG,731,22,2,0.0171,0.0301,0.1642,0.86,0.0909,HIGH_FRAUD_RATE,1
2024-03-14,Push_Network,PL,817,36,3,0.0208,0.0441,0.1775,0.888,0.0833,HIGH_FRAUD_RATE,1
2024-03-14,TikTok,AU,1026,15,1,0.0245,0.0146,0.0906,0.924,0.0667,NORMAL,0
2024-03-14,TikTok,BR,1212,57,11,0.0245,0.047,0.0668,0.932,0.193,NORMAL,0
2024-03-14,TikTok,CA,799,45,9,0.0298,0.0563,0.0926,0.911,0.2,NORMAL,0
2024-03-14,TikTok,DE,589,42,5,0.0255,0.0713,0.1171,0.927,0.119,HIGH_FRAUD_RATE,1
2024-03-14,TikTok,IN,796,51,8,0.026,0.0641,0.0415,0.915,0.1569,NORMAL,0
2024-03-14,TikTok,NG,641,44,6,0.0317,0.0686,0.0437,0.92,0.1364,NORMAL,0
2024-03-14,TikTok,PL,432,27,4,0.0326,0.0625,0.0509,0.911,0.1481,NORMAL,0
2024-03-15,Affiliate_SEO,AU,1907,335,140,0.0174,0.1757,0.0136,0.978,0.4179,NORMAL,0
2024-03-15,Affiliate_SEO,BR,188,36,15,0.0231,0.1915,0.0106,0.979,0.4167,NORMAL,0
2024-03-15,Affiliate_SEO,CA,142,43,7,0.0159,0.3028,0.0211,0.98,0.1628,NORMAL,0
2024-03-15,Affiliate_SEO,DE,521,65,26,0.018,0.1248,0.0269,0.982,0.4,NORMAL,0
2024-03-15,Affiliate_SEO,IN,35,5,1,0.0218,0.1429,0.0,0.984,0.2,NORMAL,0
2024-03-15,Affiliate_SEO,NG,160,30,10,0.0393,0.1875,0.0188,0.98,0.3333,NORMAL,0
2024-03-15,Affiliate_SEO,PL,160,38,16,0.022,0.2375,0.0188,0.983,0.4211,NORMAL,0
2024-03-15,Facebook,AU,650,68,18,0.0352,0.1046,0.0169,0.969,0.2647,NORMAL,0
2024-03-15,Facebook,BR,420,54,15,0.0319,0.1286,0.0333,0.976,0.2778,NORMAL,0
2024-03-15,Facebook,CA,768,76,13,0.0341,0.099,0.0273,0.971,0.1711,NORMAL,0
2024-03-15,Facebook,DE,1063,101,20,0.032,0.095,0.0376,0.975,0.198,NORMAL,0
2024-03-15,Facebook,IN,256,21,4,0.0346,0.082,0.0273,0.976,0.1905,NORMAL,0
2024-03-15,Facebook,NG,443,37,5,0.0283,0.0835,0.0316,0.974,0.1351,NORMAL,0
2024-03-15,Facebook,PL,750,59,20,0.0224,0.0787,0.04,0.973,0.339,NORMAL,0
2024-03-15,Google_Search,AU,479,59,10,0.0326,0.1232,0.0084,0.989,0.1695,NORMAL,0
2024-03-15,Google_Search,BR,1227,182,62,0.0403,0.1483,0.0098,0.989,0.3407,NORMAL,0
2024-03-15,Google_Search,CA,408,71,14,0.0289,0.174,0.0123,0.99,0.1972,NORMAL,0
2024-03-15,Google_Search,DE,733,112,38,0.0412,0.1528,0.0055,0.991,0.3393,NORMAL,0
2024-03-15,Google_Search,IN,344,60,18,0.022,0.1744,0.0116,0.989,0.3,NORMAL,0
2024-03-15,Google_Search,NG,435,78,24,0.0339,0.1793,0.0069,0.991,0.3077,NORMAL,0
2024-03-15,Google_Search,PL,282,63,24,0.015,0.2234,0.0035,0.989,0.381,NORMAL,0
2024-03-15,Native_Ads,AU,758,40,7,0.0135,0.0528,0.0356,0.945,0.175,NORMAL,0
2024-03-15,Native_Ads,BR,596,48,8,0.0188,0.0805,0.0789,0.951,0.1667,NORMAL,0
2024-03-15,Native_Ads,CA,1181,87,14,0.0182,0.0737,0.0593,0.949,0.1609,NORMAL,0
2024-03-15,Native_Ads,DE,680,34,6,0.018,0.05,0.0559,0.939,0.1765,NORMAL,0
2024-03-15,Native_Ads,IN,826,51,12,0.0338,0.0617,0.0351,0.95,0.2353,NORMAL,0
2024-03-15,Native_Ads,NG,615,44,6,0.0249,0.0715,0.065,0.943,0.1364,NORMAL,0
2024-03-15,Native_Ads,PL,404,32,5,0.0126,0.0792,0.0347,0.93,0.1562,NORMAL,0
2024-03-15,Push_Network,AU,268,9,1,0.0193,0.0336,0.1828,0.878,0.1111,HIGH_FRAUD_RATE,1
2024-03-15,Push_Network,BR,300,14,1,0.0229,0.0467,0.1367,0.851,0.0714,HIGH_FRAUD_RATE,1
2024-03-15,Push_Network,CA,378,16,2,0.0102,0.0423,0.2011,0.857,0.125,HIGH_FRAUD_RATE,1
2024-03-15,Push_Network,DE,1107,37,4,0.0176,0.0334,0.1075,0.855,0.1081,HIGH_FRAUD_RATE,1
2024-03-15,Push_Network,IN,561,19,3,0.0179,0.0339,0.1586,0.882,0.1579,HIGH_FRAUD_RATE,1
2024-03-15,Push_Network,NG,764,28,4,0.0107,0.0366,0.1361,0.879,0.1429,HIGH_FRAUD_RATE,1
2024-03-15,Push_Network,PL,288,8,0,0.0226,0.0278,0.1181,0.886,0.0,HIGH_FRAUD_RATE,1
2024-03-15,TikTok,AU,452,27,5,0.0214,0.0597,0.0907,0.925,0.1852,NORMAL,0
2024-03-15,TikTok,BR,675,45,6,0.0135,0.0667,0.083,0.931,0.1333,NORMAL,0
2024-03-15,TikTok,CA,792,41,7,0.0256,0.0518,0.0909,0.909,0.1707,NORMAL,0
2024-03-15,TikTok,DE,1150,70,9,0.0214,0.0609,0.1165,0.925,0.1286,HIGH_FRAUD_RATE,1
2024-03-15,TikTok,IN,408,22,4,0.0307,0.0539,0.098,0.934,0.1818,NORMAL,0
2024-03-15,TikTok,NG,1164,62,8,0.0266,0.0533,0.061,0.928,0.129,NORMAL,0
2024-03-15,TikTok,PL,1072,76,10,0.0182,0.0709,0.0951,0.934,0.1316,NORMAL,0
2024-03-16,Affiliate_SEO,AU,479,83,25,0.0203,0.1733,0.0104,0.982,0.3012,NORMAL,0
2024-03-16,Affiliate_SEO,BR,190,41,18,0.0175,0.2158,0.0211,0.981,0.439,NORMAL,0
2024-03-16,Affiliate_SEO,CA,732,141,48,0.0206,0.1926,0.0232,0.977,0.3404,NORMAL,0
2024-03-16,Affiliate_SEO,DE,1278,320,74,0.0242,0.2504,0.0172,0.981,0.2313,NORMAL,0
2024-03-16,Affiliate_SEO,IN,28,6,2,0.0126,0.2143,0.0,0.983,0.3333,NORMAL,0
2024-03-16,Affiliate_SEO,NG,13,2,0,0.0108,0.1538,0.0,0.977,0.0,NORMAL,0
2024-03-16,Affiliate_SEO,PL,47,11,2,0.0147,0.234,0.0213,0.98,0.1818,NORMAL,0
2024-03-16,Facebook,AU,983,83,19,0.0228,0.0844,0.0183,0.975,0.2289,NORMAL,0
2024-03-16,Facebook,BR,590,54,11,0.033,0.0915,0.0271,0.973,0.2037,NORMAL,0
2024-03-16,Facebook,CA,615,73,18,0.0275,0.1187,0.0163,0.975,0.2466,NORMAL,0
2024-03-16,Facebook,DE,564,51,14,0.0545,0.0904,0.0284,0.969,0.2745,NORMAL,0
2024-03-16,Facebook,IN,1716,136,35,0.0308,0.0793,0.021,0.971,0.2574,NORMAL,0
2024-03-16,Facebook,NG,1083,104,18,0.0341,0.096,0.0351,0.965,0.1731,NORMAL,0
2024-03-16,Facebook,PL,1794,181,53,0.0511,0.1009,0.0151,0.971,0.2928,NORMAL,0
2024-03-16,Google_Search,AU,468,68,28,0.0233,0.1453,0.0107,0.988,0.4118,NORMAL,0
2024-03-16,Google_Search,BR,827,79,18,0.0262,0.0955,0.006,0.992,0.2278,NORMAL,0
2024-03-16,Google_Search,CA,798,139,33,0.0294,0.1742,0.0088,0.989,0.2374,NORMAL,0
2024-03-16,Google_Search,DE,888,133,56,0.0421,0.1498,0.0068,0.99,0.4211,NORMAL,0
2024-03-16,Google_Search,IN,1602,202,48,0.0425,0.1261,0.0087,0.991,0.2376,NORMAL,0
2024-03-16,Google_Search,NG,959,149,61,0.0321,0.1554,0.0063,0.992,0.4094,NORMAL,0
2024-03-16,Google_Search,PL,1117,160,57,0.031,0.1432,0.0143,0.991,0.3563,NORMAL,0
2024-03-16,Native_Ads,AU,540,46,11,0.0118,0.0852,0.0667,0.944,0.2391,NORMAL,0
2024-03-16,Native_Ads,BR,466,28,5,0.0163,0.0601,0.0815,0.932,0.1786,NORMAL,0
2024-03-16,Native_Ads,CA,714,53,9,0.0206,0.0742,0.0546,0.947,0.1698,NORMAL,0
2024-03-16,Native_Ads,DE,334,22,2,0.0135,0.0659,0.0299,0.938,0.0909,NORMAL,0
2024-03-16,Native_Ads,IN,757,57,10,0.0223,0.0753,0.0608,0.929,0.1754,NORMAL,0
2024-03-16,Native_Ads,NG,1093,74,16,0.0213,0.0677,0.0348,0.947,0.2162,NORMAL,0
2024-03-16,Native_Ads,PL,392,33,10,0.0184,0.0842,0.0587,0.936,0.303,NORMAL,0
2024-03-16,Push_Network,AU,899,26,2,0.0333,0.0289,0.0979,0.87,0.0769,NORMAL,0
2024-03-16,Push_Network,BR,1500,70,6,0.0247,0.0467,0.1913,0.86,0.0857,HIGH_FRAUD_RATE,1
2024-03-16,Push_Network,CA,363,11,1,0.0177,0.0303,0.1736,0.834,0.0909,HIGH_FRAUD_RATE,1
2024-03-16,Push_Network,DE,186,7,1,0.0184,0.0376,0.1774,0.863,0.1429,HIGH_FRAUD_RATE,1
2024-03-16,Push_Network,IN,107,4,0,0.0191,0.0374,0.1776,0.852,0.0,HIGH_FRAUD_RATE,1
2024-03-16,Push_Network,NG,541,21,2,0.0172,0.0388,0.1553,0.854,0.0952,HIGH_FRAUD_RATE,1
2024-03-16,Push_Network,PL,242,9,1,0.0122,0.0372,0.0744,0.838,0.1111,NORMAL,0
2024-03-16,TikTok,AU,958,39,6,0.0139,0.0407,0.0752,0.929,0.1538,NORMAL,0
2024-03-16,TikTok,BR,413,20,3,0.0176,0.0484,0.0678,0.911,0.15,NORMAL,0
2024-03-16,TikTok,CA,340,21,3,0.0129,0.0618,0.1088,0.919,0.1429,HIGH_FRAUD_RATE,1
2024-03-16,TikTok,DE,791,38,6,0.0219,0.048,0.0948,0.923,0.1579,NORMAL,0
2024-03-16,TikTok,IN,795,52,7,0.0245,0.0654,0.0453,0.919,0.1346,NORMAL,0
2024-03-16,TikTok,NG,1014,50,5,0.0331,0.0493,0.0523,0.926,0.1,NORMAL,0
2024-03-16,TikTok,PL,327,23,3,0.0262,0.0703,0.0581,0.914,0.1304,NORMAL,0
2024-03-17,Affiliate_SEO,AU,455,133,55,0.0106,0.2923,0.011,0.983,0.4135,NORMAL,0
2024-03-17,Affiliate_SEO,BR,137,38,12,0.0311,0.2774,0.0146,0.98,0.3158,NORMAL,0
2024-03-17,Affiliate_SEO,CA,336,85,30,0.0159,0.253,0.0179,0.979,0.3529,NORMAL,0
2024-03-17,Affiliate_SEO,DE,542,137,53,0.0172,0.2528,0.0258,0.983,0.3869,NORMAL,0
2024-03-17,Affiliate_SEO,IN,49,13,4,0.0262,0.2653,0.0204,0.979,0.3077,NORMAL,0
2024-03-17,Affiliate_SEO,NG,242,54,20,0.0311,0.2231,0.0207,0.976,0.3704,NORMAL,0
2024-03-17,Affiliate_SEO,PL,349,78,29,0.0168,0.2235,0.0143,0.979,0.3718,NORMAL,0
2024-03-17,Facebook,AU,1229,73,19,0.0398,0.0594,0.0431,0.974,0.2603,NORMAL,0
2024-03-17,Facebook,BR,299,29,5,0.0265,0.097,0.0401,0.969,0.1724,NORMAL,0
2024-03-17,Facebook,CA,1739,156,25,0.0456,0.0897,0.015,0.973,0.1603,NORMAL,0
2024-03-17,Facebook,DE,692,56,20,0.0486,0.0809,0.039,0.971,0.3571,NORMAL,0
2024-03-17,Facebook,IN,379,21,5,0.029,0.0554,0.029,0.968,0.2381,NORMAL,0
2024-03-17,Facebook,NG,741,73,20,0.0331,0.0985,0.0351,0.973,0.274,NORMAL,0
2024-03-17,Facebook,PL,2818,218,50,0.051,0.0774,0.0387,0.968,0.2294,NORMAL,0
2024-03-17,Google_Search,AU,616,107,33,0.0258,0.1737,0.013,0.991,0.3084,NORMAL,0
2024-03-17,Google_Search,BR,729,101,31,0.0241,0.1385,0.0069,0.989,0.3069,NORMAL,0
2024-03-17,Google_Search,CA,797,142,39,0.0288,0.1782,0.0075,0.989,0.2746,NORMAL,0
2024-03-17,Google_Search,DE,1038,177,77,0.0337,0.1705,0.0106,0.989,0.435,NORMAL,0
2024-03-17,Google_Search,IN,811,143,47,0.0337,0.1763,0.0062,0.989,0.3287,NORMAL,0
2024-03-17,Google_Search,NG,420,63,20,0.0237,0.15,0.0071,0.99,0.3175,NORMAL,0
2024-03-17,Google_Search,PL,467,83,26,0.022,0.1777,0.0043,0.989,0.3133,NORMAL,0
2024-03-17,Native_Ads,AU,416,31,5,0.0087,0.0745,0.0745,0.948,0.1613,NORMAL,0
2024-03-17,Native_Ads,BR,240,16,4,0.0173,0.0667,0.0708,0.947,0.25,NORMAL,0
2024-03-17,Native_Ads,CA,114,10,2,0.0101,0.0877,0.0526,0.938,0.2,NORMAL,0
2024-03-17,Native_Ads,DE,808,47,9,0.0198,0.0582,0.0681,0.947,0.1915,NORMAL,0
2024-03-17,Native_Ads,IN,534,41,9,0.0277,0.0768,0.0674,0.933,0.2195,NORMAL,0
2024-03-17,Native_Ads,NG,834,56,8,0.0304,0.0671,0.0588,0.929,0.1429,NORMAL,0
2024-03-17,Native_Ads,PL,185,8,1,0.0221,0.0432,0.0378,0.942,0.125,NORMAL,0
2024-03-17,Push_Network,AU,279,13,1,0.023,0.0466,0.1613,0.888,0.0769,HIGH_FRAUD_RATE,1
2024-03-17,Push_Network,BR,677,33,3,0.0198,0.0487,0.1182,0.866,0.0909,HIGH_FRAUD_RATE,1
2024-03-17,Push_Network,CA,160,5,0,0.0133,0.0312,0.15,0.841,0.0,HIGH_FRAUD_RATE,1
2024-03-17,Push_Network,DE,689,38,2,0.0292,0.0552,0.2032,0.888,0.0526,HIGH_FRAUD_RATE,1
2024-03-17,Push_Network,IN,455,21,1,0.0238,0.0462,0.0835,0.874,0.0476,NORMAL,0
2024-03-17,Push_Network,NG,401,17,1,0.0126,0.0424,0.0748,0.886,0.0588,NORMAL,0
2024-03-17,Push_Network,PL,367,17,1,0.0145,0.0463,0.1444,0.846,0.0588,HIGH_FRAUD_RATE,1
2024-03-17,TikTok,AU,159,9,1,0.005,0.0566,0.0755,0.929,0.1111,NORMAL,0
2024-03-17,TikTok,BR,218,8,1,0.0101,0.0367,0.1147,0.911,0.125,HIGH_FRAUD_RATE,1
2024-03-17,TikTok,CA,524,37,4,0.0172,0.0706,0.0515,0.905,0.1081,NORMAL,0
2024-03-17,TikTok,DE,630,23,3,0.0238,0.0365,0.1159,0.92,0.1304,HIGH_FRAUD_RATE,1
2024-03-17,TikTok,IN,273,10,1,0.0179,0.0366,0.0916,0.932,0.1,NORMAL,0
2024-03-17,TikTok,NG,2369,132,20,0.0267,0.0557,0.0431,0.932,0.1515,NORMAL,0
2024-03-17,TikTok,PL,844,45,7,0.0211,0.0533,0.0557,0.905,0.1556,NORMAL,0
2024-03-18,Affiliate_SEO,AU,442,91,22,0.0252,0.2059,0.0204,0.98,0.2418,NORMAL,0
2024-03-18,Affiliate_SEO,BR,249,58,16,0.018,0.2329,0.0201,0.983,0.2759,NORMAL,0
2024-03-18,Affiliate_SEO,CA,696,151,47,0.0252,0.217,0.0115,0.98,0.3113,NORMAL,0
2024-03-18,Affiliate_SEO,DE,865,227,98,0.0239,0.2624,0.0231,0.983,0.4317,NORMAL,0
2024-03-18,Affiliate_SEO,IN,46,9,3,0.015,0.1957,0.0217,0.976,0.3333,NORMAL,0
2024-03-18,Affiliate_SEO,NG,48,10,4,0.0107,0.2083,0.0,0.983,0.4,NORMAL,0
2024-03-18,Affiliate_SEO,PL,190,61,18,0.0127,0.3211,0.0211,0.979,0.2951,NORMAL,0
2024-03-18,Facebook,AU,987,87,18,0.0444,0.0881,0.0294,0.972,0.2069,NORMAL,0
2024-03-18,Facebook,BR,971,77,19,0.0384,0.0793,0.0216,0.966,0.2468,NORMAL,0
2024-03-18,Facebook,CA,380,41,9,0.0242,0.1079,0.0211,0.965,0.2195,NORMAL,0
2024-03-18,Facebook,DE,1272,83,20,0.0409,0.0653,0.022,0.968,0.241,NORMAL,0
2024-03-18,Facebook,IN,445,49,10,0.0334,0.1101,0.0404,0.973,0.2041,NORMAL,0
2024-03-18,Facebook,NG,978,87,25,0.0482,0.089,0.0307,0.965,0.2874,NORMAL,0
2024-03-18,Facebook,PL,529,56,17,0.0291,0.1059,0.0321,0.967,0.3036,NORMAL,0
2024-03-18,Google_Search,AU,716,96,29,0.0388,0.1341,0.0084,0.99,0.3021,NORMAL,0
2024-03-18,Google_Search,BR,403,67,21,0.0451,0.1663,0.0074,0.989,0.3134,NORMAL,0
2024-03-18,Google_Search,CA,625,57,19,0.0342,0.0912,0.0144,0.991,0.3333,NORMAL,0
2024-03-18,Google_Search,DE,1708,298,114,0.0521,0.1745,0.0082,0.99,0.3826,NORMAL,0
2024-03-18,Google_Search,IN,581,85,26,0.0451,0.1463,0.0086,0.991,0.3059,NORMAL,0
2024-03-18,Google_Search,NG,1117,135,45,0.0294,0.1209,0.0081,0.99,0.3333,NORMAL,0
2024-03-18,Google_Search,PL,2016,314,111,0.0467,0.1558,0.0114,0.991,0.3535,NORMAL,0
2024-03-18,Native_Ads,AU,616,35,7,0.0223,0.0568,0.0698,0.946,0.2,NORMAL,0
2024-03-18,Native_Ads,BR,618,42,8,0.0287,0.068,0.0615,0.932,0.1905,NORMAL,0
2024-03-18,Native_Ads,CA,599,53,10,0.0146,0.0885,0.0818,0.929,0.1887,NORMAL,0
2024-03-18,Native_Ads,DE,256,23,3,0.0208,0.0898,0.0703,0.936,0.1304,NORMAL,0
2024-03-18,Native_Ads,IN,960,23,4,0.0197,0.024,0.0552,0.938,0.1739,NORMAL,0
2024-03-18,Native_Ads,NG,387,19,4,0.0207,0.0491,0.0284,0.933,0.2105,NORMAL,0
2024-03-18,Native_Ads,PL,325,29,7,0.0168,0.0892,0.08,0.945,0.2414,NORMAL,0
2024-03-18,Push_Network,AU,506,18,2,0.0193,0.0356,0.1759,0.887,0.1111,HIGH_FRAUD_RATE,1
2024-03-18,Push_Network,BR,618,20,2,0.0205,0.0324,0.1861,0.845,0.1,HIGH_FRAUD_RATE,1
2024-03-18,Push_Network,CA,493,16,1,0.023,0.0325,0.1663,0.862,0.0625,HIGH_FRAUD_RATE,1
2024-03-18,Push_Network,DE,546,25,2,0.0152,0.0458,0.185,0.849,0.08,HIGH_FRAUD_RATE,1
2024-03-18,Push_Network,IN,553,25,2,0.0219,0.0452,0.1501,0.853,0.08,HIGH_FRAUD_RATE,1
2024-03-18,Push_Network,NG,355,14,2,0.0363,0.0394,0.1521,0.876,0.1429,HIGH_FRAUD_RATE,1
2024-03-18,Push_Network,PL,304,15,2,0.0083,0.0493,0.1809,0.881,0.1333,HIGH_FRAUD_RATE,1
2024-03-18,TikTok,AU,734,41,7,0.0221,0.0559,0.1049,0.922,0.1707,HIGH_FRAUD_RATE,1
2024-03-18,TikTok,BR,382,25,3,0.0205,0.0654,0.0681,0.917,0.12,NORMAL,0
2024-03-18,TikTok,CA,585,32,4,0.0236,0.0547,0.1111,0.932,0.125,HIGH_FRAUD_RATE,1
2024-03-18,TikTok,DE,1220,71,8,0.0318,0.0582,0.0746,0.913,0.1127,NORMAL,0
2024-03-18,TikTok,IN,114,6,1,0.0153,0.0526,0.0439,0.923,0.1667,NORMAL,0
2024-03-18,TikTok,NG,639,43,7,0.0215,0.0673,0.0516,0.922,0.1628,NORMAL,0
2024-03-18,TikTok,PL,164,12,2,0.0165,0.0732,0.0854,0.926,0.1667,NORMAL,0
2024-03-19,Affiliate_SEO,AU,379,87,40,0.0188,0.2296,0.0264,0.978,0.4598,NORMAL,0
2024-03-19,Affiliate_SEO,BR,109,28,8,0.0193,0.2569,0.0092,0.979,0.2857,NORMAL,0
2024-03-19,Affiliate_SEO,CA,928,215,51,0.0227,0.2317,0.0108,0.982,0.2372,NORMAL,0
2024-03-19,Affiliate_SEO,DE,580,127,55,0.021,0.219,0.019,0.976,0.4331,NORMAL,0
2024-03-19,Affiliate_SEO,IN,68,21,6,0.0231,0.3088,0.0147,0.982,0.2857,NORMAL,0
2024-03-19,Affiliate_SEO,NG,28,6,2,0.0122,0.2143,0.0,0.983,0.3333,NORMAL,0
2024-03-19,Affiliate_SEO,PL,164,25,4,0.0101,0.1524,0.0122,0.98,0.16,NORMAL,0
2024-03-19,Facebook,AU,965,74,12,0.0255,0.0767,0.0352,0.966,0.1622,NORMAL,0
2024-03-19,Facebook,BR,634,63,18,0.0451,0.0994,0.0347,0.968,0.2857,NORMAL,0
2024-03-19,Facebook,CA,667,64,15,0.041,0.096,0.015,0.965,0.2344,NORMAL,0
2024-03-19,Facebook,DE,1074,117,29,0.0325,0.1089,0.0354,0.972,0.2479,NORMAL,0
2024-03-19,Facebook,IN,411,41,10,0.0258,0.0998,0.0292,0.971,0.2439,NORMAL,0
2024-03-19,Facebook,NG,440,40,7,0.0258,0.0909,0.0318,0.974,0.175,NORMAL,0
2024-03-19,Facebook,PL,1126,79,17,0.0462,0.0702,0.0293,0.976,0.2152,NORMAL,0
2024-03-19,Google_Search,AU,2807,533,148,0.0255,0.1899,0.0078,0.99,0.2777,NORMAL,0
2024-03-19,Google_Search,BR,1345,311,73,0.042,0.2312,0.0126,0.99,0.2347,NORMAL,0
2024-03-19,Google_Search,CA,500,68,15,0.0405,0.136,0.01,0.989,0.2206,NORMAL,0
2024-03-19,Google_Search,DE,1871,283,80,0.0451,0.1513,0.0102,0.991,0.2827,NORMAL,0
2024-03-19,Google_Search,IN,542,72,17,0.0331,0.1328,0.0148,0.991,0.2361,NORMAL,0
2024-03-19,Google_Search,NG,1034,115,33,0.0434,0.1112,0.0087,0.991,0.287,NORMAL,0
2024-03-19,Google_Search,PL,2424,355,71,0.0434,0.1465,0.0074,0.989,0.2,NORMAL,0
2024-03-19,Native_Ads,AU,261,18,3,0.0211,0.069,0.0421,0.945,0.1667,NORMAL,0
2024-03-19,Native_Ads,BR,466,33,5,0.0148,0.0708,0.0794,0.932,0.1515,NORMAL,0
2024-03-19,Native_Ads,CA,157,11,2,0.0156,0.0701,0.0382,0.933,0.1818,NORMAL,0
2024-03-19,Native_Ads,DE,260,14,2,0.0187,0.0538,0.0731,0.932,0.1429,NORMAL,0
2024-03-19,Native_Ads,IN,902,52,10,0.0166,0.0576,0.0643,0.932,0.1923,NORMAL,0
2024-03-19,Native_Ads,NG,364,26,5,0.0231,0.0714,0.0604,0.936,0.1923,NORMAL,0
2024-03-19,Native_Ads,PL,477,36,7,0.0167,0.0755,0.0818,0.928,0.1944,NORMAL,0
2024-03-19,Push_Network,AU,324,13,1,0.0182,0.0401,0.0802,0.845,0.0769,NORMAL,0
2024-03-19,Push_Network,BR,269,10,0,0.0157,0.0372,0.1524,0.85,0.0,HIGH_FRAUD_RATE,1
2024-03-19,Push_Network,CA,417,18,2,0.0251,0.0432,0.1966,0.835,0.1111,HIGH_FRAUD_RATE,1
2024-03-19,Push_Network,DE,849,35,5,0.0208,0.0412,0.139,0.874,0.1429,HIGH_FRAUD_RATE,1
2024-03-19,Push_Network,IN,578,13,1,0.0239,0.0225,0.1557,0.881,0.0769,HIGH_FRAUD_RATE,1
2024-03-19,Push_Network,NG,400,18,2,0.0254,0.045,0.0825,0.873,0.1111,NORMAL,0
2024-03-19,Push_Network,PL,441,20,1,0.0178,0.0454,0.2018,0.842,0.05,HIGH_FRAUD_RATE,1
2024-03-19,TikTok,AU,469,34,6,0.0297,0.0725,0.049,0.92,0.1765,NORMAL,0
2024-03-19,TikTok,BR,627,39,5,0.0194,0.0622,0.0638,0.933,0.1282,NORMAL,0
2024-03-19,TikTok,CA,694,45,7,0.0274,0.0648,0.062,0.91,0.1556,NORMAL,0
2024-03-19,TikTok,DE,215,11,1,0.0124,0.0512,0.1023,0.932,0.0909,HIGH_FRAUD_RATE,1
2024-03-19,TikTok,IN,182,9,1,0.0163,0.0495,0.0604,0.919,0.1111,NORMAL,0
2024-03-19,TikTok,NG,867,43,7,0.0285,0.0496,0.0773,0.911,0.1628,NORMAL,0
2024-03-19,TikTok,PL,1228,64,9,0.0205,0.0521,0.0464,0.917,0.1406,NORMAL,0
2024-03-20,Affiliate_SEO,AU,747,119,45,0.0178,0.1593,0.0295,0.977,0.3782,NORMAL,0
2024-03-20,Affiliate_SEO,BR,149,34,13,0.0121,0.2282,0.0201,0.977,0.3824,NORMAL,0
2024-03-20,Affiliate_SEO,CA,238,48,16,0.021,0.2017,0.0084,0.977,0.3333,NORMAL,0
2024-03-20,Affiliate_SEO,DE,1669,251,101,0.019,0.1504,0.0138,0.978,0.4024,NORMAL,0
2024-03-20,Affiliate_SEO,IN,29,5,1,0.0123,0.1724,0.0,0.981,0.2,NORMAL,0
2024-03-20,Affiliate_SEO,NG,86,24,4,0.0143,0.2791,0.0116,0.983,0.1667,NORMAL,0
2024-03-20,Affiliate_SEO,PL,289,63,23,0.0268,0.218,0.0138,0.978,0.3651,NORMAL,0
2024-03-20,Facebook,AU,663,58,11,0.0306,0.0875,0.0392,0.965,0.1897,NORMAL,0
2024-03-20,Facebook,BR,385,34,8,0.0282,0.0883,0.0286,0.969,0.2353,NORMAL,0
2024-03-20,Facebook,CA,728,69,12,0.0303,0.0948,0.0179,0.967,0.1739,NORMAL,0
2024-03-20,Facebook,DE,721,76,18,0.0303,0.1054,0.0402,0.967,0.2368,NORMAL,0
2024-03-20,Facebook,IN,1469,162,42,0.0349,0.1103,0.0422,0.972,0.2593,NORMAL,0
2024-03-20,Facebook,NG,849,45,9,0.0222,0.053,0.0283,0.966,0.2,NORMAL,0
2024-03-20,Facebook,PL,1886,90,16,0.0399,0.0477,0.0281,0.971,0.1778,NORMAL,0
2024-03-20,Google_Search,AU,757,115,25,0.0293,0.1519,0.0106,0.99,0.2174,NORMAL,0
2024-03-20,Google_Search,BR,1440,235,80,0.0345,0.1632,0.0062,0.992,0.3404,NORMAL,0
2024-03-20,Google_Search,CA,512,100,28,0.0281,0.1953,0.0137,0.992,0.28,NORMAL,0
2024-03-20,Google_Search,DE,641,116,37,0.0281,0.181,0.0109,0.992,0.319,NORMAL,0
2024-03-20,Google_Search,IN,817,111,24,0.0349,0.1359,0.0061,0.989,0.2162,NORMAL,0
2024-03-20,Google_Search,NG,668,86,23,0.0415,0.1287,0.0105,0.988,0.2674,NORMAL,0
2024-03-20,Google_Search,PL,2126,256,67,0.0346,0.1204,0.0122,0.99,0.2617,NORMAL,0
2024-03-20,Native_Ads,AU,865,44,9,0.0178,0.0509,0.0486,0.95,0.2045,NORMAL,0
2024-03-20,Native_Ads,BR,371,31,4,0.0087,0.0836,0.0755,0.94,0.129,NORMAL,0
2024-03-20,Native_Ads,CA,866,79,16,0.0259,0.0912,0.0589,0.936,0.2025,NORMAL,0
2024-03-20,Native_Ads,DE,620,57,8,0.0299,0.0919,0.0694,0.931,0.1404,NORMAL,0
2024-03-20,Native_Ads,IN,454,39,6,0.018,0.0859,0.0352,0.939,0.1538,NORMAL,0
2024-03-20,Native_Ads,NG,685,44,7,0.0242,0.0642,0.054,0.932,0.1591,NORMAL,0
2024-03-20,Native_Ads,PL,548,37,8,0.0171,0.0675,0.042,0.947,0.2162,NORMAL,0
2024-03-20,Push_Network,AU,351,14,2,0.0217,0.0399,0.1481,0.881,0.1429,HIGH_FRAUD_RATE,1
2024-03-20,Push_Network,BR,268,11,1,0.0099,0.041,0.1231,0.868,0.0909,HIGH_FRAUD_RATE,1
2024-03-20,Push_Network,CA,187,9,1,0.015,0.0481,0.139,0.868,0.1111,HIGH_FRAUD_RATE,1
2024-03-20,Push_Network,DE,179,6,0,0.0278,0.0335,0.067,0.85,0.0,NORMAL,0
2024-03-20,Push_Network,IN,86,3,0,0.0108,0.0349,0.1628,0.835,0.0,HIGH_FRAUD_RATE,1
2024-03-20,Push_Network,NG,462,23,3,0.0176,0.0498,0.0909,0.875,0.1304,NORMAL,0
2024-03-20,Push_Network,PL,426,12,1,0.0167,0.0282,0.0845,0.881,0.0833,NORMAL,0
2024-03-20,TikTok,AU,400,22,3,0.0235,0.055,0.04,0.935,0.1364,NORMAL,0
2024-03-20,TikTok,BR,708,48,7,0.0238,0.0678,0.1059,0.927,0.1458,HIGH_FRAUD_RATE,1
2024-03-20,TikTok,CA,769,53,5,0.0194,0.0689,0.0845,0.933,0.0943,NORMAL,0
2024-03-20,TikTok,DE,383,17,2,0.0234,0.0444,0.0992,0.911,0.1176,NORMAL,0
2024-03-20,TikTok,IN,451,27,4,0.0186,0.0599,0.0887,0.931,0.1481,NORMAL,0
2024-03-20,TikTok,NG,233,16,1,0.0153,0.0687,0.1073,0.912,0.0625,HIGH_FRAUD_RATE,1
2024-03-20,TikTok,PL,250,13,1,0.0177,0.052,0.104,0.905,0.0769,HIGH_FRAUD_RATE,1
2024-03-21,Affiliate_SEO,AU,532,73,26,0.0182,0.1372,0.0282,0.977,0.3562,NORMAL,0
2024-03-21,Affiliate_SEO,BR,426,107,38,0.0204,0.2512,0.0211,0.978,0.3551,NORMAL,0
2024-03-21,Affiliate_SEO,CA,549,152,53,0.0114,0.2769,0.0255,0.979,0.3487,NORMAL,0
2024-03-21,Affiliate_SEO,DE,404,75,25,0.0198,0.1856,0.0248,0.982,0.3333,NORMAL,0
2024-03-21,Affiliate_SEO,IN,87,23,6,0.016,0.2644,0.0115,0.982,0.2609,NORMAL,0
2024-03-21,Affiliate_SEO,NG,20,5,1,0.0139,0.25,0.0,0.981,0.2,NORMAL,0
2024-03-21,Affiliate_SEO,PL,483,108,41,0.0269,0.2236,0.0124,0.981,0.3796,NORMAL,0
2024-03-21,Facebook,AU,317,31,8,0.0196,0.0978,0.0221,0.969,0.2581,NORMAL,0
2024-03-21,Facebook,BR,445,42,5,0.0312,0.0944,0.0315,0.965,0.119,NORMAL,0
2024-03-21,Facebook,CA,1027,48,10,0.0351,0.0467,0.0428,0.974,0.2083,NORMAL,0
2024-03-21,Facebook,DE,720,93,21,0.0455,0.1292,0.0208,0.968,0.2258,NORMAL,0
2024-03-21,Facebook,IN,1566,197,40,0.0431,0.1258,0.0377,0.973,0.203,NORMAL,0
2024-03-21,Facebook,NG,988,87,20,0.0359,0.0881,0.0213,0.969,0.2299,NORMAL,0
2024-03-21,Facebook,PL,483,46,10,0.0385,0.0952,0.0393,0.97,0.2174,NORMAL,0
2024-03-21,Google_Search,AU,1224,159,51,0.0329,0.1299,0.0098,0.988,0.3208,NORMAL,0
2024-03-21,Google_Search,BR,1069,146,51,0.0352,0.1366,0.0056,0.992,0.3493,NORMAL,0
2024-03-21,Google_Search,CA,513,61,12,0.0206,0.1189,0.0058,0.991,0.1967,NORMAL,0
2024-03-21,Google_Search,DE,772,136,53,0.0282,0.1762,0.013,0.989,0.3897,NORMAL,0
2024-03-21,Google_Search,IN,336,48,13,0.0249,0.1429,0.0119,0.991,0.2708,NORMAL,0
2024-03-21,Google_Search,NG,208,38,8,0.0274,0.1827,0.0048,0.991,0.2105,NORMAL,0
2024-03-21,Google_Search,PL,282,37,9,0.0132,0.1312,0.0106,0.988,0.2432,NORMAL,0
2024-03-21,Native_Ads,AU,645,50,10,0.0185,0.0775,0.0419,0.936,0.2,NORMAL,0
2024-03-21,Native_Ads,BR,1358,119,21,0.0323,0.0876,0.0361,0.948,0.1765,NORMAL,0
2024-03-21,Native_Ads,CA,210,17,2,0.0148,0.081,0.0476,0.945,0.1176,NORMAL,0
2024-03-21,Native_Ads,DE,334,27,7,0.0186,0.0808,0.0569,0.943,0.2593,NORMAL,0
2024-03-21,Native_Ads,IN,510,33,5,0.0154,0.0647,0.0353,0.94,0.1515,NORMAL,0
2024-03-21,Native_Ads,NG,519,35,7,0.024,0.0674,0.0482,0.934,0.2,NORMAL,0
2024-03-21,Native_Ads,PL,238,17,2,0.0096,0.0714,0.0336,0.935,0.1176,NORMAL,0
2024-03-21,Push_Network,AU,2008,40,4,0.0226,0.0199,0.1813,0.87,0.1,HIGH_FRAUD_RATE,1
2024-03-21,Push_Network,BR,498,17,1,0.0309,0.0341,0.1586,0.848,0.0588,HIGH_FRAUD_RATE,1
2024-03-21,Push_Network,CA,497,22,2,0.0202,0.0443,0.0885,0.885,0.0909,NORMAL,0
2024-03-21,Push_Network,DE,281,10,0,0.0111,0.0356,0.1352,0.866,0.0,HIGH_FRAUD_RATE,1
2024-03-21,Push_Network,IN,477,22,2,0.015,0.0461,0.1237,0.843,0.0909,HIGH_FRAUD_RATE,1
2024-03-21,Push_Network,NG,488,20,2,0.0274,0.041,0.082,0.866,0.1,NORMAL,0
2024-03-21,Push_Network,PL,274,11,1,0.0254,0.0401,0.1825,0.868,0.0909,HIGH_FRAUD_RATE,1
2024-03-21,TikTok,AU,398,19,3,0.0161,0.0477,0.0427,0.916,0.1579,NORMAL,0
2024-03-21,TikTok,BR,779,43,9,0.028,0.0552,0.0668,0.921,0.2093,NORMAL,0
2024-03-21,TikTok,CA,514,22,3,0.0151,0.0428,0.1167,0.934,0.1364,HIGH_FRAUD_RATE,1
2024-03-21,TikTok,DE,821,54,11,0.0255,0.0658,0.095,0.904,0.2037,NORMAL,0
2024-03-21,TikTok,IN,900,53,8,0.0189,0.0589,0.1,0.924,0.1509,NORMAL,0
2024-03-21,TikTok,NG,647,41,6,0.0209,0.0634,0.051,0.907,0.1463,NORMAL,0
2024-03-21,TikTok,PL,687,38,5,0.0184,0.0553,0.1048,0.922,0.1316,HIGH_FRAUD_RATE,1
2024-03-22,Affiliate_SEO,AU,403,74,27,0.0137,0.1836,0.0199,0.979,0.3649,NORMAL,0
2024-03-22,Affiliate_SEO,BR,255,57,18,0.018,0.2235,0.0196,0.98,0.3158,NORMAL,0
2024-03-22,Affiliate_SEO,CA,322,58,22,0.018,0.1801,0.0248,0.98,0.3793,NORMAL,0
2024-03-22,Affiliate_SEO,DE,683,166,84,0.0201,0.243,0.019,0.98,0.506,NORMAL,0
2024-03-22,Affiliate_SEO,IN,29,4,2,0.0165,0.1379,0.0,0.983,0.5,NORMAL,0
2024-03-22,Affiliate_SEO,NG,37,5,1,0.0251,0.1351,0.0,0.983,0.2,NORMAL,0
2024-03-22,Affiliate_SEO,PL,123,28,9,0.0111,0.2276,0.0163,0.979,0.3214,NORMAL,0
2024-03-22,Facebook,AU,886,93,24,0.0397,0.105,0.0305,0.976,0.2581,NORMAL,0
2024-03-22,Facebook,BR,959,70,14,0.0437,0.073,0.0229,0.972,0.2,NORMAL,0
2024-03-22,Facebook,CA,1586,136,32,0.0459,0.0858,0.0334,0.974,0.2353,NORMAL,0
2024-03-22,Facebook,DE,876,82,19,0.0278,0.0936,0.0228,0.974,0.2317,NORMAL,0
2024-03-22,Facebook,IN,1065,103,20,0.0253,0.0967,0.0282,0.975,0.1942,NORMAL,0
2024-03-22,Facebook,NG,768,84,15,0.0354,0.1094,0.0208,0.97,0.1786,NORMAL,0
2024-03-22,Facebook,PL,1551,131,27,0.0407,0.0845,0.0348,0.964,0.2061,NORMAL,0
2024-03-22,Google_Search,AU,1178,223,71,0.0332,0.1893,0.0059,0.991,0.3184,NORMAL,0
2024-03-22,Google_Search,BR,960,189,54,0.0376,0.1969,0.0094,0.992,0.2857,NORMAL,0
2024-03-22,Google_Search,CA,379,51,15,0.0202,0.1346,0.0053,0.988,0.2941,NORMAL,0
2024-03-22,Google_Search,DE,1075,82,27,0.0403,0.0763,0.0065,0.989,0.3293,NORMAL,0
2024-03-22,Google_Search,IN,229,37,9,0.0263,0.1616,0.0044,0.992,0.2432,NORMAL,0
2024-03-22,Google_Search,NG,776,96,40,0.0311,0.1237,0.0142,0.988,0.4167,NORMAL,0
2024-03-22,Google_Search,PL,699,120,39,0.0422,0.1717,0.0057,0.989,0.325,NORMAL,0
2024-03-22,Native_Ads,AU,638,34,7,0.0237,0.0533,0.0439,0.948,0.2059,NORMAL,0
2024-03-22,Native_Ads,BR,125,9,2,0.014,0.072,0.032,0.95,0.2222,NORMAL,0
2024-03-22,Native_Ads,CA,430,29,6,0.0279,0.0674,0.0628,0.939,0.2069,NORMAL,0
2024-03-22,Native_Ads,DE,276,15,2,0.0121,0.0543,0.0761,0.95,0.1333,NORMAL,0
2024-03-22,Native_Ads,IN,280,17,2,0.0153,0.0607,0.0536,0.945,0.1176,NORMAL,0
2024-03-22,Native_Ads,NG,524,26,4,0.0174,0.0496,0.0439,0.951,0.1538,NORMAL,0
2024-03-22,Native_Ads,PL,670,32,6,0.0289,0.0478,0.0373,0.94,0.1875,NORMAL,0
2024-03-22,Push_Network,AU,624,23,3,0.023,0.0369,0.1715,0.886,0.1304,HIGH_FRAUD_RATE,1
2024-03-22,Push_Network,BR,546,19,2,0.0208,0.0348,0.1538,0.862,0.1053,HIGH_FRAUD_RATE,1
2024-03-22,Push_Network,CA,479,17,1,0.0222,0.0355,0.0814,0.852,0.0588,NORMAL,0
2024-03-22,Push_Network,DE,287,11,1,0.0153,0.0383,0.1812,0.833,0.0909,HIGH_FRAUD_RATE,1
2024-03-22,Push_Network,IN,727,36,4,0.0275,0.0495,0.1541,0.859,0.1111,HIGH_FRAUD_RATE,1
2024-03-22,Push_Network,NG,1553,91,7,0.0295,0.0586,0.0934,0.871,0.0769,NORMAL,0
2024-03-22,Push_Network,PL,580,28,4,0.0113,0.0483,0.1069,0.888,0.1429,HIGH_FRAUD_RATE,1
2024-03-22,TikTok,AU,821,44,5,0.0249,0.0536,0.0889,0.927,0.1136,NORMAL,0
2024-03-22,TikTok,BR,432,31,5,0.021,0.0718,0.0602,0.913,0.1613,NORMAL,0
2024-03-22,TikTok,BR,9966,208,1,0.1842,0.0111,0.3158,0.58,0.0119,CLICK_INJECTION_PATTERN,1
2024-03-22,TikTok,CA,555,36,5,0.0168,0.0649,0.1135,0.934,0.1389,HIGH_FRAUD_RATE,1
2024-03-22,TikTok,DE,750,55,6,0.0219,0.0733,0.104,0.932,0.1091,HIGH_FRAUD_RATE,1
2024-03-22,TikTok,IN,347,18,2,0.0149,0.0519,0.1037,0.927,0.1111,HIGH_FRAUD_RATE,1
2024-03-22,TikTok,NG,280,18,2,0.0214,0.0643,0.0821,0.935,0.1111,NORMAL,0
2024-03-22,TikTok,PL,1163,69,13,0.031,0.0593,0.1135,0.912,0.1884,HIGH_FRAUD_RATE,1
2024-03-23,Affiliate_SEO,AU,174,38,14,0.0166,0.2184,0.0115,0.981,0.3684,NORMAL,0
2024-03-23,Affiliate_SEO,BR,47,12,4,0.0049,0.2553,0.0,0.977,0.3333,NORMAL,0
2024-03-23,Affiliate_SEO,CA,1261,377,146,0.0217,0.299,0.0238,0.983,0.3873,NORMAL,0
2024-03-23,Affiliate_SEO,DE,1318,288,124,0.0233,0.2185,0.0144,0.976,0.4306,NORMAL,0
2024-03-23,Affiliate_SEO,IN,45,7,2,0.025,0.1556,0.0222,0.981,0.2857,NORMAL,0
2024-03-23,Affiliate_SEO,NG,39,8,2,0.023,0.2051,0.0256,0.983,0.25,NORMAL,0
2024-03-23,Affiliate_SEO,PL,107,25,5,0.014,0.2336,0.0187,0.98,0.2,NORMAL,0
2024-03-23,Facebook,AU,1247,142,31,0.0361,0.1139,0.0409,0.972,0.2183,NORMAL,0
2024-03-23,Facebook,BR,610,53,11,0.0416,0.0869,0.0279,0.976,0.2075,NORMAL,0
2024-03-23,Facebook,CA,2388,177,33,0.0435,0.0741,0.0444,0.966,0.1864,NORMAL,0
2024-03-23,Facebook,DE,1110,95,16,0.0366,0.0856,0.0207,0.97,0.1684,NORMAL,0
2024-03-23,Facebook,IN,1274,106,25,0.0433,0.0832,0.0196,0.972,0.2358,NORMAL,0
2024-03-23,Facebook,NG,2102,146,35,0.0382,0.0695,0.0404,0.971,0.2397,NORMAL,0
2024-03-23,Facebook,PL,605,78,21,0.0247,0.1289,0.0281,0.969,0.2692,NORMAL,0
2024-03-23,Google_Search,AU,1093,149,62,0.0391,0.1363,0.0082,0.988,0.4161,NORMAL,0
2024-03-23,Google_Search,BR,632,84,27,0.0454,0.1329,0.0095,0.988,0.3214,NORMAL,0
2024-03-23,Google_Search,CA,1310,228,89,0.0214,0.174,0.0145,0.99,0.3904,NORMAL,0
2024-03-23,Google_Search,DE,1043,115,39,0.0381,0.1103,0.0105,0.991,0.3391,NORMAL,0
2024-03-23,Google_Search,IN,1696,277,80,0.0403,0.1633,0.0088,0.989,0.2888,NORMAL,0
2024-03-23,Google_Search,NG,96,15,5,0.0056,0.1562,0.0,0.989,0.3333,NORMAL,0
2024-03-23,Google_Search,PL,651,102,25,0.0375,0.1567,0.0108,0.991,0.2451,NORMAL,0
2024-03-23,Native_Ads,AU,304,30,5,0.0169,0.0987,0.0461,0.936,0.1667,NORMAL,0
2024-03-23,Native_Ads,BR,369,24,3,0.0102,0.065,0.0759,0.951,0.125,NORMAL,0
2024-03-23,Native_Ads,CA,2031,146,33,0.0183,0.0719,0.0891,0.95,0.226,NORMAL,0
2024-03-23,Native_Ads,DE,311,23,4,0.0096,0.074,0.074,0.93,0.1739,NORMAL,0
2024-03-23,Native_Ads,IN,277,24,5,0.0153,0.0866,0.0433,0.938,0.2083,NORMAL,0
2024-03-23,Native_Ads,NG,481,20,3,0.0159,0.0416,0.0374,0.94,0.15,NORMAL,0
2024-03-23,Native_Ads,PL,2071,196,45,0.0244,0.0946,0.0324,0.945,0.2296,NORMAL,0
2024-03-23,Push_Network,AU,1075,64,5,0.0276,0.0595,0.1088,0.88,0.0781,HIGH_FRAUD_RATE,1
2024-03-23,Push_Network,BR,334,11,1,0.0302,0.0329,0.1347,0.834,0.0909,HIGH_FRAUD_RATE,1
2024-03-23,Push_Network,CA,1362,71,7,0.0266,0.0521,0.094,0.879,0.0986,NORMAL,0
2024-03-23,Push_Network,DE,267,10,1,0.0232,0.0375,0.1723,0.857,0.1,HIGH_FRAUD_RATE,1
2024-03-23,Push_Network,IN,435,16,2,0.0263,0.0368,0.069,0.839,0.125,NORMAL,0
2024-03-23,Push_Network,NG,1852,79,10,0.0222,0.0427,0.1042,0.875,0.1266,HIGH_FRAUD_RATE,1
2024-03-23,Push_Network,PL,286,7,0,0.0208,0.0245,0.1678,0.873,0.0,HIGH_FRAUD_RATE,1
2024-03-23,TikTok,AU,601,35,7,0.0163,0.0582,0.0915,0.917,0.2,NORMAL,0
2024-03-23,TikTok,BR,746,32,5,0.0206,0.0429,0.0831,0.927,0.1562,NORMAL,0
2024-03-23,TikTok,CA,714,57,11,0.0304,0.0798,0.0532,0.905,0.193,NORMAL,0
2024-03-23,TikTok,DE,549,30,5,0.0293,0.0546,0.1129,0.928,0.1667,HIGH_FRAUD_RATE,1
2024-03-23,TikTok,IN,394,24,4,0.0246,0.0609,0.0736,0.908,0.1667,NORMAL,0
2024-03-23,TikTok,NG,396,27,5,0.022,0.0682,0.0556,0.911,0.1852,NORMAL,0
2024-03-23,TikTok,PL,720,41,6,0.0239,0.0569,0.0722,0.921,0.1463,NORMAL,0
2024-03-24,Affiliate_SEO,AU,650,172,47,0.0219,0.2646,0.0292,0.981,0.2733,NORMAL,0
2024-03-24,Affiliate_SEO,BR,529,76,28,0.0286,0.1437,0.0151,0.977,0.3684,NORMAL,0
2024-03-24,Affiliate_SEO,CA,658,189,65,0.0209,0.2872,0.0182,0.982,0.3439,NORMAL,0
2024-03-24,Affiliate_SEO,DE,868,210,50,0.0178,0.2419,0.0161,0.977,0.2381,NORMAL,0
2024-03-24,Affiliate_SEO,IN,65,16,8,0.0165,0.2462,0.0154,0.983,0.5,NORMAL,0
2024-03-24,Affiliate_SEO,NG,59,14,2,0.0264,0.2373,0.0169,0.977,0.1429,NORMAL,0
2024-03-24,Affiliate_SEO,PL,266,56,13,0.0186,0.2105,0.0263,0.977,0.2321,NORMAL,0
2024-03-24,Facebook,AU,928,65,12,0.0308,0.07,0.0172,0.973,0.1846,NORMAL,0
2024-03-24,Facebook,BR,2275,224,42,0.0355,0.0985,0.0334,0.967,0.1875,NORMAL,0
2024-03-24,Facebook,CA,897,78,17,0.0294,0.087,0.0446,0.975,0.2179,NORMAL,0
2024-03-24,Facebook,DE,1564,167,37,0.0443,0.1068,0.0403,0.968,0.2216,NORMAL,0
2024-03-24,Facebook,IN,1357,117,31,0.0329,0.0862,0.0405,0.965,0.265,NORMAL,0
2024-03-24,Facebook,NG,1030,102,27,0.0271,0.099,0.0233,0.975,0.2647,NORMAL,0
2024-03-24,Facebook,PL,970,120,21,0.0276,0.1237,0.0278,0.97,0.175,NORMAL,0
2024-03-24,Google_Search,AU,913,130,32,0.0271,0.1424,0.0044,0.992,0.2462,NORMAL,0
2024-03-24,Google_Search,BR,1423,163,44,0.0492,0.1145,0.0063,0.989,0.2699,NORMAL,0
2024-03-24,Google_Search,CA,415,54,20,0.0247,0.1301,0.0048,0.988,0.3704,NORMAL,0
2024-03-24,Google_Search,DE,749,132,32,0.0325,0.1762,0.0053,0.991,0.2424,NORMAL,0
2024-03-24,Google_Search,IN,1573,226,75,0.0346,0.1437,0.0134,0.99,0.3319,NORMAL,0
2024-03-24,Google_Search,NG,1923,228,78,0.0438,0.1186,0.0083,0.989,0.3421,NORMAL,0
2024-03-24,Google_Search,PL,1189,134,43,0.041,0.1127,0.0126,0.99,0.3209,NORMAL,0
2024-03-24,Native_Ads,AU,504,27,5,0.016,0.0536,0.0496,0.937,0.1852,NORMAL,0
2024-03-24,Native_Ads,BR,860,75,12,0.0281,0.0872,0.0616,0.932,0.16,NORMAL,0
2024-03-24,Native_Ads,CA,429,29,5,0.0194,0.0676,0.0629,0.945,0.1724,NORMAL,0
2024-03-24,Native_Ads,DE,375,23,4,0.0201,0.0613,0.0587,0.931,0.1739,NORMAL,0
2024-03-24,Native_Ads,IN,1763,143,27,0.0214,0.0811,0.0374,0.951,0.1888,NORMAL,0
2024-03-24,Native_Ads,NG,556,47,8,0.0217,0.0845,0.0881,0.949,0.1702,NORMAL,0
2024-03-24,Native_Ads,PL,1176,77,20,0.0214,0.0655,0.057,0.943,0.2597,NORMAL,0
2024-03-24,Push_Network,AU,1009,38,3,0.0243,0.0377,0.1715,0.87,0.0789,HIGH_FRAUD_RATE,1
2024-03-24,Push_Network,BR,1557,76,8,0.0213,0.0488,0.1233,0.843,0.1053,HIGH_FRAUD_RATE,1
2024-03-24,Push_Network,CA,576,30,3,0.0131,0.0521,0.0764,0.846,0.1,NORMAL,0
2024-03-24,Push_Network,DE,284,12,1,0.0127,0.0423,0.1373,0.879,0.0833,HIGH_FRAUD_RATE,1
2024-03-24,Push_Network,IN,672,30,4,0.0221,0.0446,0.0804,0.883,0.1333,NORMAL,0
2024-03-24,Push_Network,NG,526,25,2,0.0176,0.0475,0.1597,0.884,0.08,HIGH_FRAUD_RATE,1
2024-03-24,Push_Network,PL,309,13,2,0.0193,0.0421,0.1942,0.845,0.1538,HIGH_FRAUD_RATE,1
2024-03-24,TikTok,AU,387,27,5,0.0198,0.0698,0.0853,0.917,0.1852,NORMAL,0
2024-03-24,TikTok,BR,197,9,1,0.014,0.0457,0.1015,0.914,0.1111,HIGH_FRAUD_RATE,1
2024-03-24,TikTok,CA,452,21,3,0.0201,0.0465,0.0841,0.906,0.1429,NORMAL,0
2024-03-24,TikTok,DE,247,14,1,0.011,0.0567,0.1093,0.931,0.0714,HIGH_FRAUD_RATE,1
2024-03-24,TikTok,IN,410,29,5,0.0257,0.0707,0.1098,0.918,0.1724,HIGH_FRAUD_RATE,1
2024-03-24,TikTok,NG,1523,96,14,0.0281,0.063,0.0427,0.924,0.1458,NORMAL,0
2024-03-24,TikTok,PL,1103,46,3,0.0328,0.0417,0.1043,0.914,0.0652,HIGH_FRAUD_RATE,1
2024-03-25,Affiliate_SEO,AU,441,50,16,0.0265,0.1134,0.0091,0.977,0.32,NORMAL,0
2024-03-25,Affiliate_SEO,BR,188,28,8,0.0273,0.1489,0.0106,0.977,0.2857,NORMAL,0
2024-03-25,Affiliate_SEO,CA,2723,595,298,0.0233,0.2185,0.0151,0.977,0.5008,NORMAL,0
2024-03-25,Affiliate_SEO,DE,878,202,51,0.0232,0.2301,0.0216,0.982,0.2525,NORMAL,0
2024-03-25,Affiliate_SEO,IN,47,10,3,0.0122,0.2128,0.0213,0.977,0.3,NORMAL,0
2024-03-25,Affiliate_SEO,NG,45,10,3,0.0237,0.2222,0.0,0.976,0.3,NORMAL,0
2024-03-25,Affiliate_SEO,PL,446,65,26,0.0204,0.1457,0.0112,0.977,0.4,NORMAL,0
2024-03-25,Facebook,AU,986,87,13,0.0363,0.0882,0.0203,0.975,0.1494,NORMAL,0
2024-03-25,Facebook,BR,726,73,17,0.0285,0.1006,0.0289,0.966,0.2329,NORMAL,0
2024-03-25,Facebook,CA,2245,188,49,0.0428,0.0837,0.0396,0.97,0.2606,NORMAL,0
2024-03-25,Facebook,DE,1674,167,23,0.0504,0.0998,0.0197,0.974,0.1377,NORMAL,0
2024-03-25,Facebook,IN,374,33,7,0.0306,0.0882,0.0241,0.971,0.2121,NORMAL,0
2024-03-25,Facebook,NG,1149,97,24,0.0345,0.0844,0.0165,0.974,0.2474,NORMAL,0
2024-03-25,Facebook,PL,543,34,7,0.038,0.0626,0.035,0.97,0.2059,NORMAL,0
2024-03-25,Google_Search,AU,1190,129,35,0.0352,0.1084,0.0143,0.99,0.2713,NORMAL,0
2024-03-25,Google_Search,BR,512,67,14,0.0393,0.1309,0.0117,0.99,0.209,NORMAL,0
2024-03-25,Google_Search,CA,660,130,47,0.0295,0.197,0.0061,0.991,0.3615,NORMAL,0
2024-03-25,Google_Search,DE,1315,126,32,0.0334,0.0958,0.0053,0.992,0.254,NORMAL,0
2024-03-25,Google_Search,IN,1026,165,49,0.0319,0.1608,0.0088,0.99,0.297,NORMAL,0
2024-03-25,Google_Search,NG,509,72,19,0.0286,0.1415,0.0118,0.992,0.2639,NORMAL,0
2024-03-25,Google_Search,PL,1204,211,52,0.0369,0.1752,0.01,0.988,0.2464,NORMAL,0
2024-03-25,Native_Ads,AU,299,19,4,0.0142,0.0635,0.0736,0.945,0.2105,NORMAL,0
2024-03-25,Native_Ads,BR,1524,62,9,0.0251,0.0407,0.0807,0.951,0.1452,NORMAL,0
2024-03-25,Native_Ads,CA,402,25,4,0.0269,0.0622,0.0672,0.949,0.16,NORMAL,0
2024-03-25,Native_Ads,DE,252,16,2,0.024,0.0635,0.0794,0.939,0.125,NORMAL,0
2024-03-25,Native_Ads,IN,562,51,11,0.0129,0.0907,0.0712,0.929,0.2157,NORMAL,0
2024-03-25,Native_Ads,NG,233,22,4,0.0154,0.0944,0.0343,0.938,0.1818,NORMAL,0
2024-03-25,Native_Ads,PL,224,23,3,0.0256,0.1027,0.0536,0.935,0.1304,NORMAL,0
2024-03-25,Push_Network,AU,1132,45,6,0.0164,0.0398,0.2049,0.884,0.1333,HIGH_FRAUD_RATE,1
2024-03-25,Push_Network,BR,326,12,1,0.0146,0.0368,0.138,0.887,0.0833,HIGH_FRAUD_RATE,1
2024-03-25,Push_Network,CA,127,4,0,0.0156,0.0315,0.1024,0.834,0.0,HIGH_FRAUD_RATE,1
2024-03-25,Push_Network,DE,361,14,1,0.0212,0.0388,0.1468,0.848,0.0714,HIGH_FRAUD_RATE,1
2024-03-25,Push_Network,IN,830,23,2,0.0202,0.0277,0.1964,0.879,0.087,HIGH_FRAUD_RATE,1
2024-03-25,Push_Network,NG,669,27,2,0.0111,0.0404,0.0867,0.888,0.0741,NORMAL,0
2024-03-25,Push_Network,PL,910,32,5,0.0218,0.0352,0.1989,0.848,0.1562,HIGH_FRAUD_RATE,1
2024-03-25,TikTok,AU,239,14,2,0.0217,0.0586,0.0586,0.905,0.1429,NORMAL,0
2024-03-25,TikTok,BR,318,21,4,0.0189,0.066,0.0849,0.908,0.1905,NORMAL,0
2024-03-25,TikTok,CA,225,12,2,0.0192,0.0533,0.0578,0.918,0.1667,NORMAL,0
2024-03-25,TikTok,DE,468,28,4,0.0084,0.0598,0.1068,0.907,0.1429,HIGH_FRAUD_RATE,1
2024-03-25,TikTok,IN,941,70,15,0.0312,0.0744,0.1158,0.909,0.2143,HIGH_FRAUD_RATE,1
2024-03-25,TikTok,NG,370,20,3,0.017,0.0541,0.0838,0.917,0.15,NORMAL,0
2024-03-25,TikTok,PL,344,21,3,0.0202,0.061,0.0843,0.908,0.1429,NORMAL,0
2024-03-26,Affiliate_SEO,AU,984,192,58,0.0221,0.1951,0.0163,0.98,0.3021,NORMAL,0
2024-03-26,Affiliate_SEO,BR,216,51,17,0.0135,0.2361,0.0139,0.982,0.3333,NORMAL,0
2024-03-26,Affiliate_SEO,CA,997,263,82,0.0238,0.2638,0.016,0.979,0.3118,NORMAL,0
2024-03-26,Affiliate_SEO,DE,407,101,35,0.0179,0.2482,0.0147,0.977,0.3465,NORMAL,0
2024-03-26,Affiliate_SEO,IN,139,31,12,0.0304,0.223,0.0216,0.981,0.3871,NORMAL,0
2024-03-26,Affiliate_SEO,NG,32,5,1,0.0185,0.1562,0.0,0.982,0.2,NORMAL,0
2024-03-26,Affiliate_SEO,PL,38,7,2,0.009,0.1842,0.0,0.98,0.2857,NORMAL,0
2024-03-26,Facebook,AU,644,64,16,0.038,0.0994,0.0357,0.976,0.25,NORMAL,0
2024-03-26,Facebook,BR,1095,100,26,0.0331,0.0913,0.032,0.966,0.26,NORMAL,0
2024-03-26,Facebook,CA,1158,132,25,0.0408,0.114,0.032,0.973,0.1894,NORMAL,0
2024-03-26,Facebook,DE,553,68,15,0.0272,0.123,0.0181,0.965,0.2206,NORMAL,0
2024-03-26,Facebook,IN,752,78,15,0.0352,0.1037,0.0266,0.964,0.1923,NORMAL,0
2024-03-26,Facebook,NG,931,53,15,0.0298,0.0569,0.0408,0.966,0.283,NORMAL,0
2024-03-26,Facebook,PL,888,74,15,0.0309,0.0833,0.036,0.972,0.2027,NORMAL,0
2024-03-26,Google_Search,AU,814,92,23,0.025,0.113,0.0061,0.989,0.25,NORMAL,0
2024-03-26,Google_Search,BR,864,162,71,0.0447,0.1875,0.0069,0.988,0.4383,NORMAL,0
2024-03-26,Google_Search,CA,827,128,52,0.0353,0.1548,0.0145,0.992,0.4062,NORMAL,0
2024-03-26,Google_Search,DE,1131,153,48,0.0357,0.1353,0.0071,0.991,0.3137,NORMAL,0
2024-03-26,Google_Search,IN,1506,211,31,0.04,0.1401,0.0046,0.989,0.1469,NORMAL,0
2024-03-26,Google_Search,NG,1986,267,75,0.0306,0.1344,0.0111,0.989,0.2809,NORMAL,0
2024-03-26,Google_Search,PL,770,171,38,0.0438,0.2221,0.0052,0.988,0.2222,NORMAL,0
2024-03-26,Native_Ads,AU,481,31,8,0.0164,0.0644,0.0873,0.932,0.2581,NORMAL,0
2024-03-26,Native_Ads,BR,731,53,6,0.0247,0.0725,0.0807,0.939,0.1132,NORMAL,0
2024-03-26,Native_Ads,CA,476,38,6,0.0229,0.0798,0.0504,0.947,0.1579,NORMAL,0
2024-03-26,Native_Ads,DE,224,16,2,0.012,0.0714,0.0804,0.95,0.125,NORMAL,0
2024-03-26,Native_Ads,IN,1149,119,23,0.0285,0.1036,0.0862,0.935,0.1933,NORMAL,0
2024-03-26,Native_Ads,NG,919,68,13,0.0251,0.074,0.0501,0.929,0.1912,NORMAL,0
2024-03-26,Native_Ads,PL,247,22,4,0.0234,0.0891,0.0526,0.94,0.1818,NORMAL,0
2024-03-26,Push_Network,AU,616,19,2,0.0182,0.0308,0.1218,0.855,0.1053,HIGH_FRAUD_RATE,1
2024-03-26,Push_Network,BR,377,14,1,0.0177,0.0371,0.1432,0.859,0.0714,HIGH_FRAUD_RATE,1
2024-03-26,Push_Network,CA,922,40,5,0.0265,0.0434,0.1659,0.877,0.125,HIGH_FRAUD_RATE,1
2024-03-26,Push_Network,DE,197,8,0,0.0177,0.0406,0.1269,0.888,0.0,HIGH_FRAUD_RATE,1
2024-03-26,Push_Network,IN,350,13,1,0.0191,0.0371,0.16,0.878,0.0769,HIGH_FRAUD_RATE,1
2024-03-26,Push_Network,NG,364,13,1,0.0191,0.0357,0.0907,0.874,0.0769,NORMAL,0
2024-03-26,Push_Network,PL,264,10,1,0.0198,0.0379,0.0871,0.845,0.1,NORMAL,0
2024-03-26,TikTok,AU,290,18,3,0.016,0.0621,0.0448,0.925,0.1667,NORMAL,0
2024-03-26,TikTok,BR,1427,72,12,0.029,0.0505,0.0505,0.923,0.1667,NORMAL,0
2024-03-26,TikTok,CA,290,12,1,0.0184,0.0414,0.1172,0.922,0.0833,HIGH_FRAUD_RATE,1
2024-03-26,TikTok,DE,959,70,13,0.0179,0.073,0.0772,0.911,0.1857,NORMAL,0
2024-03-26,TikTok,IN,515,35,4,0.0205,0.068,0.0602,0.931,0.1143,NORMAL,0
2024-03-26,TikTok,NG,878,55,8,0.0217,0.0626,0.0661,0.915,0.1455,NORMAL,0
2024-03-26,TikTok,PL,881,63,9,0.0289,0.0715,0.084,0.922,0.1429,NORMAL,0
2024-03-27,Affiliate_SEO,AU,366,78,31,0.0179,0.2131,0.0137,0.982,0.3974,NORMAL,0
2024-03-27,Affiliate_SEO,BR,96,21,5,0.0214,0.2188,0.0208,0.984,0.2381,NORMAL,0
2024-03-27,Affiliate_SEO,CA,422,82,30,0.0211,0.1943,0.0095,0.981,0.3659,NORMAL,0
2024-03-27,Affiliate_SEO,DE,707,113,37,0.0234,0.1598,0.0283,0.98,0.3274,NORMAL,0
2024-03-27,Affiliate_SEO,IN,225,62,24,0.0179,0.2756,0.0267,0.98,0.3871,NORMAL,0
2024-03-27,Affiliate_SEO,NG,50,5,1,0.0206,0.1,0.0,0.977,0.2,NORMAL,0
2024-03-27,Affiliate_SEO,PL,559,164,78,0.0299,0.2934,0.0268,0.983,0.4756,NORMAL,0
2024-03-27,Facebook,AU,1400,69,18,0.0432,0.0493,0.0371,0.974,0.2609,NORMAL,0
2024-03-27,Facebook,BR,1974,132,23,0.044,0.0669,0.041,0.969,0.1742,NORMAL,0
2024-03-27,Facebook,CA,830,72,23,0.0307,0.0867,0.0325,0.97,0.3194,NORMAL,0
2024-03-27,Facebook,DE,1165,102,24,0.0431,0.0876,0.0232,0.975,0.2353,NORMAL,0
2024-03-27,Facebook,IN,474,45,11,0.0325,0.0949,0.0316,0.973,0.2444,NORMAL,0
2024-03-27,Facebook,NG,1162,109,20,0.0522,0.0938,0.0284,0.972,0.1835,NORMAL,0
2024-03-27,Facebook,PL,1054,60,12,0.0268,0.0569,0.0285,0.971,0.2,NORMAL,0
2024-03-27,Google_Search,AU,2675,240,78,0.033,0.0897,0.0079,0.99,0.325,NORMAL,0
2024-03-27,Google_Search,BR,718,79,20,0.0504,0.11,0.0125,0.989,0.2532,NORMAL,0
2024-03-27,Google_Search,CA,761,93,24,0.0358,0.1222,0.0079,0.99,0.2581,NORMAL,0
2024-03-27,Google_Search,DE,548,93,23,0.0455,0.1697,0.0055,0.988,0.2473,NORMAL,0
2024-03-27,Google_Search,IN,596,79,30,0.0232,0.1326,0.005,0.988,0.3797,NORMAL,0
2024-03-27,Google_Search,NG,651,43,15,0.0354,0.0661,0.0108,0.99,0.3488,NORMAL,0
2024-03-27,Google_Search,PL,1844,333,144,0.0384,0.1806,0.0103,0.989,0.4324,NORMAL,0
2024-03-27,Native_Ads,AU,265,17,3,0.0134,0.0642,0.083,0.931,0.1765,NORMAL,0
2024-03-27,Native_Ads,BR,928,51,9,0.0183,0.055,0.0366,0.937,0.1765,NORMAL,0
2024-03-27,Native_Ads,CA,366,34,6,0.0241,0.0929,0.0437,0.942,0.1765,NORMAL,0
2024-03-27,Native_Ads,DE,739,45,10,0.0236,0.0609,0.0677,0.939,0.2222,NORMAL,0
2024-03-27,Native_Ads,IN,264,21,2,0.0117,0.0795,0.0644,0.937,0.0952,NORMAL,0
2024-03-27,Native_Ads,NG,652,47,8,0.0329,0.0721,0.0552,0.93,0.1702,NORMAL,0
2024-03-27,Native_Ads,PL,230,19,3,0.0185,0.0826,0.0435,0.948,0.1579,NORMAL,0
2024-03-27,Push_Network,AU,603,17,2,0.0213,0.0282,0.1824,0.872,0.1176,HIGH_FRAUD_RATE,1
2024-03-27,Push_Network,BR,492,19,3,0.0231,0.0386,0.0874,0.855,0.1579,NORMAL,0
2024-03-27,Push_Network,CA,647,27,2,0.0231,0.0417,0.1298,0.849,0.0741,HIGH_FRAUD_RATE,1
2024-03-27,Push_Network,DE,1350,42,4,0.0184,0.0311,0.1911,0.858,0.0952,HIGH_FRAUD_RATE,1
2024-03-27,Push_Network,IN,245,9,1,0.0159,0.0367,0.1837,0.87,0.1111,HIGH_FRAUD_RATE,1
2024-03-27,Push_Network,NG,357,17,2,0.0272,0.0476,0.1821,0.839,0.1176,HIGH_FRAUD_RATE,1
2024-03-27,Push_Network,PL,717,24,3,0.0232,0.0335,0.1185,0.883,0.125,HIGH_FRAUD_RATE,1
2024-03-27,TikTok,AU,272,24,2,0.0138,0.0882,0.0625,0.934,0.0833,NORMAL,0
2024-03-27,TikTok,BR,458,33,4,0.0188,0.0721,0.0415,0.922,0.1212,NORMAL,0
2024-03-27,TikTok,CA,437,27,5,0.0169,0.0618,0.0664,0.928,0.1852,NORMAL,0
2024-03-27,TikTok,DE,396,18,2,0.0168,0.0455,0.0707,0.925,0.1111,NORMAL,0
2024-03-27,TikTok,IN,274,12,1,0.0075,0.0438,0.0401,0.929,0.0833,NORMAL,0
2024-03-27,TikTok,NG,365,20,2,0.0167,0.0548,0.063,0.924,0.1,NORMAL,0
2024-03-27,TikTok,PL,483,27,5,0.0104,0.0559,0.0518,0.913,0.1852,NORMAL,0
2024-03-28,Affiliate_SEO,AU,249,48,15,0.0135,0.1928,0.0161,0.976,0.3125,NORMAL,0
2024-03-28,Affiliate_SEO,BR,116,22,7,0.0206,0.1897,0.0086,0.984,0.3182,NORMAL,0
2024-03-28,Affiliate_SEO,CA,1093,248,71,0.0153,0.2269,0.0146,0.976,0.2863,NORMAL,0
2024-03-28,Affiliate_SEO,DE,310,73,22,0.0136,0.2355,0.0097,0.98,0.3014,NORMAL,0
2024-03-28,Affiliate_SEO,IN,145,27,11,0.0325,0.1862,0.0138,0.978,0.4074,NORMAL,0
2024-03-28,Affiliate_SEO,NG,21,3,1,0.0234,0.1429,0.0,0.98,0.3333,NORMAL,0
2024-03-28,Affiliate_SEO,PL,303,59,18,0.0204,0.1947,0.0132,0.984,0.3051,NORMAL,0
2024-03-28,Facebook,AU,2247,213,48,0.0326,0.0948,0.032,0.969,0.2254,NORMAL,0
2024-03-28,Facebook,BR,916,82,21,0.0336,0.0895,0.0175,0.972,0.2561,NORMAL,0
2024-03-28,Facebook,CA,780,87,18,0.0439,0.1115,0.0423,0.967,0.2069,NORMAL,0
2024-03-28,Facebook,DE,439,48,12,0.0322,0.1093,0.0137,0.969,0.25,NORMAL,0
2024-03-28,Facebook,IN,1077,86,21,0.0341,0.0799,0.0204,0.966,0.2442,NORMAL,0
2024-03-28,Facebook,NG,198,18,4,0.0066,0.0909,0.0253,0.966,0.2222,NORMAL,0
2024-03-28,Facebook,PL,3457,279,80,0.0453,0.0807,0.0286,0.971,0.2867,NORMAL,0
2024-03-28,Google_Search,AU,1014,150,35,0.0447,0.1479,0.0059,0.99,0.2333,NORMAL,0
2024-03-28,Google_Search,BR,525,78,27,0.0314,0.1486,0.0057,0.991,0.3462,NORMAL,0
2024-03-28,Google_Search,CA,315,68,23,0.012,0.2159,0.0063,0.991,0.3382,NORMAL,0
2024-03-28,Google_Search,DE,770,133,47,0.0442,0.1727,0.0091,0.989,0.3534,NORMAL,0
2024-03-28,Google_Search,IN,1315,187,50,0.0353,0.1422,0.0068,0.992,0.2674,NORMAL,0
2024-03-28,Google_Search,NG,528,74,24,0.0249,0.1402,0.0133,0.988,0.3243,NORMAL,0
2024-03-28,Google_Search,PL,444,74,17,0.0264,0.1667,0.0113,0.992,0.2297,NORMAL,0
2024-03-28,Native_Ads,AU,132,8,1,0.011,0.0606,0.0606,0.936,0.125,NORMAL,0
2024-03-28,Native_Ads,BR,448,36,6,0.0198,0.0804,0.0737,0.944,0.1667,NORMAL,0
2024-03-28,Native_Ads,CA,520,37,7,0.0189,0.0712,0.0827,0.948,0.1892,NORMAL,0
2024-03-28,Native_Ads,DE,906,80,18,0.0174,0.0883,0.0563,0.943,0.225,NORMAL,0
2024-03-28,Native_Ads,IN,989,74,9,0.0286,0.0748,0.0617,0.946,0.1216,NORMAL,0
2024-03-28,Native_Ads,NG,512,33,3,0.0138,0.0645,0.0781,0.934,0.0909,NORMAL,0
2024-03-28,Native_Ads,PL,508,19,4,0.0233,0.0374,0.0512,0.937,0.2105,NORMAL,0
2024-03-28,Push_Network,AU,356,14,1,0.0221,0.0393,0.1882,0.843,0.0714,HIGH_FRAUD_RATE,1
2024-03-28,Push_Network,BR,683,35,4,0.024,0.0512,0.2006,0.884,0.1143,HIGH_FRAUD_RATE,1
2024-03-28,Push_Network,CA,288,7,0,0.0165,0.0243,0.0799,0.863,0.0,NORMAL,0
2024-03-28,Push_Network,DE,2025,79,7,0.0209,0.039,0.1738,0.885,0.0886,HIGH_FRAUD_RATE,1
2024-03-28,Push_Network,IN,345,10,1,0.0165,0.029,0.0986,0.851,0.1,NORMAL,0
2024-03-28,Push_Network,NG,421,11,1,0.0265,0.0261,0.0974,0.862,0.0909,NORMAL,0
2024-03-28,Push_Network,PL,781,24,2,0.0188,0.0307,0.0794,0.863,0.0833,NORMAL,0
2024-03-28,TikTok,AU,402,20,3,0.0253,0.0498,0.0498,0.912,0.15,NORMAL,0
2024-03-28,TikTok,BR,451,17,3,0.0265,0.0377,0.0798,0.916,0.1765,NORMAL,0
2024-03-28,TikTok,CA,281,17,2,0.0271,0.0605,0.0925,0.904,0.1176,NORMAL,0
2024-03-28,TikTok,DE,475,19,2,0.0195,0.04,0.0989,0.92,0.1053,NORMAL,0
2024-03-28,TikTok,IN,438,22,3,0.0211,0.0502,0.1073,0.915,0.1364,HIGH_FRAUD_RATE,1
2024-03-28,TikTok,NG,224,15,2,0.0074,0.067,0.1161,0.919,0.1333,HIGH_FRAUD_RATE,1
2024-03-28,TikTok,PL,939,51,8,0.0212,0.0543,0.0799,0.923,0.1569,NORMAL,0
2024-03-29,Affiliate_SEO,AU,721,163,70,0.0258,0.2261,0.0264,0.984,0.4294,NORMAL,0
2024-03-29,Affiliate_SEO,BR,95,25,5,0.0092,0.2632,0.0211,0.978,0.2,NORMAL,0
2024-03-29,Affiliate_SEO,CA,494,134,40,0.0258,0.2713,0.0162,0.979,0.2985,NORMAL,0
2024-03-29,Affiliate_SEO,DE,335,96,26,0.0155,0.2866,0.0119,0.981,0.2708,NORMAL,0
2024-03-29,Affiliate_SEO,IN,42,11,3,0.0198,0.2619,0.0,0.978,0.2727,NORMAL,0
2024-03-29,Affiliate_SEO,NG,114,31,14,0.0201,0.2719,0.0175,0.983,0.4516,NORMAL,0
2024-03-29,Affiliate_SEO,PL,736,213,73,0.0308,0.2894,0.019,0.981,0.3427,NORMAL,0
2024-03-29,Facebook,AU,1278,99,28,0.0376,0.0775,0.0172,0.968,0.2828,NORMAL,0
2024-03-29,Facebook,BR,359,33,5,0.0211,0.0919,0.0223,0.974,0.1515,NORMAL,0
2024-03-29,Facebook,CA,427,34,7,0.0399,0.0796,0.0422,0.969,0.2059,NORMAL,0
2024-03-29,Facebook,DE,1245,98,22,0.0313,0.0787,0.0329,0.971,0.2245,NORMAL,0
2024-03-29,Facebook,IN,881,70,19,0.0281,0.0795,0.0261,0.976,0.2714,NORMAL,0
2024-03-29,Facebook,NG,452,49,10,0.0204,0.1084,0.042,0.976,0.2041,NORMAL,0
2024-03-29,Facebook,PL,737,38,8,0.0261,0.0516,0.0271,0.969,0.2105,NORMAL,0
2024-03-29,Google_Search,AU,879,146,37,0.0476,0.1661,0.0091,0.991,0.2534,NORMAL,0
2024-03-29,Google_Search,BR,538,118,44,0.0229,0.2193,0.013,0.989,0.3729,NORMAL,0
2024-03-29,Google_Search,CA,632,80,27,0.0364,0.1266,0.0063,0.988,0.3375,NORMAL,0
2024-03-29,Google_Search,DE,791,127,61,0.0491,0.1606,0.0051,0.988,0.4803,NORMAL,0
2024-03-29,Google_Search,IN,1193,253,63,0.0388,0.2121,0.0109,0.989,0.249,NORMAL,0
2024-03-29,Google_Search,NG,437,77,19,0.0254,0.1762,0.0069,0.99,0.2468,NORMAL,0
2024-03-29,Google_Search,PL,460,67,20,0.0346,0.1457,0.0043,0.991,0.2985,NORMAL,0
2024-03-29,Native_Ads,AU,128,8,1,0.0226,0.0625,0.0469,0.949,0.125,NORMAL,0
2024-03-29,Native_Ads,BR,715,44,9,0.0203,0.0615,0.0713,0.934,0.2045,NORMAL,0
2024-03-29,Native_Ads,CA,371,25,4,0.0122,0.0674,0.0485,0.948,0.16,NORMAL,0
2024-03-29,Native_Ads,DE,218,11,2,0.0151,0.0505,0.055,0.936,0.1818,NORMAL,0
2024-03-29,Native_Ads,IN,1483,131,15,0.0225,0.0883,0.0492,0.951,0.1145,NORMAL,0
2024-03-29,Native_Ads,NG,276,21,2,0.0089,0.0761,0.0399,0.944,0.0952,NORMAL,0
2024-03-29,Native_Ads,PL,995,62,16,0.0272,0.0623,0.0412,0.928,0.2581,NORMAL,0
2024-03-29,Push_Network,AU,636,21,2,0.0279,0.033,0.1242,0.836,0.0952,HIGH_FRAUD_RATE,1
2024-03-29,Push_Network,BR,492,21,2,0.025,0.0427,0.0915,0.859,0.0952,NORMAL,0
2024-03-29,Push_Network,CA,409,10,1,0.0118,0.0244,0.1663,0.882,0.1,HIGH_FRAUD_RATE,1
2024-03-29,Push_Network,DE,274,12,1,0.0209,0.0438,0.1131,0.859,0.0833,HIGH_FRAUD_RATE,1
2024-03-29,Push_Network,IN,440,13,1,0.0137,0.0295,0.2045,0.874,0.0769,HIGH_FRAUD_RATE,1
2024-03-29,Push_Network,NG,1142,52,5,0.0186,0.0455,0.1734,0.846,0.0962,HIGH_FRAUD_RATE,1
2024-03-29,Push_Network,PL,391,15,1,0.0202,0.0384,0.156,0.846,0.0667,HIGH_FRAUD_RATE,1
2024-03-29,TikTok,AU,1545,91,18,0.0255,0.0589,0.0738,0.931,0.1978,NORMAL,0
2024-03-29,TikTok,BR,557,38,4,0.025,0.0682,0.0664,0.907,0.1053,NORMAL,0
2024-03-29,TikTok,CA,198,11,2,0.0065,0.0556,0.0606,0.935,0.1818,NORMAL,0
2024-03-29,TikTok,DE,258,10,1,0.0186,0.0388,0.0891,0.924,0.1,NORMAL,0
2024-03-29,TikTok,IN,541,24,4,0.012,0.0444,0.0573,0.935,0.1667,NORMAL,0
2024-03-29,TikTok,NG,185,13,2,0.0183,0.0703,0.0973,0.908,0.1538,NORMAL,0
2024-03-29,TikTok,PL,466,38,5,0.0128,0.0815,0.118,0.928,0.1316,HIGH_FRAUD_RATE,1
2024-03-30,Affiliate_SEO,AU,228,55,18,0.0225,0.2412,0.0132,0.982,0.3273,NORMAL,0
2024-03-30,Affiliate_SEO,BR,36,5,1,0.0147,0.1389,0.0,0.983,0.2,NORMAL,0
2024-03-30,Affiliate_SEO,CA,212,38,13,0.0237,0.1792,0.0283,0.984,0.3421,NORMAL,0
2024-03-30,Affiliate_SEO,DE,634,113,31,0.023,0.1782,0.0284,0.981,0.2743,NORMAL,0
2024-03-30,Affiliate_SEO,IN,108,19,6,0.0225,0.1759,0.0093,0.976,0.3158,NORMAL,0
2024-03-30,Affiliate_SEO,NG,28,5,1,0.0237,0.1786,0.0,0.978,0.2,NORMAL,0
2024-03-30,Affiliate_SEO,PL,566,67,20,0.0263,0.1184,0.0106,0.981,0.2985,NORMAL,0
2024-03-30,Facebook,AU,1654,150,30,0.0351,0.0907,0.0236,0.971,0.2,NORMAL,0
2024-03-30,Facebook,BR,389,40,11,0.0259,0.1028,0.0386,0.967,0.275,NORMAL,0
2024-03-30,Facebook,CA,589,64,19,0.0301,0.1087,0.0357,0.976,0.2969,NORMAL,0
2024-03-30,Facebook,DE,341,33,10,0.0209,0.0968,0.0352,0.966,0.303,NORMAL,0
2024-03-30,Facebook,IN,1183,101,26,0.03,0.0854,0.0237,0.966,0.2574,NORMAL,0
2024-03-30,Facebook,NG,383,32,9,0.0383,0.0836,0.0418,0.968,0.2812,NORMAL,0
2024-03-30,Facebook,PL,450,43,8,0.0267,0.0956,0.0422,0.973,0.186,NORMAL,0
2024-03-30,Google_Search,AU,1404,120,29,0.0338,0.0855,0.0142,0.99,0.2417,NORMAL,0
2024-03-30,Google_Search,BR,927,124,45,0.0344,0.1338,0.014,0.989,0.3629,NORMAL,0
2024-03-30,Google_Search,CA,1493,233,78,0.0356,0.1561,0.0141,0.989,0.3348,NORMAL,0
2024-03-30,Google_Search,DE,1059,177,70,0.0383,0.1671,0.0057,0.99,0.3955,NORMAL,0
2024-03-30,Google_Search,IN,849,110,31,0.0304,0.1296,0.0094,0.99,0.2818,NORMAL,0
2024-03-30,Google_Search,NG,518,107,30,0.0368,0.2066,0.0097,0.991,0.2804,NORMAL,0
2024-03-30,Google_Search,PL,3129,415,121,0.0439,0.1326,0.0147,0.988,0.2916,NORMAL,0
2024-03-30,Native_Ads,AU,1372,63,14,0.0267,0.0459,0.0539,0.935,0.2222,NORMAL,0
2024-03-30,Native_Ads,BR,797,34,4,0.0248,0.0427,0.0816,0.948,0.1176,NORMAL,0
2024-03-30,Native_Ads,CA,488,25,5,0.0192,0.0512,0.0492,0.95,0.2,NORMAL,0
2024-03-30,Native_Ads,DE,328,18,2,0.0148,0.0549,0.0793,0.935,0.1111,NORMAL,0
2024-03-30,Native_Ads,IN,311,13,2,0.0265,0.0418,0.0707,0.939,0.1538,NORMAL,0
2024-03-30,Native_Ads,NG,369,33,5,0.0152,0.0894,0.0569,0.929,0.1515,NORMAL,0
2024-03-30,Native_Ads,PL,492,37,7,0.0323,0.0752,0.0508,0.932,0.1892,NORMAL,0
2024-03-30,Push_Network,AU,160,7,0,0.0115,0.0437,0.075,0.872,0.0,NORMAL,0
2024-03-30,Push_Network,BR,1060,35,5,0.0208,0.033,0.1962,0.867,0.1429,HIGH_FRAUD_RATE,1
2024-03-30,Push_Network,CA,263,7,0,0.0106,0.0266,0.1521,0.852,0.0,HIGH_FRAUD_RATE,1
2024-03-30,Push_Network,DE,605,27,3,0.0249,0.0446,0.0975,0.87,0.1111,NORMAL,0
2024-03-30,Push_Network,IN,1521,97,8,0.026,0.0638,0.1282,0.834,0.0825,HIGH_FRAUD_RATE,1
2024-03-30,Push_Network,NG,762,25,3,0.0212,0.0328,0.1509,0.868,0.12,HIGH_FRAUD_RATE,1
2024-03-30,Push_Network,PL,300,14,2,0.01,0.0467,0.0967,0.838,0.1429,NORMAL,0
2024-03-30,TikTok,AU,780,64,9,0.0216,0.0821,0.0808,0.925,0.1406,NORMAL,0
2024-03-30,TikTok,BR,853,57,9,0.023,0.0668,0.1067,0.909,0.1579,HIGH_FRAUD_RATE,1
2024-03-30,TikTok,CA,256,13,2,0.0109,0.0508,0.0898,0.927,0.1538,NORMAL,0
2024-03-30,TikTok,DE,376,18,2,0.0282,0.0479,0.1011,0.919,0.1111,HIGH_FRAUD_RATE,1
2024-03-30,TikTok,IN,1426,95,16,0.023,0.0666,0.0898,0.909,0.1684,NORMAL,0
2024-03-30,TikTok,NG,430,32,3,0.0174,0.0744,0.0674,0.905,0.0938,NORMAL,0
2024-03-30,TikTok,PL,688,32,4,0.026,0.0465,0.064,0.921,0.125,NORMAL,0
2024-03-31,Affiliate_SEO,AU,1055,262,109,0.0206,0.2483,0.0152,0.983,0.416,NORMAL,0
2024-03-31,Affiliate_SEO,BR,252,51,15,0.0175,0.2024,0.0198,0.984,0.2941,NORMAL,0
2024-03-31,Affiliate_SEO,CA,279,57,26,0.0197,0.2043,0.0143,0.98,0.4561,NORMAL,0
2024-03-31,Affiliate_SEO,DE,704,121,41,0.0157,0.1719,0.0256,0.978,0.3388,NORMAL,0
2024-03-31,Affiliate_SEO,IN,50,11,4,0.0119,0.22,0.0,0.979,0.3636,NORMAL,0
2024-03-31,Affiliate_SEO,NG,255,63,22,0.0266,0.2471,0.0235,0.982,0.3492,NORMAL,0
2024-03-31,Affiliate_SEO,PL,123,27,9,0.0128,0.2195,0.0081,0.983,0.3333,NORMAL,0
2024-03-31,Facebook,AU,1025,128,29,0.0353,0.1249,0.0244,0.974,0.2266,NORMAL,0
2024-03-31,Facebook,BR,1149,123,25,0.0327,0.107,0.0218,0.97,0.2033,NORMAL,0
2024-03-31,Facebook,CA,1434,67,17,0.0427,0.0467,0.0321,0.971,0.2537,NORMAL,0
2024-03-31,Facebook,DE,1114,83,24,0.0306,0.0745,0.044,0.969,0.2892,NORMAL,0
2024-03-31,Facebook,IN,406,35,6,0.0256,0.0862,0.0345,0.969,0.1714,NORMAL,0
2024-03-31,Facebook,NG,2111,223,58,0.0459,0.1056,0.0426,0.966,0.2601,NORMAL,0
2024-03-31,Facebook,PL,1342,127,29,0.0382,0.0946,0.0395,0.965,0.2283,NORMAL,0
2024-03-31,Google_Search,AU,1077,192,78,0.0447,0.1783,0.0084,0.992,0.4062,NORMAL,0
2024-03-31,Google_Search,BR,1010,252,77,0.0335,0.2495,0.0059,0.989,0.3056,NORMAL,0
2024-03-31,Google_Search,CA,3033,477,107,0.0427,0.1573,0.0129,0.991,0.2243,NORMAL,0
2024-03-31,Google_Search,DE,703,98,21,0.0317,0.1394,0.0043,0.991,0.2143,NORMAL,0
2024-03-31,Google_Search,IN,672,108,30,0.0336,0.1607,0.0104,0.989,0.2778,NORMAL,0
2024-03-31,Google_Search,NG,1204,195,46,0.0386,0.162,0.01,0.991,0.2359,NORMAL,0
2024-03-31,Google_Search,PL,1214,227,56,0.0426,0.187,0.0115,0.988,0.2467,NORMAL,0
2024-03-31,Native_Ads,AU,449,29,5,0.0221,0.0646,0.0757,0.93,0.1724,NORMAL,0
2024-03-31,Native_Ads,BR,462,33,6,0.0273,0.0714,0.0779,0.95,0.1818,NORMAL,0
2024-03-31,Native_Ads,CA,648,42,6,0.022,0.0648,0.0602,0.95,0.1429,NORMAL,0
2024-03-31,Native_Ads,DE,1086,49,10,0.0243,0.0451,0.0635,0.946,0.2041,NORMAL,0
2024-03-31,Native_Ads,IN,193,16,2,0.0117,0.0829,0.0674,0.941,0.125,NORMAL,0
2024-03-31,Native_Ads,NG,1544,128,27,0.025,0.0829,0.0848,0.934,0.2109,NORMAL,0
2024-03-31,Native_Ads,PL,334,20,5,0.0136,0.0599,0.0599,0.928,0.25,NORMAL,0
2024-03-31,Push_Network,AU,507,24,2,0.0096,0.0473,0.1144,0.847,0.0833,HIGH_FRAUD_RATE,1
2024-03-31,Push_Network,BR,632,22,3,0.0147,0.0348,0.1123,0.843,0.1364,HIGH_FRAUD_RATE,1
2024-03-31,Push_Network,CA,514,16,1,0.0213,0.0311,0.1751,0.835,0.0625,HIGH_FRAUD_RATE,1
2024-03-31,Push_Network,DE,412,18,2,0.0119,0.0437,0.1602,0.858,0.1111,HIGH_FRAUD_RATE,1
2024-03-31,Push_Network,IN,1124,26,2,0.0325,0.0231,0.194,0.86,0.0769,HIGH_FRAUD_RATE,1
2024-03-31,Push_Network,NG,466,18,1,0.0203,0.0386,0.1953,0.873,0.0556,HIGH_FRAUD_RATE,1
2024-03-31,Push_Network,PL,318,12,1,0.0129,0.0377,0.0786,0.877,0.0833,NORMAL,0
2024-03-31,TikTok,AU,442,29,5,0.0227,0.0656,0.0498,0.924,0.1724,NORMAL,0
2024-03-31,TikTok,BR,570,32,5,0.0168,0.0561,0.0526,0.924,0.1562,NORMAL,0
2024-03-31,TikTok,CA,72,3,0,0.0078,0.0417,0.1111,0.909,0.0,HIGH_FRAUD_RATE,1
2024-03-31,TikTok,DE,1059,41,5,0.0265,0.0387,0.0453,0.935,0.122,NORMAL,0
2024-03-31,TikTok,IN,1658,111,17,0.0268,0.0669,0.0561,0.93,0.1532,NORMAL,0
2024-03-31,TikTok,NG,487,13,2,0.0226,0.0267,0.1088,0.936,0.1538,HIGH_FRAUD_RATE,1
2024-03-31,TikTok,PL,315,18,3,0.0158,0.0571,0.1079,0.912,0.1667,HIGH_FRAUD_RATE,1
2024-04-01,Affiliate_SEO,AU,966,256,99,0.03,0.265,0.029,0.98,0.3867,NORMAL,0
2024-04-01,Affiliate_SEO,BR,169,38,11,0.0173,0.2249,0.0118,0.984,0.2895,NORMAL,0
2024-04-01,Affiliate_SEO,CA,65,12,3,0.0087,0.1846,0.0154,0.978,0.25,NORMAL,0
2024-04-01,Affiliate_SEO,DE,663,98,30,0.0193,0.1478,0.0181,0.982,0.3061,NORMAL,0
2024-04-01,Affiliate_SEO,IN,136,21,7,0.0279,0.1544,0.0221,0.984,0.3333,NORMAL,0
2024-04-01,Affiliate_SEO,NG,24,5,1,0.0214,0.2083,0.0,0.979,0.2,NORMAL,0
2024-04-01,Affiliate_SEO,PL,142,39,15,0.0136,0.2746,0.0211,0.979,0.3846,NORMAL,0
2024-04-01,Facebook,AU,3179,319,105,0.0269,0.1003,0.0283,0.976,0.3292,NORMAL,0
2024-04-01,Facebook,BR,871,76,23,0.0487,0.0873,0.0195,0.975,0.3026,NORMAL,0
2024-04-01,Facebook,CA,1155,110,29,0.0408,0.0952,0.0251,0.97,0.2636,NORMAL,0
2024-04-01,Facebook,DE,355,28,8,0.0261,0.0789,0.0423,0.965,0.2857,NORMAL,0
2024-04-01,Facebook,IN,1514,138,40,0.0393,0.0911,0.0403,0.964,0.2899,NORMAL,0
2024-04-01,Facebook,NG,676,59,10,0.0342,0.0873,0.0281,0.972,0.1695,NORMAL,0
2024-04-01,Facebook,PL,1071,87,25,0.0369,0.0812,0.0373,0.969,0.2874,NORMAL,0
2024-04-01,Google_Search,AU,569,71,22,0.0552,0.1248,0.0053,0.99,0.3099,NORMAL,0
2024-04-01,Google_Search,BR,809,111,32,0.0393,0.1372,0.0099,0.988,0.2883,NORMAL,0
2024-04-01,Google_Search,CA,1212,188,63,0.0297,0.1551,0.005,0.99,0.3351,NORMAL,0
2024-04-01,Google_Search,DE,336,49,20,0.0396,0.1458,0.003,0.991,0.4082,NORMAL,0
2024-04-01,Google_Search,IN,370,39,14,0.0266,0.1054,0.0135,0.99,0.359,NORMAL,0
2024-04-01,Google_Search,NG,738,122,37,0.0356,0.1653,0.0054,0.99,0.3033,NORMAL,0
2024-04-01,Google_Search,PL,562,80,24,0.0349,0.1423,0.0071,0.991,0.3,NORMAL,0
2024-04-01,Native_Ads,AU,515,36,5,0.0209,0.0699,0.0485,0.946,0.1389,NORMAL,0
2024-04-01,Native_Ads,BR,795,63,11,0.0349,0.0792,0.0465,0.946,0.1746,NORMAL,0
2024-04-01,Native_Ads,CA,264,19,3,0.0144,0.072,0.0644,0.94,0.1579,NORMAL,0
2024-04-01,Native_Ads,DE,497,26,4,0.019,0.0523,0.0744,0.939,0.1538,NORMAL,0
2024-04-01,Native_Ads,IN,391,26,5,0.0226,0.0665,0.0793,0.929,0.1923,NORMAL,0
2024-04-01,Native_Ads,NG,306,25,6,0.0216,0.0817,0.0621,0.931,0.24,NORMAL,0
2024-04-01,Native_Ads,PL,313,27,2,0.012,0.0863,0.0671,0.933,0.0741,NORMAL,0
2024-04-01,Push_Network,AU,410,17,1,0.0075,0.0415,0.1244,0.852,0.0588,HIGH_FRAUD_RATE,1
2024-04-01,Push_Network,BR,413,11,1,0.0178,0.0266,0.1961,0.835,0.0909,HIGH_FRAUD_RATE,1
2024-04-01,Push_Network,CA,788,37,4,0.019,0.047,0.1041,0.867,0.1081,HIGH_FRAUD_RATE,1
2024-04-01,Push_Network,DE,983,46,6,0.017,0.0468,0.0783,0.873,0.1304,NORMAL,0
2024-04-01,Push_Network,IN,270,13,1,0.0183,0.0481,0.1593,0.855,0.0769,HIGH_FRAUD_RATE,1
2024-04-01,Push_Network,NG,723,26,3,0.032,0.036,0.2089,0.84,0.1154,HIGH_FRAUD_RATE,1
2024-04-01,Push_Network,PL,456,16,1,0.0184,0.0351,0.0833,0.846,0.0625,NORMAL,0
2024-04-01,TikTok,AU,205,13,2,0.0259,0.0634,0.0878,0.931,0.1538,NORMAL,0
2024-04-01,TikTok,BR,591,39,6,0.0121,0.066,0.1117,0.924,0.1538,HIGH_FRAUD_RATE,1
2024-04-01,TikTok,CA,682,52,12,0.0268,0.0762,0.044,0.915,0.2308,NORMAL,0
2024-04-01,TikTok,DE,300,13,1,0.0249,0.0433,0.0933,0.92,0.0769,NORMAL,0
2024-04-01,TikTok,IN,811,54,7,0.0144,0.0666,0.0678,0.906,0.1296,NORMAL,0
2024-04-01,TikTok,NG,873,55,9,0.0197,0.063,0.0493,0.934,0.1636,NORMAL,0
2024-04-01,TikTok,PL,456,23,4,0.0176,0.0504,0.0702,0.924,0.1739,NORMAL,0
2024-04-02,Affiliate_SEO,AU,719,173,38,0.0267,0.2406,0.0195,0.981,0.2197,NORMAL,0
2024-04-02,Affiliate_SEO,BR,78,17,4,0.02,0.2179,0.0128,0.982,0.2353,NORMAL,0
2024-04-02,Affiliate_SEO,CA,351,92,47,0.019,0.2621,0.0199,0.977,0.5109,NORMAL,0
2024-04-02,Affiliate_SEO,DE,376,59,20,0.0169,0.1569,0.0266,0.983,0.339,NORMAL,0
2024-04-02,Affiliate_SEO,IN,125,25,7,0.0257,0.2,0.016,0.981,0.28,NORMAL,0
2024-04-02,Affiliate_SEO,NG,18,4,1,0.0088,0.2222,0.0,0.98,0.25,NORMAL,0
2024-04-02,Affiliate_SEO,PL,356,79,27,0.0196,0.2219,0.0225,0.981,0.3418,NORMAL,0
2024-04-02,Facebook,AU,919,115,23,0.03,0.1251,0.0424,0.973,0.2,NORMAL,0
2024-04-02,Facebook,BR,1977,226,61,0.0518,0.1143,0.0243,0.971,0.2699,NORMAL,0
2024-04-02,Facebook,CA,665,70,17,0.0329,0.1053,0.0241,0.97,0.2429,NORMAL,0
2024-04-02,Facebook,DE,947,69,17,0.036,0.0729,0.0169,0.97,0.2464,NORMAL,0
2024-04-02,Facebook,IN,433,38,7,0.0391,0.0878,0.0231,0.966,0.1842,NORMAL,0
2024-04-02,Facebook,NG,385,43,9,0.0196,0.1117,0.0364,0.975,0.2093,NORMAL,0
2024-04-02,Facebook,PL,589,51,14,0.0358,0.0866,0.0153,0.971,0.2745,NORMAL,0
2024-04-02,Google_Search,AU,930,117,29,0.0387,0.1258,0.0108,0.992,0.2479,NORMAL,0
2024-04-02,Google_Search,BR,2249,370,79,0.0358,0.1645,0.0111,0.991,0.2135,NORMAL,0
2024-04-02,Google_Search,CA,715,123,36,0.029,0.172,0.0056,0.99,0.2927,NORMAL,0
2024-04-02,Google_Search,DE,835,85,30,0.0247,0.1018,0.012,0.99,0.3529,NORMAL,0
2024-04-02,Google_Search,IN,729,102,36,0.0296,0.1399,0.0123,0.989,0.3529,NORMAL,0
2024-04-02,Google_Search,NG,737,133,26,0.0355,0.1805,0.0095,0.99,0.1955,NORMAL,0
2024-04-02,Google_Search,PL,1171,161,52,0.0428,0.1375,0.0085,0.991,0.323,NORMAL,0
2024-04-02,Native_Ads,AU,434,32,5,0.0141,0.0737,0.0392,0.931,0.1562,NORMAL,0
2024-04-02,Native_Ads,BR,633,39,8,0.0282,0.0616,0.0632,0.947,0.2051,NORMAL,0
2024-04-02,Native_Ads,CA,197,15,3,0.018,0.0761,0.0355,0.946,0.2,NORMAL,0
2024-04-02,Native_Ads,DE,382,31,6,0.0237,0.0812,0.0288,0.928,0.1935,NORMAL,0
2024-04-02,Native_Ads,IN,568,34,6,0.0226,0.0599,0.0599,0.946,0.1765,NORMAL,0
2024-04-02,Native_Ads,NG,1300,90,20,0.0353,0.0692,0.0462,0.942,0.2222,NORMAL,0
2024-04-02,Native_Ads,PL,472,45,9,0.0288,0.0953,0.0614,0.935,0.2,NORMAL,0
2024-04-02,Push_Network,AU,303,10,1,0.0166,0.033,0.2079,0.843,0.1,HIGH_FRAUD_RATE,1
2024-04-02,Push_Network,BR,564,19,2,0.0165,0.0337,0.1809,0.861,0.1053,HIGH_FRAUD_RATE,1
2024-04-02,Push_Network,CA,236,7,0,0.0194,0.0297,0.0975,0.846,0.0,NORMAL,0
2024-04-02,Push_Network,DE,664,29,2,0.0325,0.0437,0.0813,0.866,0.069,NORMAL,0
2024-04-02,Push_Network,IN,414,23,3,0.0159,0.0556,0.0894,0.864,0.1304,NORMAL,0
2024-04-02,Push_Network,NG,176,8,1,0.0209,0.0455,0.1307,0.87,0.125,HIGH_FRAUD_RATE,1
2024-04-02,Push_Network,PL,546,17,2,0.0273,0.0311,0.1429,0.85,0.1176,HIGH_FRAUD_RATE,1
2024-04-02,TikTok,AU,332,22,2,0.021,0.0663,0.0964,0.931,0.0909,NORMAL,0
2024-04-02,TikTok,BR,382,33,5,0.0215,0.0864,0.0916,0.928,0.1515,NORMAL,0
2024-04-02,TikTok,CA,452,33,5,0.0139,0.073,0.0531,0.909,0.1515,NORMAL,0
2024-04-02,TikTok,DE,263,19,2,0.0166,0.0722,0.076,0.909,0.1053,NORMAL,0
2024-04-02,TikTok,IN,742,42,7,0.0238,0.0566,0.093,0.932,0.1667,NORMAL,0
2024-04-02,TikTok,NG,191,16,2,0.0081,0.0838,0.0733,0.918,0.125,NORMAL,0
2024-04-02,TikTok,PL,75,3,0,0.0091,0.04,0.0933,0.935,0.0,NORMAL,0
2024-04-03,Affiliate_SEO,AU,434,66,20,0.0209,0.1521,0.0138,0.981,0.303,NORMAL,0
2024-04-03,Affiliate_SEO,BR,456,50,21,0.0265,0.1096,0.0154,0.982,0.42,NORMAL,0
2024-04-03,Affiliate_SEO,CA,687,127,41,0.0161,0.1849,0.0116,0.979,0.3228,NORMAL,0
2024-04-03,Affiliate_SEO,DE,412,92,34,0.0221,0.2233,0.0121,0.984,0.3696,NORMAL,0
2024-04-03,Affiliate_SEO,IN,214,23,7,0.0178,0.1075,0.0234,0.981,0.3043,NORMAL,0
2024-04-03,Affiliate_SEO,NG,91,21,7,0.0283,0.2308,0.011,0.977,0.3333,NORMAL,0
2024-04-03,Affiliate_SEO,PL,165,31,8,0.0244,0.1879,0.0121,0.982,0.2581,NORMAL,0
2024-04-03,Facebook,AU,1853,147,22,0.0467,0.0793,0.0297,0.974,0.1497,NORMAL,0
2024-04-03,Facebook,BR,295,32,8,0.04,0.1085,0.0169,0.972,0.25,NORMAL,0
2024-04-03,Facebook,CA,620,58,14,0.0273,0.0935,0.0177,0.973,0.2414,NORMAL,0
2024-04-03,Facebook,DE,860,75,20,0.032,0.0872,0.036,0.969,0.2667,NORMAL,0
2024-04-03,Facebook,IN,750,66,10,0.0377,0.088,0.0347,0.975,0.1515,NORMAL,0
2024-04-03,Facebook,NG,499,35,8,0.0254,0.0701,0.0441,0.967,0.2286,NORMAL,0
2024-04-03,Facebook,PL,381,43,10,0.0232,0.1129,0.0289,0.974,0.2326,NORMAL,0
2024-04-03,Google_Search,AU,553,63,14,0.0339,0.1139,0.009,0.988,0.2222,NORMAL,0
2024-04-03,Google_Search,BR,377,51,15,0.0214,0.1353,0.0106,0.989,0.2941,NORMAL,0
2024-04-03,Google_Search,CA,476,86,25,0.0166,0.1807,0.0105,0.989,0.2907,NORMAL,0
2024-04-03,Google_Search,DE,1321,192,57,0.0333,0.1453,0.0106,0.989,0.2969,NORMAL,0
2024-04-03,Google_Search,IN,1311,194,50,0.0451,0.148,0.0107,0.99,0.2577,NORMAL,0
2024-04-03,Google_Search,NG,601,67,20,0.0304,0.1115,0.0133,0.991,0.2985,NORMAL,0
2024-04-03,Google_Search,PL,1175,132,51,0.0331,0.1123,0.0085,0.988,0.3864,NORMAL,0
2024-04-03,Native_Ads,AU,384,34,8,0.0221,0.0885,0.0339,0.942,0.2353,NORMAL,0
2024-04-03,Native_Ads,BR,169,14,2,0.0161,0.0828,0.0296,0.945,0.1429,NORMAL,0
2024-04-03,Native_Ads,CA,200,16,3,0.0124,0.08,0.03,0.951,0.1875,NORMAL,0
2024-04-03,Native_Ads,DE,326,26,6,0.0217,0.0798,0.0399,0.933,0.2308,NORMAL,0
2024-04-03,Native_Ads,IN,300,25,5,0.0216,0.0833,0.0567,0.93,0.2,NORMAL,0
2024-04-03,Native_Ads,NG,694,53,6,0.0271,0.0764,0.0591,0.933,0.1132,NORMAL,0
2024-04-03,Native_Ads,PL,608,47,10,0.0267,0.0773,0.0789,0.95,0.2128,NORMAL,0
2024-04-03,Push_Network,AU,660,22,2,0.0259,0.0333,0.1894,0.849,0.0909,HIGH_FRAUD_RATE,1
2024-04-03,Push_Network,BR,560,30,2,0.0347,0.0536,0.1839,0.877,0.0667,HIGH_FRAUD_RATE,1
2024-04-03,Push_Network,CA,770,37,4,0.0212,0.0481,0.1494,0.887,0.1081,HIGH_FRAUD_RATE,1
2024-04-03,Push_Network,DE,831,33,3,0.0249,0.0397,0.1757,0.873,0.0909,HIGH_FRAUD_RATE,1
2024-04-03,Push_Network,IN,453,15,1,0.0206,0.0331,0.0861,0.856,0.0667,NORMAL,0
2024-04-03,Push_Network,NG,273,11,1,0.02,0.0403,0.1209,0.838,0.0909,HIGH_FRAUD_RATE,1
2024-04-03,Push_Network,PL,472,9,1,0.0184,0.0191,0.2076,0.887,0.1111,HIGH_FRAUD_RATE,1
2024-04-03,TikTok,AU,684,40,8,0.0203,0.0585,0.0702,0.907,0.2,NORMAL,0
2024-04-03,TikTok,BR,618,36,4,0.0211,0.0583,0.0971,0.906,0.1111,NORMAL,0
2024-04-03,TikTok,CA,482,22,2,0.0194,0.0456,0.0747,0.911,0.0909,NORMAL,0
2024-04-03,TikTok,DE,763,37,6,0.0253,0.0485,0.055,0.908,0.1622,NORMAL,0
2024-04-03,TikTok,IN,149,10,2,0.0147,0.0671,0.0872,0.916,0.2,NORMAL,0
2024-04-03,TikTok,NG,367,13,2,0.0298,0.0354,0.0436,0.933,0.1538,NORMAL,0
2024-04-03,TikTok,PL,467,27,4,0.0191,0.0578,0.0878,0.917,0.1481,NORMAL,0
2024-04-04,Affiliate_SEO,AU,592,141,48,0.0213,0.2382,0.0169,0.978,0.3404,NORMAL,0
2024-04-04,Affiliate_SEO,BR,227,50,14,0.0198,0.2203,0.022,0.976,0.28,NORMAL,0
2024-04-04,Affiliate_SEO,CA,545,59,23,0.0185,0.1083,0.0239,0.982,0.3898,NORMAL,0
2024-04-04,Affiliate_SEO,DE,379,112,37,0.0097,0.2955,0.0264,0.982,0.3304,NORMAL,0
2024-04-04,Affiliate_SEO,IN,60,15,5,0.0198,0.25,0.0167,0.977,0.3333,NORMAL,0
2024-04-04,Affiliate_SEO,NG,70,18,6,0.0258,0.2571,0.0143,0.982,0.3333,NORMAL,0
2024-04-04,Affiliate_SEO,PL,343,60,28,0.0242,0.1749,0.0262,0.98,0.4667,NORMAL,0
2024-04-04,Facebook,AU,511,43,14,0.0299,0.0841,0.0294,0.97,0.3256,NORMAL,0
2024-04-04,Facebook,BR,162,17,3,0.027,0.1049,0.0247,0.975,0.1765,NORMAL,0
2024-04-04,Facebook,CA,845,88,16,0.0323,0.1041,0.0178,0.972,0.1818,NORMAL,0
2024-04-04,Facebook,DE,199,7,1,0.0282,0.0352,0.0201,0.964,0.1429,NORMAL,0
2024-04-04,Facebook,IN,1528,165,40,0.038,0.108,0.0183,0.97,0.2424,NORMAL,0
2024-04-04,Facebook,NG,736,92,26,0.0373,0.125,0.0163,0.968,0.2826,NORMAL,0
2024-04-04,Facebook,PL,1343,92,15,0.0274,0.0685,0.0313,0.973,0.163,NORMAL,0
2024-04-04,Google_Search,AU,601,70,10,0.0254,0.1165,0.0116,0.99,0.1429,NORMAL,0
2024-04-04,Google_Search,BR,2924,557,161,0.0481,0.1905,0.0062,0.992,0.289,NORMAL,0
2024-04-04,Google_Search,CA,1323,197,49,0.0341,0.1489,0.0144,0.99,0.2487,NORMAL,0
2024-04-04,Google_Search,DE,593,87,26,0.0367,0.1467,0.0135,0.992,0.2989,NORMAL,0
2024-04-04,Google_Search,IN,565,82,29,0.0336,0.1451,0.0106,0.992,0.3537,NORMAL,0
2024-04-04,Google_Search,NG,1236,198,55,0.043,0.1602,0.0081,0.991,0.2778,NORMAL,0
2024-04-04,Google_Search,PL,793,143,37,0.0339,0.1803,0.005,0.99,0.2587,NORMAL,0
2024-04-04,Native_Ads,AU,438,35,8,0.0173,0.0799,0.0297,0.931,0.2286,NORMAL,0
2024-04-04,Native_Ads,BR,433,20,3,0.0204,0.0462,0.0785,0.928,0.15,NORMAL,0
2024-04-04,Native_Ads,CA,736,65,14,0.0274,0.0883,0.0652,0.943,0.2154,NORMAL,0
2024-04-04,Native_Ads,DE,208,11,1,0.0151,0.0529,0.0673,0.931,0.0909,NORMAL,0
2024-04-04,Native_Ads,IN,196,14,2,0.0135,0.0714,0.0561,0.943,0.1429,NORMAL,0
2024-04-04,Native_Ads,NG,716,42,9,0.0206,0.0587,0.0628,0.938,0.2143,NORMAL,0
2024-04-04,Native_Ads,PL,427,26,5,0.0151,0.0609,0.0539,0.938,0.1923,NORMAL,0
2024-04-04,Push_Network,AU,556,19,1,0.0172,0.0342,0.1133,0.839,0.0526,HIGH_FRAUD_RATE,1
2024-04-04,Push_Network,BR,490,16,1,0.0165,0.0327,0.1163,0.833,0.0625,HIGH_FRAUD_RATE,1
2024-04-04,Push_Network,CA,683,29,2,0.013,0.0425,0.0981,0.876,0.069,NORMAL,0
2024-04-04,Push_Network,DE,639,24,2,0.0248,0.0376,0.1033,0.837,0.0833,HIGH_FRAUD_RATE,1
2024-04-04,Push_Network,IN,1189,61,8,0.0288,0.0513,0.1505,0.845,0.1311,HIGH_FRAUD_RATE,1
2024-04-04,Push_Network,NG,443,21,1,0.0134,0.0474,0.1625,0.842,0.0476,HIGH_FRAUD_RATE,1
2024-04-04,Push_Network,PL,493,20,2,0.0289,0.0406,0.1947,0.876,0.1,HIGH_FRAUD_RATE,1
2024-04-04,TikTok,AU,364,32,3,0.0165,0.0879,0.0385,0.917,0.0938,NORMAL,0
2024-04-04,TikTok,BR,749,28,2,0.0303,0.0374,0.0654,0.92,0.0714,NORMAL,0
2024-04-04,TikTok,CA,272,19,3,0.0175,0.0699,0.0515,0.915,0.1579,NORMAL,0
2024-04-04,TikTok,DE,779,45,8,0.0239,0.0578,0.1168,0.932,0.1778,HIGH_FRAUD_RATE,1
2024-04-04,TikTok,IN,373,24,4,0.0189,0.0643,0.0617,0.905,0.1667,NORMAL,0
2024-04-04,TikTok,NG,923,55,8,0.0271,0.0596,0.0737,0.908,0.1455,NORMAL,0
2024-04-04,TikTok,PL,192,11,2,0.007,0.0573,0.0781,0.915,0.1818,NORMAL,0
2024-04-05,Affiliate_SEO,AU,38,6,2,0.0054,0.1579,0.0,0.984,0.3333,NORMAL,0
2024-04-05,Affiliate_SEO,BR,242,45,9,0.0213,0.186,0.0124,0.978,0.2,NORMAL,0
2024-04-05,Affiliate_SEO,CA,170,32,17,0.0203,0.1882,0.0235,0.981,0.5312,NORMAL,0
2024-04-05,Affiliate_SEO,DE,570,119,40,0.0115,0.2088,0.0281,0.98,0.3361,NORMAL,0
2024-04-05,Affiliate_SEO,IN,92,14,5,0.0259,0.1522,0.0109,0.983,0.3571,NORMAL,0
2024-04-05,Affiliate_SEO,NG,52,13,4,0.0167,0.25,0.0192,0.983,0.3077,NORMAL,0
2024-04-05,Affiliate_SEO,PL,249,54,17,0.0214,0.2169,0.008,0.982,0.3148,NORMAL,0
2024-04-05,Facebook,AU,909,106,25,0.0466,0.1166,0.0352,0.965,0.2358,NORMAL,0
2024-04-05,Facebook,BR,1640,150,30,0.0395,0.0915,0.022,0.972,0.2,NORMAL,0
2024-04-05,Facebook,CA,768,84,22,0.0317,0.1094,0.043,0.973,0.2619,NORMAL,0
2024-04-05,Facebook,DE,362,35,7,0.0204,0.0967,0.0304,0.973,0.2,NORMAL,0
2024-04-05,Facebook,IN,1570,132,25,0.0404,0.0841,0.0255,0.972,0.1894,NORMAL,0
2024-04-05,Facebook,NG,737,38,9,0.0374,0.0516,0.0258,0.974,0.2368,NORMAL,0
2024-04-05,Facebook,PL,1369,155,38,0.047,0.1132,0.0424,0.973,0.2452,NORMAL,0
2024-04-05,Google_Search,AU,770,139,48,0.0313,0.1805,0.013,0.991,0.3453,NORMAL,0
2024-04-05,Google_Search,BR,538,64,22,0.0282,0.119,0.0074,0.99,0.3438,NORMAL,0
2024-04-05,Google_Search,CA,251,32,9,0.0181,0.1275,0.004,0.99,0.2812,NORMAL,0
2024-04-05,Google_Search,DE,242,32,11,0.0231,0.1322,0.0083,0.991,0.3438,NORMAL,0
2024-04-05,Google_Search,IN,1171,138,39,0.0447,0.1178,0.0137,0.988,0.2826,NORMAL,0
2024-04-05,Google_Search,NG,572,85,28,0.0249,0.1486,0.007,0.991,0.3294,NORMAL,0
2024-04-05,Google_Search,PL,960,142,32,0.026,0.1479,0.0042,0.989,0.2254,NORMAL,0
2024-04-05,Native_Ads,AU,636,57,12,0.0264,0.0896,0.0582,0.934,0.2105,NORMAL,0
2024-04-05,Native_Ads,BR,472,25,6,0.0187,0.053,0.0593,0.931,0.24,NORMAL,0
2024-04-05,Native_Ads,CA,137,10,2,0.0186,0.073,0.0365,0.943,0.2,NORMAL,0
2024-04-05,Native_Ads,DE,173,13,2,0.0218,0.0751,0.0694,0.94,0.1538,NORMAL,0
2024-04-05,Native_Ads,IN,239,19,4,0.0155,0.0795,0.0879,0.933,0.2105,NORMAL,0
2024-04-05,Native_Ads,NG,121,9,1,0.0171,0.0744,0.0744,0.941,0.1111,NORMAL,0
2024-04-05,Native_Ads,PL,1775,120,22,0.0291,0.0676,0.0344,0.95,0.1833,NORMAL,0
2024-04-05,Push_Network,AU,796,33,3,0.0169,0.0415,0.1947,0.843,0.0909,HIGH_FRAUD_RATE,1
2024-04-05,Push_Network,BR,233,10,1,0.0116,0.0429,0.1459,0.865,0.1,HIGH_FRAUD_RATE,1
2024-04-05,Push_Network,CA,876,32,3,0.025,0.0365,0.1313,0.837,0.0938,HIGH_FRAUD_RATE,1
2024-04-05,Push_Network,DE,413,18,1,0.0174,0.0436,0.1768,0.878,0.0556,HIGH_FRAUD_RATE,1
2024-04-05,Push_Network,IN,143,4,0,0.0073,0.028,0.1119,0.881,0.0,HIGH_FRAUD_RATE,1
2024-04-05,Push_Network,NG,179,6,0,0.0111,0.0335,0.1676,0.882,0.0,HIGH_FRAUD_RATE,1
2024-04-05,Push_Network,PL,177,7,0,0.0169,0.0395,0.1299,0.871,0.0,HIGH_FRAUD_RATE,1
2024-04-05,TikTok,AU,617,47,4,0.0293,0.0762,0.1086,0.926,0.0851,HIGH_FRAUD_RATE,1
2024-04-05,TikTok,BR,456,25,4,0.0234,0.0548,0.1031,0.932,0.16,HIGH_FRAUD_RATE,1
2024-04-05,TikTok,CA,256,14,2,0.0119,0.0547,0.082,0.907,0.1429,NORMAL,0
2024-04-05,TikTok,DE,101,7,0,0.0137,0.0693,0.0594,0.92,0.0,NORMAL,0
2024-04-05,TikTok,IN,621,46,9,0.0137,0.0741,0.0741,0.911,0.1957,NORMAL,0
2024-04-05,TikTok,NG,374,23,3,0.0215,0.0615,0.0856,0.93,0.1304,NORMAL,0
2024-04-05,TikTok,PL,746,44,10,0.0266,0.059,0.0483,0.909,0.2273,NORMAL,0
2024-04-06,Affiliate_SEO,AU,291,68,17,0.0172,0.2337,0.0137,0.978,0.25,NORMAL,0
2024-04-06,Affiliate_SEO,BR,203,38,17,0.0148,0.1872,0.0148,0.98,0.4474,NORMAL,0
2024-04-06,Affiliate_SEO,CA,625,120,43,0.0183,0.192,0.0112,0.984,0.3583,NORMAL,0
2024-04-06,Affiliate_SEO,DE,410,90,40,0.0157,0.2195,0.0122,0.976,0.4444,NORMAL,0
2024-04-06,Affiliate_SEO,IN,32,8,2,0.0131,0.25,0.0,0.983,0.25,NORMAL,0
2024-04-06,Affiliate_SEO,NG,30,9,3,0.0102,0.3,0.0,0.979,0.3333,NORMAL,0
2024-04-06,Affiliate_SEO,PL,209,26,11,0.0194,0.1244,0.0191,0.979,0.4231,NORMAL,0
2024-04-06,Facebook,AU,790,76,16,0.0344,0.0962,0.0177,0.971,0.2105,NORMAL,0
2024-04-06,Facebook,BR,641,49,11,0.0313,0.0764,0.0281,0.975,0.2245,NORMAL,0
2024-04-06,Facebook,CA,656,84,17,0.0324,0.128,0.0259,0.972,0.2024,NORMAL,0
2024-04-06,Facebook,DE,1124,91,26,0.0475,0.081,0.0418,0.968,0.2857,NORMAL,0
2024-04-06,Facebook,IN,737,71,18,0.0333,0.0963,0.0163,0.973,0.2535,NORMAL,0
2024-04-06,Facebook,NG,1156,109,15,0.0325,0.0943,0.0234,0.975,0.1376,NORMAL,0
2024-04-06,Facebook,PL,1442,122,34,0.0476,0.0846,0.0208,0.964,0.2787,NORMAL,0
2024-04-06,Google_Search,AU,642,98,41,0.0363,0.1526,0.0109,0.99,0.4184,NORMAL,0
2024-04-06,Google_Search,BR,964,152,68,0.0333,0.1577,0.0093,0.991,0.4474,NORMAL,0
2024-04-06,Google_Search,CA,522,73,17,0.0287,0.1398,0.0115,0.988,0.2329,NORMAL,0
2024-04-06,Google_Search,DE,888,144,56,0.0372,0.1622,0.0068,0.991,0.3889,NORMAL,0
2024-04-06,Google_Search,IN,227,27,10,0.0221,0.1189,0.0044,0.991,0.3704,NORMAL,0
2024-04-06,Google_Search,NG,1296,210,72,0.0343,0.162,0.0131,0.99,0.3429,NORMAL,0
2024-04-06,Google_Search,PL,800,118,37,0.0233,0.1475,0.0062,0.99,0.3136,NORMAL,0
2024-04-06,Native_Ads,AU,374,31,5,0.0152,0.0829,0.0615,0.935,0.1613,NORMAL,0
2024-04-06,Native_Ads,BR,551,25,4,0.016,0.0454,0.0835,0.947,0.16,NORMAL,0
2024-04-06,Native_Ads,CA,377,26,4,0.0211,0.069,0.0769,0.947,0.1538,NORMAL,0
2024-04-06,Native_Ads,DE,478,28,4,0.0207,0.0586,0.0607,0.95,0.1429,NORMAL,0
2024-04-06,Native_Ads,IN,368,25,5,0.0202,0.0679,0.0543,0.938,0.2,NORMAL,0
2024-04-06,Native_Ads,NG,566,45,9,0.0186,0.0795,0.0424,0.95,0.2,NORMAL,0
2024-04-06,Native_Ads,PL,545,50,11,0.0217,0.0917,0.0624,0.939,0.22,NORMAL,0
2024-04-06,Push_Network,AU,510,17,1,0.0252,0.0333,0.1431,0.864,0.0588,HIGH_FRAUD_RATE,1
2024-04-06,Push_Network,BR,439,19,3,0.0177,0.0433,0.205,0.868,0.1579,HIGH_FRAUD_RATE,1
2024-04-06,Push_Network,CA,469,18,1,0.0226,0.0384,0.0959,0.869,0.0556,NORMAL,0
2024-04-06,Push_Network,DE,937,19,1,0.0212,0.0203,0.1942,0.876,0.0526,HIGH_FRAUD_RATE,1
2024-04-06,Push_Network,IN,305,11,0,0.0168,0.0361,0.082,0.877,0.0,NORMAL,0
2024-04-06,Push_Network,NG,869,27,2,0.0153,0.0311,0.1254,0.854,0.0741,HIGH_FRAUD_RATE,1
2024-04-06,Push_Network,PL,273,9,1,0.0178,0.033,0.1795,0.865,0.1111,HIGH_FRAUD_RATE,1
2024-04-06,TikTok,AU,569,29,3,0.0253,0.051,0.1054,0.907,0.1034,HIGH_FRAUD_RATE,1
2024-04-06,TikTok,BR,284,21,3,0.0134,0.0739,0.0915,0.927,0.1429,NORMAL,0
2024-04-06,TikTok,CA,800,57,5,0.0132,0.0712,0.1188,0.916,0.0877,HIGH_FRAUD_RATE,1
2024-04-06,TikTok,DE,332,25,5,0.0139,0.0753,0.0482,0.924,0.2,NORMAL,0
2024-04-06,TikTok,IN,521,41,6,0.0161,0.0787,0.0787,0.93,0.1463,NORMAL,0
2024-04-06,TikTok,NG,584,35,5,0.0187,0.0599,0.0822,0.905,0.1429,NORMAL,0
2024-04-06,TikTok,PL,179,12,2,0.0128,0.067,0.1006,0.924,0.1667,HIGH_FRAUD_RATE,1
2024-04-07,Affiliate_SEO,AU,1505,291,131,0.0241,0.1934,0.0153,0.981,0.4502,NORMAL,0
2024-04-07,Affiliate_SEO,BR,215,61,29,0.0239,0.2837,0.014,0.983,0.4754,NORMAL,0
2024-04-07,Affiliate_SEO,CA,549,91,29,0.0194,0.1658,0.02,0.984,0.3187,NORMAL,0
2024-04-07,Affiliate_SEO,DE,1936,424,98,0.0363,0.219,0.015,0.984,0.2311,NORMAL,0
2024-04-07,Affiliate_SEO,IN,336,76,22,0.0208,0.2262,0.0208,0.983,0.2895,NORMAL,0
2024-04-07,Affiliate_SEO,NG,59,11,3,0.0238,0.1864,0.0169,0.982,0.2727,NORMAL,0
2024-04-07,Affiliate_SEO,PL,214,50,19,0.0205,0.2336,0.014,0.98,0.38,NORMAL,0
2024-04-07,Facebook,AU,1463,115,32,0.0392,0.0786,0.0342,0.964,0.2783,NORMAL,0
2024-04-07,Facebook,BR,723,53,13,0.0328,0.0733,0.0332,0.975,0.2453,NORMAL,0
2024-04-07,Facebook,CA,550,55,13,0.0323,0.1,0.0218,0.975,0.2364,NORMAL,0
2024-04-07,Facebook,DE,444,40,7,0.0415,0.0901,0.0158,0.969,0.175,NORMAL,0
2024-04-07,Facebook,IN,1469,90,28,0.0287,0.0613,0.0436,0.967,0.3111,NORMAL,0
2024-04-07,Facebook,NG,414,31,7,0.0239,0.0749,0.0386,0.976,0.2258,NORMAL,0
2024-04-07,Facebook,PL,824,85,17,0.041,0.1032,0.0437,0.971,0.2,NORMAL,0
2024-04-07,Google_Search,AU,2555,445,139,0.041,0.1742,0.0067,0.99,0.3124,NORMAL,0
2024-04-07,Google_Search,BR,1028,199,88,0.0221,0.1936,0.0058,0.99,0.4422,NORMAL,0
2024-04-07,Google_Search,CA,752,135,55,0.0213,0.1795,0.012,0.991,0.4074,NORMAL,0
2024-04-07,Google_Search,DE,1203,186,65,0.0342,0.1546,0.0125,0.991,0.3495,NORMAL,0
2024-04-07,Google_Search,IN,436,63,14,0.0329,0.1445,0.0115,0.992,0.2222,NORMAL,0
2024-04-07,Google_Search,NG,1496,206,73,0.0329,0.1377,0.0074,0.989,0.3544,NORMAL,0
2024-04-07,Google_Search,PL,624,102,37,0.0283,0.1635,0.0048,0.991,0.3627,NORMAL,0
2024-04-07,Native_Ads,AU,477,37,5,0.0162,0.0776,0.086,0.933,0.1351,NORMAL,0
2024-04-07,Native_Ads,BR,514,35,3,0.0095,0.0681,0.0778,0.946,0.0857,NORMAL,0
2024-04-07,Native_Ads,CA,761,43,8,0.0195,0.0565,0.0368,0.931,0.186,NORMAL,0
2024-04-07,Native_Ads,DE,469,20,4,0.0201,0.0426,0.0725,0.951,0.2,NORMAL,0
2024-04-07,Native_Ads,IN,491,29,3,0.0199,0.0591,0.0489,0.938,0.1034,NORMAL,0
2024-04-07,Native_Ads,NG,518,32,6,0.0213,0.0618,0.0734,0.941,0.1875,NORMAL,0
2024-04-07,Native_Ads,PL,421,40,6,0.0204,0.095,0.0499,0.93,0.15,NORMAL,0
2024-04-07,Push_Network,AU,398,16,2,0.0149,0.0402,0.1508,0.839,0.125,HIGH_FRAUD_RATE,1
2024-04-07,Push_Network,BR,142,4,0,0.0112,0.0282,0.1831,0.855,0.0,HIGH_FRAUD_RATE,1
2024-04-07,Push_Network,CA,2817,129,19,0.0273,0.0458,0.1537,0.873,0.1473,HIGH_FRAUD_RATE,1
2024-04-07,Push_Network,DE,534,15,1,0.0176,0.0281,0.2022,0.837,0.0667,HIGH_FRAUD_RATE,1
2024-04-07,Push_Network,IN,202,11,1,0.0147,0.0545,0.198,0.867,0.0909,HIGH_FRAUD_RATE,1
2024-04-07,Push_Network,NG,459,15,1,0.0229,0.0327,0.1917,0.847,0.0667,HIGH_FRAUD_RATE,1
2024-04-07,Push_Network,PL,439,19,2,0.0294,0.0433,0.1549,0.847,0.1053,HIGH_FRAUD_RATE,1
2024-04-07,TikTok,AU,674,29,4,0.0157,0.043,0.0964,0.925,0.1379,NORMAL,0
2024-04-07,TikTok,BR,226,16,1,0.0144,0.0708,0.0442,0.928,0.0625,NORMAL,0
2024-04-07,TikTok,CA,810,48,10,0.0256,0.0593,0.0765,0.92,0.2083,NORMAL,0
2024-04-07,TikTok,DE,634,38,6,0.0184,0.0599,0.0505,0.929,0.1579,NORMAL,0
2024-04-07,TikTok,IN,219,15,2,0.0097,0.0685,0.1005,0.908,0.1333,HIGH_FRAUD_RATE,1
2024-04-07,TikTok,NG,638,48,7,0.0233,0.0752,0.058,0.933,0.1458,NORMAL,0
2024-04-07,TikTok,PL,241,15,2,0.0219,0.0622,0.0954,0.905,0.1333,NORMAL,0
2024-04-08,Affiliate_SEO,AU,723,194,53,0.0202,0.2683,0.0207,0.98,0.2732,NORMAL,0
2024-04-08,Affiliate_SEO,BR,297,78,24,0.0215,0.2626,0.0135,0.982,0.3077,NORMAL,0
2024-04-08,Affiliate_SEO,CA,557,169,85,0.0184,0.3034,0.0144,0.977,0.503,NORMAL,0
2024-04-08,Affiliate_SEO,DE,234,51,11,0.0175,0.2179,0.0256,0.977,0.2157,NORMAL,0
2024-04-08,Affiliate_SEO,IN,71,13,3,0.0179,0.1831,0.0141,0.983,0.2308,NORMAL,0
2024-04-08,Affiliate_SEO,NG,73,17,6,0.0265,0.2329,0.0137,0.977,0.3529,NORMAL,0
2024-04-08,Affiliate_SEO,PL,48,8,2,0.0172,0.1667,0.0,0.983,0.25,NORMAL,0
2024-04-08,Facebook,AU,841,83,19,0.0312,0.0987,0.0357,0.974,0.2289,NORMAL,0
2024-04-08,Facebook,BR,483,48,12,0.0361,0.0994,0.0331,0.975,0.25,NORMAL,0
2024-04-08,Facebook,CA,386,25,3,0.0337,0.0648,0.0337,0.965,0.12,NORMAL,0
2024-04-08,Facebook,DE,475,34,10,0.0325,0.0716,0.0168,0.964,0.2941,NORMAL,0
2024-04-08,Facebook,IN,2262,200,34,0.0425,0.0884,0.0367,0.975,0.17,NORMAL,0
2024-04-08,Facebook,NG,908,60,11,0.0234,0.0661,0.0341,0.972,0.1833,NORMAL,0
2024-04-08,Facebook,PL,409,45,11,0.0336,0.11,0.0293,0.975,0.2444,NORMAL,0
2024-04-08,Google_Search,AU,962,118,36,0.0338,0.1227,0.0146,0.989,0.3051,NORMAL,0
2024-04-08,Google_Search,BR,277,41,9,0.0323,0.148,0.0072,0.99,0.2195,NORMAL,0
2024-04-08,Google_Search,CA,497,89,35,0.0395,0.1791,0.008,0.988,0.3933,NORMAL,0
2024-04-08,Google_Search,DE,2194,242,61,0.0324,0.1103,0.0105,0.991,0.2521,NORMAL,0
2024-04-08,Google_Search,IN,1067,110,32,0.0328,0.1031,0.0112,0.991,0.2909,NORMAL,0
2024-04-08,Google_Search,NG,404,61,18,0.0226,0.151,0.005,0.99,0.2951,NORMAL,0
2024-04-08,Google_Search,PL,1805,298,71,0.0468,0.1651,0.0144,0.989,0.2383,NORMAL,0
2024-04-08,Native_Ads,AU,613,49,10,0.0179,0.0799,0.0408,0.931,0.2041,NORMAL,0
2024-04-08,Native_Ads,BR,448,34,6,0.0175,0.0759,0.0647,0.946,0.1765,NORMAL,0
2024-04-08,Native_Ads,CA,681,45,8,0.025,0.0661,0.072,0.938,0.1778,NORMAL,0
2024-04-08,Native_Ads,DE,253,20,5,0.0115,0.0791,0.0514,0.931,0.25,NORMAL,0
2024-04-08,Native_Ads,IN,459,40,6,0.0236,0.0871,0.0349,0.933,0.15,NORMAL,0
2024-04-08,Native_Ads,NG,311,20,3,0.0169,0.0643,0.0547,0.929,0.15,NORMAL,0
2024-04-08,Native_Ads,PL,698,46,10,0.0162,0.0659,0.0774,0.948,0.2174,NORMAL,0
2024-04-08,Push_Network,AU,587,17,2,0.0158,0.029,0.1107,0.84,0.1176,HIGH_FRAUD_RATE,1
2024-04-08,Push_Network,BR,1005,33,2,0.0328,0.0328,0.0886,0.859,0.0606,NORMAL,0
2024-04-08,Push_Network,CA,240,11,1,0.0194,0.0458,0.1375,0.867,0.0909,HIGH_FRAUD_RATE,1
2024-04-08,Push_Network,DE,564,23,2,0.0147,0.0408,0.1348,0.882,0.087,HIGH_FRAUD_RATE,1
2024-04-08,Push_Network,IN,1056,36,3,0.0234,0.0341,0.071,0.887,0.0833,NORMAL,0
2024-04-08,Push_Network,NG,292,8,1,0.0176,0.0274,0.1712,0.886,0.125,HIGH_FRAUD_RATE,1
2024-04-08,Push_Network,PL,287,10,1,0.0163,0.0348,0.1777,0.866,0.1,HIGH_FRAUD_RATE,1
2024-04-08,TikTok,AU,434,22,3,0.0188,0.0507,0.0714,0.933,0.1364,NORMAL,0
2024-04-08,TikTok,BR,1887,104,14,0.0298,0.0551,0.1012,0.932,0.1346,HIGH_FRAUD_RATE,1
2024-04-08,TikTok,CA,228,14,2,0.0173,0.0614,0.1053,0.912,0.1429,HIGH_FRAUD_RATE,1
2024-04-08,TikTok,DE,741,54,9,0.0248,0.0729,0.081,0.93,0.1667,NORMAL,0
2024-04-08,TikTok,IN,927,62,9,0.0353,0.0669,0.082,0.922,0.1452,NORMAL,0
2024-04-08,TikTok,NG,316,20,1,0.0205,0.0633,0.0759,0.922,0.05,NORMAL,0
2024-04-08,TikTok,PL,495,30,2,0.0237,0.0606,0.0929,0.916,0.0667,NORMAL,0
2024-04-09,Affiliate_SEO,AU,508,115,43,0.0251,0.2264,0.0197,0.982,0.3739,NORMAL,0
2024-04-09,Affiliate_SEO,BR,164,32,15,0.0232,0.1951,0.0244,0.979,0.4688,NORMAL,0
2024-04-09,Affiliate_SEO,CA,255,60,17,0.0195,0.2353,0.0157,0.983,0.2833,NORMAL,0
2024-04-09,Affiliate_SEO,DE,1045,241,99,0.0199,0.2306,0.0297,0.979,0.4108,NORMAL,0
2024-04-09,Affiliate_SEO,IN,55,16,4,0.0203,0.2909,0.0182,0.98,0.25,NORMAL,0
2024-04-09,Affiliate_SEO,NG,41,7,2,0.0101,0.1707,0.0,0.98,0.2857,NORMAL,0
2024-04-09,Affiliate_SEO,PL,160,38,16,0.0264,0.2375,0.025,0.978,0.4211,NORMAL,0
2024-04-09,Facebook,AU,743,77,16,0.029,0.1036,0.0296,0.966,0.2078,NORMAL,0
2024-04-09,Facebook,BR,1107,72,14,0.0299,0.065,0.0379,0.974,0.1944,NORMAL,0
2024-04-09,Facebook,CA,838,72,18,0.0463,0.0859,0.0346,0.975,0.25,NORMAL,0
2024-04-09,Facebook,DE,1256,119,26,0.0417,0.0947,0.0263,0.964,0.2185,NORMAL,0
2024-04-09,Facebook,IN,678,57,14,0.0302,0.0841,0.0442,0.968,0.2456,NORMAL,0
2024-04-09,Facebook,NG,535,47,7,0.0267,0.0879,0.0411,0.974,0.1489,NORMAL,0
2024-04-09,Facebook,PL,1653,111,36,0.0278,0.0672,0.0405,0.966,0.3243,NORMAL,0
2024-04-09,Google_Search,AU,241,44,15,0.0176,0.1826,0.0041,0.99,0.3409,NORMAL,0
2024-04-09,Google_Search,BR,1189,219,68,0.0354,0.1842,0.0101,0.99,0.3105,NORMAL,0
2024-04-09,Google_Search,CA,701,133,39,0.0547,0.1897,0.0114,0.992,0.2932,NORMAL,0
2024-04-09,Google_Search,DE,656,104,34,0.0382,0.1585,0.0091,0.991,0.3269,NORMAL,0
2024-04-09,Google_Search,IN,473,100,33,0.0375,0.2114,0.0063,0.989,0.33,NORMAL,0
2024-04-09,Google_Search,NG,640,68,20,0.0395,0.1062,0.0125,0.99,0.2941,NORMAL,0
2024-04-09,Google_Search,PL,144,26,9,0.0265,0.1806,0.0069,0.988,0.3462,NORMAL,0
2024-04-09,Native_Ads,AU,588,35,8,0.0234,0.0595,0.0476,0.935,0.2286,NORMAL,0
2024-04-09,Native_Ads,BR,783,52,11,0.0165,0.0664,0.0498,0.946,0.2115,NORMAL,0
2024-04-09,Native_Ads,CA,295,25,4,0.0207,0.0847,0.0712,0.94,0.16,NORMAL,0
2024-04-09,Native_Ads,DE,566,37,5,0.0223,0.0654,0.0866,0.943,0.1351,NORMAL,0
2024-04-09,Native_Ads,IN,325,21,5,0.0167,0.0646,0.0646,0.932,0.2381,NORMAL,0
2024-04-09,Native_Ads,NG,1011,74,15,0.0272,0.0732,0.0593,0.947,0.2027,NORMAL,0
2024-04-09,Native_Ads,PL,1237,78,17,0.027,0.0631,0.0501,0.937,0.2179,NORMAL,0
2024-04-09,Push_Network,AU,557,19,2,0.0169,0.0341,0.1203,0.855,0.1053,HIGH_FRAUD_RATE,1
2024-04-09,Push_Network,BR,337,21,3,0.0095,0.0623,0.1068,0.849,0.1429,HIGH_FRAUD_RATE,1
2024-04-09,Push_Network,CA,976,33,2,0.0147,0.0338,0.1936,0.875,0.0606,HIGH_FRAUD_RATE,1
2024-04-09,Push_Network,DE,458,14,1,0.0163,0.0306,0.0873,0.875,0.0714,NORMAL,0
2024-04-09,Push_Network,IN,705,27,2,0.022,0.0383,0.0879,0.861,0.0741,NORMAL,0
2024-04-09,Push_Network,NG,796,25,2,0.0189,0.0314,0.1545,0.857,0.08,HIGH_FRAUD_RATE,1
2024-04-09,Push_Network,PL,456,19,1,0.0146,0.0417,0.2018,0.883,0.0526,HIGH_FRAUD_RATE,1
2024-04-09,TikTok,AU,332,16,1,0.0224,0.0482,0.0602,0.922,0.0625,NORMAL,0
2024-04-09,TikTok,BR,345,28,4,0.0095,0.0812,0.0696,0.93,0.1429,NORMAL,0
2024-04-09,TikTok,CA,477,35,6,0.0183,0.0734,0.065,0.915,0.1714,NORMAL,0
2024-04-09,TikTok,DE,1226,91,13,0.0334,0.0742,0.0808,0.926,0.1429,NORMAL,0
2024-04-09,TikTok,IN,258,15,2,0.0135,0.0581,0.0581,0.932,0.1333,NORMAL,0
2024-04-09,TikTok,NG,370,16,2,0.0183,0.0432,0.0919,0.91,0.125,NORMAL,0
2024-04-09,TikTok,PL,633,28,4,0.0215,0.0442,0.0695,0.936,0.1429,NORMAL,0
2024-04-10,Affiliate_SEO,AU,117,18,7,0.0057,0.1538,0.0171,0.98,0.3889,NORMAL,0
2024-04-10,Affiliate_SEO,BR,262,66,28,0.0233,0.2519,0.0153,0.976,0.4242,NORMAL,0
2024-04-10,Affiliate_SEO,CA,284,87,23,0.0093,0.3063,0.0141,0.98,0.2644,NORMAL,0
2024-04-10,Affiliate_SEO,DE,306,49,16,0.0168,0.1601,0.0131,0.978,0.3265,NORMAL,0
2024-04-10,Affiliate_SEO,IN,78,16,6,0.0238,0.2051,0.0,0.982,0.375,NORMAL,0
2024-04-10,Affiliate_SEO,NG,18,2,0,0.0103,0.1111,0.0,0.983,0.0,NORMAL,0
2024-04-10,Affiliate_SEO,PL,247,53,24,0.0186,0.2146,0.0162,0.976,0.4528,NORMAL,0
2024-04-10,Facebook,AU,975,93,22,0.0533,0.0954,0.0277,0.966,0.2366,NORMAL,0
2024-04-10,Facebook,BR,652,62,13,0.0273,0.0951,0.0215,0.972,0.2097,NORMAL,0
2024-04-10,Facebook,CA,667,68,16,0.0426,0.1019,0.0375,0.97,0.2353,NORMAL,0
2024-04-10,Facebook,DE,796,78,23,0.0266,0.098,0.0415,0.975,0.2949,NORMAL,0
2024-04-10,Facebook,IN,577,52,8,0.0308,0.0901,0.0243,0.966,0.1538,NORMAL,0
2024-04-10,Facebook,NG,1363,106,23,0.0414,0.0778,0.0249,0.968,0.217,NORMAL,0
2024-04-10,Facebook,PL,2588,245,51,0.0389,0.0947,0.0421,0.965,0.2082,NORMAL,0
2024-04-10,Google_Search,AU,302,35,9,0.0275,0.1159,0.0033,0.99,0.2571,NORMAL,0
2024-04-10,Google_Search,BR,369,44,15,0.0299,0.1192,0.0054,0.989,0.3409,NORMAL,0
2024-04-10,Google_Search,CA,965,171,50,0.0368,0.1772,0.0124,0.989,0.2924,NORMAL,0
2024-04-10,Google_Search,DE,593,126,38,0.0432,0.2125,0.0118,0.992,0.3016,NORMAL,0
2024-04-10,Google_Search,IN,954,100,27,0.033,0.1048,0.0147,0.989,0.27,NORMAL,0
2024-04-10,Google_Search,NG,1535,341,126,0.0311,0.2221,0.0104,0.988,0.3695,NORMAL,0
2024-04-10,Google_Search,PL,1425,229,53,0.0405,0.1607,0.0098,0.989,0.2314,NORMAL,0
2024-04-10,Native_Ads,AU,220,20,3,0.0188,0.0909,0.0545,0.942,0.15,NORMAL,0
2024-04-10,Native_Ads,BR,761,56,14,0.0253,0.0736,0.0302,0.945,0.25,NORMAL,0
2024-04-10,Native_Ads,CA,661,59,10,0.0279,0.0893,0.059,0.942,0.1695,NORMAL,0
2024-04-10,Native_Ads,DE,248,21,4,0.0134,0.0847,0.0726,0.949,0.1905,NORMAL,0
2024-04-10,Native_Ads,IN,584,31,6,0.0205,0.0531,0.0873,0.933,0.1935,NORMAL,0
2024-04-10,Native_Ads,NG,132,12,2,0.0086,0.0909,0.0303,0.932,0.1667,NORMAL,0
2024-04-10,Native_Ads,PL,740,45,9,0.0298,0.0608,0.0649,0.952,0.2,NORMAL,0
2024-04-10,Push_Network,AU,769,26,3,0.0199,0.0338,0.2081,0.874,0.1154,HIGH_FRAUD_RATE,1
2024-04-10,Push_Network,BR,290,11,1,0.0129,0.0379,0.2069,0.86,0.0909,HIGH_FRAUD_RATE,1
2024-04-10,Push_Network,CA,1069,35,4,0.016,0.0327,0.087,0.869,0.1143,NORMAL,0
2024-04-10,Push_Network,DE,414,12,1,0.0154,0.029,0.1184,0.864,0.0833,HIGH_FRAUD_RATE,1
2024-04-10,Push_Network,IN,258,10,1,0.0206,0.0388,0.1667,0.836,0.1,HIGH_FRAUD_RATE,1
2024-04-10,Push_Network,NG,389,20,1,0.0203,0.0514,0.1954,0.847,0.05,HIGH_FRAUD_RATE,1
2024-04-10,Push_Network,PL,563,26,4,0.0236,0.0462,0.1954,0.887,0.1538,HIGH_FRAUD_RATE,1
2024-04-10,TikTok,AU,416,30,4,0.021,0.0721,0.0721,0.905,0.1333,NORMAL,0
2024-04-10,TikTok,BR,612,19,3,0.0251,0.031,0.0899,0.934,0.1579,NORMAL,0
2024-04-10,TikTok,CA,208,10,1,0.0157,0.0481,0.0577,0.932,0.1,NORMAL,0
2024-04-10,TikTok,DE,302,19,3,0.0226,0.0629,0.0695,0.925,0.1579,NORMAL,0
2024-04-10,TikTok,IN,339,23,4,0.015,0.0678,0.0737,0.918,0.1739,NORMAL,0
2024-04-10,TikTok,NG,559,27,5,0.0165,0.0483,0.1181,0.918,0.1852,HIGH_FRAUD_RATE,1
2024-04-10,TikTok,PL,288,18,3,0.0098,0.0625,0.0868,0.933,0.1667,NORMAL,0
2024-04-11,Affiliate_SEO,AU,925,193,74,0.0198,0.2086,0.0238,0.978,0.3834,NORMAL,0
2024-04-11,Affiliate_SEO,BR,367,72,22,0.0196,0.1962,0.0136,0.983,0.3056,NORMAL,0
2024-04-11,Affiliate_SEO,CA,995,231,82,0.0245,0.2322,0.0121,0.979,0.355,NORMAL,0
2024-04-11,Affiliate_SEO,DE,291,84,36,0.0272,0.2887,0.0172,0.984,0.4286,NORMAL,0
2024-04-11,Affiliate_SEO,IN,76,12,3,0.0213,0.1579,0.0132,0.984,0.25,NORMAL,0
2024-04-11,Affiliate_SEO,NG,25,6,2,0.0142,0.24,0.0,0.976,0.3333,NORMAL,0
2024-04-11,Affiliate_SEO,PL,390,104,43,0.0162,0.2667,0.0256,0.976,0.4135,NORMAL,0
2024-04-11,Facebook,AU,1153,90,20,0.0455,0.0781,0.0243,0.975,0.2222,NORMAL,0
2024-04-11,Facebook,BR,478,36,9,0.0256,0.0753,0.0397,0.971,0.25,NORMAL,0
2024-04-11,Facebook,CA,410,42,6,0.0297,0.1024,0.0268,0.975,0.1429,NORMAL,0
2024-04-11,Facebook,DE,363,28,6,0.0271,0.0771,0.0193,0.966,0.2143,NORMAL,0
2024-04-11,Facebook,IN,766,49,12,0.0354,0.064,0.0222,0.975,0.2449,NORMAL,0
2024-04-11,Facebook,NG,508,36,10,0.0265,0.0709,0.0354,0.971,0.2778,NORMAL,0
2024-04-11,Facebook,PL,745,58,16,0.025,0.0779,0.0268,0.965,0.2759,NORMAL,0
2024-04-11,Google_Search,AU,1229,151,58,0.0261,0.1229,0.009,0.988,0.3841,NORMAL,0
2024-04-11,Google_Search,BR,520,85,22,0.0398,0.1635,0.0058,0.989,0.2588,NORMAL,0
2024-04-11,Google_Search,CA,380,52,15,0.0466,0.1368,0.0053,0.989,0.2885,NORMAL,0
2024-04-11,Google_Search,DE,228,30,9,0.0153,0.1316,0.0088,0.99,0.3,NORMAL,0
2024-04-11,Google_Search,IN,615,91,19,0.0311,0.148,0.0065,0.99,0.2088,NORMAL,0
2024-04-11,Google_Search,NG,865,96,28,0.0458,0.111,0.0069,0.99,0.2917,NORMAL,0
2024-04-11,Google_Search,PL,2973,334,85,0.0373,0.1123,0.0145,0.992,0.2545,NORMAL,0
2024-04-11,Native_Ads,AU,255,13,3,0.0236,0.051,0.0392,0.935,0.2308,NORMAL,0
2024-04-11,Native_Ads,BR,272,15,2,0.0278,0.0551,0.0846,0.95,0.1333,NORMAL,0
2024-04-11,Native_Ads,CA,795,64,12,0.0263,0.0805,0.0553,0.929,0.1875,NORMAL,0
2024-04-11,Native_Ads,DE,278,26,4,0.0082,0.0935,0.0324,0.951,0.1538,NORMAL,0
2024-04-11,Native_Ads,IN,330,19,3,0.0149,0.0576,0.0303,0.931,0.1579,NORMAL,0
2024-04-11,Native_Ads,NG,771,52,11,0.0215,0.0674,0.0584,0.939,0.2115,NORMAL,0
2024-04-11,Native_Ads,PL,564,55,9,0.0192,0.0975,0.0319,0.931,0.1636,NORMAL,0
2024-04-11,Push_Network,AU,582,21,2,0.025,0.0361,0.1873,0.858,0.0952,HIGH_FRAUD_RATE,1
2024-04-11,Push_Network,BR,320,18,1,0.0152,0.0563,0.1969,0.841,0.0556,HIGH_FRAUD_RATE,1
2024-04-11,Push_Network,CA,594,23,3,0.0243,0.0387,0.1987,0.881,0.1304,HIGH_FRAUD_RATE,1
2024-04-11,Push_Network,DE,646,33,4,0.0207,0.0511,0.161,0.87,0.1212,HIGH_FRAUD_RATE,1
2024-04-11,Push_Network,IN,679,32,2,0.0234,0.0471,0.1458,0.87,0.0625,HIGH_FRAUD_RATE,1
2024-04-11,Push_Network,NG,1002,44,6,0.0211,0.0439,0.0868,0.844,0.1364,NORMAL,0
2024-04-11,Push_Network,PL,805,39,5,0.0218,0.0484,0.1329,0.85,0.1282,HIGH_FRAUD_RATE,1
2024-04-11,TikTok,AU,863,40,7,0.0194,0.0463,0.0521,0.923,0.175,NORMAL,0
2024-04-11,TikTok,BR,646,36,4,0.0158,0.0557,0.0759,0.912,0.1111,NORMAL,0
2024-04-11,TikTok,CA,275,26,3,0.0144,0.0945,0.0473,0.907,0.1154,NORMAL,0
2024-04-11,TikTok,DE,687,46,9,0.0294,0.067,0.0757,0.908,0.1957,NORMAL,0
2024-04-11,TikTok,IN,234,15,2,0.0202,0.0641,0.0427,0.909,0.1333,NORMAL,0
2024-04-11,TikTok,NG,965,83,13,0.025,0.086,0.0642,0.916,0.1566,NORMAL,0
2024-04-11,TikTok,PL,332,27,4,0.0138,0.0813,0.0904,0.917,0.1481,NORMAL,0
2024-04-12,Affiliate_SEO,AU,799,163,56,0.0203,0.204,0.0263,0.981,0.3436,NORMAL,0
2024-04-12,Affiliate_SEO,BR,207,34,10,0.0168,0.1643,0.0193,0.982,0.2941,NORMAL,0
2024-04-12,Affiliate_SEO,CA,292,67,17,0.0192,0.2295,0.0137,0.977,0.2537,NORMAL,0
2024-04-12,Affiliate_SEO,DE,418,56,15,0.0125,0.134,0.0167,0.976,0.2679,NORMAL,0
2024-04-12,Affiliate_SEO,IN,52,12,4,0.0215,0.2308,0.0192,0.98,0.3333,NORMAL,0
2024-04-12,Affiliate_SEO,NG,39,9,3,0.0102,0.2308,0.0,0.982,0.3333,NORMAL,0
2024-04-12,Affiliate_SEO,PL,304,66,22,0.0166,0.2171,0.023,0.978,0.3333,NORMAL,0
2024-04-12,Facebook,AU,615,36,11,0.0303,0.0585,0.0325,0.969,0.3056,NORMAL,0
2024-04-12,Facebook,BR,983,95,33,0.0457,0.0966,0.0153,0.967,0.3474,NORMAL,0
2024-04-12,Facebook,CA,849,92,18,0.0395,0.1084,0.0224,0.976,0.1957,NORMAL,0
2024-04-12,Facebook,DE,780,74,26,0.0307,0.0949,0.0346,0.976,0.3514,NORMAL,0
2024-04-12,Facebook,IN,1314,120,33,0.0433,0.0913,0.0205,0.968,0.275,NORMAL,0
2024-04-12,Facebook,NG,284,20,4,0.0244,0.0704,0.0282,0.965,0.2,NORMAL,0
2024-04-12,Facebook,PL,869,68,16,0.0474,0.0783,0.0196,0.967,0.2353,NORMAL,0
2024-04-12,Google_Search,AU,2322,326,99,0.0321,0.1404,0.0125,0.99,0.3037,NORMAL,0
2024-04-12,Google_Search,BR,1207,215,74,0.0445,0.1781,0.0058,0.989,0.3442,NORMAL,0
2024-04-12,Google_Search,CA,665,108,32,0.0365,0.1624,0.006,0.991,0.2963,NORMAL,0
2024-04-12,Google_Search,DE,428,61,17,0.0255,0.1425,0.014,0.992,0.2787,NORMAL,0
2024-04-12,Google_Search,IN,554,105,37,0.0422,0.1895,0.0108,0.991,0.3524,NORMAL,0
2024-04-12,Google_Search,NG,585,114,29,0.0398,0.1949,0.0103,0.988,0.2544,NORMAL,0
2024-04-12,Google_Search,PL,997,107,32,0.0274,0.1073,0.007,0.992,0.2991,NORMAL,0
2024-04-12,Native_Ads,AU,1043,70,16,0.0277,0.0671,0.0594,0.945,0.2286,NORMAL,0
2024-04-12,Native_Ads,BR,384,31,3,0.0192,0.0807,0.0755,0.94,0.0968,NORMAL,0
2024-04-12,Native_Ads,CA,913,48,8,0.0278,0.0526,0.0668,0.938,0.1667,NORMAL,0
2024-04-12,Native_Ads,DE,235,17,4,0.0189,0.0723,0.0851,0.928,0.2353,NORMAL,0
2024-04-12,Native_Ads,IN,316,17,3,0.021,0.0538,0.038,0.939,0.1765,NORMAL,0
2024-04-12,Native_Ads,NG,487,26,5,0.0184,0.0534,0.0411,0.937,0.1923,NORMAL,0
2024-04-12,Native_Ads,PL,871,53,9,0.0111,0.0608,0.085,0.933,0.1698,NORMAL,0
2024-04-12,Push_Network,AU,1100,59,6,0.0201,0.0536,0.0745,0.882,0.1017,NORMAL,0
2024-04-12,Push_Network,BR,608,24,2,0.0282,0.0395,0.1612,0.867,0.0833,HIGH_FRAUD_RATE,1
2024-04-12,Push_Network,CA,315,15,1,0.0176,0.0476,0.1111,0.863,0.0667,HIGH_FRAUD_RATE,1
2024-04-12,Push_Network,DE,614,15,1,0.0269,0.0244,0.0912,0.858,0.0667,NORMAL,0
2024-04-12,Push_Network,IN,722,29,3,0.0221,0.0402,0.2036,0.869,0.1034,HIGH_FRAUD_RATE,1
2024-04-12,Push_Network,NG,186,9,0,0.0111,0.0484,0.1935,0.886,0.0,HIGH_FRAUD_RATE,1
2024-04-12,Push_Network,PL,695,19,3,0.0166,0.0273,0.105,0.861,0.1579,HIGH_FRAUD_RATE,1
2024-04-12,TikTok,AU,905,50,7,0.0161,0.0552,0.095,0.906,0.14,NORMAL,0
2024-04-12,TikTok,BR,199,10,1,0.0173,0.0503,0.0804,0.911,0.1,NORMAL,0
2024-04-12,TikTok,CA,285,20,3,0.0273,0.0702,0.1123,0.922,0.15,HIGH_FRAUD_RATE,1
2024-04-12,TikTok,DE,163,12,1,0.0162,0.0736,0.092,0.935,0.0833,NORMAL,0
2024-04-12,TikTok,IN,319,19,1,0.0214,0.0596,0.1129,0.932,0.0526,HIGH_FRAUD_RATE,1
2024-04-12,TikTok,NG,502,35,6,0.0144,0.0697,0.0478,0.92,0.1714,NORMAL,0
2024-04-12,TikTok,PL,413,31,5,0.0181,0.0751,0.0557,0.918,0.1613,NORMAL,0
2024-04-13,Affiliate_SEO,AU,1796,235,36,0.0181,0.1308,0.0273,0.981,0.1532,NORMAL,0
2024-04-13,Affiliate_SEO,BR,110,21,9,0.0205,0.1909,0.0273,0.981,0.4286,NORMAL,0
2024-04-13,Affiliate_SEO,CA,751,169,41,0.0274,0.225,0.0133,0.981,0.2426,NORMAL,0
2024-04-13,Affiliate_SEO,DE,644,157,66,0.018,0.2438,0.028,0.976,0.4204,NORMAL,0
2024-04-13,Affiliate_SEO,IN,99,20,5,0.0212,0.202,0.0202,0.976,0.25,NORMAL,0
2024-04-13,Affiliate_SEO,NG,57,12,3,0.0223,0.2105,0.0175,0.979,0.25,NORMAL,0
2024-04-13,Affiliate_SEO,PL,66,18,6,0.0073,0.2727,0.0,0.983,0.3333,NORMAL,0
2024-04-13,Facebook,AU,1800,132,40,0.0382,0.0733,0.0256,0.976,0.303,NORMAL,0
2024-04-13,Facebook,BR,1140,87,22,0.0326,0.0763,0.0184,0.964,0.2529,NORMAL,0
2024-04-13,Facebook,CA,848,71,16,0.0454,0.0837,0.0354,0.969,0.2254,NORMAL,0
2024-04-13,Facebook,DE,398,39,8,0.0321,0.098,0.0201,0.967,0.2051,NORMAL,0
2024-04-13,Facebook,IN,537,52,13,0.0378,0.0968,0.0335,0.965,0.25,NORMAL,0
2024-04-13,Facebook,NG,788,67,16,0.028,0.085,0.0355,0.967,0.2388,NORMAL,0
2024-04-13,Facebook,PL,279,29,9,0.0309,0.1039,0.0143,0.967,0.3103,NORMAL,0
2024-04-13,Google_Search,AU,2164,489,156,0.0453,0.226,0.0102,0.991,0.319,NORMAL,0
2024-04-13,Google_Search,BR,2632,414,95,0.0406,0.1573,0.0118,0.991,0.2295,NORMAL,0
2024-04-13,Google_Search,CA,1274,212,67,0.0288,0.1664,0.0126,0.989,0.316,NORMAL,0
2024-04-13,Google_Search,DE,2094,292,74,0.033,0.1394,0.0134,0.989,0.2534,NORMAL,0
2024-04-13,Google_Search,IN,470,81,16,0.0242,0.1723,0.0064,0.991,0.1975,NORMAL,0
2024-04-13,Google_Search,NG,950,115,31,0.0314,0.1211,0.0095,0.99,0.2696,NORMAL,0
2024-04-13,Google_Search,PL,1363,273,67,0.0451,0.2003,0.0132,0.991,0.2454,NORMAL,0
2024-04-13,Native_Ads,AU,748,74,14,0.0248,0.0989,0.0321,0.934,0.1892,NORMAL,0
2024-04-13,Native_Ads,BR,829,28,6,0.0225,0.0338,0.0712,0.939,0.2143,NORMAL,0
2024-04-13,Native_Ads,CA,640,45,10,0.0145,0.0703,0.0719,0.932,0.2222,NORMAL,0
2024-04-13,Native_Ads,DE,1131,108,25,0.0156,0.0955,0.0637,0.943,0.2315,NORMAL,0
2024-04-13,Native_Ads,IN,747,51,12,0.0109,0.0683,0.087,0.929,0.2353,NORMAL,0
2024-04-13,Native_Ads,NG,1961,122,29,0.0243,0.0622,0.0403,0.95,0.2377,NORMAL,0
2024-04-13,Native_Ads,PL,841,49,8,0.0213,0.0583,0.0666,0.938,0.1633,NORMAL,0
2024-04-13,Push_Network,AU,512,27,4,0.0281,0.0527,0.1738,0.873,0.1481,HIGH_FRAUD_RATE,1
2024-04-13,Push_Network,BR,1283,47,6,0.0152,0.0366,0.2042,0.886,0.1277,HIGH_FRAUD_RATE,1
2024-04-13,Push_Network,CA,512,16,2,0.0064,0.0312,0.0762,0.865,0.125,NORMAL,0
2024-04-13,Push_Network,DE,310,14,1,0.0148,0.0452,0.1129,0.852,0.0714,HIGH_FRAUD_RATE,1
2024-04-13,Push_Network,IN,305,12,1,0.0164,0.0393,0.1377,0.834,0.0833,HIGH_FRAUD_RATE,1
2024-04-13,Push_Network,NG,849,32,4,0.0183,0.0377,0.0813,0.876,0.125,NORMAL,0
2024-04-13,Push_Network,PL,992,45,5,0.0212,0.0454,0.1129,0.849,0.1111,HIGH_FRAUD_RATE,1
2024-04-13,TikTok,AU,315,15,2,0.0189,0.0476,0.0794,0.908,0.1333,NORMAL,0
2024-04-13,TikTok,BR,616,31,5,0.0197,0.0503,0.0942,0.932,0.1613,NORMAL,0
2024-04-13,TikTok,CA,444,17,2,0.0171,0.0383,0.0856,0.918,0.1176,NORMAL,0
2024-04-13,TikTok,DE,576,25,3,0.019,0.0434,0.0451,0.92,0.12,NORMAL,0
2024-04-13,TikTok,IN,264,17,2,0.0207,0.0644,0.0795,0.918,0.1176,NORMAL,0
2024-04-13,TikTok,NG,512,31,6,0.0135,0.0605,0.0781,0.907,0.1935,NORMAL,0
2024-04-13,TikTok,PL,267,19,3,0.0208,0.0712,0.0787,0.932,0.1579,NORMAL,0
2024-04-14,Affiliate_SEO,AU,552,144,46,0.025,0.2609,0.0199,0.977,0.3194,NORMAL,0
2024-04-14,Affiliate_SEO,BR,138,33,9,0.0226,0.2391,0.029,0.978,0.2727,NORMAL,0
2024-04-14,Affiliate_SEO,CA,528,105,39,0.0197,0.1989,0.0095,0.977,0.3714,NORMAL,0
2024-04-14,Affiliate_SEO,DE,340,61,17,0.0125,0.1794,0.0265,0.981,0.2787,NORMAL,0
2024-04-14,Affiliate_SEO,IN,72,9,3,0.0124,0.125,0.0,0.981,0.3333,NORMAL,0
2024-04-14,Affiliate_SEO,NG,24,5,1,0.0199,0.2083,0.0,0.978,0.2,NORMAL,0
2024-04-14,Affiliate_SEO,PL,141,36,13,0.0228,0.2553,0.0213,0.98,0.3611,NORMAL,0
2024-04-14,Facebook,AU,316,32,5,0.0449,0.1013,0.0411,0.975,0.1562,NORMAL,0
2024-04-14,Facebook,BR,1695,161,31,0.0308,0.095,0.0425,0.971,0.1925,NORMAL,0
2024-04-14,Facebook,CA,1065,99,29,0.0361,0.093,0.0413,0.97,0.2929,NORMAL,0
2024-04-14,Facebook,DE,2764,171,51,0.036,0.0619,0.0315,0.966,0.2982,NORMAL,0
2024-04-14,Facebook,IN,1361,101,22,0.048,0.0742,0.0301,0.967,0.2178,NORMAL,0
2024-04-14,Facebook,NG,936,79,15,0.0248,0.0844,0.0256,0.975,0.1899,NORMAL,0
2024-04-14,Facebook,PL,342,25,7,0.0199,0.0731,0.0351,0.967,0.28,NORMAL,0
2024-04-14,Google_Search,AU,1648,390,90,0.0359,0.2367,0.0073,0.992,0.2308,NORMAL,0
2024-04-14,Google_Search,BR,1568,240,56,0.0503,0.1531,0.0128,0.99,0.2333,NORMAL,0
2024-04-14,Google_Search,CA,487,57,12,0.0327,0.117,0.0082,0.99,0.2105,NORMAL,0
2024-04-14,Google_Search,DE,429,65,20,0.0383,0.1515,0.0117,0.989,0.3077,NORMAL,0
2024-04-14,Google_Search,IN,917,107,32,0.0359,0.1167,0.0076,0.99,0.2991,NORMAL,0
2024-04-14,Google_Search,NG,615,90,30,0.0395,0.1463,0.0114,0.989,0.3333,NORMAL,0
2024-04-14,Google_Search,PL,1100,135,32,0.0414,0.1227,0.0109,0.991,0.237,NORMAL,0
2024-04-14,Native_Ads,AU,605,55,7,0.026,0.0909,0.0628,0.942,0.1273,NORMAL,0
2024-04-14,Native_Ads,BR,802,70,11,0.0182,0.0873,0.0374,0.951,0.1571,NORMAL,0
2024-04-14,Native_Ads,CA,353,23,5,0.0167,0.0652,0.051,0.933,0.2174,NORMAL,0
2024-04-14,Native_Ads,DE,870,61,12,0.0255,0.0701,0.054,0.931,0.1967,NORMAL,0
2024-04-14,Native_Ads,IN,388,26,6,0.0144,0.067,0.049,0.947,0.2308,NORMAL,0
2024-04-14,Native_Ads,NG,267,12,1,0.019,0.0449,0.03,0.93,0.0833,NORMAL,0
2024-04-14,Native_Ads,PL,413,31,5,0.016,0.0751,0.0799,0.932,0.1613,NORMAL,0
2024-04-14,Push_Network,AU,834,25,2,0.0151,0.03,0.1295,0.834,0.08,HIGH_FRAUD_RATE,1
2024-04-14,Push_Network,BR,484,14,1,0.0157,0.0289,0.1074,0.832,0.0714,HIGH_FRAUD_RATE,1
2024-04-14,Push_Network,CA,298,9,1,0.024,0.0302,0.1141,0.869,0.1111,HIGH_FRAUD_RATE,1
2024-04-14,Push_Network,DE,550,24,2,0.0178,0.0436,0.16,0.848,0.0833,HIGH_FRAUD_RATE,1
2024-04-14,Push_Network,IN,230,7,1,0.0256,0.0304,0.1043,0.886,0.1429,HIGH_FRAUD_RATE,1
2024-04-14,Push_Network,NG,909,38,4,0.0235,0.0418,0.1034,0.875,0.1053,HIGH_FRAUD_RATE,1
2024-04-14,Push_Network,PL,748,33,3,0.0271,0.0441,0.1885,0.874,0.0909,HIGH_FRAUD_RATE,1
2024-04-14,TikTok,AU,677,30,4,0.0258,0.0443,0.1049,0.918,0.1333,HIGH_FRAUD_RATE,1
2024-04-14,TikTok,BR,520,30,3,0.0183,0.0577,0.1173,0.905,0.1,HIGH_FRAUD_RATE,1
2024-04-14,TikTok,CA,291,17,3,0.0153,0.0584,0.0825,0.934,0.1765,NORMAL,0
2024-04-14,TikTok,DE,358,22,3,0.0151,0.0615,0.1061,0.934,0.1364,HIGH_FRAUD_RATE,1
2024-04-14,TikTok,IN,674,38,6,0.0202,0.0564,0.1187,0.926,0.1579,HIGH_FRAUD_RATE,1
2024-04-14,TikTok,NG,382,26,4,0.0135,0.0681,0.1178,0.915,0.1538,HIGH_FRAUD_RATE,1
2024-04-14,TikTok,PL,517,28,4,0.0254,0.0542,0.0522,0.905,0.1429,NORMAL,0
2024-04-15,Affiliate_SEO,AU,1873,314,149,0.0188,0.1676,0.0101,0.981,0.4745,NORMAL,0
2024-04-15,Affiliate_SEO,BR,123,23,8,0.0182,0.187,0.0081,0.981,0.3478,NORMAL,0
2024-04-15,Affiliate_SEO,CA,1729,424,164,0.0163,0.2452,0.0145,0.978,0.3868,NORMAL,0
2024-04-15,Affiliate_SEO,DE,553,174,55,0.0214,0.3146,0.0271,0.979,0.3161,NORMAL,0
2024-04-15,Affiliate_SEO,IN,96,20,7,0.0206,0.2083,0.0104,0.983,0.35,NORMAL,0
2024-04-15,Affiliate_SEO,NG,64,5,1,0.0152,0.0781,0.0156,0.981,0.2,NORMAL,0
2024-04-15,Affiliate_SEO,PL,84,18,5,0.0125,0.2143,0.0119,0.978,0.2778,NORMAL,0
2024-04-15,Facebook,AU,258,24,4,0.014,0.093,0.0233,0.969,0.1667,NORMAL,0
2024-04-15,Facebook,BR,1301,133,30,0.0354,0.1022,0.03,0.97,0.2256,NORMAL,0
2024-04-15,Facebook,CA,1721,155,56,0.0308,0.0901,0.043,0.969,0.3613,NORMAL,0
2024-04-15,Facebook,DE,1349,141,31,0.0243,0.1045,0.04,0.964,0.2199,NORMAL,0
2024-04-15,Facebook,IN,519,51,9,0.0344,0.0983,0.025,0.968,0.1765,NORMAL,0
2024-04-15,Facebook,NG,688,56,19,0.0457,0.0814,0.0436,0.973,0.3393,NORMAL,0
2024-04-15,Facebook,PL,309,27,5,0.037,0.0874,0.0421,0.964,0.1852,NORMAL,0
2024-04-15,Google_Search,AU,815,169,58,0.0352,0.2074,0.0147,0.991,0.3432,NORMAL,0
2024-04-15,Google_Search,BR,1046,187,56,0.0303,0.1788,0.0143,0.992,0.2995,NORMAL,0
2024-04-15,Google_Search,CA,529,82,21,0.0454,0.155,0.0095,0.989,0.2561,NORMAL,0
2024-04-15,Google_Search,DE,1235,157,59,0.0264,0.1271,0.0121,0.991,0.3758,NORMAL,0
2024-04-15,Google_Search,IN,1355,248,90,0.0457,0.183,0.0133,0.99,0.3629,NORMAL,0
2024-04-15,Google_Search,NG,699,96,32,0.0306,0.1373,0.0043,0.989,0.3333,NORMAL,0
2024-04-15,Google_Search,PL,1097,127,35,0.0567,0.1158,0.0128,0.99,0.2756,NORMAL,0
2024-04-15,Native_Ads,AU,624,31,5,0.0243,0.0497,0.0753,0.946,0.1613,NORMAL,0
2024-04-15,Native_Ads,BR,594,39,8,0.0195,0.0657,0.0438,0.938,0.2051,NORMAL,0
2024-04-15,Native_Ads,CA,431,32,9,0.0179,0.0742,0.0789,0.952,0.2812,NORMAL,0
2024-04-15,Native_Ads,DE,127,7,1,0.0151,0.0551,0.0394,0.949,0.1429,NORMAL,0
2024-04-15,Native_Ads,IN,253,18,3,0.005,0.0711,0.0791,0.939,0.1667,NORMAL,0
2024-04-15,Native_Ads,NG,179,9,1,0.0197,0.0503,0.0391,0.94,0.1111,NORMAL,0
2024-04-15,Native_Ads,PL,392,34,5,0.0206,0.0867,0.0689,0.932,0.1471,NORMAL,0
2024-04-15,Push_Network,AU,470,20,2,0.0202,0.0426,0.0979,0.883,0.1,NORMAL,0
2024-04-15,Push_Network,BR,627,22,2,0.0239,0.0351,0.0877,0.834,0.0909,NORMAL,0
2024-04-15,Push_Network,CA,590,21,2,0.0244,0.0356,0.1475,0.859,0.0952,HIGH_FRAUD_RATE,1
2024-04-15,Push_Network,DE,383,11,1,0.0199,0.0287,0.0966,0.859,0.0909,NORMAL,0
2024-04-15,Push_Network,IN,133,5,0,0.0125,0.0376,0.1128,0.843,0.0,HIGH_FRAUD_RATE,1
2024-04-15,Push_Network,NG,157,3,0,0.0152,0.0191,0.1592,0.882,0.0,HIGH_FRAUD_RATE,1
2024-04-15,Push_Network,PL,170,8,1,0.013,0.0471,0.1412,0.855,0.125,HIGH_FRAUD_RATE,1
2024-04-15,TikTok,AU,460,30,5,0.0232,0.0652,0.0522,0.913,0.1667,NORMAL,0
2024-04-15,TikTok,BR,294,9,1,0.0241,0.0306,0.102,0.925,0.1111,HIGH_FRAUD_RATE,1
2024-04-15,TikTok,CA,587,41,5,0.029,0.0698,0.0852,0.935,0.122,NORMAL,0
2024-04-15,TikTok,DE,946,69,10,0.0261,0.0729,0.0846,0.913,0.1449,NORMAL,0
2024-04-15,TikTok,IN,225,18,3,0.0158,0.08,0.0889,0.934,0.1667,NORMAL,0
2024-04-15,TikTok,NG,381,26,4,0.0159,0.0682,0.0656,0.92,0.1538,NORMAL,0
2024-04-15,TikTok,PL,248,10,2,0.0145,0.0403,0.0565,0.913,0.2,NORMAL,0
2024-04-16,Affiliate_SEO,AU,570,108,25,0.017,0.1895,0.0193,0.982,0.2315,NORMAL,0
2024-04-16,Affiliate_SEO,BR,156,30,9,0.019,0.1923,0.0192,0.977,0.3,NORMAL,0
2024-04-16,Affiliate_SEO,CA,3174,774,332,0.0209,0.2439,0.0277,0.984,0.4289,NORMAL,0
2024-04-16,Affiliate_SEO,DE,862,150,31,0.0186,0.174,0.0104,0.977,0.2067,NORMAL,0
2024-04-16,Affiliate_SEO,IN,87,21,8,0.0241,0.2414,0.0,0.981,0.381,NORMAL,0
2024-04-16,Affiliate_SEO,NG,54,10,3,0.0157,0.1852,0.0185,0.977,0.3,NORMAL,0
2024-04-16,Affiliate_SEO,PL,401,75,24,0.0124,0.187,0.015,0.984,0.32,NORMAL,0
2024-04-16,Facebook,AU,3845,444,116,0.0467,0.1155,0.0393,0.972,0.2613,NORMAL,0
2024-04-16,Facebook,BR,1943,221,61,0.0411,0.1137,0.0185,0.966,0.276,NORMAL,0
2024-04-16,Facebook,CA,393,39,8,0.0298,0.0992,0.0433,0.971,0.2051,NORMAL,0
2024-04-16,Facebook,DE,1930,213,49,0.0392,0.1104,0.044,0.969,0.23,NORMAL,0
2024-04-16,Facebook,IN,735,72,17,0.0386,0.098,0.0245,0.973,0.2361,NORMAL,0
2024-04-16,Facebook,NG,1206,120,23,0.0385,0.0995,0.0406,0.967,0.1917,NORMAL,0
2024-04-16,Facebook,PL,1225,129,34,0.0285,0.1053,0.0367,0.974,0.2636,NORMAL,0
2024-04-16,Google_Search,AU,1285,183,68,0.0358,0.1424,0.0101,0.988,0.3716,NORMAL,0
2024-04-16,Google_Search,BR,1748,236,49,0.0435,0.135,0.0126,0.991,0.2076,NORMAL,0
2024-04-16,Google_Search,CA,1773,159,63,0.0337,0.0897,0.0141,0.99,0.3962,NORMAL,0
2024-04-16,Google_Search,DE,690,78,25,0.0357,0.113,0.0101,0.992,0.3205,NORMAL,0
2024-04-16,Google_Search,IN,792,114,34,0.0343,0.1439,0.0101,0.99,0.2982,NORMAL,0
2024-04-16,Google_Search,NG,645,78,24,0.0368,0.1209,0.0109,0.989,0.3077,NORMAL,0
2024-04-16,Google_Search,PL,1104,143,46,0.0318,0.1295,0.0072,0.991,0.3217,NORMAL,0
2024-04-16,Native_Ads,AU,627,43,8,0.025,0.0686,0.0734,0.937,0.186,NORMAL,0
2024-04-16,Native_Ads,BR,439,36,5,0.0268,0.082,0.082,0.933,0.1389,NORMAL,0
2024-04-16,Native_Ads,CA,1312,97,27,0.0327,0.0739,0.0793,0.951,0.2784,NORMAL,0
2024-04-16,Native_Ads,DE,361,26,5,0.023,0.072,0.0776,0.942,0.1923,NORMAL,0
2024-04-16,Native_Ads,IN,340,24,4,0.0116,0.0706,0.0441,0.941,0.1667,NORMAL,0
2024-04-16,Native_Ads,NG,254,19,3,0.0132,0.0748,0.0709,0.947,0.1579,NORMAL,0
2024-04-16,Native_Ads,PL,320,18,3,0.0146,0.0563,0.0438,0.932,0.1667,NORMAL,0
2024-04-16,Push_Network,AU,676,23,2,0.028,0.034,0.2012,0.848,0.087,HIGH_FRAUD_RATE,1
2024-04-16,Push_Network,BR,188,7,0,0.0187,0.0372,0.1809,0.877,0.0,HIGH_FRAUD_RATE,1
2024-04-16,Push_Network,CA,370,15,2,0.023,0.0405,0.1486,0.863,0.1333,HIGH_FRAUD_RATE,1
2024-04-16,Push_Network,DE,646,18,2,0.0204,0.0279,0.1579,0.845,0.1111,HIGH_FRAUD_RATE,1
2024-04-16,Push_Network,IN,1444,60,6,0.0307,0.0416,0.1011,0.839,0.1,HIGH_FRAUD_RATE,1
2024-04-16,Push_Network,NG,448,17,2,0.0286,0.0379,0.1629,0.849,0.1176,HIGH_FRAUD_RATE,1
2024-04-16,Push_Network,PL,621,28,2,0.0245,0.0451,0.1288,0.869,0.0714,HIGH_FRAUD_RATE,1
2024-04-16,TikTok,AU,603,25,3,0.0211,0.0415,0.0862,0.924,0.12,NORMAL,0
2024-04-16,TikTok,BR,859,39,7,0.0214,0.0454,0.0768,0.927,0.1795,NORMAL,0
2024-04-16,TikTok,CA,299,17,2,0.0109,0.0569,0.0736,0.918,0.1176,NORMAL,0
2024-04-16,TikTok,DE,245,15,2,0.0245,0.0612,0.102,0.91,0.1333,HIGH_FRAUD_RATE,1
2024-04-16,TikTok,IN,450,22,3,0.0191,0.0489,0.0911,0.932,0.1364,NORMAL,0
2024-04-16,TikTok,NG,405,19,3,0.023,0.0469,0.1012,0.905,0.1579,HIGH_FRAUD_RATE,1
2024-04-16,TikTok,PL,125,7,1,0.007,0.056,0.088,0.927,0.1429,NORMAL,0
2024-04-17,Affiliate_SEO,AU,236,41,14,0.0136,0.1737,0.0212,0.981,0.3415,NORMAL,0
2024-04-17,Affiliate_SEO,BR,264,76,23,0.0233,0.2879,0.0152,0.982,0.3026,NORMAL,0
2024-04-17,Affiliate_SEO,CA,500,116,30,0.0219,0.232,0.012,0.982,0.2586,NORMAL,0
2024-04-17,Affiliate_SEO,DE,904,299,163,0.0242,0.3308,0.0243,0.98,0.5452,NORMAL,0
2024-04-17,Affiliate_SEO,IN,37,7,2,0.0162,0.1892,0.027,0.978,0.2857,NORMAL,0
2024-04-17,Affiliate_SEO,NG,68,11,4,0.0278,0.1618,0.0,0.977,0.3636,NORMAL,0
2024-04-17,Affiliate_SEO,PL,246,47,15,0.0228,0.1911,0.0244,0.977,0.3191,NORMAL,0
2024-04-17,Facebook,AU,576,46,10,0.0392,0.0799,0.0191,0.968,0.2174,NORMAL,0
2024-04-17,Facebook,BR,976,116,20,0.0358,0.1189,0.0338,0.972,0.1724,NORMAL,0
2024-04-17,Facebook,CA,688,69,14,0.0273,0.1003,0.0305,0.969,0.2029,NORMAL,0
2024-04-17,Facebook,DE,502,46,7,0.0362,0.0916,0.0199,0.97,0.1522,NORMAL,0
2024-04-17,Facebook,IN,760,53,8,0.0259,0.0697,0.0197,0.972,0.1509,NORMAL,0
2024-04-17,Facebook,NG,699,66,19,0.0284,0.0944,0.0401,0.97,0.2879,NORMAL,0
2024-04-17,Facebook,PL,525,57,14,0.0386,0.1086,0.0286,0.965,0.2456,NORMAL,0
2024-04-17,Google_Search,AU,706,99,18,0.0282,0.1402,0.0127,0.99,0.1818,NORMAL,0
2024-04-17,Google_Search,BR,1049,128,40,0.0376,0.122,0.0086,0.989,0.3125,NORMAL,0
2024-04-17,Google_Search,CA,366,48,15,0.0206,0.1311,0.0137,0.988,0.3125,NORMAL,0
2024-04-17,Google_Search,DE,1253,130,36,0.0414,0.1038,0.012,0.989,0.2769,NORMAL,0
2024-04-17,Google_Search,IN,2177,275,81,0.0517,0.1263,0.0096,0.991,0.2945,NORMAL,0
2024-04-17,Google_Search,NG,546,49,12,0.0376,0.0897,0.0128,0.989,0.2449,NORMAL,0
2024-04-17,Google_Search,PL,1249,186,39,0.043,0.1489,0.0112,0.989,0.2097,NORMAL,0
2024-04-17,Native_Ads,AU,911,82,10,0.0223,0.09,0.0461,0.948,0.122,NORMAL,0
2024-04-17,Native_Ads,BR,749,49,9,0.0249,0.0654,0.0721,0.938,0.1837,NORMAL,0
2024-04-17,Native_Ads,CA,735,72,13,0.0227,0.098,0.0844,0.948,0.1806,NORMAL,0
2024-04-17,Native_Ads,DE,353,37,7,0.0166,0.1048,0.0765,0.941,0.1892,NORMAL,0
2024-04-17,Native_Ads,IN,353,32,6,0.0306,0.0907,0.0822,0.943,0.1875,NORMAL,0
2024-04-17,Native_Ads,NG,426,34,5,0.0112,0.0798,0.0563,0.936,0.1471,NORMAL,0
2024-04-17,Native_Ads,PL,450,37,7,0.0273,0.0822,0.0822,0.932,0.1892,NORMAL,0
2024-04-17,Push_Network,AU,189,7,0,0.0105,0.037,0.1323,0.852,0.0,HIGH_FRAUD_RATE,1
2024-04-17,Push_Network,BR,533,31,4,0.0243,0.0582,0.0994,0.854,0.129,NORMAL,0
2024-04-17,Push_Network,CA,122,3,0,0.0133,0.0246,0.0902,0.845,0.0,NORMAL,0
2024-04-17,Push_Network,DE,342,11,0,0.0154,0.0322,0.1257,0.856,0.0,HIGH_FRAUD_RATE,1
2024-04-17,Push_Network,IN,244,10,1,0.0228,0.041,0.209,0.848,0.1,HIGH_FRAUD_RATE,1
2024-04-17,Push_Network,NG,725,28,3,0.0173,0.0386,0.1034,0.842,0.1071,HIGH_FRAUD_RATE,1
2024-04-17,Push_Network,PL,1029,45,4,0.0254,0.0437,0.207,0.875,0.0889,HIGH_FRAUD_RATE,1
2024-04-17,TikTok,AU,302,18,2,0.0123,0.0596,0.0728,0.934,0.1111,NORMAL,0
2024-04-17,TikTok,BR,384,14,1,0.0194,0.0365,0.0651,0.922,0.0714,NORMAL,0
2024-04-17,TikTok,CA,238,15,2,0.0165,0.063,0.0966,0.923,0.1333,NORMAL,0
2024-04-17,TikTok,DE,276,25,3,0.022,0.0906,0.0471,0.917,0.12,NORMAL,0
2024-04-17,TikTok,IN,223,12,2,0.0158,0.0538,0.0897,0.926,0.1667,NORMAL,0
2024-04-17,TikTok,NG,303,20,3,0.0166,0.066,0.0957,0.918,0.15,NORMAL,0
2024-04-17,TikTok,PL,176,8,1,0.016,0.0455,0.1136,0.912,0.125,HIGH_FRAUD_RATE,1
2024-04-18,Affiliate_SEO,AU,379,78,36,0.0225,0.2058,0.0237,0.983,0.4615,NORMAL,0
2024-04-18,Affiliate_SEO,BR,59,11,2,0.0114,0.1864,0.0,0.983,0.1818,NORMAL,0
2024-04-18,Affiliate_SEO,CA,694,120,36,0.0208,0.1729,0.0231,0.976,0.3,NORMAL,0
2024-04-18,Affiliate_SEO,DE,795,228,94,0.0246,0.2868,0.0239,0.983,0.4123,NORMAL,0
2024-04-18,Affiliate_SEO,IN,163,30,8,0.019,0.184,0.0123,0.982,0.2667,NORMAL,0
2024-04-18,Affiliate_SEO,NG,44,8,2,0.0216,0.1818,0.0227,0.977,0.25,NORMAL,0
2024-04-18,Affiliate_SEO,PL,401,97,14,0.01,0.2419,0.0274,0.981,0.1443,NORMAL,0
2024-04-18,Facebook,AU,850,63,14,0.0332,0.0741,0.0153,0.97,0.2222,NORMAL,0
2024-04-18,Facebook,BR,430,36,8,0.0295,0.0837,0.0302,0.966,0.2222,NORMAL,0
2024-04-18,Facebook,CA,1262,130,20,0.0448,0.103,0.0206,0.969,0.1538,NORMAL,0
2024-04-18,Facebook,DE,581,45,11,0.021,0.0775,0.043,0.971,0.2444,NORMAL,0
2024-04-18,Facebook,IN,634,45,11,0.0351,0.071,0.0442,0.97,0.2444,NORMAL,0
2024-04-18,Facebook,NG,579,45,11,0.0456,0.0777,0.038,0.972,0.2444,NORMAL,0
2024-04-18,Facebook,PL,252,26,6,0.0349,0.1032,0.0238,0.969,0.2308,NORMAL,0
2024-04-18,Google_Search,AU,1177,148,47,0.0306,0.1257,0.011,0.991,0.3176,NORMAL,0
2024-04-18,Google_Search,BR,371,63,14,0.0194,0.1698,0.0027,0.989,0.2222,NORMAL,0
2024-04-18,Google_Search,CA,807,120,40,0.0374,0.1487,0.0099,0.99,0.3333,NORMAL,0
2024-04-18,Google_Search,DE,244,35,12,0.045,0.1434,0.0041,0.991,0.3429,NORMAL,0
2024-04-18,Google_Search,IN,1068,162,46,0.0317,0.1517,0.0094,0.991,0.284,NORMAL,0
2024-04-18,Google_Search,NG,1688,339,137,0.0523,0.2008,0.0077,0.988,0.4041,NORMAL,0
2024-04-18,Google_Search,PL,2626,333,108,0.0453,0.1268,0.0133,0.989,0.3243,NORMAL,0
2024-04-18,Native_Ads,AU,210,15,3,0.0103,0.0714,0.0524,0.941,0.2,NORMAL,0
2024-04-18,Native_Ads,BR,373,27,5,0.0236,0.0724,0.059,0.932,0.1852,NORMAL,0
2024-04-18,Native_Ads,CA,961,95,19,0.0179,0.0989,0.0552,0.951,0.2,NORMAL,0
2024-04-18,Native_Ads,DE,371,15,3,0.0192,0.0404,0.0674,0.93,0.2,NORMAL,0
2024-04-18,Native_Ads,IN,271,26,4,0.0185,0.0959,0.0517,0.95,0.1538,NORMAL,0
2024-04-18,Native_Ads,NG,655,46,9,0.0222,0.0702,0.0733,0.936,0.1957,NORMAL,0
2024-04-18,Native_Ads,PL,1183,89,12,0.0171,0.0752,0.0668,0.939,0.1348,NORMAL,0
2024-04-18,Push_Network,AU,401,16,1,0.0118,0.0399,0.1521,0.881,0.0625,HIGH_FRAUD_RATE,1
2024-04-18,Push_Network,BR,734,22,2,0.0289,0.03,0.1185,0.888,0.0909,HIGH_FRAUD_RATE,1
2024-04-18,Push_Network,CA,325,13,1,0.0158,0.04,0.1292,0.882,0.0769,HIGH_FRAUD_RATE,1
2024-04-18,Push_Network,DE,320,14,1,0.0152,0.0437,0.1938,0.877,0.0714,HIGH_FRAUD_RATE,1
2024-04-18,Push_Network,IN,678,30,2,0.027,0.0442,0.1947,0.836,0.0667,HIGH_FRAUD_RATE,1
2024-04-18,Push_Network,NG,428,16,1,0.0242,0.0374,0.1051,0.857,0.0625,HIGH_FRAUD_RATE,1
2024-04-18,Push_Network,PL,398,17,2,0.0246,0.0427,0.1734,0.872,0.1176,HIGH_FRAUD_RATE,1
2024-04-18,TikTok,AU,376,24,4,0.0149,0.0638,0.1064,0.917,0.1667,HIGH_FRAUD_RATE,1
2024-04-18,TikTok,BR,177,10,1,0.0237,0.0565,0.096,0.908,0.1,NORMAL,0
2024-04-18,TikTok,CA,166,9,0,0.0141,0.0542,0.0904,0.929,0.0,NORMAL,0
2024-04-18,TikTok,DE,226,12,1,0.0118,0.0531,0.0752,0.919,0.0833,NORMAL,0
2024-04-18,TikTok,IN,1515,61,14,0.0211,0.0403,0.1162,0.906,0.2295,HIGH_FRAUD_RATE,1
2024-04-18,TikTok,NG,327,20,3,0.0218,0.0612,0.0979,0.93,0.15,NORMAL,0
2024-04-18,TikTok,PL,447,31,5,0.0179,0.0694,0.0425,0.922,0.1613,NORMAL,0
2024-04-19,Affiliate_SEO,AU,124,23,8,0.0188,0.1855,0.0161,0.981,0.3478,NORMAL,0
2024-04-19,Affiliate_SEO,BR,37,8,2,0.019,0.2162,0.0,0.981,0.25,NORMAL,0
2024-04-19,Affiliate_SEO,CA,360,93,26,0.015,0.2583,0.0194,0.982,0.2796,NORMAL,0
2024-04-19,Affiliate_SEO,DE,247,50,15,0.0216,0.2024,0.0243,0.976,0.3,NORMAL,0
2024-04-19,Affiliate_SEO,IN,37,7,2,0.0068,0.1892,0.0,0.98,0.2857,NORMAL,0
2024-04-19,Affiliate_SEO,NG,26,7,2,0.0187,0.2692,0.0,0.984,0.2857,NORMAL,0
2024-04-19,Affiliate_SEO,PL,227,33,14,0.0126,0.1454,0.0176,0.983,0.4242,NORMAL,0
2024-04-19,Facebook,AU,1454,121,25,0.0402,0.0832,0.0261,0.967,0.2066,NORMAL,0
2024-04-19,Facebook,BR,1153,118,19,0.0328,0.1023,0.0278,0.968,0.161,NORMAL,0
2024-04-19,Facebook,CA,1954,146,23,0.0407,0.0747,0.0189,0.964,0.1575,NORMAL,0
2024-04-19,Facebook,DE,362,32,7,0.0235,0.0884,0.0249,0.966,0.2188,NORMAL,0
2024-04-19,Facebook,IN,183,9,1,0.0157,0.0492,0.0164,0.97,0.1111,NORMAL,0
2024-04-19,Facebook,NG,1407,144,25,0.0403,0.1023,0.0163,0.971,0.1736,NORMAL,0
2024-04-19,Facebook,PL,685,62,16,0.0314,0.0905,0.0438,0.975,0.2581,NORMAL,0
2024-04-19,Google_Search,AU,1396,195,65,0.0391,0.1397,0.0136,0.99,0.3333,NORMAL,0
2024-04-19,Google_Search,BR,788,120,24,0.0432,0.1523,0.0127,0.989,0.2,NORMAL,0
2024-04-19,Google_Search,CA,669,72,26,0.0305,0.1076,0.006,0.991,0.3611,NORMAL,0
2024-04-19,Google_Search,DE,1634,336,100,0.0415,0.2056,0.0116,0.991,0.2976,NORMAL,0
2024-04-19,Google_Search,IN,2251,235,53,0.027,0.1044,0.0111,0.99,0.2255,NORMAL,0
2024-04-19,Google_Search,NG,1195,181,51,0.0287,0.1515,0.0134,0.99,0.2818,NORMAL,0
2024-04-19,Google_Search,PL,599,78,19,0.0256,0.1302,0.0067,0.989,0.2436,NORMAL,0
2024-04-19,Native_Ads,AU,624,46,8,0.021,0.0737,0.0337,0.938,0.1739,NORMAL,0
2024-04-19,Native_Ads,BR,567,42,10,0.0115,0.0741,0.0811,0.943,0.2381,NORMAL,0
2024-04-19,Native_Ads,CA,391,15,3,0.019,0.0384,0.0742,0.951,0.2,NORMAL,0
2024-04-19,Native_Ads,DE,52,3,0,0.005,0.0577,0.0385,0.93,0.0,NORMAL,0
2024-04-19,Native_Ads,IN,405,33,7,0.0255,0.0815,0.0667,0.95,0.2121,NORMAL,0
2024-04-19,Native_Ads,NG,262,20,4,0.0246,0.0763,0.042,0.94,0.2,NORMAL,0
2024-04-19,Native_Ads,PL,995,27,5,0.0112,0.0271,0.0523,0.952,0.1852,NORMAL,0
2024-04-19,Push_Network,AU,520,20,3,0.0209,0.0385,0.1846,0.833,0.15,HIGH_FRAUD_RATE,1
2024-04-19,Push_Network,BR,621,24,2,0.0162,0.0386,0.1659,0.864,0.0833,HIGH_FRAUD_RATE,1
2024-04-19,Push_Network,CA,618,31,1,0.0195,0.0502,0.1343,0.851,0.0323,HIGH_FRAUD_RATE,1
2024-04-19,Push_Network,DE,404,18,2,0.0175,0.0446,0.1312,0.853,0.1111,HIGH_FRAUD_RATE,1
2024-04-19,Push_Network,IN,829,37,4,0.0204,0.0446,0.1761,0.875,0.1081,HIGH_FRAUD_RATE,1
2024-04-19,Push_Network,NG,463,22,3,0.0178,0.0475,0.1706,0.838,0.1364,HIGH_FRAUD_RATE,1
2024-04-19,Push_Network,PL,439,23,2,0.016,0.0524,0.0774,0.888,0.087,NORMAL,0
2024-04-19,TikTok,AU,1196,94,13,0.0207,0.0786,0.1179,0.912,0.1383,HIGH_FRAUD_RATE,1
2024-04-19,TikTok,BR,149,12,1,0.0137,0.0805,0.1074,0.905,0.0833,HIGH_FRAUD_RATE,1
2024-04-19,TikTok,CA,776,44,6,0.0165,0.0567,0.0567,0.929,0.1364,NORMAL,0
2024-04-19,TikTok,DE,418,23,3,0.0182,0.055,0.0766,0.928,0.1304,NORMAL,0
2024-04-19,TikTok,IN,699,41,5,0.0164,0.0587,0.1159,0.919,0.122,HIGH_FRAUD_RATE,1
2024-04-19,TikTok,NG,876,41,4,0.027,0.0468,0.1187,0.905,0.0976,HIGH_FRAUD_RATE,1
2024-04-19,TikTok,PL,890,60,10,0.015,0.0674,0.0966,0.911,0.1667,NORMAL,0
2024-04-20,Affiliate_SEO,AU,598,111,25,0.027,0.1856,0.0284,0.982,0.2252,NORMAL,0
2024-04-20,Affiliate_SEO,BR,344,47,20,0.0126,0.1366,0.0233,0.977,0.4255,NORMAL,0
2024-04-20,Affiliate_SEO,CA,466,140,53,0.0182,0.3004,0.0236,0.977,0.3786,NORMAL,0
2024-04-20,Affiliate_SEO,DE,575,134,34,0.015,0.233,0.0261,0.98,0.2537,NORMAL,0
2024-04-20,Affiliate_SEO,IN,182,48,16,0.0252,0.2637,0.022,0.983,0.3333,NORMAL,0
2024-04-20,Affiliate_SEO,NG,56,14,4,0.0185,0.25,0.0179,0.982,0.2857,NORMAL,0
2024-04-20,Affiliate_SEO,PL,236,51,10,0.0291,0.2161,0.0085,0.978,0.1961,NORMAL,0
2024-04-20,Facebook,AU,6232,394,88,0.042,0.0632,0.0241,0.967,0.2234,NORMAL,0
2024-04-20,Facebook,BR,773,86,20,0.0255,0.1113,0.0336,0.976,0.2326,NORMAL,0
2024-04-20,Facebook,CA,594,38,10,0.0315,0.064,0.0404,0.969,0.2632,NORMAL,0
2024-04-20,Facebook,DE,1538,87,22,0.0343,0.0566,0.0169,0.975,0.2529,NORMAL,0
2024-04-20,Facebook,IN,291,32,8,0.019,0.11,0.0275,0.971,0.25,NORMAL,0
2024-04-20,Facebook,NG,1447,150,28,0.0395,0.1037,0.0249,0.971,0.1867,NORMAL,0
2024-04-20,Facebook,PL,1236,96,25,0.033,0.0777,0.0405,0.968,0.2604,NORMAL,0
2024-04-20,Google_Search,AU,1591,297,95,0.0316,0.1867,0.0126,0.992,0.3199,NORMAL,0
2024-04-20,Google_Search,BR,980,182,22,0.0381,0.1857,0.0051,0.989,0.1209,NORMAL,0
2024-04-20,Google_Search,CA,1089,141,46,0.0385,0.1295,0.0055,0.992,0.3262,NORMAL,0
2024-04-20,Google_Search,DE,1405,243,67,0.0434,0.173,0.0078,0.989,0.2757,NORMAL,0
2024-04-20,Google_Search,IN,324,42,14,0.0204,0.1296,0.0062,0.991,0.3333,NORMAL,0
2024-04-20,Google_Search,NG,835,142,43,0.0522,0.1701,0.0096,0.99,0.3028,NORMAL,0
2024-04-20,Google_Search,PL,885,102,29,0.0289,0.1153,0.0124,0.989,0.2843,NORMAL,0
2024-04-20,Native_Ads,AU,752,49,12,0.0119,0.0652,0.0625,0.929,0.2449,NORMAL,0
2024-04-20,Native_Ads,BR,321,23,5,0.0208,0.0717,0.0623,0.943,0.2174,NORMAL,0
2024-04-20,Native_Ads,CA,926,74,15,0.0252,0.0799,0.0389,0.944,0.2027,NORMAL,0
2024-04-20,Native_Ads,DE,731,62,10,0.0181,0.0848,0.0766,0.939,0.1613,NORMAL,0
2024-04-20,Native_Ads,IN,417,34,7,0.0148,0.0815,0.0839,0.943,0.2059,NORMAL,0
2024-04-20,Native_Ads,NG,392,29,5,0.021,0.074,0.0587,0.948,0.1724,NORMAL,0
2024-04-20,Native_Ads,PL,1176,81,17,0.013,0.0689,0.0706,0.937,0.2099,NORMAL,0
2024-04-20,Push_Network,AU,405,14,1,0.0192,0.0346,0.1062,0.846,0.0714,HIGH_FRAUD_RATE,1
2024-04-20,Push_Network,BR,632,26,3,0.0229,0.0411,0.0728,0.876,0.1154,NORMAL,0
2024-04-20,Push_Network,CA,463,16,1,0.0124,0.0346,0.0842,0.853,0.0625,NORMAL,0
2024-04-20,Push_Network,DE,457,17,1,0.0249,0.0372,0.1619,0.856,0.0588,HIGH_FRAUD_RATE,1
2024-04-20,Push_Network,IN,435,17,2,0.0147,0.0391,0.1195,0.859,0.1176,HIGH_FRAUD_RATE,1
2024-04-20,Push_Network,NG,462,19,2,0.0186,0.0411,0.0996,0.867,0.1053,NORMAL,0
2024-04-20,Push_Network,PL,972,37,3,0.0254,0.0381,0.1523,0.855,0.0811,HIGH_FRAUD_RATE,1
2024-04-20,TikTok,AU,369,18,2,0.0145,0.0488,0.1003,0.932,0.1111,HIGH_FRAUD_RATE,1
2024-04-20,TikTok,BR,799,60,8,0.0216,0.0751,0.0864,0.91,0.1333,NORMAL,0
2024-04-20,TikTok,CA,330,17,2,0.0172,0.0515,0.0424,0.916,0.1176,NORMAL,0
2024-04-20,TikTok,DE,2407,150,25,0.0335,0.0623,0.0507,0.919,0.1667,NORMAL,0
2024-04-20,TikTok,IN,230,11,1,0.0162,0.0478,0.0826,0.919,0.0909,NORMAL,0
2024-04-20,TikTok,NG,638,43,7,0.0146,0.0674,0.1019,0.915,0.1628,HIGH_FRAUD_RATE,1
2024-04-20,TikTok,PL,455,30,7,0.026,0.0659,0.0879,0.906,0.2333,NORMAL,0
2024-04-21,Affiliate_SEO,AU,160,29,12,0.0153,0.1812,0.0188,0.983,0.4138,NORMAL,0
2024-04-21,Affiliate_SEO,BR,542,65,22,0.0292,0.1199,0.0129,0.983,0.3385,NORMAL,0
2024-04-21,Affiliate_SEO,CA,286,35,8,0.0166,0.1224,0.0245,0.977,0.2286,NORMAL,0
2024-04-21,Affiliate_SEO,DE,678,153,69,0.0217,0.2257,0.028,0.984,0.451,NORMAL,0
2024-04-21,Affiliate_SEO,IN,39,8,3,0.0107,0.2051,0.0,0.978,0.375,NORMAL,0
2024-04-21,Affiliate_SEO,NG,59,9,2,0.0162,0.1525,0.0169,0.981,0.2222,NORMAL,0
2024-04-21,Affiliate_SEO,PL,119,18,4,0.012,0.1513,0.0252,0.979,0.2222,NORMAL,0
2024-04-21,Facebook,AU,1446,140,35,0.0352,0.0968,0.0401,0.966,0.25,NORMAL,0
2024-04-21,Facebook,BR,2281,195,47,0.0385,0.0855,0.0175,0.973,0.241,NORMAL,0
2024-04-21,Facebook,CA,374,31,6,0.0275,0.0829,0.0187,0.974,0.1935,NORMAL,0
2024-04-21,Facebook,DE,951,93,22,0.0405,0.0978,0.0315,0.976,0.2366,NORMAL,0
2024-04-21,Facebook,IN,1569,116,29,0.0524,0.0739,0.0223,0.973,0.25,NORMAL,0
2024-04-21,Facebook,NG,917,95,18,0.0294,0.1036,0.0294,0.967,0.1895,NORMAL,0
2024-04-21,Facebook,PL,849,41,11,0.0313,0.0483,0.0212,0.969,0.2683,NORMAL,0
2024-04-21,Google_Search,AU,689,93,34,0.0196,0.135,0.0131,0.989,0.3656,NORMAL,0
2024-04-21,Google_Search,BR,3294,620,190,0.0379,0.1882,0.0109,0.989,0.3065,NORMAL,0
2024-04-21,Google_Search,CA,1307,246,59,0.0443,0.1882,0.0069,0.99,0.2398,NORMAL,0
2024-04-21,Google_Search,DE,779,127,29,0.0289,0.163,0.0051,0.991,0.2283,NORMAL,0
2024-04-21,Google_Search,IN,1123,168,48,0.0613,0.1496,0.0125,0.988,0.2857,NORMAL,0
2024-04-21,Google_Search,NG,1041,133,40,0.0348,0.1278,0.0077,0.988,0.3008,NORMAL,0
2024-04-21,Google_Search,PL,1007,131,46,0.0507,0.1301,0.0079,0.991,0.3511,NORMAL,0
2024-04-21,Native_Ads,AU,549,35,3,0.0118,0.0638,0.0474,0.949,0.0857,NORMAL,0
2024-04-21,Native_Ads,BR,118,8,1,0.007,0.0678,0.0424,0.936,0.125,NORMAL,0
2024-04-21,Native_Ads,CA,397,34,5,0.0105,0.0856,0.0579,0.949,0.1471,NORMAL,0
2024-04-21,Native_Ads,DE,1432,107,23,0.0225,0.0747,0.0559,0.934,0.215,NORMAL,0
2024-04-21,Native_Ads,IN,350,29,8,0.0211,0.0829,0.04,0.937,0.2759,NORMAL,0
2024-04-21,Native_Ads,NG,260,21,4,0.0149,0.0808,0.0731,0.945,0.1905,NORMAL,0
2024-04-21,Native_Ads,PL,153,9,1,0.0174,0.0588,0.0719,0.944,0.1111,NORMAL,0
2024-04-21,Push_Network,AU,318,14,1,0.0151,0.044,0.1164,0.848,0.0714,HIGH_FRAUD_RATE,1
2024-04-21,Push_Network,BR,593,28,3,0.021,0.0472,0.1838,0.846,0.1071,HIGH_FRAUD_RATE,1
2024-04-21,Push_Network,CA,477,18,2,0.0167,0.0377,0.195,0.88,0.1111,HIGH_FRAUD_RATE,1
2024-04-21,Push_Network,DE,246,11,1,0.0198,0.0447,0.1463,0.879,0.0909,HIGH_FRAUD_RATE,1
2024-04-21,Push_Network,IN,2223,73,6,0.0245,0.0328,0.1201,0.858,0.0822,HIGH_FRAUD_RATE,1
2024-04-21,Push_Network,IN,5854,1641,2,0.2709,0.1888,0.3123,0.554,0.006,CTR_SPIKE+LOW_QUALITY,1
2024-04-21,Push_Network,NG,708,23,3,0.0222,0.0325,0.1808,0.836,0.1304,HIGH_FRAUD_RATE,1
2024-04-21,Push_Network,NG,5455,2413,7,0.2608,0.1957,0.3868,0.538,0.0026,CTR_SPIKE+LOW_QUALITY,1
2024-04-21,Push_Network,PL,329,16,2,0.0131,0.0486,0.1216,0.885,0.125,HIGH_FRAUD_RATE,1
2024-04-21,TikTok,AU,391,26,2,0.0144,0.0665,0.1176,0.91,0.0769,HIGH_FRAUD_RATE,1
2024-04-21,TikTok,BR,1198,74,13,0.0328,0.0618,0.0751,0.919,0.1757,NORMAL,0
2024-04-21,TikTok,CA,884,55,5,0.017,0.0622,0.0905,0.93,0.0909,NORMAL,0
2024-04-21,TikTok,DE,429,15,2,0.0227,0.035,0.042,0.905,0.1333,NORMAL,0
2024-04-21,TikTok,IN,653,41,7,0.0274,0.0628,0.0704,0.921,0.1707,NORMAL,0
2024-04-21,TikTok,NG,850,42,6,0.0229,0.0494,0.0506,0.935,0.1429,NORMAL,0
2024-04-21,TikTok,PL,362,12,2,0.0275,0.0331,0.0552,0.921,0.1667,NORMAL,0
2024-04-22,Affiliate_SEO,AU,330,70,28,0.0237,0.2121,0.0121,0.977,0.4,NORMAL,0
2024-04-22,Affiliate_SEO,BR,677,128,51,0.0263,0.1891,0.0207,0.981,0.3984,NORMAL,0
2024-04-22,Affiliate_SEO,CA,763,213,90,0.0206,0.2792,0.021,0.981,0.4225,NORMAL,0
2024-04-22,Affiliate_SEO,DE,428,84,36,0.0223,0.1963,0.0234,0.981,0.4286,NORMAL,0
2024-04-22,Affiliate_SEO,IN,263,33,7,0.0221,0.1255,0.0114,0.977,0.2121,NORMAL,0
2024-04-22,Affiliate_SEO,NG,67,10,2,0.0194,0.1493,0.0149,0.976,0.2,NORMAL,0
2024-04-22,Affiliate_SEO,PL,659,179,65,0.0229,0.2716,0.0243,0.982,0.3631,NORMAL,0
2024-04-22,Facebook,AU,637,49,11,0.0281,0.0769,0.0361,0.968,0.2245,NORMAL,0
2024-04-22,Facebook,BR,509,34,8,0.0286,0.0668,0.0413,0.969,0.2353,NORMAL,0
2024-04-22,Facebook,CA,1489,237,41,0.0329,0.1592,0.0201,0.967,0.173,NORMAL,0
2024-04-22,Facebook,DE,1095,91,26,0.0487,0.0831,0.0411,0.968,0.2857,NORMAL,0
2024-04-22,Facebook,IN,1307,143,33,0.0324,0.1094,0.0321,0.974,0.2308,NORMAL,0
2024-04-22,Facebook,NG,590,43,12,0.0259,0.0729,0.0169,0.969,0.2791,NORMAL,0
2024-04-22,Facebook,PL,1190,107,25,0.0378,0.0899,0.037,0.966,0.2336,NORMAL,0
2024-04-22,Google_Search,AU,1117,138,27,0.0461,0.1235,0.0072,0.989,0.1957,NORMAL,0
2024-04-22,Google_Search,BR,1518,304,72,0.0381,0.2003,0.0092,0.991,0.2368,NORMAL,0
2024-04-22,Google_Search,CA,664,88,25,0.0307,0.1325,0.0105,0.991,0.2841,NORMAL,0
2024-04-22,Google_Search,DE,1238,165,45,0.0339,0.1333,0.0145,0.99,0.2727,NORMAL,0
2024-04-22,Google_Search,IN,773,133,49,0.0315,0.1721,0.0078,0.991,0.3684,NORMAL,0
2024-04-22,Google_Search,NG,1606,199,58,0.0419,0.1239,0.0131,0.99,0.2915,NORMAL,0
2024-04-22,Google_Search,PL,518,65,23,0.0313,0.1255,0.0058,0.991,0.3538,NORMAL,0
2024-04-22,Native_Ads,AU,167,5,1,0.0123,0.0299,0.0299,0.943,0.2,NORMAL,0
2024-04-22,Native_Ads,BR,516,32,7,0.019,0.062,0.0504,0.932,0.2188,NORMAL,0
2024-04-22,Native_Ads,CA,90,7,1,0.0065,0.0778,0.0556,0.943,0.1429,NORMAL,0
2024-04-22,Native_Ads,DE,94,6,0,0.0085,0.0638,0.0319,0.947,0.0,NORMAL,0
2024-04-22,Native_Ads,IN,232,18,2,0.0168,0.0776,0.0345,0.951,0.1111,NORMAL,0
2024-04-22,Native_Ads,NG,1213,96,18,0.023,0.0791,0.0857,0.935,0.1875,NORMAL,0
2024-04-22,Native_Ads,PL,263,21,4,0.0191,0.0798,0.0418,0.952,0.1905,NORMAL,0
2024-04-22,Push_Network,AU,988,26,2,0.0259,0.0263,0.1326,0.834,0.0769,HIGH_FRAUD_RATE,1
2024-04-22,Push_Network,BR,345,12,1,0.0324,0.0348,0.1565,0.868,0.0833,HIGH_FRAUD_RATE,1
2024-04-22,Push_Network,CA,831,29,3,0.0178,0.0349,0.1011,0.857,0.1034,HIGH_FRAUD_RATE,1
2024-04-22,Push_Network,DE,437,14,1,0.015,0.032,0.1327,0.852,0.0714,HIGH_FRAUD_RATE,1
2024-04-22,Push_Network,IN,223,11,1,0.005,0.0493,0.1076,0.837,0.0909,HIGH_FRAUD_RATE,1
2024-04-22,Push_Network,NG,217,7,0,0.0138,0.0323,0.0783,0.885,0.0,NORMAL,0
2024-04-22,Push_Network,PL,1223,48,7,0.0281,0.0392,0.2052,0.852,0.1458,HIGH_FRAUD_RATE,1
2024-04-22,TikTok,AU,125,10,1,0.005,0.08,0.048,0.928,0.1,NORMAL,0
2024-04-22,TikTok,BR,780,50,7,0.0232,0.0641,0.1128,0.908,0.14,HIGH_FRAUD_RATE,1
2024-04-22,TikTok,CA,511,33,4,0.0218,0.0646,0.0978,0.926,0.1212,NORMAL,0
2024-04-22,TikTok,DE,784,64,13,0.0218,0.0816,0.0599,0.934,0.2031,NORMAL,0
2024-04-22,TikTok,IN,317,19,2,0.0209,0.0599,0.0789,0.911,0.1053,NORMAL,0
2024-04-22,TikTok,NG,504,28,4,0.0179,0.0556,0.0734,0.921,0.1429,NORMAL,0
2024-04-22,TikTok,PL,825,58,11,0.0256,0.0703,0.0691,0.928,0.1897,NORMAL,0
2024-04-23,Affiliate_SEO,AU,492,118,39,0.0271,0.2398,0.0264,0.978,0.3305,NORMAL,0
2024-04-23,Affiliate_SEO,BR,192,41,8,0.022,0.2135,0.0104,0.98,0.1951,NORMAL,0
2024-04-23,Affiliate_SEO,CA,578,123,55,0.0179,0.2128,0.019,0.98,0.4472,NORMAL,0
2024-04-23,Affiliate_SEO,DE,1136,223,101,0.0187,0.1963,0.0211,0.981,0.4529,NORMAL,0
2024-04-23,Affiliate_SEO,IN,110,22,7,0.0241,0.2,0.0091,0.981,0.3182,NORMAL,0
2024-04-23,Affiliate_SEO,NG,29,5,1,0.0161,0.1724,0.0,0.982,0.2,NORMAL,0
2024-04-23,Affiliate_SEO,PL,247,55,22,0.0199,0.2227,0.0243,0.979,0.4,NORMAL,0
2024-04-23,Facebook,AU,1035,82,18,0.0522,0.0792,0.0425,0.976,0.2195,NORMAL,0
2024-04-23,Facebook,BR,897,68,14,0.0458,0.0758,0.0256,0.974,0.2059,NORMAL,0
2024-04-23,Facebook,CA,909,74,11,0.0321,0.0814,0.0198,0.968,0.1486,NORMAL,0
2024-04-23,Facebook,DE,229,21,4,0.0324,0.0917,0.0175,0.964,0.1905,NORMAL,0
2024-04-23,Facebook,IN,611,65,18,0.0309,0.1064,0.0393,0.967,0.2769,NORMAL,0
2024-04-23,Facebook,NG,507,35,6,0.0271,0.069,0.0434,0.969,0.1714,NORMAL,0
2024-04-23,Facebook,PL,756,43,8,0.0326,0.0569,0.0317,0.973,0.186,NORMAL,0
2024-04-23,Google_Search,AU,1096,186,68,0.0502,0.1697,0.0082,0.992,0.3656,NORMAL,0
2024-04-23,Google_Search,BR,1142,192,73,0.0386,0.1681,0.0096,0.988,0.3802,NORMAL,0
2024-04-23,Google_Search,CA,300,42,15,0.0269,0.14,0.01,0.991,0.3571,NORMAL,0
2024-04-23,Google_Search,DE,623,73,26,0.0316,0.1172,0.0144,0.99,0.3562,NORMAL,0
2024-04-23,Google_Search,IN,1114,175,71,0.0364,0.1571,0.0081,0.99,0.4057,NORMAL,0
2024-04-23,Google_Search,NG,1386,256,78,0.0361,0.1847,0.0094,0.989,0.3047,NORMAL,0
2024-04-23,Google_Search,PL,438,62,22,0.0314,0.1416,0.0046,0.99,0.3548,NORMAL,0
2024-04-23,Native_Ads,AU,343,23,4,0.0196,0.0671,0.0845,0.93,0.1739,NORMAL,0
2024-04-23,Native_Ads,BR,358,28,6,0.021,0.0782,0.067,0.931,0.2143,NORMAL,0
2024-04-23,Native_Ads,CA,376,27,5,0.0163,0.0718,0.0532,0.942,0.1852,NORMAL,0
2024-04-23,Native_Ads,DE,308,20,5,0.0194,0.0649,0.0422,0.933,0.25,NORMAL,0
2024-04-23,Native_Ads,IN,467,37,5,0.0233,0.0792,0.0471,0.932,0.1351,NORMAL,0
2024-04-23,Native_Ads,NG,385,27,6,0.0095,0.0701,0.0675,0.935,0.2222,NORMAL,0
2024-04-23,Native_Ads,PL,430,28,3,0.0205,0.0651,0.0791,0.929,0.1071,NORMAL,0
2024-04-23,Push_Network,AU,449,16,1,0.0169,0.0356,0.1336,0.834,0.0625,HIGH_FRAUD_RATE,1
2024-04-23,Push_Network,BR,659,23,2,0.018,0.0349,0.0835,0.84,0.087,NORMAL,0
2024-04-23,Push_Network,CA,1403,39,4,0.0276,0.0278,0.1418,0.832,0.1026,HIGH_FRAUD_RATE,1
2024-04-23,Push_Network,DE,326,13,2,0.0172,0.0399,0.138,0.884,0.1538,HIGH_FRAUD_RATE,1
2024-04-23,Push_Network,IN,557,28,3,0.0277,0.0503,0.088,0.843,0.1071,NORMAL,0
2024-04-23,Push_Network,NG,173,7,0,0.01,0.0405,0.1792,0.869,0.0,HIGH_FRAUD_RATE,1
2024-04-23,Push_Network,PL,163,5,0,0.0103,0.0307,0.1104,0.872,0.0,HIGH_FRAUD_RATE,1
2024-04-23,TikTok,AU,153,9,0,0.0134,0.0588,0.0458,0.919,0.0,NORMAL,0
2024-04-23,TikTok,BR,850,51,4,0.0195,0.06,0.0553,0.906,0.0784,NORMAL,0
2024-04-23,TikTok,CA,625,37,5,0.0201,0.0592,0.0608,0.933,0.1351,NORMAL,0
2024-04-23,TikTok,DE,587,45,7,0.0198,0.0767,0.0528,0.913,0.1556,NORMAL,0
2024-04-23,TikTok,IN,217,20,3,0.0248,0.0922,0.0599,0.923,0.15,NORMAL,0
2024-04-23,TikTok,NG,264,19,3,0.0157,0.072,0.0492,0.92,0.1579,NORMAL,0
2024-04-23,TikTok,PL,436,23,3,0.0337,0.0528,0.0917,0.91,0.1304,NORMAL,0
2024-04-24,Affiliate_SEO,AU,338,95,32,0.024,0.2811,0.0266,0.98,0.3368,NORMAL,0
2024-04-24,Affiliate_SEO,BR,15,3,0,0.0059,0.2,0.0,0.983,0.0,NORMAL,0
2024-04-24,Affiliate_SEO,CA,718,153,49,0.0167,0.2131,0.0139,0.98,0.3203,NORMAL,0
2024-04-24,Affiliate_SEO,DE,321,76,33,0.022,0.2368,0.0156,0.982,0.4342,NORMAL,0
2024-04-24,Affiliate_SEO,IN,41,11,4,0.0134,0.2683,0.0,0.979,0.3636,NORMAL,0
2024-04-24,Affiliate_SEO,NG,86,15,5,0.0334,0.1744,0.0116,0.98,0.3333,NORMAL,0
2024-04-24,Affiliate_SEO,PL,558,102,47,0.0281,0.1828,0.0215,0.983,0.4608,NORMAL,0
2024-04-24,Facebook,AU,1103,149,29,0.0411,0.1351,0.0326,0.968,0.1946,NORMAL,0
2024-04-24,Facebook,BR,798,76,17,0.0429,0.0952,0.0175,0.969,0.2237,NORMAL,0
2024-04-24,Facebook,CA,879,89,21,0.036,0.1013,0.033,0.972,0.236,NORMAL,0
2024-04-24,Facebook,DE,472,46,12,0.0364,0.0975,0.0339,0.968,0.2609,NORMAL,0
2024-04-24,Facebook,IN,907,51,11,0.0249,0.0562,0.0353,0.967,0.2157,NORMAL,0
2024-04-24,Facebook,NG,992,71,15,0.0361,0.0716,0.0363,0.972,0.2113,NORMAL,0
2024-04-24,Facebook,PL,1119,64,21,0.0263,0.0572,0.0241,0.975,0.3281,NORMAL,0
2024-04-24,Google_Search,AU,2290,311,67,0.0401,0.1358,0.0148,0.989,0.2154,NORMAL,0
2024-04-24,Google_Search,BR,1957,236,72,0.0388,0.1206,0.0056,0.991,0.3051,NORMAL,0
2024-04-24,Google_Search,CA,1162,112,21,0.0372,0.0964,0.0138,0.99,0.1875,NORMAL,0
2024-04-24,Google_Search,DE,548,95,21,0.0357,0.1734,0.0073,0.988,0.2211,NORMAL,0
2024-04-24,Google_Search,IN,1065,154,52,0.0298,0.1446,0.0047,0.992,0.3377,NORMAL,0
2024-04-24,Google_Search,NG,434,89,32,0.0302,0.2051,0.0092,0.989,0.3596,NORMAL,0
2024-04-24,Google_Search,PL,988,134,40,0.0332,0.1356,0.0071,0.99,0.2985,NORMAL,0
2024-04-24,Native_Ads,AU,498,32,4,0.0186,0.0643,0.0602,0.945,0.125,NORMAL,0
2024-04-24,Native_Ads,BR,98,7,1,0.0071,0.0714,0.0306,0.934,0.1429,NORMAL,0
2024-04-24,Native_Ads,CA,544,31,8,0.0243,0.057,0.0368,0.95,0.2581,NORMAL,0
2024-04-24,Native_Ads,DE,181,7,1,0.0149,0.0387,0.0276,0.933,0.1429,NORMAL,0
2024-04-24,Native_Ads,IN,287,18,4,0.0234,0.0627,0.0732,0.929,0.2222,NORMAL,0
2024-04-24,Native_Ads,NG,530,37,7,0.0206,0.0698,0.0698,0.943,0.1892,NORMAL,0
2024-04-24,Native_Ads,PL,145,11,2,0.0067,0.0759,0.069,0.94,0.1818,NORMAL,0
2024-04-24,Push_Network,AU,306,15,1,0.0232,0.049,0.1242,0.846,0.0667,HIGH_FRAUD_RATE,1
2024-04-24,Push_Network,BR,254,6,0,0.0185,0.0236,0.1811,0.845,0.0,HIGH_FRAUD_RATE,1
2024-04-24,Push_Network,CA,680,30,4,0.0221,0.0441,0.1059,0.87,0.1333,HIGH_FRAUD_RATE,1
2024-04-24,Push_Network,DE,513,16,2,0.0164,0.0312,0.078,0.865,0.125,NORMAL,0
2024-04-24,Push_Network,IN,578,25,2,0.0194,0.0433,0.1263,0.852,0.08,HIGH_FRAUD_RATE,1
2024-04-24,Push_Network,NG,222,6,0,0.0146,0.027,0.0811,0.883,0.0,NORMAL,0
2024-04-24,Push_Network,PL,627,23,2,0.0152,0.0367,0.1898,0.834,0.087,HIGH_FRAUD_RATE,1
2024-04-24,TikTok,AU,1026,62,9,0.0248,0.0604,0.076,0.935,0.1452,NORMAL,0
2024-04-24,TikTok,BR,301,20,2,0.0275,0.0664,0.0698,0.921,0.1,NORMAL,0
2024-04-24,TikTok,CA,283,11,1,0.0179,0.0389,0.1131,0.921,0.0909,HIGH_FRAUD_RATE,1
2024-04-24,TikTok,DE,280,20,2,0.0187,0.0714,0.0393,0.906,0.1,NORMAL,0
2024-04-24,TikTok,IN,268,13,2,0.0179,0.0485,0.0485,0.92,0.1538,NORMAL,0
2024-04-24,TikTok,NG,2080,90,15,0.0351,0.0433,0.0885,0.915,0.1667,NORMAL,0
2024-04-24,TikTok,PL,1430,77,11,0.0212,0.0538,0.0727,0.926,0.1429,NORMAL,0
2024-04-25,Affiliate_SEO,AU,893,204,56,0.0241,0.2284,0.028,0.977,0.2745,NORMAL,0
2024-04-25,Affiliate_SEO,BR,198,49,16,0.0135,0.2475,0.0101,0.978,0.3265,NORMAL,0
2024-04-25,Affiliate_SEO,CA,870,204,87,0.0295,0.2345,0.0276,0.977,0.4265,NORMAL,0
2024-04-25,Affiliate_SEO,DE,302,61,16,0.0149,0.202,0.0099,0.977,0.2623,NORMAL,0
2024-04-25,Affiliate_SEO,IN,25,5,1,0.0218,0.2,0.0,0.981,0.2,NORMAL,0
2024-04-25,Affiliate_SEO,NG,19,3,0,0.0258,0.1579,0.0,0.977,0.0,NORMAL,0
2024-04-25,Affiliate_SEO,PL,171,33,14,0.0158,0.193,0.0117,0.979,0.4242,NORMAL,0
2024-04-25,Facebook,AU,447,38,9,0.0292,0.085,0.0246,0.966,0.2368,NORMAL,0
2024-04-25,Facebook,BR,713,62,10,0.0302,0.087,0.0337,0.975,0.1613,NORMAL,0
2024-04-25,Facebook,CA,527,38,8,0.0299,0.0721,0.0304,0.965,0.2105,NORMAL,0
2024-04-25,Facebook,DE,1711,184,45,0.0381,0.1075,0.0275,0.971,0.2446,NORMAL,0
2024-04-25,Facebook,IN,684,71,16,0.048,0.1038,0.0336,0.974,0.2254,NORMAL,0
2024-04-25,Facebook,NG,1096,109,30,0.0342,0.0995,0.0155,0.972,0.2752,NORMAL,0
2024-04-25,Facebook,PL,2103,191,41,0.0407,0.0908,0.0433,0.965,0.2147,NORMAL,0
2024-04-25,Google_Search,AU,637,91,25,0.0259,0.1429,0.011,0.99,0.2747,NORMAL,0
2024-04-25,Google_Search,BR,399,55,10,0.0259,0.1378,0.0075,0.992,0.1818,NORMAL,0
2024-04-25,Google_Search,CA,587,58,23,0.0433,0.0988,0.0119,0.99,0.3966,NORMAL,0
2024-04-25,Google_Search,DE,778,111,39,0.0268,0.1427,0.0051,0.991,0.3514,NORMAL,0
2024-04-25,Google_Search,IN,1760,316,62,0.0301,0.1795,0.0131,0.992,0.1962,NORMAL,0
2024-04-25,Google_Search,NG,537,62,17,0.0461,0.1155,0.0112,0.988,0.2742,NORMAL,0
2024-04-25,Google_Search,PL,709,84,26,0.0468,0.1185,0.0056,0.99,0.3095,NORMAL,0
2024-04-25,Native_Ads,AU,178,14,1,0.0214,0.0787,0.0281,0.943,0.0714,NORMAL,0
2024-04-25,Native_Ads,BR,386,26,5,0.0227,0.0674,0.0492,0.941,0.1923,NORMAL,0
2024-04-25,Native_Ads,CA,315,32,3,0.0271,0.1016,0.054,0.941,0.0938,NORMAL,0
2024-04-25,Native_Ads,DE,162,14,3,0.0216,0.0864,0.0802,0.945,0.2143,NORMAL,0
2024-04-25,Native_Ads,IN,586,30,3,0.0239,0.0512,0.0495,0.944,0.1,NORMAL,0
2024-04-25,Native_Ads,NG,733,39,7,0.0157,0.0532,0.0805,0.929,0.1795,NORMAL,0
2024-04-25,Native_Ads,PL,530,33,9,0.0193,0.0623,0.0491,0.944,0.2727,NORMAL,0
2024-04-25,Push_Network,AU,388,14,1,0.0254,0.0361,0.1443,0.837,0.0714,HIGH_FRAUD_RATE,1
2024-04-25,Push_Network,BR,181,5,0,0.016,0.0276,0.0718,0.836,0.0,NORMAL,0
2024-04-25,Push_Network,CA,405,15,2,0.0276,0.037,0.1284,0.875,0.1333,HIGH_FRAUD_RATE,1
2024-04-25,Push_Network,DE,650,37,5,0.0263,0.0569,0.1431,0.852,0.1351,HIGH_FRAUD_RATE,1
2024-04-25,Push_Network,IN,633,28,3,0.0202,0.0442,0.1596,0.849,0.1071,HIGH_FRAUD_RATE,1
2024-04-25,Push_Network,NG,180,8,0,0.0102,0.0444,0.1833,0.876,0.0,HIGH_FRAUD_RATE,1
2024-04-25,Push_Network,PL,283,10,1,0.0254,0.0353,0.0883,0.852,0.1,NORMAL,0
2024-04-25,TikTok,AU,868,59,6,0.0145,0.068,0.0933,0.906,0.1017,NORMAL,0
2024-04-25,TikTok,BR,517,30,4,0.026,0.058,0.0445,0.906,0.1333,NORMAL,0
2024-04-25,TikTok,CA,427,25,4,0.0329,0.0585,0.089,0.92,0.16,NORMAL,0
2024-04-25,TikTok,DE,471,32,6,0.0225,0.0679,0.0955,0.907,0.1875,NORMAL,0
2024-04-25,TikTok,IN,712,47,9,0.0263,0.066,0.1067,0.931,0.1915,HIGH_FRAUD_RATE,1
2024-04-25,TikTok,NG,890,52,10,0.0306,0.0584,0.1034,0.929,0.1923,HIGH_FRAUD_RATE,1
2024-04-25,TikTok,PL,220,12,1,0.021,0.0545,0.0409,0.919,0.0833,NORMAL,0
2024-04-26,Affiliate_SEO,AU,145,39,17,0.0068,0.269,0.0138,0.979,0.4359,NORMAL,0
2024-04-26,Affiliate_SEO,BR,360,101,31,0.0176,0.2806,0.0167,0.981,0.3069,NORMAL,0
2024-04-26,Affiliate_SEO,CA,117,30,7,0.005,0.2564,0.0085,0.977,0.2333,NORMAL,0
2024-04-26,Affiliate_SEO,DE,340,70,23,0.0295,0.2059,0.0235,0.979,0.3286,NORMAL,0
2024-04-26,Affiliate_SEO,IN,97,27,6,0.0286,0.2784,0.0206,0.981,0.2222,NORMAL,0
2024-04-26,Affiliate_SEO,NG,38,10,3,0.0144,0.2632,0.0,0.984,0.3,NORMAL,0
2024-04-26,Affiliate_SEO,PL,113,25,8,0.0175,0.2212,0.0177,0.979,0.32,NORMAL,0
2024-04-26,Facebook,AU,1070,151,43,0.0414,0.1411,0.0178,0.968,0.2848,NORMAL,0
2024-04-26,Facebook,BR,408,37,13,0.0384,0.0907,0.0392,0.972,0.3514,NORMAL,0
2024-04-26,Facebook,CA,1038,89,21,0.0285,0.0857,0.0299,0.972,0.236,NORMAL,0
2024-04-26,Facebook,DE,1992,161,36,0.039,0.0808,0.0371,0.969,0.2236,NORMAL,0
2024-04-26,Facebook,IN,629,62,15,0.0555,0.0986,0.0286,0.969,0.2419,NORMAL,0
2024-04-26,Facebook,NG,1125,112,24,0.0457,0.0996,0.0329,0.976,0.2143,NORMAL,0
2024-04-26,Facebook,PL,440,40,13,0.0392,0.0909,0.0273,0.966,0.325,NORMAL,0
2024-04-26,Google_Search,AU,975,112,31,0.0378,0.1149,0.0123,0.989,0.2768,NORMAL,0
2024-04-26,Google_Search,BR,1457,178,46,0.0282,0.1222,0.0096,0.988,0.2584,NORMAL,0
2024-04-26,Google_Search,CA,510,64,20,0.0278,0.1255,0.0118,0.991,0.3125,NORMAL,0
2024-04-26,Google_Search,DE,1180,148,45,0.034,0.1254,0.0059,0.989,0.3041,NORMAL,0
2024-04-26,Google_Search,IN,611,74,30,0.0388,0.1211,0.0115,0.99,0.4054,NORMAL,0
2024-04-26,Google_Search,NG,339,59,17,0.0456,0.174,0.0059,0.99,0.2881,NORMAL,0
2024-04-26,Google_Search,PL,2422,378,122,0.0474,0.1561,0.0058,0.988,0.3228,NORMAL,0
2024-04-26,Native_Ads,AU,388,23,4,0.0243,0.0593,0.0696,0.949,0.1739,NORMAL,0
2024-04-26,Native_Ads,BR,370,32,4,0.0158,0.0865,0.0595,0.935,0.125,NORMAL,0
2024-04-26,Native_Ads,CA,737,52,9,0.0254,0.0706,0.0719,0.95,0.1731,NORMAL,0
2024-04-26,Native_Ads,DE,880,53,11,0.0297,0.0602,0.0557,0.951,0.2075,NORMAL,0
2024-04-26,Native_Ads,IN,130,9,1,0.0091,0.0692,0.0538,0.939,0.1111,NORMAL,0
2024-04-26,Native_Ads,NG,739,33,9,0.0246,0.0447,0.0582,0.929,0.2727,NORMAL,0
2024-04-26,Native_Ads,PL,410,24,4,0.0277,0.0585,0.0537,0.93,0.1667,NORMAL,0
2024-04-26,Push_Network,AU,383,15,1,0.024,0.0392,0.1305,0.875,0.0667,HIGH_FRAUD_RATE,1
2024-04-26,Push_Network,BR,202,6,0,0.0216,0.0297,0.1733,0.879,0.0,HIGH_FRAUD_RATE,1
2024-04-26,Push_Network,CA,375,19,2,0.0207,0.0507,0.128,0.85,0.1053,HIGH_FRAUD_RATE,1
2024-04-26,Push_Network,DE,333,10,1,0.0093,0.03,0.0751,0.832,0.1,NORMAL,0
2024-04-26,Push_Network,IN,740,26,3,0.0227,0.0351,0.1541,0.832,0.1154,HIGH_FRAUD_RATE,1
2024-04-26,Push_Network,NG,517,22,2,0.0222,0.0426,0.1219,0.836,0.0909,HIGH_FRAUD_RATE,1
2024-04-26,Push_Network,PL,1084,47,5,0.0282,0.0434,0.0987,0.861,0.1064,NORMAL,0
2024-04-26,TikTok,AU,506,33,5,0.0154,0.0652,0.0692,0.925,0.1515,NORMAL,0
2024-04-26,TikTok,BR,888,41,6,0.0333,0.0462,0.1059,0.924,0.1463,HIGH_FRAUD_RATE,1
2024-04-26,TikTok,CA,772,42,6,0.0241,0.0544,0.1062,0.921,0.1429,HIGH_FRAUD_RATE,1
2024-04-26,TikTok,DE,615,34,5,0.0184,0.0553,0.0911,0.914,0.1471,NORMAL,0
2024-04-26,TikTok,IN,657,44,9,0.0176,0.067,0.0913,0.929,0.2045,NORMAL,0
2024-04-26,TikTok,NG,259,14,2,0.0156,0.0541,0.1081,0.928,0.1429,HIGH_FRAUD_RATE,1
2024-04-26,TikTok,PL,695,24,3,0.026,0.0345,0.0806,0.907,0.125,NORMAL,0
2024-04-27,Affiliate_SEO,AU,164,41,13,0.0057,0.25,0.0122,0.978,0.3171,NORMAL,0
2024-04-27,Affiliate_SEO,BR,223,42,13,0.0252,0.1883,0.0224,0.981,0.3095,NORMAL,0
2024-04-27,Affiliate_SEO,CA,742,179,66,0.0236,0.2412,0.0229,0.981,0.3687,NORMAL,0
2024-04-27,Affiliate_SEO,DE,537,112,32,0.0141,0.2086,0.0279,0.983,0.2857,NORMAL,0
2024-04-27,Affiliate_SEO,IN,88,17,5,0.0174,0.1932,0.0114,0.984,0.2941,NORMAL,0
2024-04-27,Affiliate_SEO,NG,120,30,13,0.0269,0.25,0.0083,0.977,0.4333,NORMAL,0
2024-04-27,Affiliate_SEO,PL,206,48,13,0.0142,0.233,0.0146,0.98,0.2708,NORMAL,0
2024-04-27,Facebook,AU,1075,106,27,0.045,0.0986,0.0158,0.968,0.2547,NORMAL,0
2024-04-27,Facebook,BR,308,19,4,0.0193,0.0617,0.0325,0.971,0.2105,NORMAL,0
2024-04-27,Facebook,CA,946,61,19,0.0369,0.0645,0.0285,0.975,0.3115,NORMAL,0
2024-04-27,Facebook,DE,452,39,6,0.0265,0.0863,0.0354,0.969,0.1538,NORMAL,0
2024-04-27,Facebook,IN,1594,124,20,0.0254,0.0778,0.0402,0.976,0.1613,NORMAL,0
2024-04-27,Facebook,NG,647,55,12,0.0361,0.085,0.0216,0.97,0.2182,NORMAL,0
2024-04-27,Facebook,PL,1314,113,21,0.033,0.086,0.016,0.969,0.1858,NORMAL,0
2024-04-27,Google_Search,AU,339,54,16,0.0263,0.1593,0.0118,0.99,0.2963,NORMAL,0
2024-04-27,Google_Search,BR,827,135,31,0.0318,0.1632,0.0085,0.988,0.2296,NORMAL,0
2024-04-27,Google_Search,CA,1154,155,55,0.0501,0.1343,0.013,0.989,0.3548,NORMAL,0
2024-04-27,Google_Search,DE,950,125,47,0.0301,0.1316,0.0053,0.991,0.376,NORMAL,0
2024-04-27,Google_Search,IN,1112,139,45,0.0349,0.125,0.009,0.99,0.3237,NORMAL,0
2024-04-27,Google_Search,NG,486,63,15,0.0435,0.1296,0.0082,0.99,0.2381,NORMAL,0
2024-04-27,Google_Search,PL,1608,296,131,0.0371,0.1841,0.0124,0.988,0.4426,NORMAL,0
2024-04-27,Native_Ads,AU,369,23,4,0.0171,0.0623,0.0705,0.941,0.1739,NORMAL,0
2024-04-27,Native_Ads,BR,569,42,5,0.0215,0.0738,0.0879,0.938,0.119,NORMAL,0
2024-04-27,Native_Ads,CA,494,26,4,0.0163,0.0526,0.0385,0.935,0.1538,NORMAL,0
2024-04-27,Native_Ads,DE,523,30,8,0.0258,0.0574,0.0784,0.949,0.2667,NORMAL,0
2024-04-27,Native_Ads,IN,483,37,6,0.0302,0.0766,0.0828,0.942,0.1622,NORMAL,0
2024-04-27,Native_Ads,NG,291,25,5,0.0098,0.0859,0.0481,0.948,0.2,NORMAL,0
2024-04-27,Native_Ads,PL,690,54,8,0.0236,0.0783,0.0362,0.935,0.1481,NORMAL,0
2024-04-27,Push_Network,AU,380,11,0,0.0138,0.0289,0.1053,0.885,0.0,HIGH_FRAUD_RATE,1
2024-04-27,Push_Network,BR,1401,59,4,0.0264,0.0421,0.1727,0.85,0.0678,HIGH_FRAUD_RATE,1
2024-04-27,Push_Network,CA,1183,43,6,0.0257,0.0363,0.1665,0.864,0.1395,HIGH_FRAUD_RATE,1
2024-04-27,Push_Network,DE,946,32,4,0.0293,0.0338,0.1956,0.856,0.125,HIGH_FRAUD_RATE,1
2024-04-27,Push_Network,IN,604,29,3,0.02,0.048,0.1142,0.84,0.1034,HIGH_FRAUD_RATE,1
2024-04-27,Push_Network,NG,842,34,3,0.016,0.0404,0.1532,0.839,0.0882,HIGH_FRAUD_RATE,1
2024-04-27,Push_Network,PL,1491,65,8,0.0244,0.0436,0.0926,0.869,0.1231,NORMAL,0
2024-04-27,TikTok,AU,264,23,4,0.0125,0.0871,0.0492,0.924,0.1739,NORMAL,0
2024-04-27,TikTok,BR,743,50,7,0.0171,0.0673,0.0498,0.906,0.14,NORMAL,0
2024-04-27,TikTok,CA,733,36,6,0.0307,0.0491,0.1119,0.92,0.1667,HIGH_FRAUD_RATE,1
2024-04-27,TikTok,DE,358,30,4,0.015,0.0838,0.0782,0.918,0.1333,NORMAL,0
2024-04-27,TikTok,IN,698,41,8,0.0252,0.0587,0.0401,0.908,0.1951,NORMAL,0
2024-04-27,TikTok,NG,663,41,7,0.0188,0.0618,0.0513,0.925,0.1707,NORMAL,0
2024-04-27,TikTok,PL,727,44,8,0.0186,0.0605,0.0509,0.921,0.1818,NORMAL,0
2024-04-28,Affiliate_SEO,AU,1134,245,89,0.0183,0.216,0.0282,0.978,0.3633,NORMAL,0
2024-04-28,Affiliate_SEO,BR,148,41,14,0.0141,0.277,0.0068,0.981,0.3415,NORMAL,0
2024-04-28,Affiliate_SEO,CA,498,119,50,0.0272,0.239,0.0281,0.984,0.4202,NORMAL,0
2024-04-28,Affiliate_SEO,DE,511,91,30,0.0186,0.1781,0.0274,0.983,0.3297,NORMAL,0
2024-04-28,Affiliate_SEO,IN,98,23,7,0.0187,0.2347,0.0204,0.977,0.3043,NORMAL,0
2024-04-28,Affiliate_SEO,NG,26,6,1,0.0092,0.2308,0.0,0.979,0.1667,NORMAL,0
2024-04-28,Affiliate_SEO,PL,201,67,16,0.0165,0.3333,0.0199,0.983,0.2388,NORMAL,0
2024-04-28,Facebook,AU,1198,66,7,0.0395,0.0551,0.0284,0.974,0.1061,NORMAL,0
2024-04-28,Facebook,BR,1052,90,21,0.0383,0.0856,0.0209,0.965,0.2333,NORMAL,0
2024-04-28,Facebook,CA,551,59,13,0.0355,0.1071,0.0417,0.974,0.2203,NORMAL,0
2024-04-28,Facebook,DE,1942,166,39,0.0607,0.0855,0.0185,0.976,0.2349,NORMAL,0
2024-04-28,Facebook,IN,677,52,10,0.0388,0.0768,0.0295,0.965,0.1923,NORMAL,0
2024-04-28,Facebook,NG,1398,136,31,0.0335,0.0973,0.0358,0.972,0.2279,NORMAL,0
2024-04-28,Facebook,PL,600,49,14,0.0295,0.0817,0.04,0.973,0.2857,NORMAL,0
2024-04-28,Google_Search,AU,1023,211,46,0.0343,0.2063,0.0127,0.991,0.218,NORMAL,0
2024-04-28,Google_Search,BR,895,129,55,0.029,0.1441,0.0089,0.99,0.4264,NORMAL,0
2024-04-28,Google_Search,CA,593,56,16,0.0454,0.0944,0.0084,0.99,0.2857,NORMAL,0
2024-04-28,Google_Search,DE,616,95,23,0.0324,0.1542,0.013,0.989,0.2421,NORMAL,0
2024-04-28,Google_Search,IN,1294,163,38,0.0409,0.126,0.0085,0.992,0.2331,NORMAL,0
2024-04-28,Google_Search,NG,700,113,37,0.0286,0.1614,0.0086,0.991,0.3274,NORMAL,0
2024-04-28,Google_Search,PL,1359,133,39,0.0308,0.0979,0.0059,0.992,0.2932,NORMAL,0
2024-04-28,Native_Ads,AU,775,52,6,0.0248,0.0671,0.0748,0.934,0.1154,NORMAL,0
2024-04-28,Native_Ads,BR,1086,76,10,0.0187,0.07,0.0672,0.933,0.1316,NORMAL,0
2024-04-28,Native_Ads,CA,321,24,3,0.0133,0.0748,0.053,0.935,0.125,NORMAL,0
2024-04-28,Native_Ads,DE,352,21,4,0.0157,0.0597,0.0568,0.929,0.1905,NORMAL,0
2024-04-28,Native_Ads,IN,378,28,4,0.0223,0.0741,0.0397,0.94,0.1429,NORMAL,0
2024-04-28,Native_Ads,NG,481,34,7,0.0245,0.0707,0.0416,0.936,0.2059,NORMAL,0
2024-04-28,Native_Ads,PL,541,33,7,0.0273,0.061,0.0647,0.935,0.2121,NORMAL,0
2024-04-28,Push_Network,AU,772,25,3,0.0282,0.0324,0.1269,0.858,0.12,HIGH_FRAUD_RATE,1
2024-04-28,Push_Network,BR,655,24,2,0.0243,0.0366,0.1023,0.882,0.0833,HIGH_FRAUD_RATE,1
2024-04-28,Push_Network,CA,231,9,1,0.0076,0.039,0.1905,0.861,0.1111,HIGH_FRAUD_RATE,1
2024-04-28,Push_Network,DE,507,25,3,0.0174,0.0493,0.1341,0.887,0.12,HIGH_FRAUD_RATE,1
2024-04-28,Push_Network,IN,808,32,2,0.0283,0.0396,0.0854,0.878,0.0625,NORMAL,0
2024-04-28,Push_Network,NG,1088,47,6,0.026,0.0432,0.1287,0.843,0.1277,HIGH_FRAUD_RATE,1
2024-04-28,Push_Network,PL,1087,35,3,0.0234,0.0322,0.0883,0.876,0.0857,NORMAL,0
2024-04-28,TikTok,AU,970,47,8,0.0225,0.0485,0.0979,0.922,0.1702,NORMAL,0
2024-04-28,TikTok,BR,775,38,5,0.0211,0.049,0.1097,0.934,0.1316,HIGH_FRAUD_RATE,1
2024-04-28,TikTok,CA,559,32,2,0.015,0.0572,0.0519,0.934,0.0625,NORMAL,0
2024-04-28,TikTok,DE,807,27,4,0.025,0.0335,0.0917,0.91,0.1481,NORMAL,0
2024-04-28,TikTok,IN,638,39,6,0.0264,0.0611,0.1066,0.92,0.1538,HIGH_FRAUD_RATE,1
2024-04-28,TikTok,NG,1187,54,7,0.028,0.0455,0.0531,0.919,0.1296,NORMAL,0
2024-04-28,TikTok,PL,309,28,4,0.0141,0.0906,0.0971,0.918,0.1429,NORMAL,0
2024-04-29,Affiliate_SEO,AU,1093,215,54,0.0216,0.1967,0.0128,0.983,0.2512,NORMAL,0
2024-04-29,Affiliate_SEO,BR,42,9,2,0.0149,0.2143,0.0,0.981,0.2222,NORMAL,0
2024-04-29,Affiliate_SEO,CA,784,129,47,0.0189,0.1645,0.0204,0.978,0.3643,NORMAL,0
2024-04-29,Affiliate_SEO,DE,1523,154,43,0.0265,0.1011,0.0131,0.983,0.2792,NORMAL,0
2024-04-29,Affiliate_SEO,IN,80,22,8,0.0221,0.275,0.0,0.981,0.3636,NORMAL,0
2024-04-29,Affiliate_SEO,NG,133,26,8,0.0192,0.1955,0.015,0.979,0.3077,NORMAL,0
2024-04-29,Affiliate_SEO,PL,55,12,4,0.017,0.2182,0.0182,0.982,0.3333,NORMAL,0
2024-04-29,Facebook,AU,696,65,9,0.0528,0.0934,0.0388,0.971,0.1385,NORMAL,0
2024-04-29,Facebook,BR,351,32,7,0.0429,0.0912,0.0285,0.973,0.2188,NORMAL,0
2024-04-29,Facebook,CA,631,61,14,0.0368,0.0967,0.0317,0.969,0.2295,NORMAL,0
2024-04-29,Facebook,DE,1595,184,33,0.0479,0.1154,0.0194,0.971,0.1793,NORMAL,0
2024-04-29,Facebook,IN,713,58,12,0.0255,0.0813,0.0224,0.966,0.2069,NORMAL,0
2024-04-29,Facebook,NG,1204,123,20,0.035,0.1022,0.0299,0.972,0.1626,NORMAL,0
2024-04-29,Facebook,PL,1521,112,19,0.0348,0.0736,0.0322,0.97,0.1696,NORMAL,0
2024-04-29,Google_Search,AU,1156,135,47,0.0345,0.1168,0.0069,0.988,0.3481,NORMAL,0
2024-04-29,Google_Search,BR,1971,230,63,0.0401,0.1167,0.0122,0.992,0.2739,NORMAL,0
2024-04-29,Google_Search,CA,742,124,35,0.0253,0.1671,0.0094,0.99,0.2823,NORMAL,0
2024-04-29,Google_Search,DE,555,82,32,0.0296,0.1477,0.009,0.989,0.3902,NORMAL,0
2024-04-29,Google_Search,IN,724,112,36,0.0336,0.1547,0.0041,0.989,0.3214,NORMAL,0
2024-04-29,Google_Search,NG,1961,325,82,0.0426,0.1657,0.0107,0.99,0.2523,NORMAL,0
2024-04-29,Google_Search,PL,1999,317,74,0.0378,0.1586,0.0085,0.988,0.2334,NORMAL,0
2024-04-29,Native_Ads,AU,1942,164,31,0.0304,0.0844,0.051,0.936,0.189,NORMAL,0
2024-04-29,Native_Ads,BR,815,80,13,0.0327,0.0982,0.054,0.937,0.1625,NORMAL,0
2024-04-29,Native_Ads,CA,213,16,4,0.0158,0.0751,0.0516,0.94,0.25,NORMAL,0
2024-04-29,Native_Ads,DE,887,50,8,0.0111,0.0564,0.0552,0.944,0.16,NORMAL,0
2024-04-29,Native_Ads,IN,715,49,9,0.022,0.0685,0.0601,0.93,0.1837,NORMAL,0
2024-04-29,Native_Ads,NG,273,15,4,0.0188,0.0549,0.044,0.952,0.2667,NORMAL,0
2024-04-29,Native_Ads,PL,618,42,6,0.0169,0.068,0.0291,0.937,0.1429,NORMAL,0
2024-04-29,Push_Network,AU,895,38,4,0.0288,0.0425,0.0905,0.842,0.1053,NORMAL,0
2024-04-29,Push_Network,BR,285,9,1,0.0235,0.0316,0.193,0.858,0.1111,HIGH_FRAUD_RATE,1
2024-04-29,Push_Network,CA,244,6,0,0.013,0.0246,0.1107,0.842,0.0,HIGH_FRAUD_RATE,1
2024-04-29,Push_Network,DE,466,17,2,0.0225,0.0365,0.1116,0.853,0.1176,HIGH_FRAUD_RATE,1
2024-04-29,Push_Network,IN,379,12,1,0.0201,0.0317,0.1953,0.871,0.0833,HIGH_FRAUD_RATE,1
2024-04-29,Push_Network,NG,513,27,3,0.0242,0.0526,0.1676,0.858,0.1111,HIGH_FRAUD_RATE,1
2024-04-29,Push_Network,PL,319,7,0,0.0169,0.0219,0.2069,0.844,0.0,HIGH_FRAUD_RATE,1
2024-04-29,TikTok,AU,200,16,2,0.0209,0.08,0.075,0.907,0.125,NORMAL,0
2024-04-29,TikTok,BR,158,7,1,0.0081,0.0443,0.1076,0.934,0.1429,HIGH_FRAUD_RATE,1
2024-04-29,TikTok,CA,190,8,1,0.0148,0.0421,0.1,0.915,0.125,NORMAL,0
2024-04-29,TikTok,DE,337,20,4,0.0216,0.0593,0.1068,0.928,0.2,HIGH_FRAUD_RATE,1
2024-04-29,TikTok,IN,161,7,0,0.005,0.0435,0.0932,0.926,0.0,NORMAL,0
2024-04-29,TikTok,NG,448,34,6,0.0255,0.0759,0.0536,0.921,0.1765,NORMAL,0
2024-04-29,TikTok,PL,647,48,7,0.0253,0.0742,0.1144,0.931,0.1458,HIGH_FRAUD_RATE,1
2024-04-30,Affiliate_SEO,AU,98,20,7,0.0064,0.2041,0.0102,0.977,0.35,NORMAL,0
2024-04-30,Affiliate_SEO,BR,129,28,9,0.0202,0.2171,0.0233,0.978,0.3214,NORMAL,0
2024-04-30,Affiliate_SEO,CA,964,260,63,0.0225,0.2697,0.0176,0.98,0.2423,NORMAL,0
2024-04-30,Affiliate_SEO,DE,1128,230,84,0.0194,0.2039,0.0098,0.98,0.3652,NORMAL,0
2024-04-30,Affiliate_SEO,IN,265,65,29,0.0217,0.2453,0.0151,0.981,0.4462,NORMAL,0
2024-04-30,Affiliate_SEO,NG,16,2,0,0.0215,0.125,0.0,0.981,0.0,NORMAL,0
2024-04-30,Affiliate_SEO,PL,310,59,21,0.0167,0.1903,0.0194,0.976,0.3559,NORMAL,0
2024-04-30,Facebook,AU,1068,96,26,0.0331,0.0899,0.0356,0.969,0.2708,NORMAL,0
2024-04-30,Facebook,BR,1290,134,33,0.0269,0.1039,0.0333,0.966,0.2463,NORMAL,0
2024-04-30,Facebook,CA,683,48,9,0.0365,0.0703,0.0322,0.966,0.1875,NORMAL,0
2024-04-30,Facebook,DE,821,88,26,0.0365,0.1072,0.0414,0.975,0.2955,NORMAL,0
2024-04-30,Facebook,IN,662,59,14,0.0398,0.0891,0.0347,0.974,0.2373,NORMAL,0
2024-04-30,Facebook,NG,453,55,17,0.041,0.1214,0.0331,0.974,0.3091,NORMAL,0
2024-04-30,Facebook,PL,810,42,9,0.0453,0.0519,0.0383,0.966,0.2143,NORMAL,0
2024-04-30,Google_Search,AU,303,55,18,0.0118,0.1815,0.0132,0.99,0.3273,NORMAL,0
2024-04-30,Google_Search,BR,667,102,18,0.0288,0.1529,0.009,0.991,0.1765,NORMAL,0
2024-04-30,Google_Search,CA,900,75,13,0.039,0.0833,0.0067,0.99,0.1733,NORMAL,0
2024-04-30,Google_Search,DE,739,128,39,0.019,0.1732,0.0095,0.991,0.3047,NORMAL,0
2024-04-30,Google_Search,IN,553,102,34,0.0375,0.1844,0.0145,0.991,0.3333,NORMAL,0
2024-04-30,Google_Search,NG,864,64,23,0.0448,0.0741,0.0069,0.989,0.3594,NORMAL,0
2024-04-30,Google_Search,PL,849,124,41,0.0362,0.1461,0.0094,0.991,0.3306,NORMAL,0
2024-04-30,Native_Ads,AU,577,56,13,0.0207,0.0971,0.0295,0.935,0.2321,NORMAL,0
2024-04-30,Native_Ads,BR,419,24,4,0.0273,0.0573,0.0406,0.932,0.1667,NORMAL,0
2024-04-30,Native_Ads,CA,734,36,7,0.0219,0.049,0.0695,0.941,0.1944,NORMAL,0
2024-04-30,Native_Ads,DE,343,24,3,0.0161,0.07,0.0525,0.93,0.125,NORMAL,0
2024-04-30,Native_Ads,IN,439,36,5,0.0199,0.082,0.0364,0.938,0.1389,NORMAL,0
2024-04-30,Native_Ads,NG,579,35,9,0.0121,0.0604,0.0535,0.951,0.2571,NORMAL,0
2024-04-30,Native_Ads,PL,687,36,6,0.0291,0.0524,0.0815,0.948,0.1667,NORMAL,0
2024-04-30,Push_Network,AU,530,24,2,0.0133,0.0453,0.1585,0.837,0.0833,HIGH_FRAUD_RATE,1
2024-04-30,Push_Network,BR,226,9,1,0.0145,0.0398,0.1681,0.863,0.1111,HIGH_FRAUD_RATE,1
2024-04-30,Push_Network,CA,598,27,3,0.0224,0.0452,0.1455,0.84,0.1111,HIGH_FRAUD_RATE,1
2024-04-30,Push_Network,DE,612,24,2,0.0261,0.0392,0.0964,0.843,0.0833,NORMAL,0
2024-04-30,Push_Network,IN,309,5,0,0.0154,0.0162,0.1942,0.848,0.0,HIGH_FRAUD_RATE,1
2024-04-30,Push_Network,NG,249,10,1,0.0112,0.0402,0.1888,0.886,0.1,HIGH_FRAUD_RATE,1
2024-04-30,Push_Network,PL,331,14,1,0.0221,0.0423,0.1692,0.846,0.0714,HIGH_FRAUD_RATE,1
2024-04-30,TikTok,AU,1589,95,12,0.03,0.0598,0.1038,0.925,0.1263,HIGH_FRAUD_RATE,1
2024-04-30,TikTok,BR,384,20,2,0.0286,0.0521,0.0703,0.927,0.1,NORMAL,0
2024-04-30,TikTok,CA,94,6,0,0.012,0.0638,0.0532,0.912,0.0,NORMAL,0
2024-04-30,TikTok,DE,291,19,3,0.0091,0.0653,0.0859,0.93,0.1579,NORMAL,0
2024-04-30,TikTok,IN,211,13,2,0.0176,0.0616,0.0995,0.928,0.1538,NORMAL,0
2024-04-30,TikTok,NG,263,10,1,0.0163,0.038,0.1065,0.911,0.1,HIGH_FRAUD_RATE,1
2024-04-30,TikTok,PL,430,28,4,0.0229,0.0651,0.0419,0.924,0.1429,NORMAL,0
2024-05-01,Affiliate_SEO,AU,2487,306,118,0.0365,0.123,0.0257,0.976,0.3856,NORMAL,0
2024-05-01,Affiliate_SEO,BR,204,34,13,0.0203,0.1667,0.0245,0.982,0.3824,NORMAL,0
2024-05-01,Affiliate_SEO,CA,584,114,34,0.0221,0.1952,0.0154,0.984,0.2982,NORMAL,0
2024-05-01,Affiliate_SEO,DE,1213,273,104,0.0285,0.2251,0.0173,0.979,0.381,NORMAL,0
2024-05-01,Affiliate_SEO,IN,299,40,18,0.0299,0.1338,0.01,0.977,0.45,NORMAL,0
2024-05-01,Affiliate_SEO,NG,25,6,2,0.0132,0.24,0.0,0.984,0.3333,NORMAL,0
2024-05-01,Affiliate_SEO,PL,499,101,42,0.0297,0.2024,0.02,0.982,0.4158,NORMAL,0
2024-05-01,Facebook,AU,1744,173,38,0.0564,0.0992,0.0413,0.97,0.2197,NORMAL,0
2024-05-01,Facebook,BR,722,60,14,0.0515,0.0831,0.0319,0.968,0.2333,NORMAL,0
2024-05-01,Facebook,CA,1244,118,28,0.0369,0.0949,0.0177,0.975,0.2373,NORMAL,0
2024-05-01,Facebook,DE,1279,154,46,0.0407,0.1204,0.0258,0.968,0.2987,NORMAL,0
2024-05-01,Facebook,IN,732,73,18,0.039,0.0997,0.0178,0.966,0.2466,NORMAL,0
2024-05-01,Facebook,NG,741,75,15,0.0415,0.1012,0.0189,0.967,0.2,NORMAL,0
2024-05-01,Facebook,PL,666,44,12,0.0382,0.0661,0.0345,0.975,0.2727,NORMAL,0
2024-05-01,Google_Search,AU,1136,166,61,0.039,0.1461,0.0123,0.989,0.3675,NORMAL,0
2024-05-01,Google_Search,BR,375,39,7,0.038,0.104,0.0133,0.991,0.1795,NORMAL,0
2024-05-01,Google_Search,CA,1247,194,45,0.0405,0.1556,0.0056,0.991,0.232,NORMAL,0
2024-05-01,Google_Search,DE,1018,201,48,0.0529,0.1974,0.0059,0.991,0.2388,NORMAL,0
2024-05-01,Google_Search,IN,1087,168,55,0.0339,0.1546,0.0101,0.989,0.3274,NORMAL,0
2024-05-01,Google_Search,NG,869,122,40,0.0373,0.1404,0.0138,0.991,0.3279,NORMAL,0
2024-05-01,Google_Search,PL,1048,185,41,0.0392,0.1765,0.0143,0.99,0.2216,NORMAL,0
2024-05-01,Native_Ads,AU,960,97,13,0.0221,0.101,0.074,0.931,0.134,NORMAL,0
2024-05-01,Native_Ads,BR,422,32,9,0.0139,0.0758,0.0687,0.942,0.2812,NORMAL,0
2024-05-01,Native_Ads,CA,488,32,5,0.0316,0.0656,0.0779,0.929,0.1562,NORMAL,0
2024-05-01,Native_Ads,DE,170,10,1,0.0083,0.0588,0.0294,0.947,0.1,NORMAL,0
2024-05-01,Native_Ads,IN,148,9,1,0.0143,0.0608,0.0541,0.951,0.1111,NORMAL,0
2024-05-01,Native_Ads,NG,712,48,9,0.0181,0.0674,0.0801,0.945,0.1875,NORMAL,0
2024-05-01,Native_Ads,PL,235,8,1,0.0174,0.034,0.0596,0.951,0.125,NORMAL,0
2024-05-01,Push_Network,AU,1146,54,6,0.0205,0.0471,0.1326,0.854,0.1111,HIGH_FRAUD_RATE,1
2024-05-01,Push_Network,BR,242,9,1,0.0146,0.0372,0.1116,0.838,0.1111,HIGH_FRAUD_RATE,1
2024-05-01,Push_Network,CA,382,13,1,0.015,0.034,0.0812,0.883,0.0769,NORMAL,0
2024-05-01,Push_Network,DE,453,23,2,0.0242,0.0508,0.1369,0.841,0.087,HIGH_FRAUD_RATE,1
2024-05-01,Push_Network,IN,423,22,2,0.0144,0.052,0.1962,0.863,0.0909,HIGH_FRAUD_RATE,1
2024-05-01,Push_Network,NG,253,8,1,0.019,0.0316,0.2055,0.854,0.125,HIGH_FRAUD_RATE,1
2024-05-01,Push_Network,PL,560,22,2,0.0231,0.0393,0.1661,0.866,0.0909,HIGH_FRAUD_RATE,1
2024-05-01,TikTok,AU,176,7,1,0.0097,0.0398,0.0568,0.913,0.1429,NORMAL,0
2024-05-01,TikTok,BR,799,46,7,0.0172,0.0576,0.1051,0.916,0.1522,HIGH_FRAUD_RATE,1
2024-05-01,TikTok,CA,1094,68,11,0.026,0.0622,0.117,0.913,0.1618,HIGH_FRAUD_RATE,1
2024-05-01,TikTok,DE,895,48,7,0.024,0.0536,0.0693,0.926,0.1458,NORMAL,0
2024-05-01,TikTok,IN,279,23,4,0.008,0.0824,0.0538,0.91,0.1739,NORMAL,0
2024-05-01,TikTok,NG,201,12,2,0.0132,0.0597,0.0896,0.915,0.1667,NORMAL,0
2024-05-01,TikTok,PL,384,22,3,0.0162,0.0573,0.0755,0.929,0.1364,NORMAL,0
2024-05-02,Affiliate_SEO,AU,235,35,13,0.0101,0.1489,0.0085,0.979,0.3714,NORMAL,0
2024-05-02,Affiliate_SEO,BR,244,38,9,0.0153,0.1557,0.0123,0.983,0.2368,NORMAL,0
2024-05-02,Affiliate_SEO,CA,432,109,45,0.0137,0.2523,0.0208,0.984,0.4128,NORMAL,0
2024-05-02,Affiliate_SEO,DE,785,137,43,0.034,0.1745,0.0204,0.976,0.3139,NORMAL,0
2024-05-02,Affiliate_SEO,IN,238,60,29,0.0139,0.2521,0.021,0.983,0.4833,NORMAL,0
2024-05-02,Affiliate_SEO,NG,43,10,4,0.0107,0.2326,0.0233,0.977,0.4,NORMAL,0
2024-05-02,Affiliate_SEO,PL,129,31,12,0.0091,0.2403,0.0233,0.976,0.3871,NORMAL,0
2024-05-02,Facebook,AU,1884,170,26,0.0365,0.0902,0.0281,0.975,0.1529,NORMAL,0
2024-05-02,Facebook,BR,685,66,13,0.048,0.0964,0.0409,0.97,0.197,NORMAL,0
2024-05-02,Facebook,CA,820,45,12,0.0356,0.0549,0.0268,0.97,0.2667,NORMAL,0
2024-05-02,Facebook,DE,1548,119,36,0.0519,0.0769,0.0174,0.972,0.3025,NORMAL,0
2024-05-02,Facebook,IN,268,29,9,0.027,0.1082,0.0224,0.967,0.3103,NORMAL,0
2024-05-02,Facebook,NG,1053,97,21,0.0393,0.0921,0.0313,0.967,0.2165,NORMAL,0
2024-05-02,Facebook,PL,581,50,13,0.0313,0.0861,0.0327,0.97,0.26,NORMAL,0
2024-05-02,Google_Search,AU,1880,396,107,0.0234,0.2106,0.0085,0.989,0.2702,NORMAL,0
2024-05-02,Google_Search,BR,1217,178,40,0.026,0.1463,0.0066,0.991,0.2247,NORMAL,0
2024-05-02,Google_Search,CA,569,87,25,0.0437,0.1529,0.007,0.99,0.2874,NORMAL,0
2024-05-02,Google_Search,DE,611,117,27,0.0303,0.1915,0.0065,0.991,0.2308,NORMAL,0
2024-05-02,Google_Search,IN,941,193,64,0.0465,0.2051,0.0096,0.989,0.3316,NORMAL,0
2024-05-02,Google_Search,NG,1265,218,82,0.0316,0.1723,0.0111,0.992,0.3761,NORMAL,0
2024-05-02,Google_Search,PL,395,65,26,0.0268,0.1646,0.0076,0.989,0.4,NORMAL,0
2024-05-02,Native_Ads,AU,358,19,4,0.0222,0.0531,0.081,0.929,0.2105,NORMAL,0
2024-05-02,Native_Ads,BR,423,36,6,0.026,0.0851,0.0378,0.948,0.1667,NORMAL,0
2024-05-02,Native_Ads,CA,136,10,1,0.016,0.0735,0.0294,0.951,0.1,NORMAL,0
2024-05-02,Native_Ads,DE,487,34,6,0.0324,0.0698,0.0349,0.951,0.1765,NORMAL,0
2024-05-02,Native_Ads,IN,333,17,3,0.0258,0.0511,0.0541,0.935,0.1765,NORMAL,0
2024-05-02,Native_Ads,NG,360,29,6,0.0272,0.0806,0.0694,0.948,0.2069,NORMAL,0
2024-05-02,Native_Ads,PL,251,16,2,0.0199,0.0637,0.0438,0.948,0.125,NORMAL,0
2024-05-02,Push_Network,AU,273,7,0,0.0158,0.0256,0.2051,0.862,0.0,HIGH_FRAUD_RATE,1
2024-05-02,Push_Network,BR,608,29,3,0.0298,0.0477,0.0938,0.853,0.1034,NORMAL,0
2024-05-02,Push_Network,CA,432,16,2,0.019,0.037,0.1644,0.876,0.125,HIGH_FRAUD_RATE,1
2024-05-02,Push_Network,DE,217,10,1,0.0191,0.0461,0.1982,0.833,0.1,HIGH_FRAUD_RATE,1
2024-05-02,Push_Network,IN,298,13,1,0.009,0.0436,0.1577,0.873,0.0769,HIGH_FRAUD_RATE,1
2024-05-02,Push_Network,NG,198,7,0,0.0205,0.0354,0.1364,0.849,0.0,HIGH_FRAUD_RATE,1
2024-05-02,Push_Network,PL,355,16,2,0.0168,0.0451,0.1099,0.871,0.125,HIGH_FRAUD_RATE,1
2024-05-02,TikTok,AU,927,38,8,0.0212,0.041,0.0798,0.916,0.2105,NORMAL,0
2024-05-02,TikTok,BR,493,25,4,0.0245,0.0507,0.0892,0.911,0.16,NORMAL,0
2024-05-02,TikTok,CA,1666,79,9,0.0256,0.0474,0.0474,0.909,0.1139,NORMAL,0
2024-05-02,TikTok,DE,694,40,6,0.0383,0.0576,0.0965,0.908,0.15,NORMAL,0
2024-05-02,TikTok,IN,456,29,4,0.0238,0.0636,0.0987,0.906,0.1379,NORMAL,0
2024-05-02,TikTok,NG,898,60,7,0.0228,0.0668,0.0535,0.919,0.1167,NORMAL,0
2024-05-02,TikTok,PL,600,37,6,0.0211,0.0617,0.0633,0.919,0.1622,NORMAL,0
2024-05-03,Affiliate_SEO,AU,1089,252,94,0.0259,0.2314,0.0165,0.983,0.373,NORMAL,0
2024-05-03,Affiliate_SEO,BR,141,31,9,0.0135,0.2199,0.0213,0.979,0.2903,NORMAL,0
2024-05-03,Affiliate_SEO,CA,1271,312,84,0.0203,0.2455,0.0126,0.983,0.2692,NORMAL,0
2024-05-03,Affiliate_SEO,DE,469,116,48,0.0125,0.2473,0.0213,0.983,0.4138,NORMAL,0
2024-05-03,Affiliate_SEO,IN,76,14,4,0.0184,0.1842,0.0,0.977,0.2857,NORMAL,0
2024-05-03,Affiliate_SEO,NG,30,7,2,0.0212,0.2333,0.0,0.977,0.2857,NORMAL,0
2024-05-03,Affiliate_SEO,PL,281,64,22,0.0146,0.2278,0.0107,0.978,0.3438,NORMAL,0
2024-05-03,Facebook,AU,696,64,13,0.0348,0.092,0.0302,0.976,0.2031,NORMAL,0
2024-05-03,Facebook,BR,712,71,13,0.0222,0.0997,0.0281,0.971,0.1831,NORMAL,0
2024-05-03,Facebook,CA,580,57,14,0.0262,0.0983,0.019,0.969,0.2456,NORMAL,0
2024-05-03,Facebook,DE,278,24,6,0.0522,0.0863,0.0216,0.966,0.25,NORMAL,0
2024-05-03,Facebook,IN,1707,121,33,0.0495,0.0709,0.0351,0.975,0.2727,NORMAL,0
2024-05-03,Facebook,NG,542,55,14,0.035,0.1015,0.0314,0.968,0.2545,NORMAL,0
2024-05-03,Facebook,PL,176,22,4,0.0174,0.125,0.0341,0.971,0.1818,NORMAL,0
2024-05-03,Google_Search,AU,525,101,29,0.0358,0.1924,0.0133,0.989,0.2871,NORMAL,0
2024-05-03,Google_Search,BR,2051,200,52,0.0337,0.0975,0.0083,0.988,0.26,NORMAL,0
2024-05-03,Google_Search,CA,868,140,43,0.0419,0.1613,0.0115,0.989,0.3071,NORMAL,0
2024-05-03,Google_Search,DE,814,162,55,0.0422,0.199,0.0098,0.99,0.3395,NORMAL,0
2024-05-03,Google_Search,IN,329,45,8,0.0143,0.1368,0.0122,0.989,0.1778,NORMAL,0
2024-05-03,Google_Search,NG,651,95,25,0.0363,0.1459,0.0061,0.99,0.2632,NORMAL,0
2024-05-03,Google_Search,PL,943,108,33,0.0372,0.1145,0.0095,0.989,0.3056,NORMAL,0
2024-05-03,Native_Ads,AU,867,58,11,0.0163,0.0669,0.075,0.933,0.1897,NORMAL,0
2024-05-03,Native_Ads,BR,315,14,2,0.0163,0.0444,0.0571,0.937,0.1429,NORMAL,0
2024-05-03,Native_Ads,CA,503,26,3,0.0325,0.0517,0.0537,0.948,0.1154,NORMAL,0
2024-05-03,Native_Ads,DE,384,35,7,0.0196,0.0911,0.0391,0.928,0.2,NORMAL,0
2024-05-03,Native_Ads,IN,1418,105,20,0.0346,0.074,0.0635,0.941,0.1905,NORMAL,0
2024-05-03,Native_Ads,NG,196,16,3,0.0204,0.0816,0.0867,0.928,0.1875,NORMAL,0
2024-05-03,Native_Ads,PL,370,30,7,0.0223,0.0811,0.073,0.951,0.2333,NORMAL,0
2024-05-03,Push_Network,AU,249,8,1,0.0355,0.0321,0.1807,0.859,0.125,HIGH_FRAUD_RATE,1
2024-05-03,Push_Network,BR,385,12,1,0.0217,0.0312,0.0701,0.839,0.0833,NORMAL,0
2024-05-03,Push_Network,CA,907,39,4,0.0269,0.043,0.118,0.834,0.1026,HIGH_FRAUD_RATE,1
2024-05-03,Push_Network,DE,1107,50,8,0.0219,0.0452,0.0795,0.874,0.16,NORMAL,0
2024-05-03,Push_Network,IN,1139,26,4,0.0155,0.0228,0.086,0.849,0.1538,NORMAL,0
2024-05-03,Push_Network,NG,634,25,2,0.022,0.0394,0.1451,0.88,0.08,HIGH_FRAUD_RATE,1
2024-05-03,Push_Network,PL,445,17,2,0.0193,0.0382,0.0921,0.861,0.1176,NORMAL,0
2024-05-03,TikTok,AU,157,11,2,0.0149,0.0701,0.1083,0.932,0.1818,HIGH_FRAUD_RATE,1
2024-05-03,TikTok,BR,722,48,9,0.0223,0.0665,0.0831,0.928,0.1875,NORMAL,0
2024-05-03,TikTok,CA,164,12,1,0.012,0.0732,0.1098,0.912,0.0833,HIGH_FRAUD_RATE,1
2024-05-03,TikTok,DE,463,35,4,0.0354,0.0756,0.0626,0.917,0.1143,NORMAL,0
2024-05-03,TikTok,IN,389,18,3,0.0139,0.0463,0.0437,0.92,0.1667,NORMAL,0
2024-05-03,TikTok,NG,301,20,3,0.0094,0.0664,0.0399,0.917,0.15,NORMAL,0
2024-05-03,TikTok,PL,502,20,2,0.0198,0.0398,0.0916,0.932,0.1,NORMAL,0
2024-05-04,Affiliate_SEO,AU,346,45,15,0.0188,0.1301,0.0173,0.984,0.3333,NORMAL,0
2024-05-04,Affiliate_SEO,BR,204,46,15,0.0206,0.2255,0.0147,0.977,0.3261,NORMAL,0
2024-05-04,Affiliate_SEO,CA,165,25,11,0.016,0.1515,0.0121,0.982,0.44,NORMAL,0
2024-05-04,Affiliate_SEO,DE,526,108,40,0.0208,0.2053,0.0133,0.977,0.3704,NORMAL,0
2024-05-04,Affiliate_SEO,IN,52,8,2,0.0167,0.1538,0.0192,0.984,0.25,NORMAL,0
2024-05-04,Affiliate_SEO,NG,74,13,5,0.0272,0.1757,0.0135,0.979,0.3846,NORMAL,0
2024-05-04,Affiliate_SEO,PL,194,58,19,0.0152,0.299,0.0155,0.983,0.3276,NORMAL,0
2024-05-04,Facebook,AU,1991,205,34,0.043,0.103,0.0301,0.97,0.1659,NORMAL,0
2024-05-04,Facebook,BR,1560,144,35,0.0333,0.0923,0.0192,0.976,0.2431,NORMAL,0
2024-05-04,Facebook,CA,801,48,10,0.0303,0.0599,0.0175,0.973,0.2083,NORMAL,0
2024-05-04,Facebook,DE,1122,64,12,0.0319,0.057,0.0258,0.971,0.1875,NORMAL,0
2024-05-04,Facebook,IN,1464,139,39,0.0381,0.0949,0.0184,0.966,0.2806,NORMAL,0
2024-05-04,Facebook,NG,1418,150,36,0.0458,0.1058,0.0289,0.967,0.24,NORMAL,0
2024-05-04,Facebook,PL,1256,65,12,0.0341,0.0518,0.0223,0.967,0.1846,NORMAL,0
2024-05-04,Google_Search,AU,831,155,58,0.0227,0.1865,0.0144,0.99,0.3742,NORMAL,0
2024-05-04,Google_Search,BR,2720,399,134,0.0373,0.1467,0.0081,0.989,0.3358,NORMAL,0
2024-05-04,Google_Search,CA,2002,345,119,0.0286,0.1723,0.012,0.989,0.3449,NORMAL,0
2024-05-04,Google_Search,DE,992,184,59,0.0347,0.1855,0.0131,0.989,0.3207,NORMAL,0
2024-05-04,Google_Search,IN,1240,129,49,0.0406,0.104,0.0129,0.989,0.3798,NORMAL,0
2024-05-04,Google_Search,NG,827,95,28,0.0272,0.1149,0.0109,0.99,0.2947,NORMAL,0
2024-05-04,Google_Search,PL,515,87,21,0.0312,0.1689,0.0136,0.991,0.2414,NORMAL,0
2024-05-04,Native_Ads,AU,1435,82,14,0.0199,0.0571,0.0362,0.936,0.1707,NORMAL,0
2024-05-04,Native_Ads,BR,689,56,9,0.0245,0.0813,0.0435,0.946,0.1607,NORMAL,0
2024-05-04,Native_Ads,CA,416,31,6,0.0145,0.0745,0.0817,0.93,0.1935,NORMAL,0
2024-05-04,Native_Ads,DE,867,60,12,0.0168,0.0692,0.0531,0.942,0.2,NORMAL,0
2024-05-04,Native_Ads,IN,1373,101,20,0.0314,0.0736,0.0706,0.936,0.198,NORMAL,0
2024-05-04,Native_Ads,NG,1016,83,13,0.03,0.0817,0.0502,0.95,0.1566,NORMAL,0
2024-05-04,Native_Ads,PL,208,14,2,0.012,0.0673,0.0769,0.952,0.1429,NORMAL,0
2024-05-04,Push_Network,AU,367,18,2,0.0125,0.049,0.2044,0.873,0.1111,HIGH_FRAUD_RATE,1
2024-05-04,Push_Network,BR,627,20,2,0.0218,0.0319,0.1324,0.859,0.1,HIGH_FRAUD_RATE,1
2024-05-04,Push_Network,CA,246,10,1,0.0219,0.0407,0.1626,0.876,0.1,HIGH_FRAUD_RATE,1
2024-05-04,Push_Network,DE,441,21,2,0.0182,0.0476,0.1791,0.87,0.0952,HIGH_FRAUD_RATE,1
2024-05-04,Push_Network,IN,183,8,1,0.0102,0.0437,0.1148,0.859,0.125,HIGH_FRAUD_RATE,1
2024-05-04,Push_Network,NG,297,10,1,0.025,0.0337,0.1481,0.864,0.1,HIGH_FRAUD_RATE,1
2024-05-04,Push_Network,PL,773,41,6,0.0201,0.053,0.1332,0.835,0.1463,HIGH_FRAUD_RATE,1
2024-05-04,TikTok,AU,1077,60,6,0.0245,0.0557,0.0752,0.905,0.1,NORMAL,0
2024-05-04,TikTok,BR,309,27,4,0.0125,0.0874,0.0712,0.931,0.1481,NORMAL,0
2024-05-04,TikTok,CA,582,39,5,0.0133,0.067,0.079,0.934,0.1282,NORMAL,0
2024-05-04,TikTok,DE,334,20,3,0.0238,0.0599,0.1168,0.92,0.15,HIGH_FRAUD_RATE,1
2024-05-04,TikTok,IN,987,43,5,0.0214,0.0436,0.077,0.913,0.1163,NORMAL,0
2024-05-04,TikTok,NG,1353,96,11,0.0261,0.071,0.0761,0.909,0.1146,NORMAL,0
2024-05-04,TikTok,PL,632,23,3,0.0226,0.0364,0.087,0.926,0.1304,NORMAL,0
2024-05-05,Affiliate_SEO,AU,187,32,15,0.0257,0.1711,0.016,0.983,0.4688,NORMAL,0
2024-05-05,Affiliate_SEO,BR,75,17,5,0.0176,0.2267,0.0133,0.983,0.2941,NORMAL,0
2024-05-05,Affiliate_SEO,CA,668,123,56,0.0251,0.1841,0.015,0.98,0.4553,NORMAL,0
2024-05-05,Affiliate_SEO,DE,374,98,30,0.0234,0.262,0.0241,0.983,0.3061,NORMAL,0
2024-05-05,Affiliate_SEO,IN,149,47,14,0.0264,0.3154,0.0268,0.981,0.2979,NORMAL,0
2024-05-05,Affiliate_SEO,NG,45,11,4,0.0162,0.2444,0.0222,0.981,0.3636,NORMAL,0
2024-05-05,Affiliate_SEO,PL,413,104,43,0.0184,0.2518,0.0218,0.978,0.4135,NORMAL,0
2024-05-05,Facebook,AU,1360,131,32,0.0361,0.0963,0.036,0.968,0.2443,NORMAL,0
2024-05-05,Facebook,BR,1260,159,44,0.045,0.1262,0.0365,0.966,0.2767,NORMAL,0
2024-05-05,Facebook,CA,529,55,12,0.0282,0.104,0.0151,0.973,0.2182,NORMAL,0
2024-05-05,Facebook,DE,527,56,12,0.0306,0.1063,0.0361,0.97,0.2143,NORMAL,0
2024-05-05,Facebook,IN,2275,110,22,0.0332,0.0484,0.0316,0.964,0.2,NORMAL,0
2024-05-05,Facebook,NG,867,98,27,0.0311,0.113,0.0277,0.973,0.2755,NORMAL,0
2024-05-05,Facebook,PL,1215,77,18,0.03,0.0634,0.0362,0.969,0.2338,NORMAL,0
2024-05-05,Google_Search,AU,795,153,26,0.0232,0.1925,0.0075,0.991,0.1699,NORMAL,0
2024-05-05,Google_Search,BR,1830,242,69,0.0445,0.1322,0.0082,0.988,0.2851,NORMAL,0
2024-05-05,Google_Search,CA,840,129,29,0.0466,0.1536,0.0083,0.989,0.2248,NORMAL,0
2024-05-05,Google_Search,DE,1194,124,38,0.0426,0.1039,0.0092,0.989,0.3065,NORMAL,0
2024-05-05,Google_Search,IN,1033,155,55,0.0438,0.15,0.0126,0.988,0.3548,NORMAL,0
2024-05-05,Google_Search,NG,849,113,40,0.0345,0.1331,0.0059,0.99,0.354,NORMAL,0
2024-05-05,Google_Search,PL,1114,131,36,0.033,0.1176,0.0108,0.988,0.2748,NORMAL,0
2024-05-05,Native_Ads,AU,972,74,17,0.02,0.0761,0.0741,0.951,0.2297,NORMAL,0
2024-05-05,Native_Ads,BR,1011,74,14,0.0197,0.0732,0.088,0.948,0.1892,NORMAL,0
2024-05-05,Native_Ads,CA,256,12,2,0.014,0.0469,0.082,0.95,0.1667,NORMAL,0
2024-05-05,Native_Ads,DE,774,80,13,0.013,0.1034,0.0388,0.949,0.1625,NORMAL,0
2024-05-05,Native_Ads,IN,766,55,12,0.0326,0.0718,0.0548,0.95,0.2182,NORMAL,0
2024-05-05,Native_Ads,NG,1987,92,18,0.0299,0.0463,0.0372,0.946,0.1957,NORMAL,0
2024-05-05,Native_Ads,PL,1509,83,20,0.0252,0.055,0.051,0.941,0.241,NORMAL,0
2024-05-05,Push_Network,AU,605,22,3,0.0211,0.0364,0.1702,0.868,0.1364,HIGH_FRAUD_RATE,1
2024-05-05,Push_Network,BR,834,30,3,0.0225,0.036,0.0827,0.853,0.1,NORMAL,0
2024-05-05,Push_Network,CA,813,46,6,0.0169,0.0566,0.1993,0.873,0.1304,HIGH_FRAUD_RATE,1
2024-05-05,Push_Network,DE,479,24,2,0.0213,0.0501,0.19,0.833,0.0833,HIGH_FRAUD_RATE,1
2024-05-05,Push_Network,IN,284,7,0,0.0174,0.0246,0.1338,0.886,0.0,HIGH_FRAUD_RATE,1
2024-05-05,Push_Network,NG,753,30,2,0.0205,0.0398,0.0744,0.874,0.0667,NORMAL,0
2024-05-05,Push_Network,PL,410,17,1,0.0287,0.0415,0.0878,0.854,0.0588,NORMAL,0
2024-05-05,TikTok,AU,440,37,6,0.015,0.0841,0.05,0.907,0.1622,NORMAL,0
2024-05-05,TikTok,BR,377,19,2,0.0239,0.0504,0.0902,0.906,0.1053,NORMAL,0
2024-05-05,TikTok,BR,8038,263,3,0.1783,0.0216,0.2538,0.567,0.0037,CLICK_INJECTION_PATTERN,1
2024-05-05,TikTok,CA,685,54,7,0.0301,0.0788,0.0876,0.907,0.1296,NORMAL,0
2024-05-05,TikTok,DE,537,33,4,0.0251,0.0615,0.0633,0.913,0.1212,NORMAL,0
2024-05-05,TikTok,IN,683,28,5,0.013,0.041,0.1098,0.917,0.1786,HIGH_FRAUD_RATE,1
2024-05-05,TikTok,NG,471,22,4,0.0218,0.0467,0.0467,0.908,0.1818,NORMAL,0
2024-05-05,TikTok,PL,1083,64,6,0.0223,0.0591,0.0729,0.926,0.0938,NORMAL,0
2024-05-06,Affiliate_SEO,AU,1040,250,78,0.0177,0.2404,0.026,0.977,0.312,NORMAL,0
2024-05-06,Affiliate_SEO,BR,77,20,7,0.0266,0.2597,0.013,0.979,0.35,NORMAL,0
2024-05-06,Affiliate_SEO,CA,228,34,13,0.0156,0.1491,0.0175,0.98,0.3824,NORMAL,0
2024-05-06,Affiliate_SEO,DE,913,167,65,0.0099,0.1829,0.0142,0.982,0.3892,NORMAL,0
2024-05-06,Affiliate_SEO,IN,67,15,5,0.0262,0.2239,0.0149,0.978,0.3333,NORMAL,0
2024-05-06,Affiliate_SEO,NG,35,7,2,0.0147,0.2,0.0,0.98,0.2857,NORMAL,0
2024-05-06,Affiliate_SEO,PL,125,28,7,0.01,0.224,0.008,0.979,0.25,NORMAL,0
2024-05-06,Facebook,AU,1972,158,29,0.0462,0.0801,0.0162,0.973,0.1835,NORMAL,0
2024-05-06,Facebook,BR,421,45,8,0.0267,0.1069,0.0356,0.967,0.1778,NORMAL,0
2024-05-06,Facebook,CA,401,37,9,0.0351,0.0923,0.0224,0.967,0.2432,NORMAL,0
2024-05-06,Facebook,DE,1071,75,12,0.0423,0.07,0.0243,0.971,0.16,NORMAL,0
2024-05-06,Facebook,IN,1337,92,25,0.0573,0.0688,0.0254,0.972,0.2717,NORMAL,0
2024-05-06,Facebook,NG,897,77,25,0.0334,0.0858,0.0334,0.971,0.3247,NORMAL,0
2024-05-06,Facebook,PL,1786,183,57,0.0485,0.1025,0.0381,0.967,0.3115,NORMAL,0
2024-05-06,Google_Search,AU,509,58,18,0.0297,0.1139,0.0118,0.99,0.3103,NORMAL,0
2024-05-06,Google_Search,BR,530,66,19,0.0364,0.1245,0.0057,0.991,0.2879,NORMAL,0
2024-05-06,Google_Search,CA,201,32,10,0.0273,0.1592,0.01,0.99,0.3125,NORMAL,0
2024-05-06,Google_Search,DE,547,57,12,0.0442,0.1042,0.0073,0.99,0.2105,NORMAL,0
2024-05-06,Google_Search,IN,476,81,25,0.0211,0.1702,0.0063,0.989,0.3086,NORMAL,0
2024-05-06,Google_Search,NG,684,96,39,0.0249,0.1404,0.0073,0.99,0.4062,NORMAL,0
2024-05-06,Google_Search,PL,1202,232,47,0.0405,0.193,0.005,0.99,0.2026,NORMAL,0
2024-05-06,Native_Ads,AU,1099,104,20,0.0311,0.0946,0.0646,0.93,0.1923,NORMAL,0
2024-05-06,Native_Ads,BR,432,37,7,0.0145,0.0856,0.0301,0.952,0.1892,NORMAL,0
2024-05-06,Native_Ads,CA,391,30,6,0.022,0.0767,0.0639,0.931,0.2,NORMAL,0
2024-05-06,Native_Ads,DE,282,19,4,0.0131,0.0674,0.0319,0.931,0.2105,NORMAL,0
2024-05-06,Native_Ads,IN,329,20,3,0.0224,0.0608,0.0669,0.936,0.15,NORMAL,0
2024-05-06,Native_Ads,NG,820,60,14,0.0241,0.0732,0.0744,0.932,0.2333,NORMAL,0
2024-05-06,Native_Ads,PL,413,38,10,0.0223,0.092,0.0363,0.949,0.2632,NORMAL,0
2024-05-06,Push_Network,AU,433,18,1,0.0261,0.0416,0.1755,0.851,0.0556,HIGH_FRAUD_RATE,1
2024-05-06,Push_Network,BR,1212,35,3,0.0252,0.0289,0.2005,0.842,0.0857,HIGH_FRAUD_RATE,1
2024-05-06,Push_Network,CA,429,21,2,0.0193,0.049,0.1305,0.87,0.0952,HIGH_FRAUD_RATE,1
2024-05-06,Push_Network,DE,428,17,2,0.0137,0.0397,0.0724,0.839,0.1176,NORMAL,0
2024-05-06,Push_Network,IN,131,5,0,0.0151,0.0382,0.0992,0.832,0.0,NORMAL,0
2024-05-06,Push_Network,NG,1159,42,3,0.0184,0.0362,0.1519,0.848,0.0714,HIGH_FRAUD_RATE,1
2024-05-06,Push_Network,PL,520,28,4,0.0126,0.0538,0.0942,0.865,0.1429,NORMAL,0
2024-05-06,TikTok,AU,512,25,2,0.0241,0.0488,0.0664,0.92,0.08,NORMAL,0
2024-05-06,TikTok,BR,348,12,2,0.0292,0.0345,0.1149,0.904,0.1667,HIGH_FRAUD_RATE,1
2024-05-06,TikTok,CA,389,22,2,0.0164,0.0566,0.0514,0.907,0.0909,NORMAL,0
2024-05-06,TikTok,DE,446,26,2,0.022,0.0583,0.0404,0.915,0.0769,NORMAL,0
2024-05-06,TikTok,IN,278,19,3,0.0121,0.0683,0.0576,0.916,0.1579,NORMAL,0
2024-05-06,TikTok,NG,640,45,6,0.0146,0.0703,0.0844,0.92,0.1333,NORMAL,0
2024-05-06,TikTok,PL,612,30,4,0.0218,0.049,0.0997,0.933,0.1333,NORMAL,0
2024-05-07,Affiliate_SEO,AU,188,34,7,0.0108,0.1809,0.0266,0.982,0.2059,NORMAL,0
2024-05-07,Affiliate_SEO,BR,74,17,4,0.02,0.2297,0.027,0.978,0.2353,NORMAL,0
2024-05-07,Affiliate_SEO,CA,596,151,57,0.015,0.2534,0.0268,0.982,0.3775,NORMAL,0
2024-05-07,Affiliate_SEO,DE,270,86,35,0.0118,0.3185,0.0111,0.983,0.407,NORMAL,0
2024-05-07,Affiliate_SEO,IN,45,12,4,0.0183,0.2667,0.0,0.979,0.3333,NORMAL,0
2024-05-07,Affiliate_SEO,NG,40,8,2,0.0186,0.2,0.0,0.978,0.25,NORMAL,0
2024-05-07,Affiliate_SEO,PL,863,129,59,0.0186,0.1495,0.0185,0.977,0.4574,NORMAL,0
2024-05-07,Facebook,AU,507,46,11,0.043,0.0907,0.0276,0.973,0.2391,NORMAL,0
2024-05-07,Facebook,BR,2090,191,45,0.0412,0.0914,0.0177,0.968,0.2356,NORMAL,0
2024-05-07,Facebook,CA,386,34,7,0.0249,0.0881,0.0363,0.976,0.2059,NORMAL,0
2024-05-07,Facebook,DE,1252,90,24,0.0395,0.0719,0.028,0.968,0.2667,NORMAL,0
2024-05-07,Facebook,IN,330,37,6,0.0197,0.1121,0.0424,0.97,0.1622,NORMAL,0
2024-05-07,Facebook,NG,963,95,27,0.0282,0.0987,0.028,0.971,0.2842,NORMAL,0
2024-05-07,Facebook,PL,1916,141,39,0.0356,0.0736,0.0402,0.974,0.2766,NORMAL,0
2024-05-07,Google_Search,AU,606,69,14,0.0305,0.1139,0.005,0.99,0.2029,NORMAL,0
2024-05-07,Google_Search,BR,1254,175,60,0.0457,0.1396,0.0104,0.988,0.3429,NORMAL,0
2024-05-07,Google_Search,CA,878,158,50,0.0299,0.18,0.0103,0.989,0.3165,NORMAL,0
2024-05-07,Google_Search,DE,963,116,40,0.046,0.1205,0.0062,0.99,0.3448,NORMAL,0
2024-05-07,Google_Search,IN,735,121,35,0.0424,0.1646,0.0122,0.989,0.2893,NORMAL,0
2024-05-07,Google_Search,NG,1245,259,68,0.0301,0.208,0.0129,0.988,0.2625,NORMAL,0
2024-05-07,Google_Search,PL,533,75,17,0.0291,0.1407,0.0056,0.989,0.2267,NORMAL,0
2024-05-07,Native_Ads,AU,558,35,7,0.0258,0.0627,0.0538,0.949,0.2,NORMAL,0
2024-05-07,Native_Ads,BR,545,37,5,0.0251,0.0679,0.0697,0.941,0.1351,NORMAL,0
2024-05-07,Native_Ads,CA,360,21,5,0.0236,0.0583,0.0556,0.946,0.2381,NORMAL,0
2024-05-07,Native_Ads,DE,499,32,6,0.0212,0.0641,0.0641,0.936,0.1875,NORMAL,0
2024-05-07,Native_Ads,IN,381,25,3,0.0142,0.0656,0.0814,0.934,0.12,NORMAL,0
2024-05-07,Native_Ads,NG,503,36,7,0.0204,0.0716,0.0775,0.943,0.1944,NORMAL,0
2024-05-07,Native_Ads,PL,616,48,9,0.0128,0.0779,0.0828,0.932,0.1875,NORMAL,0
2024-05-07,Push_Network,AU,584,29,3,0.0186,0.0497,0.0771,0.865,0.1034,NORMAL,0
2024-05-07,Push_Network,BR,521,18,2,0.0173,0.0345,0.1516,0.868,0.1111,HIGH_FRAUD_RATE,1
2024-05-07,Push_Network,CA,371,11,1,0.0287,0.0296,0.1321,0.837,0.0909,HIGH_FRAUD_RATE,1
2024-05-07,Push_Network,DE,116,3,0,0.0073,0.0259,0.1034,0.873,0.0,HIGH_FRAUD_RATE,1
2024-05-07,Push_Network,IN,154,4,0,0.0093,0.026,0.1558,0.848,0.0,HIGH_FRAUD_RATE,1
2024-05-07,Push_Network,NG,485,17,2,0.0213,0.0351,0.1031,0.832,0.1176,HIGH_FRAUD_RATE,1
2024-05-07,Push_Network,PL,83,2,0,0.0115,0.0241,0.1928,0.849,0.0,HIGH_FRAUD_RATE,1
2024-05-07,TikTok,AU,962,46,6,0.0223,0.0478,0.0748,0.918,0.1304,NORMAL,0
2024-05-07,TikTok,BR,427,24,3,0.0198,0.0562,0.0656,0.931,0.125,NORMAL,0
2024-05-07,TikTok,CA,2583,126,16,0.0271,0.0488,0.1134,0.933,0.127,HIGH_FRAUD_RATE,1
2024-05-07,TikTok,DE,241,11,1,0.017,0.0456,0.0456,0.922,0.0909,NORMAL,0
2024-05-07,TikTok,IN,817,66,12,0.0241,0.0808,0.1151,0.92,0.1818,HIGH_FRAUD_RATE,1
2024-05-07,TikTok,NG,663,36,6,0.0163,0.0543,0.1026,0.91,0.1667,HIGH_FRAUD_RATE,1
2024-05-07,TikTok,PL,209,14,1,0.0153,0.067,0.0526,0.911,0.0714,NORMAL,0
2024-05-08,Affiliate_SEO,AU,633,119,52,0.0266,0.188,0.0221,0.979,0.437,NORMAL,0
2024-05-08,Affiliate_SEO,BR,68,17,5,0.0273,0.25,0.0,0.983,0.2941,NORMAL,0
2024-05-08,Affiliate_SEO,CA,356,84,31,0.027,0.236,0.0225,0.981,0.369,NORMAL,0
2024-05-08,Affiliate_SEO,DE,664,188,58,0.0221,0.2831,0.0181,0.977,0.3085,NORMAL,0
2024-05-08,Affiliate_SEO,IN,84,15,5,0.0253,0.1786,0.0119,0.982,0.3333,NORMAL,0
2024-05-08,Affiliate_SEO,NG,28,6,1,0.0161,0.2143,0.0,0.983,0.1667,NORMAL,0
2024-05-08,Affiliate_SEO,PL,355,89,31,0.0192,0.2507,0.0225,0.979,0.3483,NORMAL,0
2024-05-08,Facebook,AU,628,51,11,0.0219,0.0812,0.0287,0.971,0.2157,NORMAL,0
2024-05-08,Facebook,BR,283,31,6,0.0259,0.1095,0.0177,0.966,0.1935,NORMAL,0
2024-05-08,Facebook,CA,1154,91,26,0.0354,0.0789,0.0156,0.966,0.2857,NORMAL,0
2024-05-08,Facebook,DE,394,34,6,0.0231,0.0863,0.0406,0.97,0.1765,NORMAL,0
2024-05-08,Facebook,IN,2491,112,29,0.0506,0.045,0.0409,0.971,0.2589,NORMAL,0
2024-05-08,Facebook,NG,464,31,5,0.0251,0.0668,0.0151,0.967,0.1613,NORMAL,0
2024-05-08,Facebook,PL,1202,150,21,0.0526,0.1248,0.0225,0.973,0.14,NORMAL,0
2024-05-08,Google_Search,AU,1056,175,62,0.0341,0.1657,0.0104,0.99,0.3543,NORMAL,0
2024-05-08,Google_Search,BR,886,135,51,0.0417,0.1524,0.0135,0.991,0.3778,NORMAL,0
2024-05-08,Google_Search,CA,2241,306,72,0.0409,0.1365,0.0103,0.99,0.2353,NORMAL,0
2024-05-08,Google_Search,DE,2251,206,53,0.0428,0.0915,0.0111,0.991,0.2573,NORMAL,0
2024-05-08,Google_Search,IN,266,32,10,0.0238,0.1203,0.0113,0.991,0.3125,NORMAL,0
2024-05-08,Google_Search,NG,642,89,21,0.0298,0.1386,0.0109,0.988,0.236,NORMAL,0
2024-05-08,Google_Search,PL,529,98,31,0.0184,0.1853,0.0095,0.992,0.3163,NORMAL,0
2024-05-08,Native_Ads,AU,496,38,11,0.0197,0.0766,0.0867,0.929,0.2895,NORMAL,0
2024-05-08,Native_Ads,BR,445,38,7,0.0149,0.0854,0.0404,0.928,0.1842,NORMAL,0
2024-05-08,Native_Ads,CA,480,37,8,0.0229,0.0771,0.0562,0.946,0.2162,NORMAL,0
2024-05-08,Native_Ads,DE,367,27,5,0.0182,0.0736,0.049,0.931,0.1852,NORMAL,0
2024-05-08,Native_Ads,IN,409,29,7,0.0187,0.0709,0.0391,0.947,0.2414,NORMAL,0
2024-05-08,Native_Ads,NG,1104,76,16,0.0223,0.0688,0.0462,0.939,0.2105,NORMAL,0
2024-05-08,Native_Ads,PL,929,60,8,0.0331,0.0646,0.0441,0.941,0.1333,NORMAL,0
2024-05-08,Push_Network,AU,1014,39,4,0.0265,0.0385,0.1903,0.875,0.1026,HIGH_FRAUD_RATE,1
2024-05-08,Push_Network,BR,674,31,4,0.0208,0.046,0.1454,0.857,0.129,HIGH_FRAUD_RATE,1
2024-05-08,Push_Network,CA,784,22,3,0.0167,0.0281,0.148,0.846,0.1364,HIGH_FRAUD_RATE,1
2024-05-08,Push_Network,DE,356,16,1,0.0276,0.0449,0.1376,0.883,0.0625,HIGH_FRAUD_RATE,1
2024-05-08,Push_Network,IN,216,8,0,0.015,0.037,0.0972,0.853,0.0,NORMAL,0
2024-05-08,Push_Network,NG,507,25,2,0.0206,0.0493,0.1538,0.871,0.08,HIGH_FRAUD_RATE,1
2024-05-08,Push_Network,PL,920,29,3,0.0369,0.0315,0.2033,0.833,0.1034,HIGH_FRAUD_RATE,1
2024-05-08,TikTok,AU,614,45,6,0.0217,0.0733,0.0961,0.934,0.1333,NORMAL,0
2024-05-08,TikTok,BR,562,36,6,0.0197,0.0641,0.0587,0.935,0.1667,NORMAL,0
2024-05-08,TikTok,CA,313,16,2,0.0204,0.0511,0.0479,0.929,0.125,NORMAL,0
2024-05-08,TikTok,DE,588,36,5,0.0302,0.0612,0.0578,0.907,0.1389,NORMAL,0
2024-05-08,TikTok,IN,227,13,2,0.0229,0.0573,0.1101,0.935,0.1538,HIGH_FRAUD_RATE,1
2024-05-08,TikTok,NG,314,17,1,0.018,0.0541,0.0987,0.921,0.0588,NORMAL,0
2024-05-08,TikTok,PL,570,48,7,0.0181,0.0842,0.1035,0.928,0.1458,HIGH_FRAUD_RATE,1
2024-05-09,Affiliate_SEO,AU,205,43,12,0.0163,0.2098,0.0195,0.977,0.2791,NORMAL,0
2024-05-09,Affiliate_SEO,BR,73,11,4,0.0086,0.1507,0.0137,0.976,0.3636,NORMAL,0
2024-05-09,Affiliate_SEO,CA,607,118,33,0.0254,0.1944,0.0115,0.98,0.2797,NORMAL,0
2024-05-09,Affiliate_SEO,DE,333,67,17,0.0165,0.2012,0.015,0.983,0.2537,NORMAL,0
2024-05-09,Affiliate_SEO,IN,59,12,3,0.015,0.2034,0.0169,0.982,0.25,NORMAL,0
2024-05-09,Affiliate_SEO,NG,44,10,4,0.0237,0.2273,0.0,0.978,0.4,NORMAL,0
2024-05-09,Affiliate_SEO,PL,219,59,19,0.0134,0.2694,0.0228,0.977,0.322,NORMAL,0
2024-05-09,Facebook,AU,1160,128,31,0.0434,0.1103,0.0216,0.975,0.2422,NORMAL,0
2024-05-09,Facebook,BR,1499,142,22,0.0471,0.0947,0.0347,0.965,0.1549,NORMAL,0
2024-05-09,Facebook,CA,1462,141,24,0.0536,0.0964,0.0239,0.975,0.1702,NORMAL,0
2024-05-09,Facebook,DE,1892,150,42,0.0472,0.0793,0.0412,0.969,0.28,NORMAL,0
2024-05-09,Facebook,IN,3052,266,44,0.0457,0.0872,0.0262,0.964,0.1654,NORMAL,0
2024-05-09,Facebook,NG,981,118,30,0.0268,0.1203,0.0224,0.966,0.2542,NORMAL,0
2024-05-09,Facebook,PL,1793,166,46,0.0497,0.0926,0.0368,0.965,0.2771,NORMAL,0
2024-05-09,Google_Search,AU,356,47,15,0.0187,0.132,0.0084,0.991,0.3191,NORMAL,0
2024-05-09,Google_Search,BR,760,131,28,0.0333,0.1724,0.0079,0.991,0.2137,NORMAL,0
2024-05-09,Google_Search,CA,1453,295,81,0.0401,0.203,0.0096,0.989,0.2746,NORMAL,0
2024-05-09,Google_Search,DE,1477,244,55,0.037,0.1652,0.0047,0.99,0.2254,NORMAL,0
2024-05-09,Google_Search,IN,519,114,37,0.0304,0.2197,0.0058,0.988,0.3246,NORMAL,0
2024-05-09,Google_Search,NG,1896,158,40,0.0238,0.0833,0.0084,0.99,0.2532,NORMAL,0
2024-05-09,Google_Search,PL,1798,331,131,0.035,0.1841,0.0095,0.989,0.3958,NORMAL,0
2024-05-09,Native_Ads,AU,486,39,5,0.0224,0.0802,0.0473,0.934,0.1282,NORMAL,0
2024-05-09,Native_Ads,BR,580,41,9,0.0219,0.0707,0.0431,0.932,0.2195,NORMAL,0
2024-05-09,Native_Ads,CA,317,26,5,0.0224,0.082,0.0631,0.941,0.1923,NORMAL,0
2024-05-09,Native_Ads,DE,180,12,3,0.0236,0.0667,0.0833,0.928,0.25,NORMAL,0
2024-05-09,Native_Ads,IN,521,27,6,0.0165,0.0518,0.0499,0.943,0.2222,NORMAL,0
2024-05-09,Native_Ads,NG,296,24,5,0.0134,0.0811,0.0777,0.942,0.2083,NORMAL,0
2024-05-09,Native_Ads,PL,365,19,3,0.0146,0.0521,0.0548,0.929,0.1579,NORMAL,0
2024-05-09,Push_Network,AU,270,13,1,0.0105,0.0481,0.1,0.832,0.0769,NORMAL,0
2024-05-09,Push_Network,BR,1188,36,4,0.0158,0.0303,0.1667,0.886,0.1111,HIGH_FRAUD_RATE,1
2024-05-09,Push_Network,CA,295,11,1,0.0111,0.0373,0.1661,0.877,0.0909,HIGH_FRAUD_RATE,1
2024-05-09,Push_Network,DE,498,27,3,0.0291,0.0542,0.1667,0.862,0.1111,HIGH_FRAUD_RATE,1
2024-05-09,Push_Network,IN,579,29,3,0.0194,0.0501,0.0794,0.88,0.1034,NORMAL,0
2024-05-09,Push_Network,NG,906,29,4,0.0233,0.032,0.1667,0.862,0.1379,HIGH_FRAUD_RATE,1
2024-05-09,Push_Network,PL,885,33,4,0.0241,0.0373,0.0949,0.865,0.1212,NORMAL,0
2024-05-09,TikTok,AU,171,7,1,0.0079,0.0409,0.1053,0.931,0.1429,HIGH_FRAUD_RATE,1
2024-05-09,TikTok,BR,849,46,4,0.0281,0.0542,0.0436,0.911,0.087,NORMAL,0
2024-05-09,TikTok,CA,809,48,8,0.0182,0.0593,0.0519,0.931,0.1667,NORMAL,0
2024-05-09,TikTok,DE,719,40,6,0.0097,0.0556,0.0584,0.93,0.15,NORMAL,0
2024-05-09,TikTok,IN,273,17,1,0.0139,0.0623,0.1172,0.932,0.0588,HIGH_FRAUD_RATE,1
2024-05-09,TikTok,NG,467,26,5,0.0236,0.0557,0.1092,0.912,0.1923,HIGH_FRAUD_RATE,1
2024-05-09,TikTok,PL,314,22,2,0.0209,0.0701,0.0669,0.909,0.0909,NORMAL,0
2024-05-10,Affiliate_SEO,AU,939,200,100,0.0255,0.213,0.0138,0.981,0.5,NORMAL,0
2024-05-10,Affiliate_SEO,BR,81,21,7,0.0107,0.2593,0.0,0.981,0.3333,NORMAL,0
2024-05-10,Affiliate_SEO,CA,326,60,18,0.0231,0.184,0.0123,0.982,0.3,NORMAL,0
2024-05-10,Affiliate_SEO,DE,687,172,56,0.0205,0.2504,0.0131,0.977,0.3256,NORMAL,0
2024-05-10,Affiliate_SEO,IN,46,9,4,0.015,0.1957,0.0217,0.983,0.4444,NORMAL,0
2024-05-10,Affiliate_SEO,NG,54,15,5,0.0281,0.2778,0.0185,0.978,0.3333,NORMAL,0
2024-05-10,Affiliate_SEO,PL,337,98,31,0.016,0.2908,0.0119,0.978,0.3163,NORMAL,0
2024-05-10,Facebook,AU,667,54,8,0.0324,0.081,0.0195,0.972,0.1481,NORMAL,0
2024-05-10,Facebook,BR,809,67,16,0.0449,0.0828,0.0321,0.965,0.2388,NORMAL,0
2024-05-10,Facebook,CA,1165,85,23,0.0409,0.073,0.0429,0.973,0.2706,NORMAL,0
2024-05-10,Facebook,DE,1640,159,43,0.0342,0.097,0.0323,0.965,0.2704,NORMAL,0
2024-05-10,Facebook,IN,474,54,10,0.034,0.1139,0.0253,0.967,0.1852,NORMAL,0
2024-05-10,Facebook,NG,1574,132,28,0.0459,0.0839,0.021,0.97,0.2121,NORMAL,0
2024-05-10,Facebook,PL,1273,120,24,0.0537,0.0943,0.0259,0.97,0.2,NORMAL,0
2024-05-10,Google_Search,AU,690,97,22,0.0446,0.1406,0.0087,0.991,0.2268,NORMAL,0
2024-05-10,Google_Search,BR,1603,193,57,0.0387,0.1204,0.0131,0.989,0.2953,NORMAL,0
2024-05-10,Google_Search,CA,659,107,34,0.0312,0.1624,0.0121,0.988,0.3178,NORMAL,0
2024-05-10,Google_Search,DE,841,150,38,0.035,0.1784,0.0107,0.991,0.2533,NORMAL,0
2024-05-10,Google_Search,IN,1553,209,56,0.0363,0.1346,0.0064,0.99,0.2679,NORMAL,0
2024-05-10,Google_Search,NG,1093,170,49,0.0395,0.1555,0.0064,0.989,0.2882,NORMAL,0
2024-05-10,Google_Search,PL,861,147,39,0.0405,0.1707,0.0105,0.99,0.2653,NORMAL,0
2024-05-10,Native_Ads,AU,244,18,3,0.0107,0.0738,0.0779,0.947,0.1667,NORMAL,0
2024-05-10,Native_Ads,BR,546,31,7,0.0292,0.0568,0.0403,0.931,0.2258,NORMAL,0
2024-05-10,Native_Ads,CA,431,34,7,0.0163,0.0789,0.0464,0.93,0.2059,NORMAL,0
2024-05-10,Native_Ads,DE,311,16,2,0.0153,0.0514,0.0707,0.931,0.125,NORMAL,0
2024-05-10,Native_Ads,IN,452,21,4,0.0167,0.0465,0.0863,0.95,0.1905,NORMAL,0
2024-05-10,Native_Ads,NG,284,21,3,0.018,0.0739,0.0704,0.949,0.1429,NORMAL,0
2024-05-10,Native_Ads,PL,340,20,3,0.02,0.0588,0.0647,0.946,0.15,NORMAL,0
2024-05-10,Push_Network,AU,90,3,0,0.0249,0.0333,0.1111,0.832,0.0,HIGH_FRAUD_RATE,1
2024-05-10,Push_Network,BR,401,22,3,0.0159,0.0549,0.1072,0.842,0.1364,HIGH_FRAUD_RATE,1
2024-05-10,Push_Network,CA,790,38,3,0.0204,0.0481,0.0861,0.834,0.0789,NORMAL,0
2024-05-10,Push_Network,DE,426,15,2,0.0154,0.0352,0.1197,0.882,0.1333,HIGH_FRAUD_RATE,1
2024-05-10,Push_Network,IN,475,23,1,0.0243,0.0484,0.0863,0.866,0.0435,NORMAL,0
2024-05-10,Push_Network,NG,276,13,1,0.0241,0.0471,0.1594,0.879,0.0769,HIGH_FRAUD_RATE,1
2024-05-10,Push_Network,PL,1079,34,4,0.0262,0.0315,0.1019,0.852,0.1176,HIGH_FRAUD_RATE,1
2024-05-10,TikTok,AU,286,16,3,0.0121,0.0559,0.0699,0.907,0.1875,NORMAL,0
2024-05-10,TikTok,BR,257,8,1,0.0258,0.0311,0.0428,0.926,0.125,NORMAL,0
2024-05-10,TikTok,CA,144,6,1,0.0118,0.0417,0.0972,0.916,0.1667,NORMAL,0
2024-05-10,TikTok,DE,344,23,3,0.0122,0.0669,0.0581,0.913,0.1304,NORMAL,0
2024-05-10,TikTok,IN,406,22,1,0.0188,0.0542,0.0788,0.91,0.0455,NORMAL,0
2024-05-10,TikTok,NG,305,14,1,0.0228,0.0459,0.0951,0.928,0.0714,NORMAL,0
2024-05-10,TikTok,PL,375,25,4,0.0105,0.0667,0.112,0.917,0.16,HIGH_FRAUD_RATE,1
2024-05-11,Affiliate_SEO,AU,405,105,36,0.0237,0.2593,0.0222,0.983,0.3429,NORMAL,0
2024-05-11,Affiliate_SEO,BR,71,14,4,0.0185,0.1972,0.0,0.983,0.2857,NORMAL,0
2024-05-11,Affiliate_SEO,CA,411,97,43,0.0224,0.236,0.0146,0.978,0.4433,NORMAL,0
2024-05-11,Affiliate_SEO,DE,281,64,13,0.0197,0.2278,0.0178,0.982,0.2031,NORMAL,0
2024-05-11,Affiliate_SEO,IN,100,23,7,0.0185,0.23,0.02,0.982,0.3043,NORMAL,0
2024-05-11,Affiliate_SEO,NG,53,10,3,0.0163,0.1887,0.0189,0.98,0.3,NORMAL,0
2024-05-11,Affiliate_SEO,PL,163,28,10,0.0228,0.1718,0.0061,0.98,0.3571,NORMAL,0
2024-05-11,Facebook,AU,748,59,13,0.0374,0.0789,0.0147,0.972,0.2203,NORMAL,0
2024-05-11,Facebook,BR,358,32,8,0.0293,0.0894,0.0335,0.972,0.25,NORMAL,0
2024-05-11,Facebook,CA,943,84,27,0.0315,0.0891,0.0371,0.972,0.3214,NORMAL,0
2024-05-11,Facebook,DE,974,60,12,0.0325,0.0616,0.0421,0.971,0.2,NORMAL,0
2024-05-11,Facebook,IN,659,71,14,0.0212,0.1077,0.0288,0.971,0.1972,NORMAL,0
2024-05-11,Facebook,NG,466,35,6,0.0303,0.0751,0.0193,0.973,0.1714,NORMAL,0
2024-05-11,Facebook,PL,220,22,4,0.0198,0.1,0.0318,0.964,0.1818,NORMAL,0
2024-05-11,Google_Search,AU,470,62,12,0.038,0.1319,0.0064,0.99,0.1935,NORMAL,0
2024-05-11,Google_Search,BR,629,100,13,0.0426,0.159,0.0048,0.989,0.13,NORMAL,0
2024-05-11,Google_Search,CA,1377,254,51,0.0256,0.1845,0.0116,0.989,0.2008,NORMAL,0
2024-05-11,Google_Search,DE,770,125,41,0.0329,0.1623,0.0091,0.99,0.328,NORMAL,0
2024-05-11,Google_Search,IN,1326,211,59,0.0354,0.1591,0.0106,0.988,0.2796,NORMAL,0
2024-05-11,Google_Search,NG,2149,430,96,0.0343,0.2001,0.0088,0.992,0.2233,NORMAL,0
2024-05-11,Google_Search,PL,3090,453,133,0.035,0.1466,0.0084,0.99,0.2936,NORMAL,0
2024-05-11,Native_Ads,AU,399,22,4,0.0164,0.0551,0.0401,0.936,0.1818,NORMAL,0
2024-05-11,Native_Ads,BR,762,67,7,0.0201,0.0879,0.0761,0.932,0.1045,NORMAL,0
2024-05-11,Native_Ads,CA,523,34,7,0.0189,0.065,0.088,0.937,0.2059,NORMAL,0
2024-05-11,Native_Ads,DE,475,34,7,0.0135,0.0716,0.0863,0.928,0.2059,NORMAL,0
2024-05-11,Native_Ads,IN,219,14,2,0.0229,0.0639,0.0776,0.937,0.1429,NORMAL,0
2024-05-11,Native_Ads,NG,847,50,7,0.0161,0.059,0.0649,0.942,0.14,NORMAL,0
2024-05-11,Native_Ads,PL,946,68,10,0.0225,0.0719,0.0338,0.94,0.1471,NORMAL,0
2024-05-11,Push_Network,AU,497,26,3,0.0207,0.0523,0.0805,0.87,0.1154,NORMAL,0
2024-05-11,Push_Network,BR,270,9,1,0.0122,0.0333,0.0778,0.876,0.1111,NORMAL,0
2024-05-11,Push_Network,CA,352,16,2,0.0138,0.0455,0.1335,0.856,0.125,HIGH_FRAUD_RATE,1
2024-05-11,Push_Network,DE,338,12,1,0.0157,0.0355,0.1302,0.852,0.0833,HIGH_FRAUD_RATE,1
2024-05-11,Push_Network,IN,642,21,2,0.0202,0.0327,0.0826,0.878,0.0952,NORMAL,0
2024-05-11,Push_Network,NG,397,19,2,0.0247,0.0479,0.1965,0.886,0.1053,HIGH_FRAUD_RATE,1
2024-05-11,Push_Network,PL,1737,71,8,0.0253,0.0409,0.1157,0.874,0.1127,HIGH_FRAUD_RATE,1
2024-05-11,TikTok,AU,795,40,6,0.0173,0.0503,0.0528,0.919,0.15,NORMAL,0
2024-05-11,TikTok,BR,1295,91,17,0.028,0.0703,0.112,0.933,0.1868,HIGH_FRAUD_RATE,1
2024-05-11,TikTok,CA,2542,149,21,0.0194,0.0586,0.0838,0.924,0.1409,NORMAL,0
2024-05-11,TikTok,DE,1408,76,11,0.0235,0.054,0.0824,0.912,0.1447,NORMAL,0
2024-05-11,TikTok,IN,787,49,7,0.0252,0.0623,0.0572,0.906,0.1429,NORMAL,0
2024-05-11,TikTok,NG,873,39,5,0.0226,0.0447,0.0515,0.928,0.1282,NORMAL,0
2024-05-11,TikTok,PL,465,34,5,0.0217,0.0731,0.1032,0.935,0.1471,HIGH_FRAUD_RATE,1
2024-05-12,Affiliate_SEO,AU,1324,298,113,0.0226,0.2251,0.0189,0.977,0.3792,NORMAL,0
2024-05-12,Affiliate_SEO,BR,422,73,29,0.0225,0.173,0.0284,0.983,0.3973,NORMAL,0
2024-05-12,Affiliate_SEO,CA,776,171,74,0.0177,0.2204,0.0284,0.977,0.4327,NORMAL,0
2024-05-12,Affiliate_SEO,DE,117,30,13,0.0085,0.2564,0.0171,0.983,0.4333,NORMAL,0
2024-05-12,Affiliate_SEO,IN,30,8,3,0.0228,0.2667,0.0,0.976,0.375,NORMAL,0
2024-05-12,Affiliate_SEO,NG,27,4,1,0.009,0.1481,0.0,0.978,0.25,NORMAL,0
2024-05-12,Affiliate_SEO,PL,292,45,15,0.0218,0.1541,0.024,0.978,0.3333,NORMAL,0
2024-05-12,Facebook,AU,348,28,5,0.0353,0.0805,0.0402,0.966,0.1786,NORMAL,0
2024-05-12,Facebook,BR,851,80,21,0.0391,0.094,0.04,0.966,0.2625,NORMAL,0
2024-05-12,Facebook,CA,767,46,8,0.0411,0.06,0.0248,0.974,0.1739,NORMAL,0
2024-05-12,Facebook,DE,1499,151,29,0.0399,0.1007,0.0247,0.964,0.1921,NORMAL,0
2024-05-12,Facebook,IN,758,80,15,0.0375,0.1055,0.0158,0.97,0.1875,NORMAL,0
2024-05-12,Facebook,NG,810,78,11,0.0387,0.0963,0.0346,0.976,0.141,NORMAL,0
2024-05-12,Facebook,PL,377,29,7,0.0232,0.0769,0.0318,0.967,0.2414,NORMAL,0
2024-05-12,Google_Search,AU,1340,194,38,0.0327,0.1448,0.006,0.991,0.1959,NORMAL,0
2024-05-12,Google_Search,BR,489,69,22,0.0303,0.1411,0.0123,0.99,0.3188,NORMAL,0
2024-05-12,Google_Search,CA,1333,248,74,0.0488,0.186,0.0128,0.988,0.2984,NORMAL,0
2024-05-12,Google_Search,DE,376,56,17,0.0217,0.1489,0.0106,0.988,0.3036,NORMAL,0
2024-05-12,Google_Search,IN,726,120,35,0.0435,0.1653,0.0138,0.991,0.2917,NORMAL,0
2024-05-12,Google_Search,NG,1137,135,35,0.0392,0.1187,0.0053,0.989,0.2593,NORMAL,0
2024-05-12,Google_Search,PL,2182,340,99,0.0419,0.1558,0.0064,0.989,0.2912,NORMAL,0
2024-05-12,Native_Ads,AU,146,8,1,0.0111,0.0548,0.0685,0.946,0.125,NORMAL,0
2024-05-12,Native_Ads,BR,974,78,17,0.019,0.0801,0.0832,0.943,0.2179,NORMAL,0
2024-05-12,Native_Ads,CA,788,66,10,0.0142,0.0838,0.0317,0.937,0.1515,NORMAL,0
2024-05-12,Native_Ads,DE,191,16,5,0.0139,0.0838,0.0785,0.943,0.3125,NORMAL,0
2024-05-12,Native_Ads,IN,369,26,6,0.0184,0.0705,0.0596,0.945,0.2308,NORMAL,0
2024-05-12,Native_Ads,NG,347,29,5,0.0192,0.0836,0.0461,0.934,0.1724,NORMAL,0
2024-05-12,Native_Ads,PL,325,20,4,0.0155,0.0615,0.0862,0.95,0.2,NORMAL,0
2024-05-12,Push_Network,AU,732,26,2,0.0186,0.0355,0.1407,0.834,0.0769,HIGH_FRAUD_RATE,1
2024-05-12,Push_Network,BR,1253,28,4,0.0199,0.0223,0.1022,0.877,0.1429,HIGH_FRAUD_RATE,1
2024-05-12,Push_Network,CA,726,17,2,0.0185,0.0234,0.1736,0.858,0.1176,HIGH_FRAUD_RATE,1
2024-05-12,Push_Network,DE,328,11,1,0.013,0.0335,0.0884,0.868,0.0909,NORMAL,0
2024-05-12,Push_Network,IN,964,46,3,0.0263,0.0477,0.1048,0.883,0.0652,HIGH_FRAUD_RATE,1
2024-05-12,Push_Network,NG,260,11,0,0.0274,0.0423,0.1615,0.839,0.0,HIGH_FRAUD_RATE,1
2024-05-12,Push_Network,PL,853,53,5,0.0256,0.0621,0.1501,0.883,0.0943,HIGH_FRAUD_RATE,1
2024-05-12,TikTok,AU,1085,79,12,0.0158,0.0728,0.0535,0.911,0.1519,NORMAL,0
2024-05-12,TikTok,BR,328,20,3,0.0224,0.061,0.1037,0.93,0.15,HIGH_FRAUD_RATE,1
2024-05-12,TikTok,CA,200,10,1,0.0099,0.05,0.11,0.909,0.1,HIGH_FRAUD_RATE,1
2024-05-12,TikTok,DE,215,16,2,0.0148,0.0744,0.0884,0.914,0.125,NORMAL,0
2024-05-12,TikTok,IN,474,30,3,0.0222,0.0633,0.0591,0.912,0.1,NORMAL,0
2024-05-12,TikTok,NG,229,12,1,0.023,0.0524,0.1004,0.913,0.0833,HIGH_FRAUD_RATE,1
2024-05-12,TikTok,PL,1834,114,21,0.0246,0.0622,0.0638,0.924,0.1842,NORMAL,0
2024-05-13,Affiliate_SEO,AU,773,189,60,0.0176,0.2445,0.0116,0.983,0.3175,NORMAL,0
2024-05-13,Affiliate_SEO,BR,53,9,3,0.0241,0.1698,0.0189,0.981,0.3333,NORMAL,0
2024-05-13,Affiliate_SEO,CA,1174,196,65,0.0165,0.167,0.0196,0.977,0.3316,NORMAL,0
2024-05-13,Affiliate_SEO,DE,249,57,11,0.0182,0.2289,0.0241,0.981,0.193,NORMAL,0
2024-05-13,Affiliate_SEO,IN,70,10,3,0.0168,0.1429,0.0286,0.98,0.3,NORMAL,0
2024-05-13,Affiliate_SEO,NG,70,16,5,0.0183,0.2286,0.0143,0.979,0.3125,NORMAL,0
2024-05-13,Affiliate_SEO,PL,766,98,33,0.0262,0.1279,0.0117,0.976,0.3367,NORMAL,0
2024-05-13,Facebook,AU,740,97,28,0.0307,0.1311,0.0176,0.969,0.2887,NORMAL,0
2024-05-13,Facebook,BR,1401,106,23,0.0314,0.0757,0.0171,0.965,0.217,NORMAL,0
2024-05-13,Facebook,CA,457,48,13,0.0404,0.105,0.0328,0.975,0.2708,NORMAL,0
2024-05-13,Facebook,DE,1187,93,17,0.0398,0.0783,0.0168,0.973,0.1828,NORMAL,0
2024-05-13,Facebook,IN,475,36,11,0.0346,0.0758,0.04,0.971,0.3056,NORMAL,0
2024-05-13,Facebook,NG,909,46,12,0.0362,0.0506,0.033,0.973,0.2609,NORMAL,0
2024-05-13,Facebook,PL,963,72,16,0.027,0.0748,0.026,0.972,0.2222,NORMAL,0
2024-05-13,Google_Search,AU,890,146,34,0.0404,0.164,0.009,0.99,0.2329,NORMAL,0
2024-05-13,Google_Search,BR,925,171,55,0.0524,0.1849,0.013,0.989,0.3216,NORMAL,0
2024-05-13,Google_Search,CA,1257,197,72,0.0409,0.1567,0.0064,0.991,0.3655,NORMAL,0
2024-05-13,Google_Search,DE,1038,159,54,0.0324,0.1532,0.0058,0.991,0.3396,NORMAL,0
2024-05-13,Google_Search,IN,1030,166,66,0.0397,0.1612,0.0049,0.991,0.3976,NORMAL,0
2024-05-13,Google_Search,NG,418,35,7,0.0167,0.0837,0.012,0.99,0.2,NORMAL,0
2024-05-13,Google_Search,PL,551,84,27,0.0328,0.1525,0.0127,0.988,0.3214,NORMAL,0
2024-05-13,Native_Ads,AU,391,32,5,0.0233,0.0818,0.0716,0.93,0.1562,NORMAL,0
2024-05-13,Native_Ads,BR,376,29,4,0.0254,0.0771,0.0319,0.951,0.1379,NORMAL,0
2024-05-13,Native_Ads,CA,526,38,7,0.0191,0.0722,0.0703,0.934,0.1842,NORMAL,0
2024-05-13,Native_Ads,DE,243,20,5,0.0211,0.0823,0.0576,0.935,0.25,NORMAL,0
2024-05-13,Native_Ads,IN,243,17,2,0.007,0.07,0.0658,0.945,0.1176,NORMAL,0
2024-05-13,Native_Ads,NG,855,60,12,0.0126,0.0702,0.0421,0.94,0.2,NORMAL,0
2024-05-13,Native_Ads,PL,1014,57,10,0.0249,0.0562,0.0858,0.932,0.1754,NORMAL,0
2024-05-13,Push_Network,AU,362,17,2,0.0145,0.047,0.1713,0.847,0.1176,HIGH_FRAUD_RATE,1
2024-05-13,Push_Network,BR,356,21,2,0.0159,0.059,0.1657,0.883,0.0952,HIGH_FRAUD_RATE,1
2024-05-13,Push_Network,CA,1037,25,4,0.0189,0.0241,0.1533,0.841,0.16,HIGH_FRAUD_RATE,1
2024-05-13,Push_Network,DE,537,25,2,0.0151,0.0466,0.1359,0.854,0.08,HIGH_FRAUD_RATE,1
2024-05-13,Push_Network,IN,170,8,0,0.0084,0.0471,0.1059,0.849,0.0,HIGH_FRAUD_RATE,1
2024-05-13,Push_Network,NG,521,21,2,0.0248,0.0403,0.0998,0.879,0.0952,NORMAL,0
2024-05-13,Push_Network,PL,546,24,2,0.0256,0.044,0.0751,0.873,0.0833,NORMAL,0
2024-05-13,TikTok,AU,988,55,9,0.0268,0.0557,0.1043,0.929,0.1636,HIGH_FRAUD_RATE,1
2024-05-13,TikTok,BR,490,30,4,0.0184,0.0612,0.0653,0.917,0.1333,NORMAL,0
2024-05-13,TikTok,CA,629,38,6,0.0202,0.0604,0.07,0.93,0.1579,NORMAL,0
2024-05-13,TikTok,DE,503,32,4,0.0199,0.0636,0.0557,0.91,0.125,NORMAL,0
2024-05-13,TikTok,IN,137,9,1,0.0077,0.0657,0.0803,0.923,0.1111,NORMAL,0
2024-05-13,TikTok,NG,690,39,4,0.0299,0.0565,0.1029,0.918,0.1026,HIGH_FRAUD_RATE,1
2024-05-13,TikTok,PL,251,14,2,0.0154,0.0558,0.0637,0.906,0.1429,NORMAL,0
2024-05-14,Affiliate_SEO,AU,685,136,63,0.0218,0.1985,0.0175,0.983,0.4632,NORMAL,0
2024-05-14,Affiliate_SEO,BR,149,41,14,0.0124,0.2752,0.0134,0.976,0.3415,NORMAL,0
2024-05-14,Affiliate_SEO,CA,486,110,45,0.0291,0.2263,0.0226,0.979,0.4091,NORMAL,0
2024-05-14,Affiliate_SEO,DE,891,199,73,0.0217,0.2233,0.0224,0.978,0.3668,NORMAL,0
2024-05-14,Affiliate_SEO,IN,222,45,16,0.0368,0.2027,0.0135,0.983,0.3556,NORMAL,0
2024-05-14,Affiliate_SEO,NG,34,7,2,0.0178,0.2059,0.0,0.983,0.2857,NORMAL,0
2024-05-14,Affiliate_SEO,PL,621,106,35,0.0284,0.1707,0.0274,0.983,0.3302,NORMAL,0
2024-05-14,Facebook,AU,595,72,13,0.0405,0.121,0.0286,0.967,0.1806,NORMAL,0
2024-05-14,Facebook,BR,735,85,19,0.0357,0.1156,0.015,0.971,0.2235,NORMAL,0
2024-05-14,Facebook,CA,2184,231,64,0.0401,0.1058,0.0307,0.975,0.2771,NORMAL,0
2024-05-14,Facebook,DE,1235,112,30,0.0415,0.0907,0.0445,0.97,0.2679,NORMAL,0
2024-05-14,Facebook,IN,506,51,11,0.0311,0.1008,0.0217,0.966,0.2157,NORMAL,0
2024-05-14,Facebook,NG,472,49,12,0.0354,0.1038,0.0318,0.967,0.2449,NORMAL,0
2024-05-14,Facebook,PL,1520,110,29,0.0501,0.0724,0.027,0.965,0.2636,NORMAL,0
2024-05-14,Google_Search,AU,778,114,39,0.0413,0.1465,0.0141,0.991,0.3421,NORMAL,0
2024-05-14,Google_Search,BR,1035,180,55,0.0342,0.1739,0.0058,0.99,0.3056,NORMAL,0
2024-05-14,Google_Search,CA,1511,177,46,0.0402,0.1171,0.0079,0.989,0.2599,NORMAL,0
2024-05-14,Google_Search,DE,856,114,39,0.0268,0.1332,0.0105,0.991,0.3421,NORMAL,0
2024-05-14,Google_Search,IN,592,80,29,0.0298,0.1351,0.0135,0.989,0.3625,NORMAL,0
2024-05-14,Google_Search,NG,690,114,31,0.0355,0.1652,0.0058,0.99,0.2719,NORMAL,0
2024-05-14,Google_Search,PL,511,102,26,0.0492,0.1996,0.0059,0.991,0.2549,NORMAL,0
2024-05-14,Native_Ads,AU,966,76,15,0.0268,0.0787,0.0538,0.944,0.1974,NORMAL,0
2024-05-14,Native_Ads,BR,640,19,3,0.0344,0.0297,0.0719,0.949,0.1579,NORMAL,0
2024-05-14,Native_Ads,CA,1524,116,23,0.0354,0.0761,0.061,0.942,0.1983,NORMAL,0
2024-05-14,Native_Ads,DE,1260,60,13,0.0265,0.0476,0.0683,0.942,0.2167,NORMAL,0
2024-05-14,Native_Ads,IN,426,41,9,0.0184,0.0962,0.0563,0.947,0.2195,NORMAL,0
2024-05-14,Native_Ads,NG,585,41,4,0.0273,0.0701,0.0821,0.947,0.0976,NORMAL,0
2024-05-14,Native_Ads,PL,1154,104,11,0.0294,0.0901,0.0728,0.938,0.1058,NORMAL,0
2024-05-14,Push_Network,AU,829,26,3,0.0204,0.0314,0.0856,0.843,0.1154,NORMAL,0
2024-05-14,Push_Network,BR,264,7,0,0.0204,0.0265,0.1705,0.884,0.0,HIGH_FRAUD_RATE,1
2024-05-14,Push_Network,CA,146,4,0,0.0089,0.0274,0.1918,0.866,0.0,HIGH_FRAUD_RATE,1
2024-05-14,Push_Network,DE,267,12,1,0.029,0.0449,0.0899,0.872,0.0833,NORMAL,0
2024-05-14,Push_Network,IN,369,14,0,0.021,0.0379,0.0949,0.873,0.0,NORMAL,0
2024-05-14,Push_Network,NG,208,8,1,0.009,0.0385,0.125,0.866,0.125,HIGH_FRAUD_RATE,1
2024-05-14,Push_Network,PL,1504,44,6,0.0248,0.0293,0.1915,0.844,0.1364,HIGH_FRAUD_RATE,1
2024-05-14,TikTok,AU,871,40,5,0.0293,0.0459,0.0471,0.931,0.125,NORMAL,0
2024-05-14,TikTok,BR,789,41,5,0.0185,0.052,0.1065,0.905,0.122,HIGH_FRAUD_RATE,1
2024-05-14,TikTok,CA,131,8,1,0.0083,0.0611,0.084,0.93,0.125,NORMAL,0
2024-05-14,TikTok,DE,782,46,7,0.0238,0.0588,0.0575,0.912,0.1522,NORMAL,0
2024-05-14,TikTok,IN,238,14,2,0.0138,0.0588,0.0756,0.918,0.1429,NORMAL,0
2024-05-14,TikTok,NG,399,29,4,0.0172,0.0727,0.0777,0.931,0.1379,NORMAL,0
2024-05-14,TikTok,PL,300,17,3,0.015,0.0567,0.1,0.913,0.1765,NORMAL,0
2024-05-15,Affiliate_SEO,AU,337,103,32,0.0152,0.3056,0.0148,0.976,0.3107,NORMAL,0
2024-05-15,Affiliate_SEO,BR,176,50,15,0.0241,0.2841,0.017,0.977,0.3,NORMAL,0
2024-05-15,Affiliate_SEO,CA,335,71,30,0.0233,0.2119,0.009,0.977,0.4225,NORMAL,0
2024-05-15,Affiliate_SEO,DE,959,250,95,0.0165,0.2607,0.0198,0.98,0.38,NORMAL,0
2024-05-15,Affiliate_SEO,IN,99,20,5,0.0212,0.202,0.0202,0.978,0.25,NORMAL,0
2024-05-15,Affiliate_SEO,NG,34,5,1,0.0192,0.1471,0.0294,0.983,0.2,NORMAL,0
2024-05-15,Affiliate_SEO,PL,186,36,12,0.0205,0.1935,0.0215,0.983,0.3333,NORMAL,0
2024-05-15,Facebook,AU,2193,150,31,0.0474,0.0684,0.0351,0.965,0.2067,NORMAL,0
2024-05-15,Facebook,BR,344,39,9,0.0298,0.1134,0.0145,0.975,0.2308,NORMAL,0
2024-05-15,Facebook,CA,687,68,20,0.0224,0.099,0.016,0.966,0.2941,NORMAL,0
2024-05-15,Facebook,DE,755,76,19,0.0358,0.1007,0.0318,0.973,0.25,NORMAL,0
2024-05-15,Facebook,IN,1212,108,34,0.0499,0.0891,0.0338,0.973,0.3148,NORMAL,0
2024-05-15,Facebook,NG,752,65,15,0.0311,0.0864,0.0412,0.971,0.2308,NORMAL,0
2024-05-15,Facebook,PL,675,65,18,0.0429,0.0963,0.0326,0.966,0.2769,NORMAL,0
2024-05-15,Google_Search,AU,128,18,6,0.0187,0.1406,0.0078,0.988,0.3333,NORMAL,0
2024-05-15,Google_Search,BR,1635,283,114,0.0475,0.1731,0.0067,0.988,0.4028,NORMAL,0
2024-05-15,Google_Search,CA,674,79,20,0.0357,0.1172,0.0148,0.991,0.2532,NORMAL,0
2024-05-15,Google_Search,DE,416,57,22,0.0301,0.137,0.0096,0.988,0.386,NORMAL,0
2024-05-15,Google_Search,IN,894,149,53,0.0553,0.1667,0.0089,0.992,0.3557,NORMAL,0
2024-05-15,Google_Search,NG,829,104,31,0.0302,0.1255,0.0121,0.991,0.2981,NORMAL,0
2024-05-15,Google_Search,PL,1026,159,43,0.0359,0.155,0.0078,0.99,0.2704,NORMAL,0
2024-05-15,Native_Ads,AU,392,25,6,0.022,0.0638,0.0561,0.949,0.24,NORMAL,0
2024-05-15,Native_Ads,BR,1205,98,23,0.0294,0.0813,0.034,0.935,0.2347,NORMAL,0
2024-05-15,Native_Ads,CA,319,14,2,0.0269,0.0439,0.0564,0.932,0.1429,NORMAL,0
2024-05-15,Native_Ads,DE,396,23,4,0.0205,0.0581,0.0556,0.941,0.1739,NORMAL,0
2024-05-15,Native_Ads,IN,386,34,5,0.0321,0.0881,0.0855,0.94,0.1471,NORMAL,0
2024-05-15,Native_Ads,NG,426,30,6,0.0247,0.0704,0.0563,0.942,0.2,NORMAL,0
2024-05-15,Native_Ads,PL,562,38,8,0.0325,0.0676,0.0783,0.93,0.2105,NORMAL,0
2024-05-15,Push_Network,AU,576,21,2,0.0181,0.0365,0.1146,0.858,0.0952,HIGH_FRAUD_RATE,1
2024-05-15,Push_Network,BR,587,16,2,0.0297,0.0273,0.201,0.862,0.125,HIGH_FRAUD_RATE,1
2024-05-15,Push_Network,CA,581,21,1,0.0202,0.0361,0.0688,0.886,0.0476,NORMAL,0
2024-05-15,Push_Network,DE,237,11,1,0.0122,0.0464,0.1477,0.868,0.0909,HIGH_FRAUD_RATE,1
2024-05-15,Push_Network,IN,413,16,1,0.0198,0.0387,0.1356,0.848,0.0625,HIGH_FRAUD_RATE,1
2024-05-15,Push_Network,NG,1840,62,8,0.024,0.0337,0.1136,0.84,0.129,HIGH_FRAUD_RATE,1
2024-05-15,Push_Network,PL,284,12,1,0.0216,0.0423,0.0739,0.872,0.0833,NORMAL,0
2024-05-15,TikTok,AU,477,25,4,0.0166,0.0524,0.109,0.932,0.16,HIGH_FRAUD_RATE,1
2024-05-15,TikTok,BR,696,42,7,0.0168,0.0603,0.0747,0.917,0.1667,NORMAL,0
2024-05-15,TikTok,CA,432,30,4,0.022,0.0694,0.088,0.906,0.1333,NORMAL,0
2024-05-15,TikTok,DE,444,23,3,0.0187,0.0518,0.1014,0.905,0.1304,HIGH_FRAUD_RATE,1
2024-05-15,TikTok,IN,1561,64,8,0.0227,0.041,0.0743,0.91,0.125,NORMAL,0
2024-05-15,TikTok,NG,136,7,1,0.0141,0.0515,0.0735,0.933,0.1429,NORMAL,0
2024-05-15,TikTok,PL,765,63,6,0.0263,0.0824,0.0444,0.933,0.0952,NORMAL,0
2024-05-16,Affiliate_SEO,AU,309,87,29,0.0204,0.2816,0.0259,0.982,0.3333,NORMAL,0
2024-05-16,Affiliate_SEO,BR,359,73,24,0.0203,0.2033,0.0279,0.983,0.3288,NORMAL,0
2024-05-16,Affiliate_SEO,CA,756,130,55,0.025,0.172,0.0212,0.978,0.4231,NORMAL,0
2024-05-16,Affiliate_SEO,DE,1632,349,131,0.0274,0.2138,0.0135,0.976,0.3754,NORMAL,0
2024-05-16,Affiliate_SEO,IN,91,21,5,0.022,0.2308,0.022,0.981,0.2381,NORMAL,0
2024-05-16,Affiliate_SEO,NG,91,21,5,0.0283,0.2308,0.022,0.983,0.2381,NORMAL,0
2024-05-16,Affiliate_SEO,PL,280,70,32,0.0199,0.25,0.025,0.977,0.4571,NORMAL,0
2024-05-16,Facebook,AU,1113,59,13,0.0321,0.053,0.0234,0.971,0.2203,NORMAL,0
2024-05-16,Facebook,BR,1120,86,18,0.0365,0.0768,0.0375,0.973,0.2093,NORMAL,0
2024-05-16,Facebook,CA,1307,172,30,0.0233,0.1316,0.0237,0.969,0.1744,NORMAL,0
2024-05-16,Facebook,DE,762,56,10,0.0306,0.0735,0.0144,0.964,0.1786,NORMAL,0
2024-05-16,Facebook,IN,574,51,9,0.0388,0.0889,0.0436,0.97,0.1765,NORMAL,0
2024-05-16,Facebook,NG,782,74,14,0.0398,0.0946,0.0179,0.969,0.1892,NORMAL,0
2024-05-16,Facebook,PL,672,51,10,0.0215,0.0759,0.0193,0.968,0.1961,NORMAL,0
2024-05-16,Google_Search,AU,656,69,18,0.0322,0.1052,0.0122,0.992,0.2609,NORMAL,0
2024-05-16,Google_Search,BR,737,88,30,0.0413,0.1194,0.0109,0.991,0.3409,NORMAL,0
2024-05-16,Google_Search,CA,991,204,54,0.0397,0.2059,0.0081,0.99,0.2647,NORMAL,0
2024-05-16,Google_Search,DE,368,56,10,0.0262,0.1522,0.0109,0.99,0.1786,NORMAL,0
2024-05-16,Google_Search,IN,845,131,27,0.0429,0.155,0.0118,0.991,0.2061,NORMAL,0
2024-05-16,Google_Search,NG,963,175,66,0.0286,0.1817,0.0125,0.992,0.3771,NORMAL,0
2024-05-16,Google_Search,PL,2542,462,152,0.0368,0.1817,0.0142,0.99,0.329,NORMAL,0
2024-05-16,Native_Ads,AU,637,33,6,0.0224,0.0518,0.0534,0.952,0.1818,NORMAL,0
2024-05-16,Native_Ads,BR,426,29,3,0.0191,0.0681,0.054,0.929,0.1034,NORMAL,0
2024-05-16,Native_Ads,CA,308,18,3,0.0158,0.0584,0.0325,0.941,0.1667,NORMAL,0
2024-05-16,Native_Ads,DE,567,41,8,0.0178,0.0723,0.0406,0.942,0.1951,NORMAL,0
2024-05-16,Native_Ads,IN,544,44,9,0.021,0.0809,0.0331,0.946,0.2045,NORMAL,0
2024-05-16,Native_Ads,NG,768,56,8,0.0187,0.0729,0.0742,0.932,0.1429,NORMAL,0
2024-05-16,Native_Ads,PL,298,19,3,0.0139,0.0638,0.0839,0.934,0.1579,NORMAL,0
2024-05-16,Push_Network,AU,1046,46,6,0.0276,0.044,0.0899,0.867,0.1304,NORMAL,0
2024-05-16,Push_Network,BR,971,48,4,0.029,0.0494,0.1071,0.883,0.0833,HIGH_FRAUD_RATE,1
2024-05-16,Push_Network,CA,421,16,1,0.0242,0.038,0.1805,0.868,0.0625,HIGH_FRAUD_RATE,1
2024-05-16,Push_Network,DE,277,8,0,0.021,0.0289,0.1986,0.88,0.0,HIGH_FRAUD_RATE,1
2024-05-16,Push_Network,IN,104,4,0,0.0094,0.0385,0.1058,0.849,0.0,HIGH_FRAUD_RATE,1
2024-05-16,Push_Network,NG,915,29,3,0.0212,0.0317,0.1148,0.868,0.1034,HIGH_FRAUD_RATE,1
2024-05-16,Push_Network,PL,728,31,2,0.0252,0.0426,0.2074,0.864,0.0645,HIGH_FRAUD_RATE,1
2024-05-16,TikTok,AU,183,10,1,0.0135,0.0546,0.0874,0.912,0.1,NORMAL,0
2024-05-16,TikTok,BR,402,24,3,0.0142,0.0597,0.0547,0.933,0.125,NORMAL,0
2024-05-16,TikTok,CA,1046,65,11,0.0269,0.0621,0.1166,0.92,0.1692,HIGH_FRAUD_RATE,1
2024-05-16,TikTok,DE,447,32,6,0.0234,0.0716,0.1074,0.906,0.1875,HIGH_FRAUD_RATE,1
2024-05-16,TikTok,IN,806,48,4,0.0161,0.0596,0.0757,0.908,0.0833,NORMAL,0
2024-05-16,TikTok,NG,437,23,3,0.0292,0.0526,0.0824,0.907,0.1304,NORMAL,0
2024-05-16,TikTok,PL,643,43,7,0.0225,0.0669,0.0824,0.908,0.1628,NORMAL,0
2024-05-17,Affiliate_SEO,AU,768,202,43,0.0235,0.263,0.0247,0.982,0.2129,NORMAL,0
2024-05-17,Affiliate_SEO,BR,63,13,4,0.0118,0.2063,0.0159,0.979,0.3077,NORMAL,0
2024-05-17,Affiliate_SEO,CA,574,176,67,0.0147,0.3066,0.0157,0.977,0.3807,NORMAL,0
2024-05-17,Affiliate_SEO,DE,408,83,27,0.0203,0.2034,0.0172,0.98,0.3253,NORMAL,0
2024-05-17,Affiliate_SEO,IN,30,6,2,0.0258,0.2,0.0,0.979,0.3333,NORMAL,0
2024-05-17,Affiliate_SEO,NG,153,39,13,0.0287,0.2549,0.0196,0.976,0.3333,NORMAL,0
2024-05-17,Affiliate_SEO,PL,192,49,19,0.0184,0.2552,0.0052,0.977,0.3878,NORMAL,0
2024-05-17,Facebook,AU,1478,125,23,0.0393,0.0846,0.0169,0.974,0.184,NORMAL,0
2024-05-17,Facebook,BR,871,73,16,0.0378,0.0838,0.0149,0.965,0.2192,NORMAL,0
2024-05-17,Facebook,CA,810,81,29,0.029,0.1,0.0346,0.972,0.358,NORMAL,0
2024-05-17,Facebook,DE,1363,160,60,0.0336,0.1174,0.033,0.972,0.375,NORMAL,0
2024-05-17,Facebook,IN,384,35,7,0.0304,0.0911,0.0365,0.97,0.2,NORMAL,0
2024-05-17,Facebook,NG,1137,110,29,0.025,0.0967,0.0193,0.971,0.2636,NORMAL,0
2024-05-17,Facebook,PL,1029,107,24,0.0403,0.104,0.0408,0.973,0.2243,NORMAL,0
2024-05-17,Google_Search,AU,715,148,47,0.0398,0.207,0.0084,0.991,0.3176,NORMAL,0
2024-05-17,Google_Search,BR,630,125,44,0.0305,0.1984,0.0063,0.989,0.352,NORMAL,0
2024-05-17,Google_Search,CA,725,92,30,0.0366,0.1269,0.0124,0.992,0.3261,NORMAL,0
2024-05-17,Google_Search,DE,675,137,46,0.0273,0.203,0.0074,0.989,0.3358,NORMAL,0
2024-05-17,Google_Search,IN,448,68,18,0.0196,0.1518,0.0067,0.989,0.2647,NORMAL,0
2024-05-17,Google_Search,NG,593,85,19,0.0301,0.1433,0.0067,0.991,0.2235,NORMAL,0
2024-05-17,Google_Search,PL,1082,132,48,0.0286,0.122,0.0139,0.989,0.3636,NORMAL,0
2024-05-17,Native_Ads,AU,470,28,6,0.0118,0.0596,0.0766,0.932,0.2143,NORMAL,0
2024-05-17,Native_Ads,BR,307,29,6,0.0156,0.0945,0.0717,0.952,0.2069,NORMAL,0
2024-05-17,Native_Ads,CA,859,77,13,0.0249,0.0896,0.0396,0.935,0.1688,NORMAL,0
2024-05-17,Native_Ads,DE,444,37,7,0.0229,0.0833,0.0586,0.95,0.1892,NORMAL,0
2024-05-17,Native_Ads,IN,981,75,18,0.0186,0.0765,0.0408,0.929,0.24,NORMAL,0
2024-05-17,Native_Ads,NG,150,8,1,0.0073,0.0533,0.0733,0.951,0.125,NORMAL,0
2024-05-17,Native_Ads,PL,205,11,2,0.0149,0.0537,0.0829,0.935,0.1818,NORMAL,0
2024-05-17,Push_Network,AU,279,10,1,0.0158,0.0358,0.1004,0.85,0.1,HIGH_FRAUD_RATE,1
2024-05-17,Push_Network,BR,488,25,2,0.0226,0.0512,0.0799,0.848,0.08,NORMAL,0
2024-05-17,Push_Network,CA,343,13,1,0.0166,0.0379,0.1691,0.839,0.0769,HIGH_FRAUD_RATE,1
2024-05-17,Push_Network,DE,426,17,1,0.0312,0.0399,0.0822,0.854,0.0588,NORMAL,0
2024-05-17,Push_Network,IN,671,25,3,0.0248,0.0373,0.1162,0.877,0.12,HIGH_FRAUD_RATE,1
2024-05-17,Push_Network,IN,5619,1133,2,0.2125,0.2083,0.4157,0.521,0.0036,CTR_SPIKE+LOW_QUALITY,1
2024-05-17,Push_Network,NG,218,11,1,0.0165,0.0505,0.1101,0.853,0.0909,HIGH_FRAUD_RATE,1
2024-05-17,Push_Network,NG,8826,1114,7,0.2575,0.2909,0.3696,0.634,0.0074,CTR_SPIKE+LOW_QUALITY,1
2024-05-17,Push_Network,PL,511,18,2,0.0191,0.0352,0.1683,0.868,0.1111,HIGH_FRAUD_RATE,1
2024-05-17,TikTok,AU,143,7,1,0.0155,0.049,0.042,0.922,0.1429,NORMAL,0
2024-05-17,TikTok,BR,300,18,3,0.0208,0.06,0.06,0.923,0.1667,NORMAL,0
2024-05-17,TikTok,CA,621,43,7,0.0224,0.0692,0.1143,0.917,0.1628,HIGH_FRAUD_RATE,1
2024-05-17,TikTok,DE,327,18,1,0.0178,0.055,0.0459,0.922,0.0556,NORMAL,0
2024-05-17,TikTok,IN,1211,52,8,0.0235,0.0429,0.0603,0.908,0.1538,NORMAL,0
2024-05-17,TikTok,NG,452,28,5,0.0168,0.0619,0.1062,0.916,0.1786,HIGH_FRAUD_RATE,1
2024-05-17,TikTok,PL,231,11,2,0.0141,0.0476,0.0736,0.92,0.1818,NORMAL,0
2024-05-18,Affiliate_SEO,AU,229,44,18,0.0178,0.1921,0.0262,0.977,0.4091,NORMAL,0
2024-05-18,Affiliate_SEO,BR,196,42,14,0.0163,0.2143,0.0153,0.983,0.3333,NORMAL,0
2024-05-18,Affiliate_SEO,CA,362,101,44,0.0123,0.279,0.0166,0.981,0.4356,NORMAL,0
2024-05-18,Affiliate_SEO,DE,414,106,39,0.012,0.256,0.0145,0.983,0.3679,NORMAL,0
2024-05-18,Affiliate_SEO,IN,137,39,7,0.0211,0.2847,0.0219,0.982,0.1795,NORMAL,0
2024-05-18,Affiliate_SEO,NG,93,19,5,0.0215,0.2043,0.0215,0.977,0.2632,NORMAL,0
2024-05-18,Affiliate_SEO,PL,176,34,13,0.0245,0.1932,0.0057,0.981,0.3824,NORMAL,0
2024-05-18,Facebook,AU,425,40,11,0.0333,0.0941,0.0424,0.971,0.275,NORMAL,0
2024-05-18,Facebook,BR,1380,90,25,0.0383,0.0652,0.0341,0.974,0.2778,NORMAL,0
2024-05-18,Facebook,CA,1761,95,15,0.0463,0.0539,0.0392,0.975,0.1579,NORMAL,0
2024-05-18,Facebook,DE,1403,115,27,0.0263,0.082,0.0299,0.964,0.2348,NORMAL,0
2024-05-18,Facebook,IN,616,61,10,0.046,0.099,0.0422,0.969,0.1639,NORMAL,0
2024-05-18,Facebook,NG,1001,96,26,0.0254,0.0959,0.043,0.974,0.2708,NORMAL,0
2024-05-18,Facebook,PL,773,64,12,0.0242,0.0828,0.0207,0.973,0.1875,NORMAL,0
2024-05-18,Google_Search,AU,395,62,21,0.0262,0.157,0.0101,0.989,0.3387,NORMAL,0
2024-05-18,Google_Search,BR,800,155,49,0.0316,0.1938,0.0138,0.99,0.3161,NORMAL,0
2024-05-18,Google_Search,CA,1348,183,50,0.0318,0.1358,0.0052,0.989,0.2732,NORMAL,0
2024-05-18,Google_Search,DE,1453,266,66,0.0446,0.1831,0.0096,0.99,0.2481,NORMAL,0
2024-05-18,Google_Search,IN,496,51,14,0.0246,0.1028,0.006,0.991,0.2745,NORMAL,0
2024-05-18,Google_Search,NG,1860,277,104,0.0444,0.1489,0.014,0.991,0.3755,NORMAL,0
2024-05-18,Google_Search,PL,876,205,70,0.0417,0.234,0.0126,0.989,0.3415,NORMAL,0
2024-05-18,Native_Ads,AU,533,25,4,0.0261,0.0469,0.045,0.937,0.16,NORMAL,0
2024-05-18,Native_Ads,BR,259,17,3,0.0162,0.0656,0.0386,0.93,0.1765,NORMAL,0
2024-05-18,Native_Ads,CA,337,21,2,0.0129,0.0623,0.0386,0.929,0.0952,NORMAL,0
2024-05-18,Native_Ads,DE,77,5,0,0.0124,0.0649,0.0779,0.942,0.0,NORMAL,0
2024-05-18,Native_Ads,IN,735,58,10,0.0283,0.0789,0.0354,0.946,0.1724,NORMAL,0
2024-05-18,Native_Ads,NG,368,31,6,0.011,0.0842,0.0842,0.929,0.1935,NORMAL,0
2024-05-18,Native_Ads,PL,465,23,4,0.0187,0.0495,0.0667,0.933,0.1739,NORMAL,0
2024-05-18,Push_Network,AU,1395,48,5,0.0254,0.0344,0.1914,0.865,0.1042,HIGH_FRAUD_RATE,1
2024-05-18,Push_Network,BR,965,28,3,0.0179,0.029,0.1627,0.839,0.1071,HIGH_FRAUD_RATE,1
2024-05-18,Push_Network,CA,1572,60,8,0.022,0.0382,0.1578,0.853,0.1333,HIGH_FRAUD_RATE,1
2024-05-18,Push_Network,DE,459,13,1,0.0198,0.0283,0.1917,0.851,0.0769,HIGH_FRAUD_RATE,1
2024-05-18,Push_Network,IN,168,7,0,0.0164,0.0417,0.1012,0.838,0.0,HIGH_FRAUD_RATE,1
2024-05-18,Push_Network,NG,705,22,3,0.0244,0.0312,0.1589,0.886,0.1364,HIGH_FRAUD_RATE,1
2024-05-18,Push_Network,PL,293,8,0,0.0099,0.0273,0.1672,0.841,0.0,HIGH_FRAUD_RATE,1
2024-05-18,TikTok,AU,218,12,1,0.0088,0.055,0.1101,0.911,0.0833,HIGH_FRAUD_RATE,1
2024-05-18,TikTok,BR,613,40,5,0.0275,0.0653,0.1126,0.918,0.125,HIGH_FRAUD_RATE,1
2024-05-18,TikTok,CA,1275,94,16,0.0242,0.0737,0.1027,0.914,0.1702,HIGH_FRAUD_RATE,1
2024-05-18,TikTok,DE,974,61,13,0.0216,0.0626,0.114,0.92,0.2131,HIGH_FRAUD_RATE,1
2024-05-18,TikTok,IN,318,21,3,0.0242,0.066,0.0566,0.917,0.1429,NORMAL,0
2024-05-18,TikTok,NG,469,23,4,0.0191,0.049,0.0426,0.918,0.1739,NORMAL,0
2024-05-18,TikTok,PL,1150,69,13,0.0239,0.06,0.0583,0.908,0.1884,NORMAL,0
2024-05-19,Affiliate_SEO,AU,1976,347,162,0.025,0.1756,0.0172,0.983,0.4669,NORMAL,0
2024-05-19,Affiliate_SEO,BR,232,39,16,0.0257,0.1681,0.0086,0.98,0.4103,NORMAL,0
2024-05-19,Affiliate_SEO,CA,403,70,26,0.0238,0.1737,0.0099,0.98,0.3714,NORMAL,0
2024-05-19,Affiliate_SEO,DE,1307,373,151,0.0281,0.2854,0.0214,0.978,0.4048,NORMAL,0
2024-05-19,Affiliate_SEO,IN,58,10,2,0.0271,0.1724,0.0,0.978,0.2,NORMAL,0
2024-05-19,Affiliate_SEO,NG,93,20,8,0.0214,0.2151,0.0215,0.981,0.4,NORMAL,0
2024-05-19,Affiliate_SEO,PL,149,35,10,0.0096,0.2349,0.0268,0.978,0.2857,NORMAL,0
2024-05-19,Facebook,AU,777,90,22,0.0353,0.1158,0.0438,0.971,0.2444,NORMAL,0
2024-05-19,Facebook,BR,1448,140,32,0.0279,0.0967,0.0318,0.966,0.2286,NORMAL,0
2024-05-19,Facebook,CA,1648,159,48,0.044,0.0965,0.0358,0.975,0.3019,NORMAL,0
2024-05-19,Facebook,DE,800,62,18,0.0185,0.0775,0.02,0.965,0.2903,NORMAL,0
2024-05-19,Facebook,IN,1193,148,28,0.0226,0.1241,0.0327,0.972,0.1892,NORMAL,0
2024-05-19,Facebook,NG,2252,178,17,0.0374,0.079,0.016,0.967,0.0955,NORMAL,0
2024-05-19,Facebook,PL,1633,164,35,0.035,0.1004,0.0337,0.972,0.2134,NORMAL,0
2024-05-19,Google_Search,AU,1213,197,40,0.0352,0.1624,0.014,0.99,0.203,NORMAL,0
2024-05-19,Google_Search,BR,671,85,26,0.0443,0.1267,0.0075,0.991,0.3059,NORMAL,0
2024-05-19,Google_Search,CA,773,140,61,0.0237,0.1811,0.0065,0.99,0.4357,NORMAL,0
2024-05-19,Google_Search,DE,1460,180,61,0.0342,0.1233,0.0103,0.99,0.3389,NORMAL,0
2024-05-19,Google_Search,IN,801,119,50,0.0185,0.1486,0.0112,0.988,0.4202,NORMAL,0
2024-05-19,Google_Search,NG,2759,296,64,0.0336,0.1073,0.013,0.99,0.2162,NORMAL,0
2024-05-19,Google_Search,PL,1082,158,53,0.033,0.146,0.0111,0.99,0.3354,NORMAL,0
2024-05-19,Native_Ads,AU,348,18,4,0.0131,0.0517,0.0718,0.946,0.2222,NORMAL,0
2024-05-19,Native_Ads,BR,1191,82,15,0.0343,0.0688,0.089,0.931,0.1829,NORMAL,0
2024-05-19,Native_Ads,CA,1832,127,17,0.0262,0.0693,0.0535,0.931,0.1339,NORMAL,0
2024-05-19,Native_Ads,DE,511,23,5,0.0167,0.045,0.0724,0.931,0.2174,NORMAL,0
2024-05-19,Native_Ads,IN,359,22,4,0.0187,0.0613,0.0362,0.948,0.1818,NORMAL,0
2024-05-19,Native_Ads,NG,930,64,15,0.0228,0.0688,0.0495,0.94,0.2344,NORMAL,0
2024-05-19,Native_Ads,PL,750,61,10,0.0189,0.0813,0.0533,0.943,0.1639,NORMAL,0
2024-05-19,Push_Network,AU,118,5,0,0.0129,0.0424,0.1102,0.858,0.0,HIGH_FRAUD_RATE,1
2024-05-19,Push_Network,BR,822,39,5,0.0318,0.0474,0.0912,0.834,0.1282,NORMAL,0
2024-05-19,Push_Network,CA,372,15,1,0.0186,0.0403,0.129,0.879,0.0667,HIGH_FRAUD_RATE,1
2024-05-19,Push_Network,DE,824,30,2,0.0323,0.0364,0.1566,0.881,0.0667,HIGH_FRAUD_RATE,1
2024-05-19,Push_Network,IN,779,30,2,0.0224,0.0385,0.1309,0.834,0.0667,HIGH_FRAUD_RATE,1
2024-05-19,Push_Network,NG,254,11,1,0.0208,0.0433,0.1457,0.843,0.0909,HIGH_FRAUD_RATE,1
2024-05-19,Push_Network,PL,971,33,3,0.0302,0.034,0.2091,0.879,0.0909,HIGH_FRAUD_RATE,1
2024-05-19,TikTok,AU,1043,63,13,0.0206,0.0604,0.0662,0.927,0.2063,NORMAL,0
2024-05-19,TikTok,BR,254,13,2,0.0149,0.0512,0.1102,0.916,0.1538,HIGH_FRAUD_RATE,1
2024-05-19,TikTok,CA,715,41,8,0.0256,0.0573,0.0895,0.927,0.1951,NORMAL,0
2024-05-19,TikTok,DE,876,70,9,0.0173,0.0799,0.0651,0.927,0.1286,NORMAL,0
2024-05-19,TikTok,IN,465,24,3,0.0225,0.0516,0.1075,0.927,0.125,HIGH_FRAUD_RATE,1
2024-05-19,TikTok,NG,522,28,4,0.0206,0.0536,0.0402,0.907,0.1429,NORMAL,0
2024-05-19,TikTok,PL,964,76,12,0.0216,0.0788,0.0861,0.925,0.1579,NORMAL,0
2024-05-20,Affiliate_SEO,AU,487,116,33,0.0189,0.2382,0.0144,0.982,0.2845,NORMAL,0
2024-05-20,Affiliate_SEO,BR,57,9,3,0.0095,0.1579,0.0,0.984,0.3333,NORMAL,0
2024-05-20,Affiliate_SEO,CA,439,85,15,0.0183,0.1936,0.0273,0.983,0.1765,NORMAL,0
2024-05-20,Affiliate_SEO,DE,1780,424,207,0.0221,0.2382,0.0185,0.982,0.4882,NORMAL,0
2024-05-20,Affiliate_SEO,IN,211,41,14,0.0197,0.1943,0.0142,0.984,0.3415,NORMAL,0
2024-05-20,Affiliate_SEO,NG,28,4,1,0.0172,0.1429,0.0,0.979,0.25,NORMAL,0
2024-05-20,Affiliate_SEO,PL,203,51,18,0.0128,0.2512,0.0197,0.977,0.3529,NORMAL,0
2024-05-20,Facebook,AU,1122,108,19,0.0521,0.0963,0.0383,0.972,0.1759,NORMAL,0
2024-05-20,Facebook,BR,781,72,15,0.0242,0.0922,0.0192,0.967,0.2083,NORMAL,0
2024-05-20,Facebook,CA,2394,184,47,0.0512,0.0769,0.0196,0.967,0.2554,NORMAL,0
2024-05-20,Facebook,DE,891,73,15,0.0333,0.0819,0.0224,0.975,0.2055,NORMAL,0
2024-05-20,Facebook,IN,907,70,20,0.0383,0.0772,0.0364,0.972,0.2857,NORMAL,0
2024-05-20,Facebook,NG,527,64,12,0.0361,0.1214,0.0228,0.964,0.1875,NORMAL,0
2024-05-20,Facebook,PL,647,62,12,0.0525,0.0958,0.0417,0.972,0.1935,NORMAL,0
2024-05-20,Google_Search,AU,531,99,26,0.0352,0.1864,0.0132,0.989,0.2626,NORMAL,0
2024-05-20,Google_Search,BR,605,89,28,0.0286,0.1471,0.0132,0.99,0.3146,NORMAL,0
2024-05-20,Google_Search,CA,582,95,29,0.0292,0.1632,0.0086,0.991,0.3053,NORMAL,0
2024-05-20,Google_Search,DE,589,87,23,0.0428,0.1477,0.0119,0.992,0.2644,NORMAL,0
2024-05-20,Google_Search,IN,446,63,15,0.0326,0.1413,0.0112,0.99,0.2381,NORMAL,0
2024-05-20,Google_Search,NG,662,84,20,0.0413,0.1269,0.006,0.99,0.2381,NORMAL,0
2024-05-20,Google_Search,PL,1238,225,44,0.0466,0.1817,0.0057,0.992,0.1956,NORMAL,0
2024-05-20,Native_Ads,AU,281,18,2,0.0118,0.0641,0.0463,0.931,0.1111,NORMAL,0
2024-05-20,Native_Ads,BR,448,27,5,0.0201,0.0603,0.0357,0.935,0.1852,NORMAL,0
2024-05-20,Native_Ads,CA,1252,97,15,0.0238,0.0775,0.0743,0.946,0.1546,NORMAL,0
2024-05-20,Native_Ads,DE,200,13,2,0.0153,0.065,0.055,0.946,0.1538,NORMAL,0
2024-05-20,Native_Ads,IN,367,25,6,0.0274,0.0681,0.0409,0.946,0.24,NORMAL,0
2024-05-20,Native_Ads,NG,331,17,3,0.0181,0.0514,0.0846,0.946,0.1765,NORMAL,0
2024-05-20,Native_Ads,PL,556,35,7,0.0284,0.0629,0.0701,0.95,0.2,NORMAL,0
2024-05-20,Push_Network,AU,137,5,0,0.0063,0.0365,0.1971,0.872,0.0,HIGH_FRAUD_RATE,1
2024-05-20,Push_Network,BR,884,21,1,0.0216,0.0238,0.1821,0.871,0.0476,HIGH_FRAUD_RATE,1
2024-05-20,Push_Network,CA,258,13,1,0.0127,0.0504,0.1899,0.879,0.0769,HIGH_FRAUD_RATE,1
2024-05-20,Push_Network,DE,671,27,2,0.0211,0.0402,0.1222,0.886,0.0741,HIGH_FRAUD_RATE,1
2024-05-20,Push_Network,IN,678,16,1,0.0227,0.0236,0.1534,0.88,0.0625,HIGH_FRAUD_RATE,1
2024-05-20,Push_Network,NG,307,10,1,0.0113,0.0326,0.1466,0.843,0.1,HIGH_FRAUD_RATE,1
2024-05-20,Push_Network,PL,595,29,3,0.0214,0.0487,0.0756,0.858,0.1034,NORMAL,0
2024-05-20,TikTok,AU,657,42,7,0.0184,0.0639,0.0457,0.935,0.1667,NORMAL,0
2024-05-20,TikTok,BR,396,36,6,0.0183,0.0909,0.096,0.921,0.1667,NORMAL,0
2024-05-20,TikTok,CA,658,45,6,0.0321,0.0684,0.0623,0.905,0.1333,NORMAL,0
2024-05-20,TikTok,DE,351,22,3,0.0242,0.0627,0.1054,0.931,0.1364,HIGH_FRAUD_RATE,1
2024-05-20,TikTok,IN,261,15,2,0.0169,0.0575,0.1111,0.911,0.1333,HIGH_FRAUD_RATE,1
2024-05-20,TikTok,NG,455,24,4,0.0176,0.0527,0.0527,0.905,0.1667,NORMAL,0
2024-05-20,TikTok,PL,676,41,6,0.0141,0.0607,0.0799,0.932,0.1463,NORMAL,0
2024-05-21,Affiliate_SEO,AU,959,236,83,0.0281,0.2461,0.0188,0.983,0.3517,NORMAL,0
2024-05-21,Affiliate_SEO,BR,269,44,11,0.0225,0.1636,0.026,0.984,0.25,NORMAL,0
2024-05-21,Affiliate_SEO,CA,274,46,19,0.0202,0.1679,0.0219,0.977,0.413,NORMAL,0
2024-05-21,Affiliate_SEO,DE,454,76,27,0.015,0.1674,0.0264,0.976,0.3553,NORMAL,0
2024-05-21,Affiliate_SEO,IN,16,3,0,0.0065,0.1875,0.0,0.978,0.0,NORMAL,0
2024-05-21,Affiliate_SEO,NG,93,26,10,0.0311,0.2796,0.0108,0.979,0.3846,NORMAL,0
2024-05-21,Affiliate_SEO,PL,158,40,15,0.0292,0.2532,0.0127,0.978,0.375,NORMAL,0
2024-05-21,Facebook,AU,654,67,15,0.0262,0.1024,0.0413,0.967,0.2239,NORMAL,0
2024-05-21,Facebook,BR,1813,134,36,0.0396,0.0739,0.0336,0.973,0.2687,NORMAL,0
2024-05-21,Facebook,CA,1307,96,19,0.0337,0.0735,0.0383,0.974,0.1979,NORMAL,0
2024-05-21,Facebook,DE,586,63,16,0.0258,0.1075,0.0427,0.969,0.254,NORMAL,0
2024-05-21,Facebook,IN,854,53,9,0.0306,0.0621,0.0269,0.967,0.1698,NORMAL,0
2024-05-21,Facebook,NG,562,43,12,0.0377,0.0765,0.0285,0.971,0.2791,NORMAL,0
2024-05-21,Facebook,PL,1819,196,51,0.0322,0.1078,0.028,0.971,0.2602,NORMAL,0
2024-05-21,Google_Search,AU,921,147,46,0.0351,0.1596,0.0098,0.989,0.3129,NORMAL,0
2024-05-21,Google_Search,BR,1325,161,46,0.035,0.1215,0.0113,0.99,0.2857,NORMAL,0
2024-05-21,Google_Search,CA,891,117,38,0.0447,0.1313,0.0112,0.991,0.3248,NORMAL,0
2024-05-21,Google_Search,DE,210,24,7,0.0121,0.1143,0.0095,0.99,0.2917,NORMAL,0
2024-05-21,Google_Search,IN,1989,274,104,0.0344,0.1378,0.0136,0.989,0.3796,NORMAL,0
2024-05-21,Google_Search,NG,1560,261,71,0.0386,0.1673,0.0135,0.991,0.272,NORMAL,0
2024-05-21,Google_Search,PL,1011,78,25,0.0333,0.0772,0.0138,0.991,0.3205,NORMAL,0
2024-05-21,Native_Ads,AU,696,45,7,0.0154,0.0647,0.0503,0.935,0.1556,NORMAL,0
2024-05-21,Native_Ads,BR,397,32,7,0.01,0.0806,0.0579,0.949,0.2188,NORMAL,0
2024-05-21,Native_Ads,CA,358,21,5,0.0162,0.0587,0.0615,0.937,0.2381,NORMAL,0
2024-05-21,Native_Ads,DE,190,12,2,0.0161,0.0632,0.0684,0.947,0.1667,NORMAL,0
2024-05-21,Native_Ads,IN,1030,77,14,0.0226,0.0748,0.0515,0.948,0.1818,NORMAL,0
2024-05-21,Native_Ads,NG,1111,64,12,0.0292,0.0576,0.0684,0.948,0.1875,NORMAL,0
2024-05-21,Native_Ads,PL,349,23,4,0.0157,0.0659,0.0458,0.943,0.1739,NORMAL,0
2024-05-21,Push_Network,AU,983,42,5,0.0241,0.0427,0.0824,0.86,0.119,NORMAL,0
2024-05-21,Push_Network,BR,757,19,3,0.0164,0.0251,0.1017,0.872,0.1579,HIGH_FRAUD_RATE,1
2024-05-21,Push_Network,CA,196,7,0,0.0095,0.0357,0.1582,0.885,0.0,HIGH_FRAUD_RATE,1
2024-05-21,Push_Network,DE,398,17,2,0.0351,0.0427,0.1658,0.85,0.1176,HIGH_FRAUD_RATE,1
2024-05-21,Push_Network,IN,445,17,2,0.0116,0.0382,0.0921,0.849,0.1176,NORMAL,0
2024-05-21,Push_Network,NG,535,19,1,0.0214,0.0355,0.1103,0.851,0.0526,HIGH_FRAUD_RATE,1
2024-05-21,Push_Network,PL,273,9,1,0.0318,0.033,0.1026,0.865,0.1111,HIGH_FRAUD_RATE,1
2024-05-21,TikTok,AU,772,34,5,0.0293,0.044,0.1023,0.923,0.1471,HIGH_FRAUD_RATE,1
2024-05-21,TikTok,BR,736,33,5,0.0191,0.0448,0.0408,0.918,0.1515,NORMAL,0
2024-05-21,TikTok,CA,401,24,3,0.0202,0.0599,0.0923,0.918,0.125,NORMAL,0
2024-05-21,TikTok,DE,141,8,1,0.0101,0.0567,0.0496,0.92,0.125,NORMAL,0
2024-05-21,TikTok,IN,661,26,5,0.0254,0.0393,0.0393,0.91,0.1923,NORMAL,0
2024-05-21,TikTok,NG,1236,70,12,0.0254,0.0566,0.0405,0.912,0.1714,NORMAL,0
2024-05-21,TikTok,PL,233,9,0,0.0199,0.0386,0.0944,0.917,0.0,NORMAL,0
2024-05-22,Affiliate_SEO,AU,1012,299,120,0.0236,0.2955,0.0119,0.978,0.4013,NORMAL,0
2024-05-22,Affiliate_SEO,BR,98,20,8,0.0227,0.2041,0.0102,0.983,0.4,NORMAL,0
2024-05-22,Affiliate_SEO,CA,1091,138,52,0.0252,0.1265,0.0137,0.981,0.3768,NORMAL,0
2024-05-22,Affiliate_SEO,DE,656,168,65,0.0195,0.2561,0.029,0.979,0.3869,NORMAL,0
2024-05-22,Affiliate_SEO,IN,66,11,3,0.0136,0.1667,0.0,0.981,0.2727,NORMAL,0
2024-05-22,Affiliate_SEO,NG,73,17,4,0.0152,0.2329,0.0,0.981,0.2353,NORMAL,0
2024-05-22,Affiliate_SEO,PL,275,57,18,0.0272,0.2073,0.0218,0.976,0.3158,NORMAL,0
2024-05-22,Facebook,AU,837,67,16,0.0299,0.08,0.0179,0.974,0.2388,NORMAL,0
2024-05-22,Facebook,BR,295,31,7,0.0311,0.1051,0.0169,0.964,0.2258,NORMAL,0
2024-05-22,Facebook,CA,1018,120,26,0.0357,0.1179,0.0373,0.964,0.2167,NORMAL,0
2024-05-22,Facebook,DE,1369,75,21,0.0351,0.0548,0.0299,0.975,0.28,NORMAL,0
2024-05-22,Facebook,IN,1191,131,33,0.0401,0.11,0.0252,0.968,0.2519,NORMAL,0
2024-05-22,Facebook,NG,338,36,4,0.0374,0.1065,0.0296,0.971,0.1111,NORMAL,0
2024-05-22,Facebook,PL,345,26,5,0.0278,0.0754,0.0145,0.965,0.1923,NORMAL,0
2024-05-22,Google_Search,AU,1934,273,79,0.0372,0.1412,0.0145,0.992,0.2894,NORMAL,0
2024-05-22,Google_Search,BR,961,125,32,0.0434,0.1301,0.0062,0.991,0.256,NORMAL,0
2024-05-22,Google_Search,CA,227,30,12,0.0322,0.1322,0.0088,0.991,0.4,NORMAL,0
2024-05-22,Google_Search,DE,605,94,36,0.0229,0.1554,0.0116,0.991,0.383,NORMAL,0
2024-05-22,Google_Search,IN,420,57,16,0.0294,0.1357,0.0095,0.989,0.2807,NORMAL,0
2024-05-22,Google_Search,NG,680,79,29,0.0417,0.1162,0.0088,0.99,0.3671,NORMAL,0
2024-05-22,Google_Search,PL,781,131,39,0.0359,0.1677,0.0051,0.988,0.2977,NORMAL,0
2024-05-22,Native_Ads,AU,412,40,8,0.0193,0.0971,0.0655,0.947,0.2,NORMAL,0
2024-05-22,Native_Ads,BR,467,34,7,0.0121,0.0728,0.0835,0.951,0.2059,NORMAL,0
2024-05-22,Native_Ads,CA,229,17,3,0.0197,0.0742,0.0786,0.95,0.1765,NORMAL,0
2024-05-22,Native_Ads,DE,713,62,13,0.0213,0.087,0.0785,0.941,0.2097,NORMAL,0
2024-05-22,Native_Ads,IN,328,22,4,0.0153,0.0671,0.0335,0.94,0.1818,NORMAL,0
2024-05-22,Native_Ads,NG,435,32,6,0.0137,0.0736,0.0759,0.944,0.1875,NORMAL,0
2024-05-22,Native_Ads,PL,405,33,5,0.0313,0.0815,0.0815,0.932,0.1515,NORMAL,0
2024-05-22,Push_Network,AU,514,16,1,0.0205,0.0311,0.1245,0.872,0.0625,HIGH_FRAUD_RATE,1
2024-05-22,Push_Network,BR,767,33,6,0.0255,0.043,0.0965,0.863,0.1818,NORMAL,0
2024-05-22,Push_Network,CA,224,9,1,0.0137,0.0402,0.0848,0.85,0.1111,NORMAL,0
2024-05-22,Push_Network,DE,520,29,3,0.027,0.0558,0.0981,0.84,0.1034,NORMAL,0
2024-05-22,Push_Network,IN,378,12,1,0.0157,0.0317,0.1799,0.868,0.0833,HIGH_FRAUD_RATE,1
2024-05-22,Push_Network,NG,1020,67,8,0.0378,0.0657,0.1176,0.852,0.1194,HIGH_FRAUD_RATE,1
2024-05-22,Push_Network,PL,339,17,2,0.0236,0.0501,0.0826,0.866,0.1176,NORMAL,0
2024-05-22,TikTok,AU,548,33,6,0.0232,0.0602,0.0803,0.912,0.1818,NORMAL,0
2024-05-22,TikTok,BR,567,30,5,0.022,0.0529,0.1005,0.923,0.1667,HIGH_FRAUD_RATE,1
2024-05-22,TikTok,CA,1237,101,17,0.027,0.0816,0.042,0.911,0.1683,NORMAL,0
2024-05-22,TikTok,DE,1197,50,5,0.0202,0.0418,0.0727,0.913,0.1,NORMAL,0
2024-05-22,TikTok,IN,303,17,3,0.0174,0.0561,0.1089,0.904,0.1765,HIGH_FRAUD_RATE,1
2024-05-22,TikTok,NG,275,13,1,0.0106,0.0473,0.0836,0.908,0.0769,NORMAL,0
2024-05-22,TikTok,PL,263,20,3,0.0198,0.076,0.0875,0.936,0.15,NORMAL,0
2024-05-23,Affiliate_SEO,AU,333,103,43,0.0195,0.3093,0.027,0.984,0.4175,NORMAL,0
2024-05-23,Affiliate_SEO,BR,300,56,19,0.0237,0.1867,0.0133,0.977,0.3393,NORMAL,0
2024-05-23,Affiliate_SEO,CA,830,209,65,0.0233,0.2518,0.0229,0.98,0.311,NORMAL,0
2024-05-23,Affiliate_SEO,DE,617,163,74,0.0115,0.2642,0.0227,0.976,0.454,NORMAL,0
2024-05-23,Affiliate_SEO,IN,57,8,3,0.0214,0.1404,0.0,0.98,0.375,NORMAL,0
2024-05-23,Affiliate_SEO,NG,57,14,4,0.0204,0.2456,0.0175,0.977,0.2857,NORMAL,0
2024-05-23,Affiliate_SEO,PL,187,44,14,0.0088,0.2353,0.016,0.983,0.3182,NORMAL,0
2024-05-23,Facebook,AU,879,80,17,0.0456,0.091,0.0228,0.972,0.2125,NORMAL,0
2024-05-23,Facebook,BR,390,36,7,0.0193,0.0923,0.0359,0.967,0.1944,NORMAL,0
2024-05-23,Facebook,CA,1412,142,35,0.043,0.1006,0.0368,0.97,0.2465,NORMAL,0
2024-05-23,Facebook,DE,805,81,21,0.0477,0.1006,0.0273,0.976,0.2593,NORMAL,0
2024-05-23,Facebook,IN,768,59,16,0.042,0.0768,0.0299,0.975,0.2712,NORMAL,0
2024-05-23,Facebook,NG,1728,174,39,0.0437,0.1007,0.0255,0.975,0.2241,NORMAL,0
2024-05-23,Facebook,PL,595,52,13,0.037,0.0874,0.0387,0.966,0.25,NORMAL,0
2024-05-23,Google_Search,AU,1567,174,42,0.0445,0.111,0.014,0.989,0.2414,NORMAL,0
2024-05-23,Google_Search,BR,1404,201,68,0.0298,0.1432,0.0142,0.992,0.3383,NORMAL,0
2024-05-23,Google_Search,CA,602,110,43,0.0349,0.1827,0.0083,0.99,0.3909,NORMAL,0
2024-05-23,Google_Search,DE,2071,308,115,0.0446,0.1487,0.0053,0.989,0.3734,NORMAL,0
2024-05-23,Google_Search,IN,1143,176,54,0.0272,0.154,0.007,0.988,0.3068,NORMAL,0
2024-05-23,Google_Search,NG,1366,215,63,0.0305,0.1574,0.0146,0.992,0.293,NORMAL,0
2024-05-23,Google_Search,PL,2132,322,130,0.0407,0.151,0.0117,0.989,0.4037,NORMAL,0
2024-05-23,Native_Ads,AU,339,17,2,0.0279,0.0501,0.0619,0.936,0.1176,NORMAL,0
2024-05-23,Native_Ads,BR,722,40,7,0.0234,0.0554,0.0693,0.944,0.175,NORMAL,0
2024-05-23,Native_Ads,CA,440,30,6,0.0179,0.0682,0.0705,0.949,0.2,NORMAL,0
2024-05-23,Native_Ads,DE,339,23,3,0.0235,0.0678,0.0442,0.939,0.1304,NORMAL,0
2024-05-23,Native_Ads,IN,287,15,3,0.0212,0.0523,0.0836,0.93,0.2,NORMAL,0
2024-05-23,Native_Ads,NG,330,31,7,0.0272,0.0939,0.0818,0.932,0.2258,NORMAL,0
2024-05-23,Native_Ads,PL,458,27,5,0.0194,0.059,0.0633,0.944,0.1852,NORMAL,0
2024-05-23,Push_Network,AU,206,7,0,0.0153,0.034,0.1553,0.859,0.0,HIGH_FRAUD_RATE,1
2024-05-23,Push_Network,BR,693,19,2,0.0176,0.0274,0.0895,0.874,0.1053,NORMAL,0
2024-05-23,Push_Network,CA,211,10,1,0.0234,0.0474,0.1043,0.848,0.1,HIGH_FRAUD_RATE,1
2024-05-23,Push_Network,DE,458,16,1,0.0159,0.0349,0.1681,0.875,0.0625,HIGH_FRAUD_RATE,1
2024-05-23,Push_Network,IN,380,15,1,0.0241,0.0395,0.1789,0.872,0.0667,HIGH_FRAUD_RATE,1
2024-05-23,Push_Network,NG,870,23,2,0.0166,0.0264,0.1943,0.865,0.087,HIGH_FRAUD_RATE,1
2024-05-23,Push_Network,PL,632,29,3,0.0203,0.0459,0.1551,0.837,0.1034,HIGH_FRAUD_RATE,1
2024-05-23,TikTok,AU,386,20,4,0.0195,0.0518,0.0415,0.934,0.2,NORMAL,0
2024-05-23,TikTok,BR,1632,80,9,0.0209,0.049,0.0631,0.909,0.1125,NORMAL,0
2024-05-23,TikTok,CA,375,12,1,0.0138,0.032,0.0853,0.924,0.0833,NORMAL,0
2024-05-23,TikTok,DE,453,24,5,0.0172,0.053,0.1015,0.923,0.2083,HIGH_FRAUD_RATE,1
2024-05-23,TikTok,IN,243,13,1,0.0109,0.0535,0.0782,0.912,0.0769,NORMAL,0
2024-05-23,TikTok,NG,1386,80,13,0.0296,0.0577,0.0765,0.917,0.1625,NORMAL,0
2024-05-23,TikTok,PL,456,27,4,0.0291,0.0592,0.1184,0.923,0.1481,HIGH_FRAUD_RATE,1
2024-05-24,Affiliate_SEO,AU,420,111,38,0.0224,0.2643,0.0286,0.983,0.3423,NORMAL,0
2024-05-24,Affiliate_SEO,BR,205,30,12,0.0163,0.1463,0.0195,0.982,0.4,NORMAL,0
2024-05-24,Affiliate_SEO,CA,490,137,53,0.0189,0.2796,0.0163,0.983,0.3869,NORMAL,0
2024-05-24,Affiliate_SEO,DE,617,125,47,0.0223,0.2026,0.013,0.98,0.376,NORMAL,0
2024-05-24,Affiliate_SEO,IN,70,15,3,0.0106,0.2143,0.0143,0.976,0.2,NORMAL,0
2024-05-24,Affiliate_SEO,NG,58,20,6,0.0157,0.3448,0.0172,0.982,0.3,NORMAL,0
2024-05-24,Affiliate_SEO,PL,386,78,34,0.0233,0.2021,0.0155,0.979,0.4359,NORMAL,0
2024-05-24,Facebook,AU,1572,187,36,0.0409,0.119,0.0184,0.971,0.1925,NORMAL,0
2024-05-24,Facebook,BR,2521,197,53,0.0421,0.0781,0.0341,0.967,0.269,NORMAL,0
2024-05-24,Facebook,CA,918,78,14,0.0445,0.085,0.0261,0.966,0.1795,NORMAL,0
2024-05-24,Facebook,DE,1386,125,29,0.0355,0.0902,0.0166,0.973,0.232,NORMAL,0
2024-05-24,Facebook,IN,1211,136,47,0.032,0.1123,0.0239,0.965,0.3456,NORMAL,0
2024-05-24,Facebook,NG,908,65,15,0.048,0.0716,0.0275,0.969,0.2308,NORMAL,0
2024-05-24,Facebook,PL,1104,65,19,0.032,0.0589,0.0226,0.976,0.2923,NORMAL,0
2024-05-24,Google_Search,AU,1319,163,46,0.0378,0.1236,0.0091,0.989,0.2822,NORMAL,0
2024-05-24,Google_Search,BR,1168,189,65,0.0305,0.1618,0.0077,0.991,0.3439,NORMAL,0
2024-05-24,Google_Search,CA,1109,169,43,0.0381,0.1524,0.0099,0.991,0.2544,NORMAL,0
2024-05-24,Google_Search,DE,660,83,20,0.0382,0.1258,0.0121,0.99,0.241,NORMAL,0
2024-05-24,Google_Search,IN,613,99,26,0.0262,0.1615,0.0065,0.99,0.2626,NORMAL,0
2024-05-24,Google_Search,NG,2462,521,75,0.0335,0.2116,0.0106,0.99,0.144,NORMAL,0
2024-05-24,Google_Search,PL,1200,228,91,0.0387,0.19,0.0133,0.991,0.3991,NORMAL,0
2024-05-24,Native_Ads,AU,464,27,5,0.0322,0.0582,0.069,0.948,0.1852,NORMAL,0
2024-05-24,Native_Ads,BR,274,28,4,0.0139,0.1022,0.0474,0.929,0.1429,NORMAL,0
2024-05-24,Native_Ads,CA,348,19,3,0.0088,0.0546,0.0661,0.941,0.1579,NORMAL,0
2024-05-24,Native_Ads,DE,449,32,8,0.0204,0.0713,0.069,0.934,0.25,NORMAL,0
2024-05-24,Native_Ads,IN,368,26,6,0.0153,0.0707,0.0842,0.932,0.2308,NORMAL,0
2024-05-24,Native_Ads,NG,481,31,5,0.0279,0.0644,0.079,0.944,0.1613,NORMAL,0
2024-05-24,Native_Ads,PL,162,11,2,0.0215,0.0679,0.0741,0.933,0.1818,NORMAL,0
2024-05-24,Push_Network,AU,345,16,1,0.032,0.0464,0.1507,0.886,0.0625,HIGH_FRAUD_RATE,1
2024-05-24,Push_Network,BR,663,27,3,0.018,0.0407,0.1357,0.873,0.1111,HIGH_FRAUD_RATE,1
2024-05-24,Push_Network,CA,308,11,1,0.0194,0.0357,0.1299,0.843,0.0909,HIGH_FRAUD_RATE,1
2024-05-24,Push_Network,DE,440,18,2,0.0174,0.0409,0.1614,0.874,0.1111,HIGH_FRAUD_RATE,1
2024-05-24,Push_Network,IN,111,3,0,0.005,0.027,0.1351,0.883,0.0,HIGH_FRAUD_RATE,1
2024-05-24,Push_Network,NG,784,39,4,0.0235,0.0497,0.1135,0.887,0.1026,HIGH_FRAUD_RATE,1
2024-05-24,Push_Network,PL,286,13,1,0.0193,0.0455,0.0979,0.832,0.0769,NORMAL,0
2024-05-24,TikTok,AU,312,20,3,0.0279,0.0641,0.0962,0.929,0.15,NORMAL,0
2024-05-24,TikTok,BR,932,61,10,0.0172,0.0655,0.0547,0.912,0.1639,NORMAL,0
2024-05-24,TikTok,CA,589,38,6,0.0269,0.0645,0.0713,0.921,0.1579,NORMAL,0
2024-05-24,TikTok,DE,366,22,2,0.0183,0.0601,0.0546,0.931,0.0909,NORMAL,0
2024-05-24,TikTok,IN,392,24,4,0.0191,0.0612,0.0485,0.929,0.1667,NORMAL,0
2024-05-24,TikTok,NG,247,15,1,0.0098,0.0607,0.0972,0.917,0.0667,NORMAL,0
2024-05-24,TikTok,PL,595,41,5,0.0303,0.0689,0.079,0.905,0.122,NORMAL,0
2024-05-25,Affiliate_SEO,AU,665,166,65,0.0279,0.2496,0.0195,0.984,0.3916,NORMAL,0
2024-05-25,Affiliate_SEO,BR,314,45,15,0.0247,0.1433,0.0096,0.978,0.3333,NORMAL,0
2024-05-25,Affiliate_SEO,CA,529,131,34,0.0303,0.2476,0.0189,0.979,0.2595,NORMAL,0
2024-05-25,Affiliate_SEO,DE,344,105,36,0.0079,0.3052,0.0174,0.982,0.3429,NORMAL,0
2024-05-25,Affiliate_SEO,IN,17,3,1,0.006,0.1765,0.0,0.976,0.3333,NORMAL,0
2024-05-25,Affiliate_SEO,NG,25,4,1,0.017,0.16,0.0,0.977,0.25,NORMAL,0
2024-05-25,Affiliate_SEO,PL,161,20,7,0.0145,0.1242,0.0186,0.978,0.35,NORMAL,0
2024-05-25,Facebook,AU,465,46,11,0.0329,0.0989,0.0172,0.975,0.2391,NORMAL,0
2024-05-25,Facebook,BR,337,43,7,0.0329,0.1276,0.0237,0.972,0.1628,NORMAL,0
2024-05-25,Facebook,CA,942,73,19,0.033,0.0775,0.0149,0.964,0.2603,NORMAL,0
2024-05-25,Facebook,DE,1263,109,29,0.0376,0.0863,0.0158,0.971,0.2661,NORMAL,0
2024-05-25,Facebook,IN,413,32,4,0.0265,0.0775,0.0315,0.97,0.125,NORMAL,0
2024-05-25,Facebook,NG,975,93,26,0.0516,0.0954,0.0359,0.967,0.2796,NORMAL,0
2024-05-25,Facebook,PL,375,29,8,0.03,0.0773,0.0427,0.971,0.2759,NORMAL,0
2024-05-25,Google_Search,AU,1532,149,48,0.0384,0.0973,0.0117,0.989,0.3221,NORMAL,0
2024-05-25,Google_Search,BR,1835,220,82,0.0353,0.1199,0.0136,0.991,0.3727,NORMAL,0
2024-05-25,Google_Search,CA,470,74,24,0.0244,0.1574,0.0085,0.988,0.3243,NORMAL,0
2024-05-25,Google_Search,DE,1100,139,37,0.0289,0.1264,0.0082,0.99,0.2662,NORMAL,0
2024-05-25,Google_Search,IN,960,124,27,0.0477,0.1292,0.0094,0.99,0.2177,NORMAL,0
2024-05-25,Google_Search,NG,657,85,24,0.0164,0.1294,0.0122,0.991,0.2824,NORMAL,0
2024-05-25,Google_Search,PL,616,105,22,0.0239,0.1705,0.013,0.989,0.2095,NORMAL,0
2024-05-25,Native_Ads,AU,1468,103,12,0.0153,0.0702,0.0695,0.941,0.1165,NORMAL,0
2024-05-25,Native_Ads,BR,598,36,6,0.0287,0.0602,0.0569,0.937,0.1667,NORMAL,0
2024-05-25,Native_Ads,CA,365,18,3,0.0157,0.0493,0.0849,0.944,0.1667,NORMAL,0
2024-05-25,Native_Ads,DE,270,18,3,0.0176,0.0667,0.0704,0.945,0.1667,NORMAL,0
2024-05-25,Native_Ads,IN,620,44,11,0.0167,0.071,0.0565,0.935,0.25,NORMAL,0
2024-05-25,Native_Ads,NG,272,21,4,0.0206,0.0772,0.0294,0.95,0.1905,NORMAL,0
2024-05-25,Native_Ads,PL,926,65,8,0.0221,0.0702,0.0443,0.948,0.1231,NORMAL,0
2024-05-25,Push_Network,AU,255,14,2,0.0109,0.0549,0.1569,0.842,0.1429,HIGH_FRAUD_RATE,1
2024-05-25,Push_Network,BR,533,18,1,0.024,0.0338,0.197,0.876,0.0556,HIGH_FRAUD_RATE,1
2024-05-25,Push_Network,CA,1095,54,5,0.0177,0.0493,0.1963,0.872,0.0926,HIGH_FRAUD_RATE,1
2024-05-25,Push_Network,DE,284,13,1,0.0173,0.0458,0.1901,0.864,0.0769,HIGH_FRAUD_RATE,1
2024-05-25,Push_Network,IN,467,22,3,0.0125,0.0471,0.0707,0.867,0.1364,NORMAL,0
2024-05-25,Push_Network,NG,413,20,2,0.0224,0.0484,0.0993,0.845,0.1,NORMAL,0
2024-05-25,Push_Network,PL,303,8,0,0.0181,0.0264,0.0924,0.875,0.0,NORMAL,0
2024-05-25,TikTok,AU,340,17,2,0.0212,0.05,0.0647,0.932,0.1176,NORMAL,0
2024-05-25,TikTok,BR,106,7,0,0.0152,0.066,0.0755,0.905,0.0,NORMAL,0
2024-05-25,TikTok,CA,1490,92,9,0.0294,0.0617,0.1034,0.919,0.0978,HIGH_FRAUD_RATE,1
2024-05-25,TikTok,DE,602,26,4,0.0172,0.0432,0.1163,0.932,0.1538,HIGH_FRAUD_RATE,1
2024-05-25,TikTok,IN,862,44,3,0.0273,0.051,0.0882,0.933,0.0682,NORMAL,0
2024-05-25,TikTok,NG,475,29,3,0.0179,0.0611,0.08,0.911,0.1034,NORMAL,0
2024-05-25,TikTok,PL,925,69,12,0.0194,0.0746,0.0951,0.936,0.1739,NORMAL,0
2024-05-26,Affiliate_SEO,AU,787,155,56,0.0317,0.197,0.014,0.979,0.3613,NORMAL,0
2024-05-26,Affiliate_SEO,BR,114,31,10,0.018,0.2719,0.0175,0.977,0.3226,NORMAL,0
2024-05-26,Affiliate_SEO,CA,197,38,13,0.0219,0.1929,0.0102,0.983,0.3421,NORMAL,0
2024-05-26,Affiliate_SEO,DE,551,88,40,0.0206,0.1597,0.0218,0.98,0.4545,NORMAL,0
2024-05-26,Affiliate_SEO,IN,106,21,3,0.0151,0.1981,0.0094,0.976,0.1429,NORMAL,0
2024-05-26,Affiliate_SEO,NG,24,6,2,0.0174,0.25,0.0,0.979,0.3333,NORMAL,0
2024-05-26,Affiliate_SEO,PL,468,80,23,0.0276,0.1709,0.0171,0.98,0.2875,NORMAL,0
2024-05-26,Facebook,AU,452,28,5,0.0252,0.0619,0.0243,0.969,0.1786,NORMAL,0
2024-05-26,Facebook,BR,380,28,5,0.0246,0.0737,0.0237,0.969,0.1786,NORMAL,0
2024-05-26,Facebook,CA,893,68,12,0.0223,0.0761,0.0392,0.975,0.1765,NORMAL,0
2024-05-26,Facebook,DE,355,32,6,0.0284,0.0901,0.0366,0.967,0.1875,NORMAL,0
2024-05-26,Facebook,IN,511,53,12,0.0304,0.1037,0.0391,0.975,0.2264,NORMAL,0
2024-05-26,Facebook,NG,1332,119,27,0.0379,0.0893,0.0428,0.975,0.2269,NORMAL,0
2024-05-26,Facebook,PL,1878,184,55,0.0401,0.098,0.0373,0.964,0.2989,NORMAL,0
2024-05-26,Google_Search,AU,877,98,26,0.0275,0.1117,0.008,0.989,0.2653,NORMAL,0
2024-05-26,Google_Search,BR,575,76,21,0.0338,0.1322,0.0052,0.991,0.2763,NORMAL,0
2024-05-26,Google_Search,CA,983,167,37,0.0308,0.1699,0.0122,0.99,0.2216,NORMAL,0
2024-05-26,Google_Search,DE,658,86,23,0.0335,0.1307,0.0122,0.988,0.2674,NORMAL,0
2024-05-26,Google_Search,IN,2665,466,139,0.0486,0.1749,0.0094,0.989,0.2983,NORMAL,0
2024-05-26,Google_Search,NG,941,117,31,0.0356,0.1243,0.0128,0.991,0.265,NORMAL,0
2024-05-26,Google_Search,PL,1459,255,72,0.0358,0.1748,0.0117,0.99,0.2824,NORMAL,0
2024-05-26,Native_Ads,AU,626,42,8,0.0273,0.0671,0.0623,0.942,0.1905,NORMAL,0
2024-05-26,Native_Ads,BR,361,24,4,0.0185,0.0665,0.0803,0.942,0.1667,NORMAL,0
2024-05-26,Native_Ads,CA,619,46,11,0.0222,0.0743,0.0695,0.931,0.2391,NORMAL,0
2024-05-26,Native_Ads,DE,1105,118,23,0.0207,0.1068,0.0814,0.942,0.1949,NORMAL,0
2024-05-26,Native_Ads,IN,427,33,7,0.0168,0.0773,0.0679,0.938,0.2121,NORMAL,0
2024-05-26,Native_Ads,NG,500,32,4,0.0091,0.064,0.07,0.93,0.125,NORMAL,0
2024-05-26,Native_Ads,PL,1153,56,13,0.0184,0.0486,0.0772,0.95,0.2321,NORMAL,0
2024-05-26,Push_Network,AU,1212,49,4,0.0265,0.0404,0.1832,0.882,0.0816,HIGH_FRAUD_RATE,1
2024-05-26,Push_Network,BR,302,9,0,0.0134,0.0298,0.1358,0.861,0.0,HIGH_FRAUD_RATE,1
2024-05-26,Push_Network,CA,1040,32,4,0.0304,0.0308,0.1865,0.874,0.125,HIGH_FRAUD_RATE,1
2024-05-26,Push_Network,DE,1376,45,4,0.0266,0.0327,0.1047,0.862,0.0889,HIGH_FRAUD_RATE,1
2024-05-26,Push_Network,IN,533,22,2,0.02,0.0413,0.1651,0.843,0.0909,HIGH_FRAUD_RATE,1
2024-05-26,Push_Network,NG,317,14,1,0.0198,0.0442,0.1293,0.859,0.0714,HIGH_FRAUD_RATE,1
2024-05-26,Push_Network,PL,831,39,3,0.024,0.0469,0.083,0.85,0.0769,NORMAL,0
2024-05-26,TikTok,AU,1066,59,9,0.0282,0.0553,0.0947,0.922,0.1525,NORMAL,0
2024-05-26,TikTok,BR,1856,132,23,0.0264,0.0711,0.1185,0.929,0.1742,HIGH_FRAUD_RATE,1
2024-05-26,TikTok,CA,238,11,1,0.02,0.0462,0.0882,0.911,0.0909,NORMAL,0
2024-05-26,TikTok,DE,1503,86,18,0.0215,0.0572,0.1084,0.905,0.2093,HIGH_FRAUD_RATE,1
2024-05-26,TikTok,IN,615,46,6,0.0197,0.0748,0.0569,0.91,0.1304,NORMAL,0
2024-05-26,TikTok,NG,598,39,4,0.021,0.0652,0.102,0.932,0.1026,HIGH_FRAUD_RATE,1
2024-05-26,TikTok,PL,434,20,2,0.0192,0.0461,0.0737,0.921,0.1,NORMAL,0
2024-05-27,Affiliate_SEO,AU,179,41,18,0.0225,0.2291,0.0168,0.983,0.439,NORMAL,0
2024-05-27,Affiliate_SEO,BR,287,61,22,0.0252,0.2125,0.0244,0.977,0.3607,NORMAL,0
2024-05-27,Affiliate_SEO,CA,298,78,34,0.0241,0.2617,0.0268,0.983,0.4359,NORMAL,0
2024-05-27,Affiliate_SEO,DE,812,154,56,0.0151,0.1897,0.0222,0.982,0.3636,NORMAL,0
2024-05-27,Affiliate_SEO,IN,101,27,7,0.019,0.2673,0.0198,0.98,0.2593,NORMAL,0
2024-05-27,Affiliate_SEO,NG,104,24,8,0.0343,0.2308,0.0096,0.983,0.3333,NORMAL,0
2024-05-27,Affiliate_SEO,PL,132,23,7,0.0134,0.1742,0.0227,0.983,0.3043,NORMAL,0
2024-05-27,Facebook,AU,287,21,4,0.0159,0.0732,0.0383,0.974,0.1905,NORMAL,0
2024-05-27,Facebook,BR,2420,292,48,0.0458,0.1207,0.0157,0.967,0.1644,NORMAL,0
2024-05-27,Facebook,CA,2308,170,41,0.0478,0.0737,0.0394,0.974,0.2412,NORMAL,0
2024-05-27,Facebook,DE,1236,97,26,0.0456,0.0785,0.0348,0.975,0.268,NORMAL,0
2024-05-27,Facebook,IN,1028,103,28,0.0357,0.1002,0.0428,0.965,0.2718,NORMAL,0
2024-05-27,Facebook,NG,864,100,22,0.0368,0.1157,0.0162,0.975,0.22,NORMAL,0
2024-05-27,Facebook,PL,663,74,16,0.0275,0.1116,0.0302,0.966,0.2162,NORMAL,0
2024-05-27,Google_Search,AU,2498,367,75,0.0327,0.1469,0.008,0.991,0.2044,NORMAL,0
2024-05-27,Google_Search,BR,3641,614,194,0.0413,0.1686,0.0132,0.992,0.316,NORMAL,0
2024-05-27,Google_Search,CA,2012,311,100,0.0278,0.1546,0.0094,0.991,0.3215,NORMAL,0
2024-05-27,Google_Search,DE,768,112,34,0.0522,0.1458,0.0065,0.992,0.3036,NORMAL,0
2024-05-27,Google_Search,IN,1090,198,85,0.0378,0.1817,0.011,0.989,0.4293,NORMAL,0
2024-05-27,Google_Search,NG,831,179,40,0.0283,0.2154,0.0096,0.991,0.2235,NORMAL,0
2024-05-27,Google_Search,PL,606,79,33,0.0429,0.1304,0.0149,0.99,0.4177,NORMAL,0
2024-05-27,Native_Ads,AU,932,73,11,0.0246,0.0783,0.0676,0.934,0.1507,NORMAL,0
2024-05-27,Native_Ads,BR,1170,81,19,0.0286,0.0692,0.0487,0.939,0.2346,NORMAL,0
2024-05-27,Native_Ads,CA,431,32,6,0.0118,0.0742,0.0394,0.929,0.1875,NORMAL,0
2024-05-27,Native_Ads,DE,407,23,6,0.0231,0.0565,0.0713,0.951,0.2609,NORMAL,0
2024-05-27,Native_Ads,IN,199,12,3,0.0096,0.0603,0.0402,0.937,0.25,NORMAL,0
2024-05-27,Native_Ads,NG,438,21,3,0.0206,0.0479,0.0662,0.945,0.1429,NORMAL,0
2024-05-27,Native_Ads,PL,486,31,6,0.0236,0.0638,0.0535,0.943,0.1935,NORMAL,0
2024-05-27,Push_Network,AU,171,7,0,0.0135,0.0409,0.0702,0.848,0.0,NORMAL,0
2024-05-27,Push_Network,BR,190,9,1,0.027,0.0474,0.1789,0.887,0.1111,HIGH_FRAUD_RATE,1
2024-05-27,Push_Network,CA,289,10,1,0.0131,0.0346,0.1384,0.878,0.1,HIGH_FRAUD_RATE,1
2024-05-27,Push_Network,DE,550,18,2,0.024,0.0327,0.1727,0.857,0.1111,HIGH_FRAUD_RATE,1
2024-05-27,Push_Network,IN,260,9,0,0.0231,0.0346,0.1346,0.863,0.0,HIGH_FRAUD_RATE,1
2024-05-27,Push_Network,NG,679,24,2,0.0237,0.0353,0.1973,0.836,0.0833,HIGH_FRAUD_RATE,1
2024-05-27,Push_Network,PL,555,25,3,0.0121,0.045,0.0937,0.849,0.12,NORMAL,0
2024-05-27,TikTok,AU,209,12,1,0.0284,0.0574,0.0909,0.907,0.0833,NORMAL,0
2024-05-27,TikTok,BR,645,34,5,0.0172,0.0527,0.107,0.931,0.1471,HIGH_FRAUD_RATE,1
2024-05-27,TikTok,CA,174,8,1,0.0151,0.046,0.0517,0.921,0.125,NORMAL,0
2024-05-27,TikTok,DE,359,30,2,0.0166,0.0836,0.1142,0.912,0.0667,HIGH_FRAUD_RATE,1
2024-05-27,TikTok,IN,260,13,2,0.019,0.05,0.0923,0.933,0.1538,NORMAL,0
2024-05-27,TikTok,NG,648,34,4,0.0109,0.0525,0.1111,0.922,0.1176,HIGH_FRAUD_RATE,1
2024-05-27,TikTok,PL,213,11,1,0.0189,0.0516,0.1127,0.932,0.0909,HIGH_FRAUD_RATE,1
2024-05-28,Affiliate_SEO,AU,627,116,29,0.0187,0.185,0.0096,0.977,0.25,NORMAL,0
2024-05-28,Affiliate_SEO,BR,88,24,6,0.0204,0.2727,0.0114,0.977,0.25,NORMAL,0
2024-05-28,Affiliate_SEO,CA,790,161,50,0.0178,0.2038,0.0215,0.978,0.3106,NORMAL,0
2024-05-28,Affiliate_SEO,DE,578,107,48,0.022,0.1851,0.0277,0.978,0.4486,NORMAL,0
2024-05-28,Affiliate_SEO,IN,119,24,10,0.0201,0.2017,0.0084,0.981,0.4167,NORMAL,0
2024-05-28,Affiliate_SEO,NG,25,5,1,0.0212,0.2,0.0,0.981,0.2,NORMAL,0
2024-05-28,Affiliate_SEO,PL,297,59,19,0.0224,0.1987,0.0202,0.983,0.322,NORMAL,0
2024-05-28,Facebook,AU,1034,93,20,0.0401,0.0899,0.0271,0.976,0.2151,NORMAL,0
2024-05-28,Facebook,BR,442,45,8,0.0428,0.1018,0.0294,0.968,0.1778,NORMAL,0
2024-05-28,Facebook,CA,1344,134,25,0.0327,0.0997,0.0372,0.975,0.1866,NORMAL,0
2024-05-28,Facebook,DE,1802,149,30,0.0451,0.0827,0.0277,0.968,0.2013,NORMAL,0
2024-05-28,Facebook,IN,1331,130,36,0.0356,0.0977,0.0428,0.971,0.2769,NORMAL,0
2024-05-28,Facebook,NG,994,104,14,0.0538,0.1046,0.0382,0.966,0.1346,NORMAL,0
2024-05-28,Facebook,PL,1293,134,35,0.0546,0.1036,0.0325,0.974,0.2612,NORMAL,0
2024-05-28,Google_Search,AU,1818,257,69,0.0567,0.1414,0.005,0.991,0.2685,NORMAL,0
2024-05-28,Google_Search,BR,1190,197,71,0.0304,0.1655,0.0126,0.991,0.3604,NORMAL,0
2024-05-28,Google_Search,CA,1095,183,56,0.0331,0.1671,0.0055,0.99,0.306,NORMAL,0
2024-05-28,Google_Search,DE,1242,220,72,0.0372,0.1771,0.0064,0.991,0.3273,NORMAL,0
2024-05-28,Google_Search,IN,729,123,42,0.034,0.1687,0.0041,0.989,0.3415,NORMAL,0
2024-05-28,Google_Search,NG,806,126,31,0.0274,0.1563,0.0062,0.989,0.246,NORMAL,0
2024-05-28,Google_Search,PL,892,92,28,0.0314,0.1031,0.0056,0.989,0.3043,NORMAL,0
2024-05-28,Native_Ads,AU,958,59,9,0.0311,0.0616,0.0428,0.945,0.1525,NORMAL,0
2024-05-28,Native_Ads,BR,449,21,4,0.0233,0.0468,0.0601,0.951,0.1905,NORMAL,0
2024-05-28,Native_Ads,CA,229,16,1,0.0101,0.0699,0.0742,0.935,0.0625,NORMAL,0
2024-05-28,Native_Ads,DE,199,15,3,0.0135,0.0754,0.0302,0.939,0.2,NORMAL,0
2024-05-28,Native_Ads,IN,335,22,5,0.0202,0.0657,0.0388,0.938,0.2273,NORMAL,0
2024-05-28,Native_Ads,NG,331,21,4,0.0271,0.0634,0.0393,0.939,0.1905,NORMAL,0
2024-05-28,Native_Ads,PL,146,10,2,0.022,0.0685,0.0685,0.945,0.2,NORMAL,0
2024-05-28,Push_Network,AU,219,9,1,0.0168,0.0411,0.0868,0.887,0.1111,NORMAL,0
2024-05-28,Push_Network,BR,434,19,1,0.022,0.0438,0.0899,0.882,0.0526,NORMAL,0
2024-05-28,Push_Network,CA,969,28,3,0.0205,0.0289,0.0743,0.881,0.1071,NORMAL,0
2024-05-28,Push_Network,DE,417,17,2,0.0177,0.0408,0.1727,0.84,0.1176,HIGH_FRAUD_RATE,1
2024-05-28,Push_Network,IN,227,8,1,0.0169,0.0352,0.0925,0.857,0.125,NORMAL,0
2024-05-28,Push_Network,NG,250,13,1,0.0251,0.052,0.108,0.855,0.0769,HIGH_FRAUD_RATE,1
2024-05-28,Push_Network,PL,721,39,6,0.0263,0.0541,0.1748,0.842,0.1538,HIGH_FRAUD_RATE,1
2024-05-28,TikTok,AU,440,23,3,0.0247,0.0523,0.0523,0.915,0.1304,NORMAL,0
2024-05-28,TikTok,BR,454,28,3,0.0213,0.0617,0.0903,0.918,0.1071,NORMAL,0
2024-05-28,TikTok,CA,544,29,3,0.0116,0.0533,0.0901,0.928,0.1034,NORMAL,0
2024-05-28,TikTok,DE,527,28,5,0.0201,0.0531,0.1025,0.921,0.1786,HIGH_FRAUD_RATE,1
2024-05-28,TikTok,IN,437,18,2,0.0118,0.0412,0.0778,0.926,0.1111,NORMAL,0
2024-05-28,TikTok,NG,318,19,2,0.0242,0.0597,0.1069,0.919,0.1053,HIGH_FRAUD_RATE,1
2024-05-28,TikTok,PL,522,39,7,0.0266,0.0747,0.0498,0.914,0.1795,NORMAL,0
2024-05-29,Affiliate_SEO,AU,399,83,30,0.016,0.208,0.0175,0.977,0.3614,NORMAL,0
2024-05-29,Affiliate_SEO,BR,164,37,14,0.0277,0.2256,0.0183,0.983,0.3784,NORMAL,0
2024-05-29,Affiliate_SEO,CA,459,89,31,0.0331,0.1939,0.024,0.978,0.3483,NORMAL,0
2024-05-29,Affiliate_SEO,DE,1150,237,89,0.0202,0.2061,0.0287,0.981,0.3755,NORMAL,0
2024-05-29,Affiliate_SEO,IN,121,32,9,0.0197,0.2645,0.0083,0.981,0.2812,NORMAL,0
2024-05-29,Affiliate_SEO,NG,104,30,10,0.0326,0.2885,0.0096,0.982,0.3333,NORMAL,0
2024-05-29,Affiliate_SEO,PL,615,210,69,0.0098,0.3415,0.0163,0.982,0.3286,NORMAL,0
2024-05-29,Facebook,AU,517,26,7,0.0245,0.0503,0.0426,0.975,0.2692,NORMAL,0
2024-05-29,Facebook,BR,383,35,8,0.0392,0.0914,0.0366,0.967,0.2286,NORMAL,0
2024-05-29,Facebook,CA,964,104,30,0.0474,0.1079,0.0218,0.974,0.2885,NORMAL,0
2024-05-29,Facebook,DE,2495,223,61,0.0374,0.0894,0.0445,0.968,0.2735,NORMAL,0
2024-05-29,Facebook,IN,568,33,7,0.0289,0.0581,0.0405,0.974,0.2121,NORMAL,0
2024-05-29,Facebook,NG,781,66,15,0.0417,0.0845,0.0192,0.976,0.2273,NORMAL,0
2024-05-29,Facebook,PL,432,28,5,0.0243,0.0648,0.0394,0.975,0.1786,NORMAL,0
2024-05-29,Google_Search,AU,1229,157,56,0.033,0.1277,0.0114,0.989,0.3567,NORMAL,0
2024-05-29,Google_Search,BR,1072,146,38,0.0425,0.1362,0.0056,0.992,0.2603,NORMAL,0
2024-05-29,Google_Search,CA,1596,228,68,0.0401,0.1429,0.0056,0.992,0.2982,NORMAL,0
2024-05-29,Google_Search,DE,570,76,26,0.0298,0.1333,0.007,0.99,0.3421,NORMAL,0
2024-05-29,Google_Search,IN,682,83,20,0.0437,0.1217,0.0088,0.988,0.241,NORMAL,0
2024-05-29,Google_Search,NG,769,147,59,0.0392,0.1912,0.0104,0.99,0.4014,NORMAL,0
2024-05-29,Google_Search,PL,307,44,10,0.0264,0.1433,0.0098,0.991,0.2273,NORMAL,0
2024-05-29,Native_Ads,AU,331,22,5,0.0288,0.0665,0.0695,0.948,0.2273,NORMAL,0
2024-05-29,Native_Ads,BR,963,70,11,0.0199,0.0727,0.08,0.939,0.1571,NORMAL,0
2024-05-29,Native_Ads,CA,543,48,11,0.0203,0.0884,0.035,0.936,0.2292,NORMAL,0
2024-05-29,Native_Ads,DE,258,16,2,0.0099,0.062,0.0698,0.933,0.125,NORMAL,0
2024-05-29,Native_Ads,IN,817,58,10,0.0369,0.071,0.033,0.933,0.1724,NORMAL,0
2024-05-29,Native_Ads,NG,780,50,9,0.0228,0.0641,0.0462,0.947,0.18,NORMAL,0
2024-05-29,Native_Ads,PL,1752,83,14,0.0283,0.0474,0.0805,0.932,0.1687,NORMAL,0
2024-05-29,Push_Network,AU,505,19,2,0.0136,0.0376,0.1861,0.886,0.1053,HIGH_FRAUD_RATE,1
2024-05-29,Push_Network,BR,395,8,1,0.0217,0.0203,0.1342,0.868,0.125,HIGH_FRAUD_RATE,1
2024-05-29,Push_Network,CA,281,9,1,0.0105,0.032,0.1779,0.859,0.1111,HIGH_FRAUD_RATE,1
2024-05-29,Push_Network,DE,708,28,3,0.0163,0.0395,0.1243,0.858,0.1071,HIGH_FRAUD_RATE,1
2024-05-29,Push_Network,IN,217,7,0,0.0169,0.0323,0.0737,0.885,0.0,NORMAL,0
2024-05-29,Push_Network,NG,151,5,0,0.0053,0.0331,0.1258,0.833,0.0,HIGH_FRAUD_RATE,1
2024-05-29,Push_Network,PL,303,15,2,0.0112,0.0495,0.1056,0.832,0.1333,HIGH_FRAUD_RATE,1
2024-05-29,TikTok,AU,119,7,0,0.0101,0.0588,0.0672,0.916,0.0,NORMAL,0
2024-05-29,TikTok,BR,254,10,1,0.0099,0.0394,0.0984,0.917,0.1,NORMAL,0
2024-05-29,TikTok,CA,229,14,3,0.0081,0.0611,0.0742,0.92,0.2143,NORMAL,0
2024-05-29,TikTok,DE,317,13,2,0.0291,0.041,0.1136,0.917,0.1538,HIGH_FRAUD_RATE,1
2024-05-29,TikTok,IN,479,18,2,0.0193,0.0376,0.0668,0.916,0.1111,NORMAL,0
2024-05-29,TikTok,NG,793,49,6,0.0252,0.0618,0.0782,0.916,0.1224,NORMAL,0
2024-05-29,TikTok,PL,531,31,4,0.0157,0.0584,0.0395,0.918,0.129,NORMAL,0
2024-05-30,Affiliate_SEO,AU,889,230,70,0.0242,0.2587,0.0112,0.977,0.3043,NORMAL,0
2024-05-30,Affiliate_SEO,BR,375,67,27,0.0124,0.1787,0.0267,0.98,0.403,NORMAL,0
2024-05-30,Affiliate_SEO,CA,294,39,14,0.0139,0.1327,0.0102,0.977,0.359,NORMAL,0
2024-05-30,Affiliate_SEO,DE,327,63,19,0.0193,0.1927,0.0183,0.979,0.3016,NORMAL,0
2024-05-30,Affiliate_SEO,IN,98,17,7,0.0271,0.1735,0.0204,0.982,0.4118,NORMAL,0
2024-05-30,Affiliate_SEO,NG,86,23,8,0.0156,0.2674,0.0116,0.976,0.3478,NORMAL,0
2024-05-30,Affiliate_SEO,PL,435,91,25,0.0263,0.2092,0.0253,0.983,0.2747,NORMAL,0
2024-05-30,Facebook,AU,1225,106,26,0.0334,0.0865,0.0155,0.97,0.2453,NORMAL,0
2024-05-30,Facebook,BR,959,104,24,0.0342,0.1084,0.0177,0.971,0.2308,NORMAL,0
2024-05-30,Facebook,CA,939,103,14,0.0419,0.1097,0.0447,0.975,0.1359,NORMAL,0
2024-05-30,Facebook,DE,579,31,6,0.0195,0.0535,0.0294,0.972,0.1935,NORMAL,0
2024-05-30,Facebook,IN,1844,190,49,0.0493,0.103,0.0342,0.975,0.2579,NORMAL,0
2024-05-30,Facebook,NG,1394,166,47,0.0388,0.1191,0.0301,0.971,0.2831,NORMAL,0
2024-05-30,Facebook,PL,1385,106,23,0.0413,0.0765,0.0282,0.966,0.217,NORMAL,0
2024-05-30,Google_Search,AU,929,141,39,0.0336,0.1518,0.0097,0.992,0.2766,NORMAL,0
2024-05-30,Google_Search,BR,596,80,20,0.0281,0.1342,0.005,0.99,0.25,NORMAL,0
2024-05-30,Google_Search,CA,1466,152,53,0.0352,0.1037,0.0082,0.991,0.3487,NORMAL,0
2024-05-30,Google_Search,DE,524,88,24,0.0305,0.1679,0.0038,0.991,0.2727,NORMAL,0
2024-05-30,Google_Search,IN,562,88,21,0.0345,0.1566,0.0107,0.99,0.2386,NORMAL,0
2024-05-30,Google_Search,NG,661,145,51,0.024,0.2194,0.0061,0.988,0.3517,NORMAL,0
2024-05-30,Google_Search,PL,997,170,45,0.0401,0.1705,0.008,0.99,0.2647,NORMAL,0
2024-05-30,Native_Ads,AU,210,14,2,0.0145,0.0667,0.0524,0.932,0.1429,NORMAL,0
2024-05-30,Native_Ads,BR,368,26,4,0.0239,0.0707,0.0842,0.941,0.1538,NORMAL,0
2024-05-30,Native_Ads,CA,1852,133,29,0.025,0.0718,0.0842,0.942,0.218,NORMAL,0
2024-05-30,Native_Ads,DE,537,40,9,0.0221,0.0745,0.067,0.937,0.225,NORMAL,0
2024-05-30,Native_Ads,IN,328,26,3,0.024,0.0793,0.064,0.946,0.1154,NORMAL,0
2024-05-30,Native_Ads,NG,336,25,3,0.0156,0.0744,0.0804,0.942,0.12,NORMAL,0
2024-05-30,Native_Ads,PL,239,19,2,0.0127,0.0795,0.0586,0.949,0.1053,NORMAL,0
2024-05-30,Push_Network,AU,618,22,2,0.0245,0.0356,0.2006,0.846,0.0909,HIGH_FRAUD_RATE,1
2024-05-30,Push_Network,BR,489,26,3,0.0256,0.0532,0.1125,0.86,0.1154,HIGH_FRAUD_RATE,1
2024-05-30,Push_Network,CA,240,11,1,0.0144,0.0458,0.0833,0.882,0.0909,NORMAL,0
2024-05-30,Push_Network,DE,1096,61,7,0.0233,0.0557,0.0703,0.866,0.1148,NORMAL,0
2024-05-30,Push_Network,IN,293,8,0,0.0086,0.0273,0.1945,0.871,0.0,HIGH_FRAUD_RATE,1
2024-05-30,Push_Network,NG,152,6,0,0.0152,0.0395,0.0855,0.873,0.0,NORMAL,0
2024-05-30,Push_Network,PL,640,21,3,0.024,0.0328,0.1438,0.851,0.1429,HIGH_FRAUD_RATE,1
2024-05-30,TikTok,AU,497,22,3,0.0205,0.0443,0.0845,0.931,0.1364,NORMAL,0
2024-05-30,TikTok,BR,1557,90,17,0.0236,0.0578,0.1162,0.906,0.1889,HIGH_FRAUD_RATE,1
2024-05-30,TikTok,CA,660,39,7,0.025,0.0591,0.0879,0.926,0.1795,NORMAL,0
2024-05-30,TikTok,DE,283,12,1,0.0141,0.0424,0.053,0.904,0.0833,NORMAL,0
2024-05-30,TikTok,IN,218,10,0,0.0092,0.0459,0.1193,0.916,0.0,HIGH_FRAUD_RATE,1
2024-05-30,TikTok,NG,746,40,7,0.0061,0.0536,0.0724,0.905,0.175,NORMAL,0
2024-05-30,TikTok,PL,370,23,3,0.0171,0.0622,0.1162,0.915,0.1304,HIGH_FRAUD_RATE,1
2024-05-31,Affiliate_SEO,AU,209,36,12,0.0255,0.1722,0.0096,0.977,0.3333,NORMAL,0
2024-05-31,Affiliate_SEO,BR,117,28,10,0.0131,0.2393,0.0256,0.977,0.3571,NORMAL,0
2024-05-31,Affiliate_SEO,CA,395,84,34,0.0178,0.2127,0.0253,0.979,0.4048,NORMAL,0
2024-05-31,Affiliate_SEO,DE,406,73,20,0.0224,0.1798,0.0222,0.98,0.274,NORMAL,0
2024-05-31,Affiliate_SEO,IN,64,12,4,0.0199,0.1875,0.0156,0.982,0.3333,NORMAL,0
2024-05-31,Affiliate_SEO,NG,36,9,3,0.0276,0.25,0.0,0.98,0.3333,NORMAL,0
2024-05-31,Affiliate_SEO,PL,1092,226,88,0.0336,0.207,0.0101,0.976,0.3894,NORMAL,0
2024-05-31,Facebook,AU,742,62,12,0.0369,0.0836,0.0216,0.976,0.1935,NORMAL,0
2024-05-31,Facebook,BR,395,45,5,0.0311,0.1139,0.0329,0.965,0.1111,NORMAL,0
2024-05-31,Facebook,CA,1607,126,33,0.0363,0.0784,0.0417,0.971,0.2619,NORMAL,0
2024-05-31,Facebook,DE,706,65,17,0.0376,0.0921,0.034,0.966,0.2615,NORMAL,0
2024-05-31,Facebook,IN,442,33,9,0.0307,0.0747,0.0385,0.968,0.2727,NORMAL,0
2024-05-31,Facebook,NG,636,58,9,0.0415,0.0912,0.0377,0.965,0.1552,NORMAL,0
2024-05-31,Facebook,PL,451,24,4,0.0366,0.0532,0.0177,0.974,0.1667,NORMAL,0
2024-05-31,Google_Search,AU,460,51,10,0.0269,0.1109,0.0065,0.99,0.1961,NORMAL,0
2024-05-31,Google_Search,BR,411,63,14,0.0264,0.1533,0.0122,0.989,0.2222,NORMAL,0
2024-05-31,Google_Search,CA,1158,134,31,0.0174,0.1157,0.0112,0.989,0.2313,NORMAL,0
2024-05-31,Google_Search,DE,567,110,20,0.0349,0.194,0.0123,0.992,0.1818,NORMAL,0
2024-05-31,Google_Search,IN,896,141,49,0.0334,0.1574,0.0067,0.988,0.3475,NORMAL,0
2024-05-31,Google_Search,NG,1064,141,37,0.0302,0.1325,0.0141,0.989,0.2624,NORMAL,0
2024-05-31,Google_Search,PL,2251,388,106,0.0357,0.1724,0.0111,0.991,0.2732,NORMAL,0
2024-05-31,Native_Ads,AU,771,54,15,0.0322,0.07,0.0441,0.947,0.2778,NORMAL,0
2024-05-31,Native_Ads,BR,358,19,4,0.0241,0.0531,0.0363,0.932,0.2105,NORMAL,0
2024-05-31,Native_Ads,CA,336,26,3,0.0259,0.0774,0.0655,0.949,0.1154,NORMAL,0
2024-05-31,Native_Ads,DE,659,30,3,0.0197,0.0455,0.0774,0.944,0.1,NORMAL,0
2024-05-31,Native_Ads,IN,534,31,3,0.0252,0.0581,0.0787,0.934,0.0968,NORMAL,0
2024-05-31,Native_Ads,NG,230,20,3,0.0188,0.087,0.0826,0.949,0.15,NORMAL,0
2024-05-31,Native_Ads,PL,242,16,3,0.0254,0.0661,0.0868,0.937,0.1875,NORMAL,0
2024-05-31,Push_Network,AU,1224,44,6,0.0276,0.0359,0.1806,0.833,0.1364,HIGH_FRAUD_RATE,1
2024-05-31,Push_Network,BR,1603,62,8,0.0285,0.0387,0.2034,0.845,0.129,HIGH_FRAUD_RATE,1
2024-05-31,Push_Network,CA,162,5,0,0.0124,0.0309,0.1481,0.868,0.0,HIGH_FRAUD_RATE,1
2024-05-31,Push_Network,DE,228,6,1,0.0189,0.0263,0.0833,0.865,0.1667,NORMAL,0
2024-05-31,Push_Network,IN,192,7,0,0.0164,0.0365,0.1979,0.865,0.0,HIGH_FRAUD_RATE,1
2024-05-31,Push_Network,NG,369,11,1,0.0199,0.0298,0.0678,0.837,0.0909,NORMAL,0
2024-05-31,Push_Network,PL,820,26,3,0.0155,0.0317,0.0829,0.876,0.1154,NORMAL,0
2024-05-31,TikTok,AU,535,28,5,0.021,0.0523,0.114,0.933,0.1786,HIGH_FRAUD_RATE,1
2024-05-31,TikTok,BR,181,13,1,0.0165,0.0718,0.0497,0.913,0.0769,NORMAL,0
2024-05-31,TikTok,CA,1520,68,8,0.0222,0.0447,0.0493,0.921,0.1176,NORMAL,0
2024-05-31,TikTok,DE,651,42,7,0.0206,0.0645,0.0707,0.92,0.1667,NORMAL,0
2024-05-31,TikTok,IN,721,46,7,0.0119,0.0638,0.0846,0.91,0.1522,NORMAL,0
2024-05-31,TikTok,NG,635,39,5,0.0182,0.0614,0.1055,0.919,0.1282,HIGH_FRAUD_RATE,1
2024-05-31,TikTok,PL,444,22,1,0.0232,0.0495,0.0878,0.918,0.0455,NORMAL,0
2024-06-01,Affiliate_SEO,AU,630,128,57,0.016,0.2032,0.0206,0.98,0.4453,NORMAL,0
2024-06-01,Affiliate_SEO,BR,199,23,8,0.0207,0.1156,0.0251,0.981,0.3478,NORMAL,0
2024-06-01,Affiliate_SEO,CA,61,11,4,0.0102,0.1803,0.0164,0.981,0.3636,NORMAL,0
2024-06-01,Affiliate_SEO,DE,1072,208,59,0.0175,0.194,0.0093,0.979,0.2837,NORMAL,0
2024-06-01,Affiliate_SEO,IN,107,28,8,0.0228,0.2617,0.0093,0.977,0.2857,NORMAL,0
2024-06-01,Affiliate_SEO,NG,54,13,4,0.022,0.2407,0.0185,0.982,0.3077,NORMAL,0
2024-06-01,Affiliate_SEO,PL,96,21,8,0.0131,0.2188,0.0208,0.979,0.381,NORMAL,0
2024-06-01,Facebook,AU,202,17,4,0.0227,0.0842,0.0347,0.972,0.2353,NORMAL,0
2024-06-01,Facebook,BR,1228,122,32,0.0242,0.0993,0.0171,0.97,0.2623,NORMAL,0
2024-06-01,Facebook,CA,1048,100,35,0.0417,0.0954,0.0353,0.973,0.35,NORMAL,0
2024-06-01,Facebook,DE,1657,115,27,0.0477,0.0694,0.032,0.976,0.2348,NORMAL,0
2024-06-01,Facebook,IN,745,49,14,0.0268,0.0658,0.0201,0.972,0.2857,NORMAL,0
2024-06-01,Facebook,NG,308,29,6,0.0397,0.0942,0.0162,0.965,0.2069,NORMAL,0
2024-06-01,Facebook,PL,837,70,18,0.0394,0.0836,0.0346,0.976,0.2571,NORMAL,0
2024-06-01,Google_Search,AU,7471,1149,398,0.043,0.1538,0.0091,0.991,0.3464,NORMAL,0
2024-06-01,Google_Search,BR,490,43,7,0.0304,0.0878,0.0122,0.99,0.1628,NORMAL,0
2024-06-01,Google_Search,CA,628,114,23,0.0363,0.1815,0.0096,0.989,0.2018,NORMAL,0
2024-06-01,Google_Search,DE,345,39,13,0.0348,0.113,0.0058,0.989,0.3333,NORMAL,0
2024-06-01,Google_Search,IN,1348,136,33,0.0395,0.1009,0.0111,0.991,0.2426,NORMAL,0
2024-06-01,Google_Search,NG,644,87,31,0.0326,0.1351,0.0093,0.989,0.3563,NORMAL,0
2024-06-01,Google_Search,PL,998,150,40,0.0294,0.1503,0.014,0.988,0.2667,NORMAL,0
2024-06-01,Native_Ads,AU,412,37,8,0.0243,0.0898,0.085,0.937,0.2162,NORMAL,0
2024-06-01,Native_Ads,BR,1343,100,18,0.0183,0.0745,0.0834,0.945,0.18,NORMAL,0
2024-06-01,Native_Ads,CA,486,32,8,0.0218,0.0658,0.0514,0.944,0.25,NORMAL,0
2024-06-01,Native_Ads,DE,1060,55,15,0.0216,0.0519,0.0632,0.95,0.2727,NORMAL,0
2024-06-01,Native_Ads,IN,399,25,5,0.0253,0.0627,0.0476,0.941,0.2,NORMAL,0
2024-06-01,Native_Ads,NG,492,38,9,0.0161,0.0772,0.0325,0.941,0.2368,NORMAL,0
2024-06-01,Native_Ads,PL,923,71,17,0.0248,0.0769,0.0672,0.941,0.2394,NORMAL,0
2024-06-01,Push_Network,AU,1347,55,8,0.029,0.0408,0.0958,0.855,0.1455,NORMAL,0
2024-06-01,Push_Network,BR,1041,52,5,0.014,0.05,0.1479,0.866,0.0962,HIGH_FRAUD_RATE,1
2024-06-01,Push_Network,CA,562,29,3,0.025,0.0516,0.1423,0.858,0.1034,HIGH_FRAUD_RATE,1
2024-06-01,Push_Network,DE,954,38,5,0.0111,0.0398,0.0933,0.881,0.1316,NORMAL,0
2024-06-01,Push_Network,IN,769,43,4,0.0215,0.0559,0.1443,0.87,0.093,HIGH_FRAUD_RATE,1
2024-06-01,Push_Network,NG,396,19,2,0.0142,0.048,0.1364,0.844,0.1053,HIGH_FRAUD_RATE,1
2024-06-01,Push_Network,PL,642,24,2,0.0174,0.0374,0.1464,0.847,0.0833,HIGH_FRAUD_RATE,1
2024-06-01,TikTok,AU,275,14,1,0.0235,0.0509,0.0655,0.904,0.0714,NORMAL,0
2024-06-01,TikTok,BR,1263,57,6,0.0142,0.0451,0.0451,0.92,0.1053,NORMAL,0
2024-06-01,TikTok,CA,1169,54,9,0.0347,0.0462,0.1078,0.931,0.1667,HIGH_FRAUD_RATE,1
2024-06-01,TikTok,DE,465,29,4,0.0271,0.0624,0.1183,0.932,0.1379,HIGH_FRAUD_RATE,1
2024-06-01,TikTok,IN,1655,109,17,0.0107,0.0659,0.0483,0.909,0.156,NORMAL,0
2024-06-01,TikTok,NG,310,17,2,0.0238,0.0548,0.1032,0.912,0.1176,HIGH_FRAUD_RATE,1
2024-06-01,TikTok,PL,615,40,4,0.0213,0.065,0.1138,0.913,0.1,HIGH_FRAUD_RATE,1
2024-06-02,Affiliate_SEO,AU,660,143,45,0.0213,0.2167,0.0167,0.979,0.3147,NORMAL,0
2024-06-02,Affiliate_SEO,BR,107,21,6,0.0173,0.1963,0.0093,0.981,0.2857,NORMAL,0
2024-06-02,Affiliate_SEO,CA,842,144,51,0.0256,0.171,0.0107,0.983,0.3542,NORMAL,0
2024-06-02,Affiliate_SEO,DE,388,94,42,0.0241,0.2423,0.0284,0.979,0.4468,NORMAL,0
2024-06-02,Affiliate_SEO,IN,135,27,9,0.0232,0.2,0.0222,0.979,0.3333,NORMAL,0
2024-06-02,Affiliate_SEO,NG,41,7,2,0.0135,0.1707,0.0,0.98,0.2857,NORMAL,0
2024-06-02,Affiliate_SEO,PL,1309,250,93,0.0227,0.191,0.0237,0.983,0.372,NORMAL,0
2024-06-02,Facebook,AU,266,22,4,0.0217,0.0827,0.0414,0.97,0.1818,NORMAL,0
2024-06-02,Facebook,BR,1187,106,34,0.045,0.0893,0.0371,0.973,0.3208,NORMAL,0
2024-06-02,Facebook,CA,1222,137,32,0.0344,0.1121,0.036,0.965,0.2336,NORMAL,0
2024-06-02,Facebook,DE,1622,167,40,0.0476,0.103,0.0259,0.971,0.2395,NORMAL,0
2024-06-02,Facebook,IN,814,64,20,0.0312,0.0786,0.0172,0.975,0.3125,NORMAL,0
2024-06-02,Facebook,NG,831,62,11,0.0248,0.0746,0.0229,0.967,0.1774,NORMAL,0
2024-06-02,Facebook,PL,656,39,8,0.0265,0.0595,0.0213,0.966,0.2051,NORMAL,0
2024-06-02,Google_Search,AU,1733,181,60,0.0541,0.1044,0.011,0.989,0.3315,NORMAL,0
2024-06-02,Google_Search,BR,1107,257,63,0.0371,0.2322,0.0099,0.989,0.2451,NORMAL,0
2024-06-02,Google_Search,CA,2985,500,126,0.0422,0.1675,0.007,0.991,0.252,NORMAL,0
2024-06-02,Google_Search,DE,543,76,17,0.0265,0.14,0.0074,0.991,0.2237,NORMAL,0
2024-06-02,Google_Search,IN,924,187,40,0.045,0.2024,0.0087,0.988,0.2139,NORMAL,0
2024-06-02,Google_Search,NG,1091,169,37,0.0277,0.1549,0.0082,0.991,0.2189,NORMAL,0
2024-06-02,Google_Search,PL,1078,147,46,0.0424,0.1364,0.0111,0.992,0.3129,NORMAL,0
2024-06-02,Native_Ads,AU,402,29,4,0.0137,0.0721,0.0423,0.938,0.1379,NORMAL,0
2024-06-02,Native_Ads,BR,561,39,6,0.0241,0.0695,0.0535,0.951,0.1538,NORMAL,0
2024-06-02,Native_Ads,CA,303,27,5,0.0187,0.0891,0.0462,0.942,0.1852,NORMAL,0
2024-06-02,Native_Ads,DE,736,50,11,0.0158,0.0679,0.0476,0.941,0.22,NORMAL,0
2024-06-02,Native_Ads,IN,843,33,3,0.0253,0.0391,0.0688,0.947,0.0909,NORMAL,0
2024-06-02,Native_Ads,NG,593,41,7,0.0202,0.0691,0.0641,0.937,0.1707,NORMAL,0
2024-06-02,Native_Ads,PL,403,21,5,0.0206,0.0521,0.0521,0.941,0.2381,NORMAL,0
2024-06-02,Push_Network,AU,378,12,1,0.0266,0.0317,0.1825,0.872,0.0833,HIGH_FRAUD_RATE,1
2024-06-02,Push_Network,BR,91,3,0,0.0131,0.033,0.1978,0.841,0.0,HIGH_FRAUD_RATE,1
2024-06-02,Push_Network,CA,159,7,0,0.005,0.044,0.1321,0.847,0.0,HIGH_FRAUD_RATE,1
2024-06-02,Push_Network,DE,530,28,3,0.0257,0.0528,0.1736,0.856,0.1071,HIGH_FRAUD_RATE,1
2024-06-02,Push_Network,IN,537,21,3,0.0206,0.0391,0.1453,0.837,0.1429,HIGH_FRAUD_RATE,1
2024-06-02,Push_Network,NG,1370,40,6,0.0294,0.0292,0.1854,0.853,0.15,HIGH_FRAUD_RATE,1
2024-06-02,Push_Network,PL,257,8,0,0.0304,0.0311,0.1634,0.836,0.0,HIGH_FRAUD_RATE,1
2024-06-02,TikTok,AU,741,51,6,0.0281,0.0688,0.0459,0.929,0.1176,NORMAL,0
2024-06-02,TikTok,BR,490,32,5,0.0189,0.0653,0.0633,0.913,0.1562,NORMAL,0
2024-06-02,TikTok,CA,880,50,6,0.0206,0.0568,0.0943,0.904,0.12,NORMAL,0
2024-06-02,TikTok,DE,1961,134,16,0.0277,0.0683,0.052,0.935,0.1194,NORMAL,0
2024-06-02,TikTok,IN,197,9,1,0.0152,0.0457,0.1066,0.91,0.1111,HIGH_FRAUD_RATE,1
2024-06-02,TikTok,NG,1271,49,6,0.038,0.0386,0.0803,0.917,0.1224,NORMAL,0
2024-06-02,TikTok,PL,225,6,1,0.0124,0.0267,0.0578,0.904,0.1667,NORMAL,0
2024-06-03,Affiliate_SEO,AU,849,217,55,0.0181,0.2556,0.0294,0.982,0.2535,NORMAL,0
2024-06-03,Affiliate_SEO,BR,75,17,6,0.0197,0.2267,0.0133,0.976,0.3529,NORMAL,0
2024-06-03,Affiliate_SEO,CA,304,42,19,0.023,0.1382,0.0099,0.979,0.4524,NORMAL,0
2024-06-03,Affiliate_SEO,DE,439,84,20,0.0111,0.1913,0.0114,0.977,0.2381,NORMAL,0
2024-06-03,Affiliate_SEO,IN,39,9,4,0.0057,0.2308,0.0,0.978,0.4444,NORMAL,0
2024-06-03,Affiliate_SEO,NG,24,5,1,0.0108,0.2083,0.0,0.98,0.2,NORMAL,0
2024-06-03,Affiliate_SEO,PL,94,18,4,0.0147,0.1915,0.0106,0.979,0.2222,NORMAL,0
2024-06-03,Facebook,AU,1328,122,25,0.0412,0.0919,0.0158,0.968,0.2049,NORMAL,0
2024-06-03,Facebook,BR,748,67,19,0.0303,0.0896,0.0374,0.97,0.2836,NORMAL,0
2024-06-03,Facebook,CA,687,42,11,0.0291,0.0611,0.0262,0.975,0.2619,NORMAL,0
2024-06-03,Facebook,DE,1607,117,22,0.041,0.0728,0.0417,0.968,0.188,NORMAL,0
2024-06-03,Facebook,IN,520,44,11,0.0423,0.0846,0.0308,0.965,0.25,NORMAL,0
2024-06-03,Facebook,NG,426,45,8,0.0222,0.1056,0.0141,0.974,0.1778,NORMAL,0
2024-06-03,Facebook,PL,1371,95,19,0.0347,0.0693,0.0343,0.976,0.2,NORMAL,0
2024-06-03,Google_Search,AU,407,47,16,0.022,0.1155,0.0049,0.988,0.3404,NORMAL,0
2024-06-03,Google_Search,BR,2051,302,101,0.0311,0.1472,0.0117,0.99,0.3344,NORMAL,0
2024-06-03,Google_Search,CA,838,97,20,0.0262,0.1158,0.0131,0.99,0.2062,NORMAL,0
2024-06-03,Google_Search,DE,3349,494,129,0.0456,0.1475,0.009,0.992,0.2611,NORMAL,0
2024-06-03,Google_Search,IN,2109,287,82,0.0518,0.1361,0.009,0.988,0.2857,NORMAL,0
2024-06-03,Google_Search,NG,382,43,15,0.0375,0.1126,0.0105,0.992,0.3488,NORMAL,0
2024-06-03,Google_Search,PL,586,110,35,0.0343,0.1877,0.0119,0.989,0.3182,NORMAL,0
2024-06-03,Native_Ads,AU,228,13,2,0.0111,0.057,0.0263,0.945,0.1538,NORMAL,0
2024-06-03,Native_Ads,BR,368,27,6,0.0293,0.0734,0.0299,0.932,0.2222,NORMAL,0
2024-06-03,Native_Ads,CA,291,25,5,0.0103,0.0859,0.0344,0.934,0.2,NORMAL,0
2024-06-03,Native_Ads,DE,292,18,3,0.0124,0.0616,0.0342,0.937,0.1667,NORMAL,0
2024-06-03,Native_Ads,IN,270,22,4,0.0252,0.0815,0.0296,0.934,0.1818,NORMAL,0
2024-06-03,Native_Ads,NG,278,18,3,0.0227,0.0647,0.0755,0.938,0.1667,NORMAL,0
2024-06-03,Native_Ads,PL,270,20,4,0.0252,0.0741,0.0852,0.945,0.2,NORMAL,0
2024-06-03,Push_Network,AU,873,29,3,0.0259,0.0332,0.079,0.84,0.1034,NORMAL,0
2024-06-03,Push_Network,BR,599,22,2,0.0192,0.0367,0.2003,0.858,0.0909,HIGH_FRAUD_RATE,1
2024-06-03,Push_Network,CA,294,11,1,0.0111,0.0374,0.1769,0.869,0.0909,HIGH_FRAUD_RATE,1
2024-06-03,Push_Network,DE,257,13,1,0.008,0.0506,0.1595,0.869,0.0769,HIGH_FRAUD_RATE,1
2024-06-03,Push_Network,IN,584,20,3,0.0191,0.0342,0.2055,0.888,0.15,HIGH_FRAUD_RATE,1
2024-06-03,Push_Network,NG,249,8,0,0.0289,0.0321,0.1004,0.84,0.0,HIGH_FRAUD_RATE,1
2024-06-03,Push_Network,PL,1522,65,7,0.0291,0.0427,0.1531,0.844,0.1077,HIGH_FRAUD_RATE,1
2024-06-03,TikTok,AU,340,13,2,0.0179,0.0382,0.1147,0.934,0.1538,HIGH_FRAUD_RATE,1
2024-06-03,TikTok,BR,517,37,6,0.0177,0.0716,0.1161,0.908,0.1622,HIGH_FRAUD_RATE,1
2024-06-03,TikTok,CA,483,20,2,0.0351,0.0414,0.0766,0.921,0.1,NORMAL,0
2024-06-03,TikTok,DE,196,10,1,0.0168,0.051,0.1122,0.919,0.1,HIGH_FRAUD_RATE,1
2024-06-03,TikTok,IN,347,23,4,0.0179,0.0663,0.0893,0.91,0.1739,NORMAL,0
2024-06-03,TikTok,NG,370,22,3,0.0194,0.0595,0.0432,0.909,0.1364,NORMAL,0
2024-06-03,TikTok,PL,447,30,7,0.0318,0.0671,0.0649,0.914,0.2333,NORMAL,0
2024-06-04,Affiliate_SEO,AU,183,42,17,0.0209,0.2295,0.0164,0.983,0.4048,NORMAL,0
2024-06-04,Affiliate_SEO,BR,706,163,72,0.0196,0.2309,0.0241,0.979,0.4417,NORMAL,0
2024-06-04,Affiliate_SEO,CA,472,91,22,0.0234,0.1928,0.0275,0.982,0.2418,NORMAL,0
2024-06-04,Affiliate_SEO,DE,514,108,38,0.0155,0.2101,0.0233,0.979,0.3519,NORMAL,0
2024-06-04,Affiliate_SEO,IN,96,22,5,0.0113,0.2292,0.0208,0.979,0.2273,NORMAL,0
2024-06-04,Affiliate_SEO,NG,82,21,7,0.0284,0.2561,0.0122,0.977,0.3333,NORMAL,0
2024-06-04,Affiliate_SEO,PL,285,70,24,0.0153,0.2456,0.0211,0.98,0.3429,NORMAL,0
2024-06-04,Facebook,AU,1291,81,17,0.0318,0.0627,0.0194,0.969,0.2099,NORMAL,0
2024-06-04,Facebook,BR,760,66,21,0.0443,0.0868,0.0237,0.964,0.3182,NORMAL,0
2024-06-04,Facebook,CA,877,44,10,0.041,0.0502,0.0228,0.97,0.2273,NORMAL,0
2024-06-04,Facebook,DE,542,49,8,0.0251,0.0904,0.0295,0.975,0.1633,NORMAL,0
2024-06-04,Facebook,IN,2191,255,65,0.04,0.1164,0.0196,0.964,0.2549,NORMAL,0
2024-06-04,Facebook,NG,517,35,6,0.0353,0.0677,0.0271,0.975,0.1714,NORMAL,0
2024-06-04,Facebook,PL,349,35,11,0.0205,0.1003,0.0172,0.967,0.3143,NORMAL,0
2024-06-04,Google_Search,AU,531,55,15,0.0459,0.1036,0.0075,0.99,0.2727,NORMAL,0
2024-06-04,Google_Search,BR,623,47,10,0.0254,0.0754,0.0096,0.99,0.2128,NORMAL,0
2024-06-04,Google_Search,CA,313,52,8,0.0358,0.1661,0.0128,0.992,0.1538,NORMAL,0
2024-06-04,Google_Search,DE,970,133,47,0.0457,0.1371,0.0124,0.989,0.3534,NORMAL,0
2024-06-04,Google_Search,IN,935,197,71,0.0319,0.2107,0.0139,0.989,0.3604,NORMAL,0
2024-06-04,Google_Search,NG,369,72,20,0.0368,0.1951,0.0136,0.99,0.2778,NORMAL,0
2024-06-04,Google_Search,PL,507,66,10,0.0408,0.1302,0.0079,0.99,0.1515,NORMAL,0
2024-06-04,Native_Ads,AU,386,34,6,0.0221,0.0881,0.0725,0.94,0.1765,NORMAL,0
2024-06-04,Native_Ads,BR,404,29,4,0.0138,0.0718,0.0545,0.941,0.1379,NORMAL,0
2024-06-04,Native_Ads,CA,349,19,3,0.0122,0.0544,0.0344,0.933,0.1579,NORMAL,0
2024-06-04,Native_Ads,DE,272,25,4,0.0076,0.0919,0.0735,0.936,0.16,NORMAL,0
2024-06-04,Native_Ads,IN,209,11,1,0.0246,0.0526,0.0431,0.947,0.0909,NORMAL,0
2024-06-04,Native_Ads,NG,486,30,7,0.0186,0.0617,0.0864,0.935,0.2333,NORMAL,0
2024-06-04,Native_Ads,PL,286,28,4,0.0304,0.0979,0.0699,0.943,0.1429,NORMAL,0
2024-06-04,Push_Network,AU,923,29,3,0.0272,0.0314,0.2069,0.876,0.1034,HIGH_FRAUD_RATE,1
2024-06-04,Push_Network,BR,325,14,2,0.0226,0.0431,0.1785,0.853,0.1429,HIGH_FRAUD_RATE,1
2024-06-04,Push_Network,CA,687,23,2,0.0199,0.0335,0.0859,0.886,0.087,NORMAL,0
2024-06-04,Push_Network,DE,440,20,2,0.0269,0.0455,0.1386,0.842,0.1,HIGH_FRAUD_RATE,1
2024-06-04,Push_Network,IN,209,7,1,0.0067,0.0335,0.1627,0.838,0.1429,HIGH_FRAUD_RATE,1
2024-06-04,Push_Network,NG,638,26,2,0.0175,0.0408,0.1348,0.886,0.0769,HIGH_FRAUD_RATE,1
2024-06-04,Push_Network,PL,1058,48,6,0.0272,0.0454,0.1172,0.85,0.125,HIGH_FRAUD_RATE,1
2024-06-04,TikTok,AU,133,10,1,0.0138,0.0752,0.0902,0.925,0.1,NORMAL,0
2024-06-04,TikTok,BR,166,11,2,0.0195,0.0663,0.0422,0.936,0.1818,NORMAL,0
2024-06-04,TikTok,CA,370,23,4,0.0246,0.0622,0.1108,0.933,0.1739,HIGH_FRAUD_RATE,1
2024-06-04,TikTok,DE,663,56,6,0.0176,0.0845,0.0724,0.907,0.1071,NORMAL,0
2024-06-04,TikTok,IN,776,52,8,0.0209,0.067,0.0799,0.928,0.1538,NORMAL,0
2024-06-04,TikTok,NG,145,8,1,0.01,0.0552,0.0552,0.928,0.125,NORMAL,0
2024-06-04,TikTok,PL,371,20,3,0.0245,0.0539,0.1024,0.918,0.15,HIGH_FRAUD_RATE,1
2024-06-05,Affiliate_SEO,AU,455,156,51,0.0233,0.3429,0.022,0.981,0.3269,NORMAL,0
2024-06-05,Affiliate_SEO,BR,79,22,7,0.0142,0.2785,0.0127,0.981,0.3182,NORMAL,0
2024-06-05,Affiliate_SEO,CA,262,47,11,0.0189,0.1794,0.0153,0.984,0.234,NORMAL,0
2024-06-05,Affiliate_SEO,DE,444,95,32,0.0199,0.214,0.0158,0.984,0.3368,NORMAL,0
2024-06-05,Affiliate_SEO,IN,89,21,7,0.0248,0.236,0.0225,0.977,0.3333,NORMAL,0
2024-06-05,Affiliate_SEO,NG,40,9,3,0.0227,0.225,0.0,0.981,0.3333,NORMAL,0
2024-06-05,Affiliate_SEO,PL,105,29,8,0.0169,0.2762,0.019,0.976,0.2759,NORMAL,0
2024-06-05,Facebook,AU,381,35,10,0.0296,0.0919,0.0341,0.969,0.2857,NORMAL,0
2024-06-05,Facebook,BR,1614,185,45,0.034,0.1146,0.031,0.967,0.2432,NORMAL,0
2024-06-05,Facebook,CA,408,38,7,0.0264,0.0931,0.0172,0.973,0.1842,NORMAL,0
2024-06-05,Facebook,DE,762,76,14,0.0349,0.0997,0.0236,0.969,0.1842,NORMAL,0
2024-06-05,Facebook,IN,416,28,7,0.0294,0.0673,0.0385,0.966,0.25,NORMAL,0
2024-06-05,Facebook,NG,904,68,14,0.0399,0.0752,0.0354,0.968,0.2059,NORMAL,0
2024-06-05,Facebook,PL,1775,121,26,0.0537,0.0682,0.0265,0.974,0.2149,NORMAL,0
2024-06-05,Google_Search,AU,2513,500,155,0.0322,0.199,0.0115,0.99,0.31,NORMAL,0
2024-06-05,Google_Search,BR,651,77,26,0.0447,0.1183,0.0108,0.991,0.3377,NORMAL,0
2024-06-05,Google_Search,CA,567,93,28,0.0127,0.164,0.0035,0.99,0.3011,NORMAL,0
2024-06-05,Google_Search,DE,699,84,23,0.0344,0.1202,0.0129,0.99,0.2738,NORMAL,0
2024-06-05,Google_Search,IN,589,83,21,0.0363,0.1409,0.0102,0.991,0.253,NORMAL,0
2024-06-05,Google_Search,NG,1432,114,25,0.032,0.0796,0.0077,0.99,0.2193,NORMAL,0
2024-06-05,Google_Search,PL,921,130,52,0.0368,0.1412,0.0054,0.991,0.4,NORMAL,0
2024-06-05,Native_Ads,AU,1168,85,15,0.0145,0.0728,0.0848,0.947,0.1765,NORMAL,0
2024-06-05,Native_Ads,BR,753,48,12,0.0266,0.0637,0.0465,0.93,0.25,NORMAL,0
2024-06-05,Native_Ads,CA,524,41,9,0.0197,0.0782,0.0802,0.934,0.2195,NORMAL,0
2024-06-05,Native_Ads,DE,277,17,3,0.0263,0.0614,0.0542,0.935,0.1765,NORMAL,0
2024-06-05,Native_Ads,IN,505,38,7,0.0149,0.0752,0.0475,0.946,0.1842,NORMAL,0
2024-06-05,Native_Ads,NG,522,34,7,0.0181,0.0651,0.0326,0.945,0.2059,NORMAL,0
2024-06-05,Native_Ads,PL,429,36,4,0.0141,0.0839,0.0583,0.932,0.1111,NORMAL,0
2024-06-05,Push_Network,AU,472,20,1,0.0162,0.0424,0.0742,0.879,0.05,NORMAL,0
2024-06-05,Push_Network,BR,722,20,2,0.0237,0.0277,0.1537,0.848,0.1,HIGH_FRAUD_RATE,1
2024-06-05,Push_Network,CA,1412,46,3,0.029,0.0326,0.0765,0.854,0.0652,NORMAL,0
2024-06-05,Push_Network,DE,917,42,7,0.0173,0.0458,0.1559,0.879,0.1667,HIGH_FRAUD_RATE,1
2024-06-05,Push_Network,IN,728,27,2,0.0202,0.0371,0.1662,0.865,0.0741,HIGH_FRAUD_RATE,1
2024-06-05,Push_Network,NG,362,15,1,0.0062,0.0414,0.0856,0.857,0.0667,NORMAL,0
2024-06-05,Push_Network,PL,387,23,3,0.0226,0.0594,0.155,0.882,0.1304,HIGH_FRAUD_RATE,1
2024-06-05,TikTok,AU,527,30,4,0.0213,0.0569,0.1082,0.907,0.1333,HIGH_FRAUD_RATE,1
2024-06-05,TikTok,BR,412,30,4,0.0201,0.0728,0.0704,0.926,0.1333,NORMAL,0
2024-06-05,TikTok,CA,779,57,10,0.0343,0.0732,0.0629,0.914,0.1754,NORMAL,0
2024-06-05,TikTok,DE,278,17,2,0.018,0.0612,0.0935,0.921,0.1176,NORMAL,0
2024-06-05,TikTok,IN,301,18,1,0.0118,0.0598,0.0864,0.925,0.0556,NORMAL,0
2024-06-05,TikTok,NG,537,27,3,0.0202,0.0503,0.0652,0.908,0.1111,NORMAL,0
2024-06-05,TikTok,PL,792,47,5,0.0313,0.0593,0.072,0.906,0.1064,NORMAL,0
2024-06-06,Affiliate_SEO,AU,418,58,21,0.0177,0.1388,0.0239,0.977,0.3621,NORMAL,0
2024-06-06,Affiliate_SEO,BR,152,39,15,0.0149,0.2566,0.0066,0.981,0.3846,NORMAL,0
2024-06-06,Affiliate_SEO,CA,160,43,16,0.0137,0.2687,0.025,0.982,0.3721,NORMAL,0
2024-06-06,Affiliate_SEO,DE,289,49,19,0.02,0.1696,0.0138,0.979,0.3878,NORMAL,0
2024-06-06,Affiliate_SEO,IN,231,48,16,0.0272,0.2078,0.0173,0.983,0.3333,NORMAL,0
2024-06-06,Affiliate_SEO,NG,21,2,0,0.008,0.0952,0.0,0.978,0.0,NORMAL,0
2024-06-06,Affiliate_SEO,PL,277,44,9,0.023,0.1588,0.0217,0.976,0.2045,NORMAL,0
2024-06-06,Facebook,AU,1213,118,24,0.0459,0.0973,0.0313,0.974,0.2034,NORMAL,0
2024-06-06,Facebook,BR,504,48,12,0.0244,0.0952,0.0218,0.97,0.25,NORMAL,0
2024-06-06,Facebook,CA,1008,79,23,0.0416,0.0784,0.0248,0.975,0.2911,NORMAL,0
2024-06-06,Facebook,DE,1568,137,41,0.037,0.0874,0.021,0.973,0.2993,NORMAL,0
2024-06-06,Facebook,IN,1021,64,17,0.0364,0.0627,0.0382,0.97,0.2656,NORMAL,0
2024-06-06,Facebook,NG,707,74,16,0.0488,0.1047,0.0354,0.969,0.2162,NORMAL,0
2024-06-06,Facebook,PL,656,81,23,0.0306,0.1235,0.0198,0.969,0.284,NORMAL,0
2024-06-06,Google_Search,AU,630,69,19,0.0338,0.1095,0.0048,0.992,0.2754,NORMAL,0
2024-06-06,Google_Search,BR,1344,179,61,0.0431,0.1332,0.0134,0.99,0.3408,NORMAL,0
2024-06-06,Google_Search,CA,578,83,27,0.0372,0.1436,0.0121,0.989,0.3253,NORMAL,0
2024-06-06,Google_Search,DE,1422,187,61,0.0312,0.1315,0.0049,0.991,0.3262,NORMAL,0
2024-06-06,Google_Search,IN,949,113,37,0.0341,0.1191,0.0137,0.988,0.3274,NORMAL,0
2024-06-06,Google_Search,NG,804,92,25,0.0403,0.1144,0.0075,0.989,0.2717,NORMAL,0
2024-06-06,Google_Search,PL,1101,162,46,0.0517,0.1471,0.0145,0.991,0.284,NORMAL,0
2024-06-06,Native_Ads,AU,285,15,3,0.0152,0.0526,0.0667,0.952,0.2,NORMAL,0
2024-06-06,Native_Ads,BR,737,61,7,0.0211,0.0828,0.0353,0.95,0.1148,NORMAL,0
2024-06-06,Native_Ads,CA,148,9,1,0.015,0.0608,0.0676,0.936,0.1111,NORMAL,0
2024-06-06,Native_Ads,DE,362,34,8,0.0229,0.0939,0.0552,0.936,0.2353,NORMAL,0
2024-06-06,Native_Ads,IN,585,33,5,0.0218,0.0564,0.0735,0.935,0.1515,NORMAL,0
2024-06-06,Native_Ads,NG,655,51,8,0.0195,0.0779,0.0626,0.951,0.1569,NORMAL,0
2024-06-06,Native_Ads,PL,125,6,0,0.0123,0.048,0.048,0.937,0.0,NORMAL,0
2024-06-06,Push_Network,AU,479,11,1,0.0117,0.023,0.1962,0.885,0.0909,HIGH_FRAUD_RATE,1
2024-06-06,Push_Network,BR,427,26,2,0.0235,0.0609,0.1991,0.857,0.0769,HIGH_FRAUD_RATE,1
2024-06-06,Push_Network,CA,776,23,2,0.0119,0.0296,0.2062,0.852,0.087,HIGH_FRAUD_RATE,1
2024-06-06,Push_Network,DE,562,16,1,0.0249,0.0285,0.1601,0.854,0.0625,HIGH_FRAUD_RATE,1
2024-06-06,Push_Network,IN,393,17,2,0.0182,0.0433,0.1883,0.856,0.1176,HIGH_FRAUD_RATE,1
2024-06-06,Push_Network,NG,173,6,0,0.0196,0.0347,0.1965,0.853,0.0,HIGH_FRAUD_RATE,1
2024-06-06,Push_Network,PL,585,28,3,0.0276,0.0479,0.0838,0.861,0.1071,NORMAL,0
2024-06-06,TikTok,AU,223,15,2,0.0156,0.0673,0.0807,0.933,0.1333,NORMAL,0
2024-06-06,TikTok,BR,667,44,9,0.0247,0.066,0.087,0.904,0.2045,NORMAL,0
2024-06-06,TikTok,CA,494,30,7,0.0262,0.0607,0.0526,0.926,0.2333,NORMAL,0
2024-06-06,TikTok,DE,379,18,2,0.0198,0.0475,0.0792,0.919,0.1111,NORMAL,0
2024-06-06,TikTok,IN,510,35,6,0.0189,0.0686,0.1176,0.915,0.1714,HIGH_FRAUD_RATE,1
2024-06-06,TikTok,NG,683,34,4,0.0248,0.0498,0.0425,0.932,0.1176,NORMAL,0
2024-06-06,TikTok,PL,159,7,0,0.0147,0.044,0.1069,0.931,0.0,HIGH_FRAUD_RATE,1
2024-06-07,Affiliate_SEO,AU,895,263,101,0.023,0.2939,0.019,0.982,0.384,NORMAL,0
2024-06-07,Affiliate_SEO,BR,99,19,7,0.0146,0.1919,0.0101,0.976,0.3684,NORMAL,0
2024-06-07,Affiliate_SEO,CA,245,41,18,0.0274,0.1673,0.0082,0.983,0.439,NORMAL,0
2024-06-07,Affiliate_SEO,DE,490,111,43,0.0242,0.2265,0.0204,0.983,0.3874,NORMAL,0
2024-06-07,Affiliate_SEO,IN,55,9,3,0.0307,0.1636,0.0,0.977,0.3333,NORMAL,0
2024-06-07,Affiliate_SEO,NG,22,4,1,0.0167,0.1818,0.0,0.979,0.25,NORMAL,0
2024-06-07,Affiliate_SEO,PL,150,31,9,0.0134,0.2067,0.0067,0.977,0.2903,NORMAL,0
2024-06-07,Facebook,AU,455,49,10,0.0241,0.1077,0.0374,0.97,0.2041,NORMAL,0
2024-06-07,Facebook,BR,845,75,20,0.0484,0.0888,0.0225,0.974,0.2667,NORMAL,0
2024-06-07,Facebook,CA,350,25,7,0.0243,0.0714,0.0229,0.966,0.28,NORMAL,0
2024-06-07,Facebook,DE,371,39,9,0.0383,0.1051,0.0243,0.972,0.2308,NORMAL,0
2024-06-07,Facebook,IN,764,81,15,0.0371,0.106,0.0236,0.969,0.1852,NORMAL,0
2024-06-07,Facebook,NG,472,51,14,0.0275,0.1081,0.0318,0.969,0.2745,NORMAL,0
2024-06-07,Facebook,PL,560,47,10,0.0437,0.0839,0.0179,0.968,0.2128,NORMAL,0
2024-06-07,Google_Search,AU,477,93,32,0.0223,0.195,0.0063,0.989,0.3441,NORMAL,0
2024-06-07,Google_Search,BR,943,178,52,0.0552,0.1888,0.0138,0.99,0.2921,NORMAL,0
2024-06-07,Google_Search,CA,1064,113,30,0.0336,0.1062,0.0066,0.99,0.2655,NORMAL,0
2024-06-07,Google_Search,DE,905,145,55,0.0254,0.1602,0.0055,0.989,0.3793,NORMAL,0
2024-06-07,Google_Search,IN,787,108,27,0.0285,0.1372,0.0089,0.99,0.25,NORMAL,0
2024-06-07,Google_Search,NG,609,106,39,0.033,0.1741,0.0066,0.991,0.3679,NORMAL,0
2024-06-07,Google_Search,PL,648,87,24,0.0202,0.1343,0.0139,0.992,0.2759,NORMAL,0
2024-06-07,Native_Ads,AU,286,20,4,0.0316,0.0699,0.0839,0.939,0.2,NORMAL,0
2024-06-07,Native_Ads,BR,173,9,2,0.0194,0.052,0.0462,0.94,0.2222,NORMAL,0
2024-06-07,Native_Ads,CA,376,14,2,0.0148,0.0372,0.0851,0.942,0.1429,NORMAL,0
2024-06-07,Native_Ads,DE,473,34,9,0.0109,0.0719,0.0825,0.93,0.2647,NORMAL,0
2024-06-07,Native_Ads,IN,343,19,2,0.0262,0.0554,0.0787,0.937,0.1053,NORMAL,0
2024-06-07,Native_Ads,NG,244,15,3,0.0119,0.0615,0.0533,0.942,0.2,NORMAL,0
2024-06-07,Native_Ads,PL,360,32,8,0.0209,0.0889,0.0417,0.933,0.25,NORMAL,0
2024-06-07,Push_Network,AU,533,24,1,0.0213,0.045,0.1951,0.855,0.0417,HIGH_FRAUD_RATE,1
2024-06-07,Push_Network,BR,984,47,3,0.0192,0.0478,0.188,0.848,0.0638,HIGH_FRAUD_RATE,1
2024-06-07,Push_Network,CA,843,39,4,0.0249,0.0463,0.1661,0.837,0.1026,HIGH_FRAUD_RATE,1
2024-06-07,Push_Network,DE,657,23,2,0.0186,0.035,0.1583,0.869,0.087,HIGH_FRAUD_RATE,1
2024-06-07,Push_Network,IN,322,14,2,0.0068,0.0435,0.1025,0.833,0.1429,HIGH_FRAUD_RATE,1
2024-06-07,Push_Network,NG,231,7,0,0.0241,0.0303,0.1082,0.882,0.0,HIGH_FRAUD_RATE,1
2024-06-07,Push_Network,PL,311,7,0,0.0125,0.0225,0.1383,0.847,0.0,HIGH_FRAUD_RATE,1
2024-06-07,TikTok,AU,487,26,3,0.0341,0.0534,0.0986,0.933,0.1154,NORMAL,0
2024-06-07,TikTok,BR,866,55,10,0.0272,0.0635,0.045,0.916,0.1818,NORMAL,0
2024-06-07,TikTok,CA,1234,64,15,0.0216,0.0519,0.0948,0.911,0.2344,NORMAL,0
2024-06-07,TikTok,DE,624,36,4,0.0212,0.0577,0.0737,0.906,0.1111,NORMAL,0
2024-06-07,TikTok,IN,555,42,4,0.0189,0.0757,0.1135,0.923,0.0952,HIGH_FRAUD_RATE,1
2024-06-07,TikTok,NG,649,41,5,0.0291,0.0632,0.0616,0.919,0.122,NORMAL,0
2024-06-07,TikTok,PL,660,41,7,0.0294,0.0621,0.0727,0.933,0.1707,NORMAL,0
2024-06-08,Affiliate_SEO,AU,466,113,39,0.0127,0.2425,0.0236,0.976,0.3451,NORMAL,0
2024-06-08,Affiliate_SEO,BR,406,101,37,0.0262,0.2488,0.0296,0.976,0.3663,NORMAL,0
2024-06-08,Affiliate_SEO,CA,948,161,52,0.0199,0.1698,0.0179,0.981,0.323,NORMAL,0
2024-06-08,Affiliate_SEO,DE,560,97,40,0.0169,0.1732,0.0196,0.984,0.4124,NORMAL,0
2024-06-08,Affiliate_SEO,IN,39,8,3,0.0208,0.2051,0.0,0.983,0.375,NORMAL,0
2024-06-08,Affiliate_SEO,NG,23,5,2,0.0152,0.2174,0.0,0.977,0.4,NORMAL,0
2024-06-08,Affiliate_SEO,PL,593,151,38,0.0243,0.2546,0.0202,0.979,0.2517,NORMAL,0
2024-06-08,Facebook,AU,542,46,12,0.0289,0.0849,0.0203,0.965,0.2609,NORMAL,0
2024-06-08,Facebook,BR,1818,165,53,0.0213,0.0908,0.0154,0.971,0.3212,NORMAL,0
2024-06-08,Facebook,CA,898,79,21,0.0434,0.088,0.0334,0.967,0.2658,NORMAL,0
2024-06-08,Facebook,DE,1883,174,39,0.0448,0.0924,0.034,0.965,0.2241,NORMAL,0
2024-06-08,Facebook,IN,1253,97,27,0.0351,0.0774,0.0263,0.972,0.2784,NORMAL,0
2024-06-08,Facebook,NG,528,55,9,0.0338,0.1042,0.036,0.971,0.1636,NORMAL,0
2024-06-08,Facebook,PL,1020,70,16,0.0378,0.0686,0.0382,0.976,0.2286,NORMAL,0
2024-06-08,Google_Search,AU,936,187,55,0.0322,0.1998,0.0139,0.989,0.2941,NORMAL,0
2024-06-08,Google_Search,BR,802,132,43,0.0312,0.1646,0.01,0.989,0.3258,NORMAL,0
2024-06-08,Google_Search,CA,736,112,33,0.0322,0.1522,0.0109,0.991,0.2946,NORMAL,0
2024-06-08,Google_Search,DE,1117,117,39,0.049,0.1047,0.0098,0.988,0.3333,NORMAL,0
2024-06-08,Google_Search,IN,1334,237,79,0.0462,0.1777,0.0127,0.988,0.3333,NORMAL,0
2024-06-08,Google_Search,NG,553,87,19,0.0299,0.1573,0.0054,0.988,0.2184,NORMAL,0
2024-06-08,Google_Search,PL,1195,135,38,0.0426,0.113,0.0067,0.989,0.2815,NORMAL,0
2024-06-08,Native_Ads,AU,534,33,7,0.0208,0.0618,0.0861,0.948,0.2121,NORMAL,0
2024-06-08,Native_Ads,BR,426,18,4,0.0167,0.0423,0.0352,0.928,0.2222,NORMAL,0
2024-06-08,Native_Ads,CA,272,18,5,0.0086,0.0662,0.0368,0.93,0.2778,NORMAL,0
2024-06-08,Native_Ads,DE,312,24,4,0.0205,0.0769,0.0865,0.952,0.1667,NORMAL,0
2024-06-08,Native_Ads,IN,367,20,3,0.0189,0.0545,0.0572,0.946,0.15,NORMAL,0
2024-06-08,Native_Ads,NG,342,21,4,0.0136,0.0614,0.0848,0.945,0.1905,NORMAL,0
2024-06-08,Native_Ads,PL,248,18,4,0.0157,0.0726,0.0685,0.941,0.2222,NORMAL,0
2024-06-08,Push_Network,AU,846,29,3,0.0177,0.0343,0.1749,0.852,0.1034,HIGH_FRAUD_RATE,1
2024-06-08,Push_Network,BR,137,4,0,0.0192,0.0292,0.1168,0.877,0.0,HIGH_FRAUD_RATE,1
2024-06-08,Push_Network,CA,278,7,0,0.0118,0.0252,0.1043,0.865,0.0,HIGH_FRAUD_RATE,1
2024-06-08,Push_Network,DE,287,13,1,0.0077,0.0453,0.0767,0.877,0.0769,NORMAL,0
2024-06-08,Push_Network,IN,1122,56,7,0.0228,0.0499,0.1168,0.879,0.125,HIGH_FRAUD_RATE,1
2024-06-08,Push_Network,NG,479,16,2,0.0228,0.0334,0.1232,0.865,0.125,HIGH_FRAUD_RATE,1
2024-06-08,Push_Network,PL,1003,33,4,0.0212,0.0329,0.1486,0.881,0.1212,HIGH_FRAUD_RATE,1
2024-06-08,TikTok,AU,1023,68,10,0.024,0.0665,0.0469,0.93,0.1471,NORMAL,0
2024-06-08,TikTok,BR,821,59,4,0.022,0.0719,0.0548,0.929,0.0678,NORMAL,0
2024-06-08,TikTok,CA,347,20,2,0.0197,0.0576,0.072,0.927,0.1,NORMAL,0
2024-06-08,TikTok,DE,634,38,6,0.0246,0.0599,0.1167,0.908,0.1579,HIGH_FRAUD_RATE,1
2024-06-08,TikTok,IN,691,38,5,0.0244,0.055,0.1085,0.908,0.1316,HIGH_FRAUD_RATE,1
2024-06-08,TikTok,NG,929,90,18,0.0233,0.0969,0.0657,0.912,0.2,NORMAL,0
2024-06-08,TikTok,PL,464,26,5,0.0152,0.056,0.0991,0.909,0.1923,NORMAL,0
2024-06-09,Affiliate_SEO,AU,303,51,16,0.0234,0.1683,0.0132,0.978,0.3137,NORMAL,0
2024-06-09,Affiliate_SEO,BR,99,24,8,0.0191,0.2424,0.0101,0.982,0.3333,NORMAL,0
2024-06-09,Affiliate_SEO,CA,170,51,12,0.0113,0.3,0.0176,0.976,0.2353,NORMAL,0
2024-06-09,Affiliate_SEO,DE,739,160,67,0.0239,0.2165,0.023,0.977,0.4188,NORMAL,0
2024-06-09,Affiliate_SEO,IN,113,21,7,0.0219,0.1858,0.0177,0.977,0.3333,NORMAL,0
2024-06-09,Affiliate_SEO,NG,33,7,2,0.0177,0.2121,0.0,0.983,0.2857,NORMAL,0
2024-06-09,Affiliate_SEO,PL,256,43,11,0.0212,0.168,0.0156,0.984,0.2558,NORMAL,0
2024-06-09,Facebook,AU,484,46,9,0.0361,0.095,0.0207,0.968,0.1957,NORMAL,0
2024-06-09,Facebook,BR,402,43,6,0.0337,0.107,0.0323,0.967,0.1395,NORMAL,0
2024-06-09,Facebook,CA,968,77,20,0.0293,0.0795,0.0186,0.966,0.2597,NORMAL,0
2024-06-09,Facebook,DE,1061,122,18,0.0327,0.115,0.0189,0.969,0.1475,NORMAL,0
2024-06-09,Facebook,IN,1159,107,11,0.0354,0.0923,0.0155,0.974,0.1028,NORMAL,0
2024-06-09,Facebook,NG,367,27,5,0.0299,0.0736,0.0218,0.976,0.1852,NORMAL,0
2024-06-09,Facebook,PL,431,53,12,0.0256,0.123,0.0186,0.967,0.2264,NORMAL,0
2024-06-09,Google_Search,AU,446,65,19,0.0441,0.1457,0.0067,0.989,0.2923,NORMAL,0
2024-06-09,Google_Search,BR,795,162,43,0.0345,0.2038,0.0075,0.988,0.2654,NORMAL,0
2024-06-09,Google_Search,CA,633,61,20,0.0323,0.0964,0.0079,0.988,0.3279,NORMAL,0
2024-06-09,Google_Search,DE,429,60,16,0.0266,0.1399,0.0047,0.991,0.2667,NORMAL,0
2024-06-09,Google_Search,IN,1056,137,53,0.0405,0.1297,0.0123,0.991,0.3869,NORMAL,0
2024-06-09,Google_Search,NG,772,106,30,0.0426,0.1373,0.0078,0.991,0.283,NORMAL,0
2024-06-09,Google_Search,PL,2273,460,133,0.0397,0.2024,0.0088,0.99,0.2891,NORMAL,0
2024-06-09,Native_Ads,AU,553,45,6,0.02,0.0814,0.0615,0.938,0.1333,NORMAL,0
2024-06-09,Native_Ads,BR,974,59,12,0.025,0.0606,0.0873,0.936,0.2034,NORMAL,0
2024-06-09,Native_Ads,CA,617,42,7,0.0176,0.0681,0.0859,0.939,0.1667,NORMAL,0
2024-06-09,Native_Ads,DE,594,49,11,0.0306,0.0825,0.064,0.949,0.2245,NORMAL,0
2024-06-09,Native_Ads,IN,557,35,8,0.0249,0.0628,0.0718,0.937,0.2286,NORMAL,0
2024-06-09,Native_Ads,NG,425,31,4,0.0162,0.0729,0.0706,0.936,0.129,NORMAL,0
2024-06-09,Native_Ads,PL,713,30,8,0.0187,0.0421,0.0547,0.948,0.2667,NORMAL,0
2024-06-09,Push_Network,AU,831,41,4,0.0241,0.0493,0.1576,0.862,0.0976,HIGH_FRAUD_RATE,1
2024-06-09,Push_Network,BR,1001,39,5,0.0232,0.039,0.1239,0.871,0.1282,HIGH_FRAUD_RATE,1
2024-06-09,Push_Network,CA,813,28,3,0.0333,0.0344,0.1734,0.864,0.1071,HIGH_FRAUD_RATE,1
2024-06-09,Push_Network,DE,582,15,2,0.0188,0.0258,0.1409,0.847,0.1333,HIGH_FRAUD_RATE,1
2024-06-09,Push_Network,IN,558,23,2,0.0298,0.0412,0.1685,0.833,0.087,HIGH_FRAUD_RATE,1
2024-06-09,Push_Network,NG,716,31,3,0.0212,0.0433,0.0992,0.882,0.0968,NORMAL,0
2024-06-09,Push_Network,PL,160,3,0,0.0271,0.0187,0.1438,0.876,0.0,HIGH_FRAUD_RATE,1
2024-06-09,TikTok,AU,160,11,1,0.0202,0.0688,0.0812,0.916,0.0909,NORMAL,0
2024-06-09,TikTok,BR,537,35,6,0.026,0.0652,0.095,0.914,0.1714,NORMAL,0
2024-06-09,TikTok,CA,635,40,7,0.0282,0.063,0.0504,0.909,0.175,NORMAL,0
2024-06-09,TikTok,DE,844,55,11,0.0231,0.0652,0.1149,0.904,0.2,HIGH_FRAUD_RATE,1
2024-06-09,TikTok,IN,402,19,2,0.0241,0.0473,0.0821,0.929,0.1053,NORMAL,0
2024-06-09,TikTok,NG,520,28,6,0.0287,0.0538,0.0481,0.927,0.2143,NORMAL,0
2024-06-09,TikTok,PL,1091,60,4,0.0296,0.055,0.0422,0.912,0.0667,NORMAL,0
2024-06-10,Affiliate_SEO,AU,498,60,13,0.0253,0.1205,0.0221,0.983,0.2167,NORMAL,0
2024-06-10,Affiliate_SEO,BR,116,20,7,0.0179,0.1724,0.0172,0.976,0.35,NORMAL,0
2024-06-10,Affiliate_SEO,CA,1070,213,66,0.0249,0.1991,0.0112,0.979,0.3099,NORMAL,0
2024-06-10,Affiliate_SEO,DE,280,63,26,0.0222,0.225,0.0107,0.977,0.4127,NORMAL,0
2024-06-10,Affiliate_SEO,IN,154,22,6,0.0267,0.1429,0.013,0.98,0.2727,NORMAL,0
2024-06-10,Affiliate_SEO,NG,38,10,3,0.02,0.2632,0.0,0.981,0.3,NORMAL,0
2024-06-10,Affiliate_SEO,PL,380,96,41,0.0217,0.2526,0.0289,0.978,0.4271,NORMAL,0
2024-06-10,Facebook,AU,1665,154,27,0.0487,0.0925,0.0372,0.974,0.1753,NORMAL,0
2024-06-10,Facebook,BR,615,64,11,0.0352,0.1041,0.0211,0.965,0.1719,NORMAL,0
2024-06-10,Facebook,CA,846,70,15,0.0389,0.0827,0.0201,0.968,0.2143,NORMAL,0
2024-06-10,Facebook,DE,1882,213,59,0.0411,0.1132,0.0165,0.967,0.277,NORMAL,0
2024-06-10,Facebook,IN,413,42,10,0.0377,0.1017,0.0266,0.965,0.2381,NORMAL,0
2024-06-10,Facebook,NG,487,35,8,0.032,0.0719,0.0329,0.976,0.2286,NORMAL,0
2024-06-10,Facebook,PL,953,104,31,0.0441,0.1091,0.0189,0.975,0.2981,NORMAL,0
2024-06-10,Google_Search,AU,1298,207,73,0.0486,0.1595,0.0123,0.989,0.3527,NORMAL,0
2024-06-10,Google_Search,BR,495,63,13,0.0295,0.1273,0.0081,0.988,0.2063,NORMAL,0
2024-06-10,Google_Search,CA,1538,212,59,0.0395,0.1378,0.0078,0.989,0.2783,NORMAL,0
2024-06-10,Google_Search,DE,492,77,32,0.0331,0.1565,0.0081,0.992,0.4156,NORMAL,0
2024-06-10,Google_Search,IN,2159,472,161,0.0404,0.2186,0.0111,0.989,0.3411,NORMAL,0
2024-06-10,Google_Search,NG,847,127,36,0.0394,0.1499,0.0094,0.991,0.2835,NORMAL,0
2024-06-10,Google_Search,PL,2496,289,98,0.0302,0.1158,0.0076,0.989,0.3391,NORMAL,0
2024-06-10,Native_Ads,AU,565,41,6,0.0281,0.0726,0.0655,0.94,0.1463,NORMAL,0
2024-06-10,Native_Ads,BR,510,19,2,0.0215,0.0373,0.0294,0.94,0.1053,NORMAL,0
2024-06-10,Native_Ads,CA,903,81,15,0.0264,0.0897,0.0399,0.949,0.1852,NORMAL,0
2024-06-10,Native_Ads,DE,374,17,3,0.0201,0.0455,0.0401,0.949,0.1765,NORMAL,0
2024-06-10,Native_Ads,IN,966,63,12,0.0242,0.0652,0.0745,0.947,0.1905,NORMAL,0
2024-06-10,Native_Ads,NG,497,28,4,0.015,0.0563,0.0704,0.934,0.1429,NORMAL,0
2024-06-10,Native_Ads,PL,254,19,4,0.0263,0.0748,0.0512,0.949,0.2105,NORMAL,0
2024-06-10,Push_Network,AU,952,38,5,0.0226,0.0399,0.1176,0.876,0.1316,HIGH_FRAUD_RATE,1
2024-06-10,Push_Network,BR,193,8,1,0.0156,0.0415,0.1813,0.887,0.125,HIGH_FRAUD_RATE,1
2024-06-10,Push_Network,CA,1151,47,5,0.0283,0.0408,0.1251,0.839,0.1064,HIGH_FRAUD_RATE,1
2024-06-10,Push_Network,DE,334,14,2,0.0172,0.0419,0.0838,0.847,0.1429,NORMAL,0
2024-06-10,Push_Network,IN,444,12,1,0.0301,0.027,0.1644,0.875,0.0833,HIGH_FRAUD_RATE,1
2024-06-10,Push_Network,NG,628,26,3,0.0208,0.0414,0.1369,0.862,0.1154,HIGH_FRAUD_RATE,1
2024-06-10,Push_Network,PL,225,11,1,0.0076,0.0489,0.1067,0.846,0.0909,HIGH_FRAUD_RATE,1
2024-06-10,TikTok,AU,643,44,7,0.0203,0.0684,0.1182,0.907,0.1591,HIGH_FRAUD_RATE,1
2024-06-10,TikTok,BR,268,13,1,0.0178,0.0485,0.056,0.905,0.0769,NORMAL,0
2024-06-10,TikTok,CA,418,16,3,0.0299,0.0383,0.0455,0.92,0.1875,NORMAL,0
2024-06-10,TikTok,DE,332,26,4,0.0137,0.0783,0.0964,0.919,0.1538,NORMAL,0
2024-06-10,TikTok,IN,485,29,4,0.0189,0.0598,0.0887,0.917,0.1379,NORMAL,0
2024-06-10,TikTok,NG,1159,63,10,0.0317,0.0544,0.0483,0.917,0.1587,NORMAL,0
2024-06-10,TikTok,PL,388,22,4,0.0243,0.0567,0.0876,0.905,0.1818,NORMAL,0
2024-06-11,Affiliate_SEO,AU,800,165,51,0.0215,0.2062,0.0288,0.983,0.3091,NORMAL,0
2024-06-11,Affiliate_SEO,BR,56,14,4,0.0057,0.25,0.0,0.977,0.2857,NORMAL,0
2024-06-11,Affiliate_SEO,CA,116,17,7,0.0091,0.1466,0.0086,0.98,0.4118,NORMAL,0
2024-06-11,Affiliate_SEO,DE,518,95,41,0.0238,0.1834,0.0232,0.983,0.4316,NORMAL,0
2024-06-11,Affiliate_SEO,IN,104,22,8,0.0245,0.2115,0.0192,0.981,0.3636,NORMAL,0
2024-06-11,Affiliate_SEO,NG,40,6,2,0.0109,0.15,0.0,0.978,0.3333,NORMAL,0
2024-06-11,Affiliate_SEO,PL,306,100,17,0.0299,0.3268,0.0098,0.981,0.17,NORMAL,0
2024-06-11,Facebook,AU,838,85,18,0.0343,0.1014,0.0358,0.965,0.2118,NORMAL,0
2024-06-11,Facebook,BR,552,39,7,0.0236,0.0707,0.0163,0.973,0.1795,NORMAL,0
2024-06-11,Facebook,CA,551,71,15,0.0374,0.1289,0.0163,0.971,0.2113,NORMAL,0
2024-06-11,Facebook,DE,710,58,9,0.0392,0.0817,0.0408,0.966,0.1552,NORMAL,0
2024-06-11,Facebook,IN,1892,231,65,0.0433,0.1221,0.0291,0.974,0.2814,NORMAL,0
2024-06-11,Facebook,NG,777,75,26,0.0254,0.0965,0.0322,0.971,0.3467,NORMAL,0
2024-06-11,Facebook,PL,645,56,20,0.0303,0.0868,0.0264,0.972,0.3571,NORMAL,0
2024-06-11,Google_Search,AU,449,62,18,0.0379,0.1381,0.0045,0.992,0.2903,NORMAL,0
2024-06-11,Google_Search,BR,658,108,36,0.0463,0.1641,0.0061,0.99,0.3333,NORMAL,0
2024-06-11,Google_Search,CA,754,100,23,0.045,0.1326,0.0053,0.989,0.23,NORMAL,0
2024-06-11,Google_Search,DE,795,133,49,0.0425,0.1673,0.0063,0.989,0.3684,NORMAL,0
2024-06-11,Google_Search,IN,1048,215,61,0.0384,0.2052,0.0105,0.988,0.2837,NORMAL,0
2024-06-11,Google_Search,NG,383,54,13,0.0272,0.141,0.0104,0.991,0.2407,NORMAL,0
2024-06-11,Google_Search,PL,748,115,34,0.0317,0.1537,0.0134,0.991,0.2957,NORMAL,0
2024-06-11,Native_Ads,AU,210,13,2,0.0224,0.0619,0.0333,0.943,0.1538,NORMAL,0
2024-06-11,Native_Ads,BR,177,20,2,0.0155,0.113,0.0452,0.93,0.1,NORMAL,0
2024-06-11,Native_Ads,CA,164,8,1,0.0237,0.0488,0.0854,0.945,0.125,NORMAL,0
2024-06-11,Native_Ads,DE,2257,143,24,0.0222,0.0634,0.0598,0.929,0.1678,NORMAL,0
2024-06-11,Native_Ads,IN,298,17,3,0.0211,0.057,0.0403,0.948,0.1765,NORMAL,0
2024-06-11,Native_Ads,NG,650,28,6,0.0219,0.0431,0.0385,0.936,0.2143,NORMAL,0
2024-06-11,Native_Ads,PL,1723,151,41,0.0285,0.0876,0.0772,0.948,0.2715,NORMAL,0
2024-06-11,Push_Network,AU,236,12,1,0.0183,0.0508,0.1356,0.833,0.0833,HIGH_FRAUD_RATE,1
2024-06-11,Push_Network,BR,131,5,0,0.0234,0.0382,0.145,0.881,0.0,HIGH_FRAUD_RATE,1
2024-06-11,Push_Network,CA,603,28,3,0.0291,0.0464,0.1012,0.861,0.1071,HIGH_FRAUD_RATE,1
2024-06-11,Push_Network,DE,268,10,1,0.0131,0.0373,0.0821,0.836,0.1,NORMAL,0
2024-06-11,Push_Network,IN,360,12,1,0.013,0.0333,0.1944,0.841,0.0833,HIGH_FRAUD_RATE,1
2024-06-11,Push_Network,NG,304,10,0,0.0176,0.0329,0.1546,0.84,0.0,HIGH_FRAUD_RATE,1
2024-06-11,Push_Network,PL,407,12,1,0.0148,0.0295,0.1499,0.876,0.0833,HIGH_FRAUD_RATE,1
2024-06-11,TikTok,AU,353,24,4,0.0223,0.068,0.0963,0.93,0.1667,NORMAL,0
2024-06-11,TikTok,BR,220,16,2,0.0181,0.0727,0.0636,0.917,0.125,NORMAL,0
2024-06-11,TikTok,CA,1009,47,6,0.028,0.0466,0.0525,0.913,0.1277,NORMAL,0
2024-06-11,TikTok,DE,228,13,1,0.0187,0.057,0.0789,0.919,0.0769,NORMAL,0
2024-06-11,TikTok,IN,290,23,3,0.0186,0.0793,0.0966,0.935,0.1304,NORMAL,0
2024-06-11,TikTok,NG,581,33,5,0.0313,0.0568,0.0895,0.935,0.1515,NORMAL,0
2024-06-11,TikTok,PL,77,4,0,0.005,0.0519,0.0649,0.928,0.0,NORMAL,0
2024-06-12,Affiliate_SEO,AU,866,161,45,0.018,0.1859,0.0173,0.981,0.2795,NORMAL,0
2024-06-12,Affiliate_SEO,BR,218,41,16,0.0234,0.1881,0.0183,0.979,0.3902,NORMAL,0
2024-06-12,Affiliate_SEO,CA,805,150,59,0.0276,0.1863,0.0286,0.981,0.3933,NORMAL,0
2024-06-12,Affiliate_SEO,DE,509,102,35,0.0213,0.2004,0.0098,0.976,0.3431,NORMAL,0
2024-06-12,Affiliate_SEO,IN,59,10,2,0.0132,0.1695,0.0,0.982,0.2,NORMAL,0
2024-06-12,Affiliate_SEO,NG,18,3,0,0.0108,0.1667,0.0,0.978,0.0,NORMAL,0
2024-06-12,Affiliate_SEO,PL,147,39,11,0.0215,0.2653,0.0204,0.983,0.2821,NORMAL,0
2024-06-12,Facebook,AU,766,84,17,0.034,0.1097,0.0339,0.965,0.2024,NORMAL,0
2024-06-12,Facebook,BR,1551,168,40,0.0325,0.1083,0.0206,0.974,0.2381,NORMAL,0
2024-06-12,Facebook,CA,1420,100,26,0.039,0.0704,0.0261,0.972,0.26,NORMAL,0
2024-06-12,Facebook,DE,537,50,8,0.0305,0.0931,0.0223,0.97,0.16,NORMAL,0
2024-06-12,Facebook,IN,1038,105,29,0.0375,0.1012,0.0222,0.966,0.2762,NORMAL,0
2024-06-12,Facebook,NG,696,71,13,0.046,0.102,0.0287,0.965,0.1831,NORMAL,0
2024-06-12,Facebook,PL,538,60,13,0.0449,0.1115,0.0353,0.968,0.2167,NORMAL,0
2024-06-12,Google_Search,AU,256,40,9,0.0372,0.1562,0.0039,0.988,0.225,NORMAL,0
2024-06-12,Google_Search,BR,473,75,27,0.0298,0.1586,0.0085,0.988,0.36,NORMAL,0
2024-06-12,Google_Search,CA,1008,110,25,0.0349,0.1091,0.0069,0.991,0.2273,NORMAL,0
2024-06-12,Google_Search,DE,269,43,17,0.0188,0.1599,0.0074,0.989,0.3953,NORMAL,0
2024-06-12,Google_Search,IN,694,145,48,0.0351,0.2089,0.0058,0.99,0.331,NORMAL,0
2024-06-12,Google_Search,NG,838,143,44,0.0364,0.1706,0.0107,0.992,0.3077,NORMAL,0
2024-06-12,Google_Search,PL,157,20,5,0.0214,0.1274,0.0064,0.988,0.25,NORMAL,0
2024-06-12,Native_Ads,AU,1275,131,24,0.0225,0.1027,0.0855,0.929,0.1832,NORMAL,0
2024-06-12,Native_Ads,BR,261,16,3,0.0188,0.0613,0.0421,0.944,0.1875,NORMAL,0
2024-06-12,Native_Ads,CA,546,54,10,0.0182,0.0989,0.0751,0.935,0.1852,NORMAL,0
2024-06-12,Native_Ads,DE,528,37,8,0.0192,0.0701,0.0473,0.949,0.2162,NORMAL,0
2024-06-12,Native_Ads,IN,1003,79,17,0.0191,0.0788,0.0728,0.946,0.2152,NORMAL,0
2024-06-12,Native_Ads,NG,741,45,10,0.0223,0.0607,0.0445,0.93,0.2222,NORMAL,0
2024-06-12,Native_Ads,PL,423,29,4,0.0319,0.0686,0.0757,0.949,0.1379,NORMAL,0
2024-06-12,Push_Network,AU,206,9,0,0.0128,0.0437,0.0825,0.875,0.0,NORMAL,0
2024-06-12,Push_Network,BR,1731,86,9,0.0228,0.0497,0.1606,0.874,0.1047,HIGH_FRAUD_RATE,1
2024-06-12,Push_Network,CA,1016,36,5,0.0208,0.0354,0.1339,0.869,0.1389,HIGH_FRAUD_RATE,1
2024-06-12,Push_Network,DE,129,6,0,0.0069,0.0465,0.1008,0.838,0.0,HIGH_FRAUD_RATE,1
2024-06-12,Push_Network,IN,803,39,5,0.0182,0.0486,0.1694,0.838,0.1282,HIGH_FRAUD_RATE,1
2024-06-12,Push_Network,NG,305,11,1,0.0143,0.0361,0.0918,0.869,0.0909,NORMAL,0
2024-06-12,Push_Network,PL,387,14,2,0.0216,0.0362,0.1008,0.866,0.1429,HIGH_FRAUD_RATE,1
2024-06-12,TikTok,AU,374,18,2,0.0137,0.0481,0.0561,0.929,0.1111,NORMAL,0
2024-06-12,TikTok,BR,405,23,4,0.0243,0.0568,0.1012,0.922,0.1739,HIGH_FRAUD_RATE,1
2024-06-12,TikTok,CA,742,44,8,0.0246,0.0593,0.0822,0.918,0.1818,NORMAL,0
2024-06-12,TikTok,DE,640,45,7,0.0206,0.0703,0.1172,0.928,0.1556,HIGH_FRAUD_RATE,1
2024-06-12,TikTok,IN,772,53,3,0.0185,0.0687,0.0946,0.909,0.0566,NORMAL,0
2024-06-12,TikTok,NG,179,14,2,0.0152,0.0782,0.0559,0.924,0.1429,NORMAL,0
2024-06-12,TikTok,PL,353,25,4,0.0134,0.0708,0.051,0.919,0.16,NORMAL,0
2024-06-13,Affiliate_SEO,AU,247,53,17,0.0102,0.2146,0.0243,0.978,0.3208,NORMAL,0
2024-06-13,Affiliate_SEO,BR,32,7,1,0.0096,0.2188,0.0,0.98,0.1429,NORMAL,0
2024-06-13,Affiliate_SEO,CA,491,99,31,0.0189,0.2016,0.0285,0.984,0.3131,NORMAL,0
2024-06-13,Affiliate_SEO,DE,432,87,26,0.0233,0.2014,0.0278,0.978,0.2989,NORMAL,0
2024-06-13,Affiliate_SEO,IN,99,17,7,0.0227,0.1717,0.0101,0.977,0.4118,NORMAL,0
2024-06-13,Affiliate_SEO,NG,76,15,6,0.02,0.1974,0.0263,0.979,0.4,NORMAL,0
2024-06-13,Affiliate_SEO,PL,374,77,31,0.0163,0.2059,0.0214,0.976,0.4026,NORMAL,0
2024-06-13,Facebook,AU,1287,124,38,0.0351,0.0963,0.0264,0.973,0.3065,NORMAL,0
2024-06-13,Facebook,BR,679,53,11,0.0366,0.0781,0.0162,0.965,0.2075,NORMAL,0
2024-06-13,Facebook,CA,936,92,27,0.0158,0.0983,0.016,0.975,0.2935,NORMAL,0
2024-06-13,Facebook,DE,607,58,18,0.0423,0.0956,0.0297,0.974,0.3103,NORMAL,0
2024-06-13,Facebook,IN,1006,102,13,0.0259,0.1014,0.0358,0.967,0.1275,NORMAL,0
2024-06-13,Facebook,NG,1767,161,42,0.0428,0.0911,0.0345,0.967,0.2609,NORMAL,0
2024-06-13,Facebook,PL,965,83,22,0.0374,0.086,0.0301,0.972,0.2651,NORMAL,0
2024-06-13,Google_Search,AU,1048,122,35,0.0333,0.1164,0.0143,0.992,0.2869,NORMAL,0
2024-06-13,Google_Search,BR,630,101,27,0.0305,0.1603,0.0048,0.988,0.2673,NORMAL,0
2024-06-13,Google_Search,CA,557,48,11,0.034,0.0862,0.009,0.989,0.2292,NORMAL,0
2024-06-13,Google_Search,DE,1464,281,72,0.0271,0.1919,0.0137,0.991,0.2562,NORMAL,0
2024-06-13,Google_Search,IN,729,138,45,0.0321,0.1893,0.0041,0.991,0.3261,NORMAL,0
2024-06-13,Google_Search,NG,440,80,20,0.0245,0.1818,0.0045,0.989,0.25,NORMAL,0
2024-06-13,Google_Search,PL,573,77,24,0.0286,0.1344,0.007,0.991,0.3117,NORMAL,0
2024-06-13,Native_Ads,AU,416,31,6,0.0199,0.0745,0.0697,0.942,0.1935,NORMAL,0
2024-06-13,Native_Ads,BR,253,7,1,0.015,0.0277,0.0316,0.945,0.1429,NORMAL,0
2024-06-13,Native_Ads,CA,194,17,4,0.011,0.0876,0.0825,0.95,0.2353,NORMAL,0
2024-06-13,Native_Ads,DE,709,47,8,0.0319,0.0663,0.0677,0.935,0.1702,NORMAL,0
2024-06-13,Native_Ads,IN,1241,86,26,0.0305,0.0693,0.0862,0.93,0.3023,NORMAL,0
2024-06-13,Native_Ads,NG,201,17,3,0.0137,0.0846,0.0846,0.94,0.1765,NORMAL,0
2024-06-13,Native_Ads,PL,546,29,6,0.014,0.0531,0.0311,0.949,0.2069,NORMAL,0
2024-06-13,Push_Network,AU,140,6,0,0.0121,0.0429,0.1071,0.849,0.0,HIGH_FRAUD_RATE,1
2024-06-13,Push_Network,BR,387,17,1,0.0167,0.0439,0.0904,0.86,0.0588,NORMAL,0
2024-06-13,Push_Network,CA,209,7,0,0.0245,0.0335,0.0861,0.838,0.0,NORMAL,0
2024-06-13,Push_Network,DE,317,11,1,0.0161,0.0347,0.2082,0.84,0.0909,HIGH_FRAUD_RATE,1
2024-06-13,Push_Network,IN,350,13,2,0.0121,0.0371,0.1,0.859,0.1538,NORMAL,0
2024-06-13,Push_Network,NG,584,21,2,0.0191,0.036,0.1884,0.875,0.0952,HIGH_FRAUD_RATE,1
2024-06-13,Push_Network,PL,1703,60,5,0.0369,0.0352,0.0922,0.874,0.0833,NORMAL,0
2024-06-13,TikTok,AU,431,25,5,0.0171,0.058,0.051,0.917,0.2,NORMAL,0
2024-06-13,TikTok,BR,175,16,2,0.0204,0.0914,0.0743,0.906,0.125,NORMAL,0
2024-06-13,TikTok,CA,690,37,6,0.0224,0.0536,0.0638,0.906,0.1622,NORMAL,0
2024-06-13,TikTok,DE,155,5,0,0.0104,0.0323,0.0968,0.917,0.0,NORMAL,0
2024-06-13,TikTok,IN,890,43,6,0.0184,0.0483,0.118,0.921,0.1395,HIGH_FRAUD_RATE,1
2024-06-13,TikTok,NG,285,23,3,0.0286,0.0807,0.0772,0.905,0.1304,NORMAL,0
2024-06-13,TikTok,PL,769,42,7,0.032,0.0546,0.052,0.923,0.1667,NORMAL,0
2024-06-14,Affiliate_SEO,AU,336,101,33,0.0236,0.3006,0.0238,0.98,0.3267,NORMAL,0
2024-06-14,Affiliate_SEO,BR,173,49,16,0.0147,0.2832,0.0289,0.981,0.3265,NORMAL,0
2024-06-14,Affiliate_SEO,CA,168,42,19,0.0184,0.25,0.0179,0.982,0.4524,NORMAL,0
2024-06-14,Affiliate_SEO,DE,393,81,34,0.0201,0.2061,0.0102,0.983,0.4198,NORMAL,0
2024-06-14,Affiliate_SEO,IN,128,33,9,0.0258,0.2578,0.0078,0.981,0.2727,NORMAL,0
2024-06-14,Affiliate_SEO,NG,48,9,2,0.0232,0.1875,0.0,0.98,0.2222,NORMAL,0
2024-06-14,Affiliate_SEO,PL,178,59,21,0.0261,0.3315,0.0112,0.981,0.3559,NORMAL,0
2024-06-14,Facebook,AU,759,81,13,0.0443,0.1067,0.0382,0.973,0.1605,NORMAL,0
2024-06-14,Facebook,BR,1106,106,20,0.0356,0.0958,0.0154,0.972,0.1887,NORMAL,0
2024-06-14,Facebook,CA,930,103,28,0.0338,0.1108,0.0172,0.971,0.2718,NORMAL,0
2024-06-14,Facebook,DE,1306,93,22,0.0392,0.0712,0.023,0.975,0.2366,NORMAL,0
2024-06-14,Facebook,IN,548,63,19,0.0353,0.115,0.0365,0.976,0.3016,NORMAL,0
2024-06-14,Facebook,NG,581,33,7,0.0335,0.0568,0.0155,0.969,0.2121,NORMAL,0
2024-06-14,Facebook,PL,786,86,21,0.0326,0.1094,0.0216,0.975,0.2442,NORMAL,0
2024-06-14,Google_Search,AU,1017,194,67,0.0362,0.1908,0.0079,0.992,0.3454,NORMAL,0
2024-06-14,Google_Search,BR,830,135,42,0.0307,0.1627,0.0096,0.99,0.3111,NORMAL,0
2024-06-14,Google_Search,CA,673,132,36,0.0228,0.1961,0.0089,0.99,0.2727,NORMAL,0
2024-06-14,Google_Search,DE,568,92,16,0.0272,0.162,0.0053,0.991,0.1739,NORMAL,0
2024-06-14,Google_Search,IN,971,142,39,0.0461,0.1462,0.0072,0.989,0.2746,NORMAL,0
2024-06-14,Google_Search,NG,1237,173,50,0.0362,0.1399,0.0097,0.992,0.289,NORMAL,0
2024-06-14,Google_Search,PL,532,77,19,0.027,0.1447,0.0094,0.991,0.2468,NORMAL,0
2024-06-14,Native_Ads,AU,851,49,9,0.0288,0.0576,0.0376,0.946,0.1837,NORMAL,0
2024-06-14,Native_Ads,BR,812,56,10,0.0258,0.069,0.0788,0.939,0.1786,NORMAL,0
2024-06-14,Native_Ads,CA,168,12,2,0.0212,0.0714,0.0536,0.943,0.1667,NORMAL,0
2024-06-14,Native_Ads,DE,346,21,3,0.0271,0.0607,0.0838,0.939,0.1429,NORMAL,0
2024-06-14,Native_Ads,IN,1268,96,21,0.0246,0.0757,0.0702,0.946,0.2188,NORMAL,0
2024-06-14,Native_Ads,NG,276,14,2,0.0214,0.0507,0.0652,0.928,0.1429,NORMAL,0
2024-06-14,Native_Ads,PL,216,11,1,0.0069,0.0509,0.0787,0.941,0.0909,NORMAL,0
2024-06-14,Push_Network,AU,388,15,2,0.0179,0.0387,0.1418,0.871,0.1333,HIGH_FRAUD_RATE,1
2024-06-14,Push_Network,BR,460,15,2,0.0191,0.0326,0.1391,0.886,0.1333,HIGH_FRAUD_RATE,1
2024-06-14,Push_Network,CA,211,10,1,0.0162,0.0474,0.0758,0.861,0.1,NORMAL,0
2024-06-14,Push_Network,DE,1296,52,5,0.0271,0.0401,0.1883,0.845,0.0962,HIGH_FRAUD_RATE,1
2024-06-14,Push_Network,IN,149,4,0,0.0142,0.0268,0.1342,0.842,0.0,HIGH_FRAUD_RATE,1
2024-06-14,Push_Network,NG,469,26,2,0.0258,0.0554,0.1493,0.842,0.0769,HIGH_FRAUD_RATE,1
2024-06-14,Push_Network,PL,748,21,3,0.0365,0.0281,0.1003,0.886,0.1429,HIGH_FRAUD_RATE,1
2024-06-14,TikTok,AU,253,14,2,0.0186,0.0553,0.1146,0.927,0.1429,HIGH_FRAUD_RATE,1
2024-06-14,TikTok,BR,720,43,7,0.0276,0.0597,0.0847,0.914,0.1628,NORMAL,0
2024-06-14,TikTok,CA,674,41,7,0.0166,0.0608,0.0905,0.915,0.1707,NORMAL,0
2024-06-14,TikTok,DE,336,21,3,0.0228,0.0625,0.1042,0.926,0.1429,HIGH_FRAUD_RATE,1
2024-06-14,TikTok,IN,1152,77,10,0.0338,0.0668,0.0651,0.929,0.1299,NORMAL,0
2024-06-14,TikTok,NG,764,43,7,0.0236,0.0563,0.1165,0.933,0.1628,HIGH_FRAUD_RATE,1
2024-06-14,TikTok,PL,292,23,3,0.0155,0.0788,0.0753,0.912,0.1304,NORMAL,0
2024-06-15,Affiliate_SEO,AU,521,92,36,0.0254,0.1766,0.023,0.977,0.3913,NORMAL,0
2024-06-15,Affiliate_SEO,BR,197,56,17,0.0224,0.2843,0.0102,0.979,0.3036,NORMAL,0
2024-06-15,Affiliate_SEO,CA,1848,483,147,0.0318,0.2614,0.0211,0.98,0.3043,NORMAL,0
2024-06-15,Affiliate_SEO,DE,929,237,89,0.0182,0.2551,0.0291,0.977,0.3755,NORMAL,0
2024-06-15,Affiliate_SEO,IN,28,5,2,0.0212,0.1786,0.0,0.981,0.4,NORMAL,0
2024-06-15,Affiliate_SEO,NG,15,3,0,0.014,0.2,0.0,0.978,0.0,NORMAL,0
2024-06-15,Affiliate_SEO,PL,179,41,18,0.0185,0.2291,0.0112,0.979,0.439,NORMAL,0
2024-06-15,Facebook,AU,282,23,5,0.0328,0.0816,0.039,0.973,0.2174,NORMAL,0
2024-06-15,Facebook,BR,1038,65,13,0.0326,0.0626,0.0443,0.975,0.2,NORMAL,0
2024-06-15,Facebook,CA,1659,173,33,0.0393,0.1043,0.0259,0.965,0.1908,NORMAL,0
2024-06-15,Facebook,DE,368,30,6,0.0324,0.0815,0.0353,0.971,0.2,NORMAL,0
2024-06-15,Facebook,IN,914,79,25,0.0346,0.0864,0.0252,0.973,0.3165,NORMAL,0
2024-06-15,Facebook,NG,1680,122,25,0.0445,0.0726,0.0208,0.972,0.2049,NORMAL,0
2024-06-15,Facebook,PL,1148,97,28,0.0429,0.0845,0.0287,0.965,0.2887,NORMAL,0
2024-06-15,Google_Search,AU,1407,148,31,0.0425,0.1052,0.0107,0.992,0.2095,NORMAL,0
2024-06-15,Google_Search,BR,1337,102,31,0.0333,0.0763,0.0127,0.99,0.3039,NORMAL,0
2024-06-15,Google_Search,CA,1204,169,37,0.0343,0.1404,0.0133,0.99,0.2189,NORMAL,0
2024-06-15,Google_Search,DE,1292,199,60,0.0383,0.154,0.0132,0.99,0.3015,NORMAL,0
2024-06-15,Google_Search,IN,278,45,17,0.0164,0.1619,0.0072,0.988,0.3778,NORMAL,0
2024-06-15,Google_Search,NG,906,173,57,0.0511,0.1909,0.0088,0.989,0.3295,NORMAL,0
2024-06-15,Google_Search,PL,2959,337,101,0.038,0.1139,0.0095,0.991,0.2997,NORMAL,0
2024-06-15,Native_Ads,AU,820,63,14,0.0205,0.0768,0.0439,0.942,0.2222,NORMAL,0
2024-06-15,Native_Ads,BR,299,27,8,0.0149,0.0903,0.0535,0.941,0.2963,NORMAL,0
2024-06-15,Native_Ads,CA,611,45,12,0.0224,0.0736,0.0769,0.947,0.2667,NORMAL,0
2024-06-15,Native_Ads,DE,1267,97,19,0.0214,0.0766,0.056,0.943,0.1959,NORMAL,0
2024-06-15,Native_Ads,IN,281,19,4,0.0107,0.0676,0.0712,0.928,0.2105,NORMAL,0
2024-06-15,Native_Ads,NG,239,17,3,0.0096,0.0711,0.0544,0.936,0.1765,NORMAL,0
2024-06-15,Native_Ads,PL,269,24,4,0.0159,0.0892,0.0855,0.949,0.1667,NORMAL,0
2024-06-15,Push_Network,AU,1410,62,7,0.0284,0.044,0.1723,0.863,0.1129,HIGH_FRAUD_RATE,1
2024-06-15,Push_Network,BR,773,22,1,0.0202,0.0285,0.1294,0.843,0.0455,HIGH_FRAUD_RATE,1
2024-06-15,Push_Network,CA,1001,30,2,0.0188,0.03,0.1199,0.876,0.0667,HIGH_FRAUD_RATE,1
2024-06-15,Push_Network,DE,895,33,3,0.0204,0.0369,0.1765,0.885,0.0909,HIGH_FRAUD_RATE,1
2024-06-15,Push_Network,IN,1066,49,6,0.0225,0.046,0.1745,0.879,0.1224,HIGH_FRAUD_RATE,1
2024-06-15,Push_Network,NG,969,28,3,0.0284,0.0289,0.1723,0.836,0.1071,HIGH_FRAUD_RATE,1
2024-06-15,Push_Network,PL,674,30,3,0.0092,0.0445,0.1884,0.883,0.1,HIGH_FRAUD_RATE,1
2024-06-15,TikTok,AU,608,33,7,0.0184,0.0543,0.0789,0.936,0.2121,NORMAL,0
2024-06-15,TikTok,BR,1236,72,9,0.019,0.0583,0.0396,0.93,0.125,NORMAL,0
2024-06-15,TikTok,CA,965,56,7,0.0213,0.058,0.0477,0.933,0.125,NORMAL,0
2024-06-15,TikTok,DE,703,31,5,0.0162,0.0441,0.0896,0.928,0.1613,NORMAL,0
2024-06-15,TikTok,IN,451,25,4,0.0124,0.0554,0.1042,0.922,0.16,HIGH_FRAUD_RATE,1
2024-06-15,TikTok,NG,2087,133,18,0.0262,0.0637,0.0436,0.914,0.1353,NORMAL,0
2024-06-15,TikTok,PL,743,36,6,0.0241,0.0485,0.0902,0.929,0.1667,NORMAL,0
2024-06-16,Affiliate_SEO,AU,1109,279,96,0.0183,0.2516,0.0126,0.978,0.3441,NORMAL,0
2024-06-16,Affiliate_SEO,BR,187,35,13,0.0169,0.1872,0.0267,0.979,0.3714,NORMAL,0
2024-06-16,Affiliate_SEO,CA,3583,829,249,0.0251,0.2314,0.0285,0.981,0.3004,NORMAL,0
2024-06-16,Affiliate_SEO,DE,1635,481,176,0.0151,0.2942,0.0098,0.981,0.3659,NORMAL,0
2024-06-16,Affiliate_SEO,IN,205,50,16,0.0226,0.2439,0.0098,0.98,0.32,NORMAL,0
2024-06-16,Affiliate_SEO,NG,35,7,2,0.0225,0.2,0.0,0.979,0.2857,NORMAL,0
2024-06-16,Affiliate_SEO,PL,140,28,9,0.0119,0.2,0.0143,0.982,0.3214,NORMAL,0
2024-06-16,Facebook,AU,1282,134,27,0.0376,0.1045,0.0367,0.971,0.2015,NORMAL,0
2024-06-16,Facebook,BR,1506,150,24,0.03,0.0996,0.0206,0.966,0.16,NORMAL,0
2024-06-16,Facebook,CA,392,26,6,0.0227,0.0663,0.0153,0.964,0.2308,NORMAL,0
2024-06-16,Facebook,DE,292,24,4,0.0107,0.0822,0.024,0.974,0.1667,NORMAL,0
2024-06-16,Facebook,IN,2005,179,29,0.0521,0.0893,0.0175,0.971,0.162,NORMAL,0
2024-06-16,Facebook,NG,1592,190,51,0.0294,0.1193,0.0415,0.965,0.2684,NORMAL,0
2024-06-16,Facebook,PL,586,47,9,0.0415,0.0802,0.0341,0.972,0.1915,NORMAL,0
2024-06-16,Google_Search,AU,368,74,24,0.0249,0.2011,0.0109,0.99,0.3243,NORMAL,0
2024-06-16,Google_Search,BR,482,60,23,0.0354,0.1245,0.0124,0.988,0.3833,NORMAL,0
2024-06-16,Google_Search,CA,427,50,11,0.0103,0.1171,0.0094,0.991,0.22,NORMAL,0
2024-06-16,Google_Search,DE,1120,157,39,0.0317,0.1402,0.0134,0.989,0.2484,NORMAL,0
2024-06-16,Google_Search,IN,1312,206,41,0.0405,0.157,0.0107,0.989,0.199,NORMAL,0
2024-06-16,Google_Search,NG,919,120,25,0.0392,0.1306,0.0131,0.99,0.2083,NORMAL,0
2024-06-16,Google_Search,PL,1211,202,50,0.0321,0.1668,0.0058,0.988,0.2475,NORMAL,0
2024-06-16,Native_Ads,AU,1025,57,11,0.0219,0.0556,0.0595,0.936,0.193,NORMAL,0
2024-06-16,Native_Ads,BR,524,35,7,0.0188,0.0668,0.0534,0.948,0.2,NORMAL,0
2024-06-16,Native_Ads,CA,499,35,7,0.0239,0.0701,0.0301,0.947,0.2,NORMAL,0
2024-06-16,Native_Ads,DE,198,12,3,0.0118,0.0606,0.0505,0.948,0.25,NORMAL,0
2024-06-16,Native_Ads,IN,291,21,3,0.0225,0.0722,0.0687,0.937,0.1429,NORMAL,0
2024-06-16,Native_Ads,NG,415,31,5,0.0154,0.0747,0.0867,0.945,0.1613,NORMAL,0
2024-06-16,Native_Ads,PL,97,6,1,0.005,0.0619,0.0206,0.932,0.1667,NORMAL,0
2024-06-16,Push_Network,AU,1152,30,4,0.0212,0.026,0.099,0.863,0.1333,NORMAL,0
2024-06-16,Push_Network,BR,546,31,3,0.0157,0.0568,0.185,0.852,0.0968,HIGH_FRAUD_RATE,1
2024-06-16,Push_Network,CA,1297,53,6,0.0271,0.0409,0.1149,0.857,0.1132,HIGH_FRAUD_RATE,1
2024-06-16,Push_Network,DE,664,22,2,0.0171,0.0331,0.2063,0.877,0.0909,HIGH_FRAUD_RATE,1
2024-06-16,Push_Network,IN,378,14,1,0.0188,0.037,0.1534,0.86,0.0714,HIGH_FRAUD_RATE,1
2024-06-16,Push_Network,NG,363,11,1,0.023,0.0303,0.1047,0.848,0.0909,HIGH_FRAUD_RATE,1
2024-06-16,Push_Network,PL,927,51,4,0.0304,0.055,0.0734,0.853,0.0784,NORMAL,0
2024-06-16,TikTok,AU,273,20,3,0.0163,0.0733,0.0659,0.907,0.15,NORMAL,0
2024-06-16,TikTok,BR,801,35,5,0.0175,0.0437,0.0449,0.906,0.1429,NORMAL,0
2024-06-16,TikTok,CA,849,36,3,0.0281,0.0424,0.0848,0.911,0.0833,NORMAL,0
2024-06-16,TikTok,DE,353,25,3,0.0152,0.0708,0.0793,0.916,0.12,NORMAL,0
2024-06-16,TikTok,IN,400,22,3,0.0207,0.055,0.1025,0.905,0.1364,HIGH_FRAUD_RATE,1
2024-06-16,TikTok,NG,293,21,2,0.0155,0.0717,0.1024,0.925,0.0952,HIGH_FRAUD_RATE,1
2024-06-16,TikTok,PL,518,39,6,0.0231,0.0753,0.0772,0.927,0.1538,NORMAL,0
2024-06-17,Affiliate_SEO,AU,487,107,39,0.019,0.2197,0.0267,0.979,0.3645,NORMAL,0
2024-06-17,Affiliate_SEO,BR,174,46,19,0.0124,0.2644,0.0115,0.979,0.413,NORMAL,0
2024-06-17,Affiliate_SEO,CA,236,36,10,0.014,0.1525,0.0169,0.982,0.2778,NORMAL,0
2024-06-17,Affiliate_SEO,DE,253,55,23,0.0228,0.2174,0.0158,0.984,0.4182,NORMAL,0
2024-06-17,Affiliate_SEO,IN,120,27,12,0.022,0.225,0.0167,0.983,0.4444,NORMAL,0
2024-06-17,Affiliate_SEO,NG,72,19,4,0.0179,0.2639,0.0278,0.98,0.2105,NORMAL,0
2024-06-17,Affiliate_SEO,PL,645,118,39,0.0173,0.1829,0.0217,0.976,0.3305,NORMAL,0
2024-06-17,Facebook,AU,606,47,10,0.0268,0.0776,0.0281,0.967,0.2128,NORMAL,0
2024-06-17,Facebook,BR,669,63,10,0.0237,0.0942,0.0359,0.965,0.1587,NORMAL,0
2024-06-17,Facebook,CA,538,65,9,0.0398,0.1208,0.0335,0.965,0.1385,NORMAL,0
2024-06-17,Facebook,DE,1724,145,22,0.0351,0.0841,0.0174,0.971,0.1517,NORMAL,0
2024-06-17,Facebook,IN,477,37,9,0.0418,0.0776,0.0419,0.968,0.2432,NORMAL,0
2024-06-17,Facebook,NG,853,79,9,0.0426,0.0926,0.0422,0.975,0.1139,NORMAL,0
2024-06-17,Facebook,PL,977,95,23,0.0258,0.0972,0.0266,0.971,0.2421,NORMAL,0
2024-06-17,Google_Search,AU,687,83,23,0.0327,0.1208,0.0044,0.988,0.2771,NORMAL,0
2024-06-17,Google_Search,BR,2114,251,66,0.0321,0.1187,0.0085,0.99,0.2629,NORMAL,0
2024-06-17,Google_Search,CA,1705,284,106,0.0389,0.1666,0.0147,0.991,0.3732,NORMAL,0
2024-06-17,Google_Search,DE,2031,424,82,0.0455,0.2088,0.0148,0.988,0.1934,NORMAL,0
2024-06-17,Google_Search,IN,683,92,21,0.0329,0.1347,0.0059,0.989,0.2283,NORMAL,0
2024-06-17,Google_Search,NG,1616,220,71,0.0426,0.1361,0.0118,0.991,0.3227,NORMAL,0
2024-06-17,Google_Search,PL,459,44,13,0.0388,0.0959,0.0044,0.989,0.2955,NORMAL,0
2024-06-17,Native_Ads,AU,610,39,8,0.0161,0.0639,0.0393,0.933,0.2051,NORMAL,0
2024-06-17,Native_Ads,BR,215,12,2,0.0145,0.0558,0.0279,0.948,0.1667,NORMAL,0
2024-06-17,Native_Ads,CA,859,60,14,0.0206,0.0698,0.0617,0.942,0.2333,NORMAL,0
2024-06-17,Native_Ads,DE,938,48,10,0.0289,0.0512,0.0714,0.95,0.2083,NORMAL,0
2024-06-17,Native_Ads,IN,761,41,9,0.0115,0.0539,0.042,0.949,0.2195,NORMAL,0
2024-06-17,Native_Ads,NG,269,17,2,0.0112,0.0632,0.052,0.952,0.1176,NORMAL,0
2024-06-17,Native_Ads,PL,430,37,9,0.019,0.086,0.0628,0.949,0.2432,NORMAL,0
2024-06-17,Push_Network,AU,569,22,2,0.0154,0.0387,0.1547,0.861,0.0909,HIGH_FRAUD_RATE,1
2024-06-17,Push_Network,BR,647,24,3,0.0282,0.0371,0.0835,0.846,0.125,NORMAL,0
2024-06-17,Push_Network,CA,386,15,1,0.013,0.0389,0.1244,0.863,0.0667,HIGH_FRAUD_RATE,1
2024-06-17,Push_Network,DE,239,11,1,0.0177,0.046,0.1297,0.873,0.0909,HIGH_FRAUD_RATE,1
2024-06-17,Push_Network,IN,231,13,1,0.0196,0.0563,0.0866,0.876,0.0769,NORMAL,0
2024-06-17,Push_Network,NG,296,13,1,0.0121,0.0439,0.2027,0.851,0.0769,HIGH_FRAUD_RATE,1
2024-06-17,Push_Network,PL,567,25,1,0.0153,0.0441,0.0829,0.883,0.04,NORMAL,0
2024-06-17,TikTok,AU,153,9,1,0.005,0.0588,0.0654,0.932,0.1111,NORMAL,0
2024-06-17,TikTok,BR,204,9,1,0.0187,0.0441,0.0686,0.904,0.1111,NORMAL,0
2024-06-17,TikTok,CA,308,14,1,0.0124,0.0455,0.0617,0.934,0.0714,NORMAL,0
2024-06-17,TikTok,DE,280,16,3,0.0197,0.0571,0.0893,0.917,0.1875,NORMAL,0
2024-06-17,TikTok,IN,534,28,3,0.0232,0.0524,0.1124,0.923,0.1071,HIGH_FRAUD_RATE,1
2024-06-17,TikTok,NG,572,34,6,0.0154,0.0594,0.0455,0.915,0.1765,NORMAL,0
2024-06-17,TikTok,PL,351,16,2,0.0125,0.0456,0.1168,0.928,0.125,HIGH_FRAUD_RATE,1
2024-06-18,Affiliate_SEO,AU,148,42,14,0.0099,0.2838,0.0068,0.98,0.3333,NORMAL,0
2024-06-18,Affiliate_SEO,BR,239,47,20,0.0279,0.1967,0.0167,0.98,0.4255,NORMAL,0
2024-06-18,Affiliate_SEO,CA,270,39,15,0.0143,0.1444,0.0148,0.984,0.3846,NORMAL,0
2024-06-18,Affiliate_SEO,DE,314,84,26,0.0276,0.2675,0.0255,0.978,0.3095,NORMAL,0
2024-06-18,Affiliate_SEO,IN,54,14,5,0.0178,0.2593,0.0185,0.979,0.3571,NORMAL,0
2024-06-18,Affiliate_SEO,NG,66,10,4,0.0191,0.1515,0.0152,0.979,0.4,NORMAL,0
2024-06-18,Affiliate_SEO,PL,211,55,24,0.0127,0.2607,0.0095,0.978,0.4364,NORMAL,0
2024-06-18,Facebook,AU,750,72,14,0.0402,0.096,0.028,0.968,0.1944,NORMAL,0
2024-06-18,Facebook,BR,985,84,17,0.0454,0.0853,0.0396,0.968,0.2024,NORMAL,0
2024-06-18,Facebook,CA,936,89,14,0.0311,0.0951,0.0214,0.971,0.1573,NORMAL,0
2024-06-18,Facebook,DE,1145,81,21,0.0458,0.0707,0.0218,0.968,0.2593,NORMAL,0
2024-06-18,Facebook,IN,1296,103,14,0.0457,0.0795,0.0424,0.972,0.1359,NORMAL,0
2024-06-18,Facebook,NG,914,111,38,0.0348,0.1214,0.0197,0.969,0.3423,NORMAL,0
2024-06-18,Facebook,PL,362,46,11,0.0229,0.1271,0.0387,0.97,0.2391,NORMAL,0
2024-06-18,Google_Search,AU,826,135,32,0.0356,0.1634,0.0109,0.991,0.237,NORMAL,0
2024-06-18,Google_Search,BR,685,85,26,0.0268,0.1241,0.0131,0.991,0.3059,NORMAL,0
2024-06-18,Google_Search,CA,406,71,20,0.0187,0.1749,0.0049,0.99,0.2817,NORMAL,0
2024-06-18,Google_Search,DE,462,64,17,0.0345,0.1385,0.013,0.99,0.2656,NORMAL,0
2024-06-18,Google_Search,IN,372,49,10,0.0414,0.1317,0.0054,0.988,0.2041,NORMAL,0
2024-06-18,Google_Search,NG,753,99,26,0.038,0.1315,0.0106,0.991,0.2626,NORMAL,0
2024-06-18,Google_Search,PL,819,157,54,0.051,0.1917,0.0049,0.99,0.3439,NORMAL,0
2024-06-18,Native_Ads,AU,1388,51,9,0.0297,0.0367,0.0533,0.934,0.1765,NORMAL,0
2024-06-18,Native_Ads,BR,133,9,2,0.0082,0.0677,0.0526,0.944,0.2222,NORMAL,0
2024-06-18,Native_Ads,CA,514,36,5,0.0196,0.07,0.0856,0.929,0.1389,NORMAL,0
2024-06-18,Native_Ads,DE,146,12,3,0.013,0.0822,0.0822,0.947,0.25,NORMAL,0
2024-06-18,Native_Ads,IN,345,34,7,0.0179,0.0986,0.0493,0.933,0.2059,NORMAL,0
2024-06-18,Native_Ads,NG,831,51,12,0.0363,0.0614,0.0505,0.949,0.2353,NORMAL,0
2024-06-18,Native_Ads,PL,262,21,4,0.0262,0.0802,0.0763,0.95,0.1905,NORMAL,0
2024-06-18,Push_Network,AU,276,12,1,0.0176,0.0435,0.0833,0.851,0.0833,NORMAL,0
2024-06-18,Push_Network,BR,298,14,1,0.0207,0.047,0.1577,0.876,0.0714,HIGH_FRAUD_RATE,1
2024-06-18,Push_Network,CA,330,10,1,0.0127,0.0303,0.2,0.869,0.1,HIGH_FRAUD_RATE,1
2024-06-18,Push_Network,DE,964,33,3,0.0204,0.0342,0.1629,0.86,0.0909,HIGH_FRAUD_RATE,1
2024-06-18,Push_Network,IN,206,6,0,0.0184,0.0291,0.1505,0.861,0.0,HIGH_FRAUD_RATE,1
2024-06-18,Push_Network,NG,817,24,2,0.0318,0.0294,0.1261,0.862,0.0833,HIGH_FRAUD_RATE,1
2024-06-18,Push_Network,PL,174,8,1,0.0092,0.046,0.0805,0.863,0.125,NORMAL,0
2024-06-18,TikTok,AU,199,16,2,0.0241,0.0804,0.0603,0.931,0.125,NORMAL,0
2024-06-18,TikTok,BR,274,13,2,0.0209,0.0474,0.0949,0.926,0.1538,NORMAL,0
2024-06-18,TikTok,CA,510,22,2,0.0131,0.0431,0.049,0.912,0.0909,NORMAL,0
2024-06-18,TikTok,DE,728,45,8,0.025,0.0618,0.1016,0.919,0.1778,HIGH_FRAUD_RATE,1
2024-06-18,TikTok,IN,757,38,5,0.0215,0.0502,0.0806,0.934,0.1316,NORMAL,0
2024-06-18,TikTok,NG,349,26,5,0.0163,0.0745,0.0745,0.935,0.1923,NORMAL,0
2024-06-18,TikTok,PL,349,17,3,0.0292,0.0487,0.0659,0.914,0.1765,NORMAL,0
2024-06-19,Affiliate_SEO,AU,96,19,7,0.0113,0.1979,0.0208,0.979,0.3684,NORMAL,0
2024-06-19,Affiliate_SEO,BR,363,68,24,0.0143,0.1873,0.011,0.981,0.3529,NORMAL,0
2024-06-19,Affiliate_SEO,CA,836,203,60,0.0329,0.2428,0.0227,0.983,0.2956,NORMAL,0
2024-06-19,Affiliate_SEO,DE,1445,168,57,0.0199,0.1163,0.0277,0.983,0.3393,NORMAL,0
2024-06-19,Affiliate_SEO,IN,37,8,2,0.0139,0.2162,0.027,0.981,0.25,NORMAL,0
2024-06-19,Affiliate_SEO,NG,21,3,1,0.0072,0.1429,0.0,0.976,0.3333,NORMAL,0
2024-06-19,Affiliate_SEO,PL,161,40,12,0.022,0.2484,0.0248,0.978,0.3,NORMAL,0
2024-06-19,Facebook,AU,2464,219,47,0.0436,0.0889,0.043,0.964,0.2146,NORMAL,0
2024-06-19,Facebook,BR,523,52,9,0.0338,0.0994,0.0306,0.97,0.1731,NORMAL,0
2024-06-19,Facebook,CA,1240,66,12,0.0372,0.0532,0.0371,0.967,0.1818,NORMAL,0
2024-06-19,Facebook,DE,1145,74,20,0.0318,0.0646,0.021,0.97,0.2703,NORMAL,0
2024-06-19,Facebook,IN,533,57,15,0.0317,0.1069,0.0356,0.973,0.2632,NORMAL,0
2024-06-19,Facebook,NG,669,63,15,0.0333,0.0942,0.0179,0.97,0.2381,NORMAL,0
2024-06-19,Facebook,PL,1139,82,13,0.0376,0.072,0.029,0.967,0.1585,NORMAL,0
2024-06-19,Google_Search,AU,349,52,12,0.0209,0.149,0.0086,0.99,0.2308,NORMAL,0
2024-06-19,Google_Search,BR,1185,89,37,0.0324,0.0751,0.0127,0.989,0.4157,NORMAL,0
2024-06-19,Google_Search,CA,2973,381,146,0.0427,0.1282,0.0098,0.991,0.3832,NORMAL,0
2024-06-19,Google_Search,DE,804,103,37,0.0342,0.1281,0.0124,0.99,0.3592,NORMAL,0
2024-06-19,Google_Search,IN,528,96,38,0.0353,0.1818,0.0114,0.991,0.3958,NORMAL,0
2024-06-19,Google_Search,NG,698,108,16,0.036,0.1547,0.01,0.99,0.1481,NORMAL,0
2024-06-19,Google_Search,PL,1004,140,44,0.0395,0.1394,0.0129,0.99,0.3143,NORMAL,0
2024-06-19,Native_Ads,AU,418,36,6,0.0271,0.0861,0.0311,0.946,0.1667,NORMAL,0
2024-06-19,Native_Ads,BR,636,45,10,0.0142,0.0708,0.0346,0.94,0.2222,NORMAL,0
2024-06-19,Native_Ads,CA,566,37,5,0.02,0.0654,0.0795,0.946,0.1351,NORMAL,0
2024-06-19,Native_Ads,DE,446,25,3,0.0153,0.0561,0.0426,0.947,0.12,NORMAL,0
2024-06-19,Native_Ads,IN,577,44,9,0.0198,0.0763,0.0503,0.934,0.2045,NORMAL,0
2024-06-19,Native_Ads,NG,785,70,8,0.0142,0.0892,0.079,0.933,0.1143,NORMAL,0
2024-06-19,Native_Ads,PL,942,66,12,0.0233,0.0701,0.0605,0.939,0.1818,NORMAL,0
2024-06-19,Push_Network,AU,256,8,1,0.0222,0.0312,0.1523,0.859,0.125,HIGH_FRAUD_RATE,1
2024-06-19,Push_Network,BR,672,31,4,0.0157,0.0461,0.0744,0.832,0.129,NORMAL,0
2024-06-19,Push_Network,CA,361,12,1,0.0164,0.0332,0.2022,0.881,0.0833,HIGH_FRAUD_RATE,1
2024-06-19,Push_Network,DE,812,42,3,0.0194,0.0517,0.1207,0.841,0.0714,HIGH_FRAUD_RATE,1
2024-06-19,Push_Network,IN,682,32,4,0.0162,0.0469,0.1789,0.874,0.125,HIGH_FRAUD_RATE,1
2024-06-19,Push_Network,NG,520,15,2,0.0249,0.0288,0.1077,0.876,0.1333,HIGH_FRAUD_RATE,1
2024-06-19,Push_Network,PL,262,9,1,0.016,0.0344,0.0878,0.854,0.1111,NORMAL,0
2024-06-19,TikTok,AU,590,40,6,0.0248,0.0678,0.0458,0.907,0.15,NORMAL,0
2024-06-19,TikTok,BR,240,17,3,0.0243,0.0708,0.0375,0.921,0.1765,NORMAL,0
2024-06-19,TikTok,CA,373,25,5,0.0229,0.067,0.1072,0.933,0.2,HIGH_FRAUD_RATE,1
2024-06-19,TikTok,DE,270,14,1,0.0192,0.0519,0.0407,0.926,0.0714,NORMAL,0
2024-06-19,TikTok,IN,659,53,8,0.028,0.0804,0.1199,0.911,0.1509,HIGH_FRAUD_RATE,1
2024-06-19,TikTok,NG,219,13,2,0.0215,0.0594,0.0365,0.905,0.1538,NORMAL,0
2024-06-19,TikTok,PL,815,42,6,0.0284,0.0515,0.1166,0.905,0.1429,HIGH_FRAUD_RATE,1
2024-06-20,Affiliate_SEO,AU,1185,206,66,0.0212,0.1738,0.0245,0.978,0.3204,NORMAL,0
2024-06-20,Affiliate_SEO,BR,197,58,23,0.0107,0.2944,0.0102,0.976,0.3966,NORMAL,0
2024-06-20,Affiliate_SEO,CA,465,83,28,0.016,0.1785,0.0215,0.983,0.3373,NORMAL,0
2024-06-20,Affiliate_SEO,DE,1147,354,144,0.0154,0.3086,0.0166,0.979,0.4068,NORMAL,0
2024-06-20,Affiliate_SEO,IN,74,15,6,0.0128,0.2027,0.0135,0.981,0.4,NORMAL,0
2024-06-20,Affiliate_SEO,NG,8,1,0,0.0103,0.125,0.0,0.983,0.0,NORMAL,0
2024-06-20,Affiliate_SEO,PL,275,71,22,0.0197,0.2582,0.0109,0.978,0.3099,NORMAL,0
2024-06-20,Facebook,AU,408,43,12,0.0319,0.1054,0.0441,0.968,0.2791,NORMAL,0
2024-06-20,Facebook,BR,509,41,10,0.0208,0.0806,0.0393,0.974,0.2439,NORMAL,0
2024-06-20,Facebook,CA,407,28,7,0.0297,0.0688,0.0369,0.971,0.25,NORMAL,0
2024-06-20,Facebook,DE,489,52,13,0.0471,0.1063,0.0225,0.972,0.25,NORMAL,0
2024-06-20,Facebook,IN,1518,154,43,0.0374,0.1014,0.0428,0.964,0.2792,NORMAL,0
2024-06-20,Facebook,NG,292,30,7,0.0283,0.1027,0.0205,0.975,0.2333,NORMAL,0
2024-06-20,Facebook,PL,432,29,7,0.0286,0.0671,0.0278,0.967,0.2414,NORMAL,0
2024-06-20,Google_Search,AU,1111,146,27,0.0373,0.1314,0.0135,0.991,0.1849,NORMAL,0
2024-06-20,Google_Search,BR,620,67,16,0.0322,0.1081,0.0097,0.99,0.2388,NORMAL,0
2024-06-20,Google_Search,CA,1465,262,93,0.0386,0.1788,0.0137,0.991,0.355,NORMAL,0
2024-06-20,Google_Search,DE,697,113,37,0.0335,0.1621,0.0086,0.988,0.3274,NORMAL,0
2024-06-20,Google_Search,IN,1073,177,44,0.0273,0.165,0.0075,0.99,0.2486,NORMAL,0
2024-06-20,Google_Search,NG,2110,281,93,0.0537,0.1332,0.0104,0.989,0.331,NORMAL,0
2024-06-20,Google_Search,PL,665,62,22,0.0343,0.0932,0.0135,0.991,0.3548,NORMAL,0
2024-06-20,Native_Ads,AU,106,5,0,0.0223,0.0472,0.066,0.945,0.0,NORMAL,0
2024-06-20,Native_Ads,BR,546,28,6,0.0155,0.0513,0.0549,0.946,0.2143,NORMAL,0
2024-06-20,Native_Ads,CA,223,15,3,0.0204,0.0673,0.0628,0.946,0.2,NORMAL,0
2024-06-20,Native_Ads,DE,103,8,1,0.0146,0.0777,0.0874,0.951,0.125,NORMAL,0
2024-06-20,Native_Ads,IN,289,23,3,0.0215,0.0796,0.0415,0.944,0.1304,NORMAL,0
2024-06-20,Native_Ads,NG,647,43,7,0.0206,0.0665,0.0665,0.929,0.1628,NORMAL,0
2024-06-20,Native_Ads,PL,157,9,2,0.0138,0.0573,0.0828,0.94,0.2222,NORMAL,0
2024-06-20,Push_Network,AU,874,42,5,0.0241,0.0481,0.1476,0.858,0.119,HIGH_FRAUD_RATE,1
2024-06-20,Push_Network,BR,286,11,1,0.0136,0.0385,0.1853,0.87,0.0909,HIGH_FRAUD_RATE,1
2024-06-20,Push_Network,CA,382,12,2,0.0152,0.0314,0.1152,0.883,0.1667,HIGH_FRAUD_RATE,1
2024-06-20,Push_Network,DE,205,8,1,0.0232,0.039,0.1951,0.85,0.125,HIGH_FRAUD_RATE,1
2024-06-20,Push_Network,IN,174,5,0,0.0168,0.0287,0.1379,0.849,0.0,HIGH_FRAUD_RATE,1
2024-06-20,Push_Network,NG,589,18,2,0.0168,0.0306,0.1443,0.883,0.1111,HIGH_FRAUD_RATE,1
2024-06-20,Push_Network,PL,467,17,1,0.0194,0.0364,0.1478,0.88,0.0588,HIGH_FRAUD_RATE,1
2024-06-20,TikTok,AU,475,29,3,0.0231,0.0611,0.0737,0.926,0.1034,NORMAL,0
2024-06-20,TikTok,BR,458,28,4,0.0226,0.0611,0.1004,0.925,0.1429,HIGH_FRAUD_RATE,1
2024-06-20,TikTok,CA,372,24,4,0.0192,0.0645,0.0753,0.935,0.1667,NORMAL,0
2024-06-20,TikTok,DE,373,27,5,0.0227,0.0724,0.0885,0.905,0.1852,NORMAL,0
2024-06-20,TikTok,IN,896,56,9,0.0212,0.0625,0.0625,0.909,0.1607,NORMAL,0
2024-06-20,TikTok,NG,509,21,3,0.0186,0.0413,0.0884,0.923,0.1429,NORMAL,0
2024-06-20,TikTok,PL,570,38,5,0.0219,0.0667,0.1105,0.911,0.1316,HIGH_FRAUD_RATE,1
2024-06-21,Affiliate_SEO,AU,827,228,103,0.0231,0.2757,0.0218,0.979,0.4518,NORMAL,0
2024-06-21,Affiliate_SEO,BR,82,19,6,0.0108,0.2317,0.0122,0.977,0.3158,NORMAL,0
2024-06-21,Affiliate_SEO,CA,206,44,14,0.0339,0.2136,0.0097,0.983,0.3182,NORMAL,0
2024-06-21,Affiliate_SEO,DE,455,120,35,0.0164,0.2637,0.0286,0.981,0.2917,NORMAL,0
2024-06-21,Affiliate_SEO,IN,159,34,9,0.0161,0.2138,0.0189,0.982,0.2647,NORMAL,0
2024-06-21,Affiliate_SEO,NG,24,5,1,0.0173,0.2083,0.0,0.979,0.2,NORMAL,0
2024-06-21,Affiliate_SEO,PL,144,42,17,0.0182,0.2917,0.0139,0.979,0.4048,NORMAL,0
2024-06-21,Facebook,AU,999,71,16,0.0605,0.0711,0.033,0.973,0.2254,NORMAL,0
2024-06-21,Facebook,BR,1153,119,37,0.0459,0.1032,0.0156,0.969,0.3109,NORMAL,0
2024-06-21,Facebook,CA,2063,184,48,0.043,0.0892,0.0184,0.972,0.2609,NORMAL,0
2024-06-21,Facebook,DE,1245,159,38,0.0419,0.1277,0.0185,0.976,0.239,NORMAL,0
2024-06-21,Facebook,IN,788,72,18,0.0311,0.0914,0.0228,0.967,0.25,NORMAL,0
2024-06-21,Facebook,NG,1105,127,32,0.0344,0.1149,0.0362,0.969,0.252,NORMAL,0
2024-06-21,Facebook,PL,1432,130,39,0.0404,0.0908,0.0223,0.965,0.3,NORMAL,0
2024-06-21,Google_Search,AU,586,72,21,0.027,0.1229,0.0051,0.991,0.2917,NORMAL,0
2024-06-21,Google_Search,BR,842,151,30,0.0464,0.1793,0.0071,0.988,0.1987,NORMAL,0
2024-06-21,Google_Search,CA,497,33,10,0.0275,0.0664,0.0141,0.991,0.303,NORMAL,0
2024-06-21,Google_Search,DE,477,74,25,0.0288,0.1551,0.0063,0.99,0.3378,NORMAL,0
2024-06-21,Google_Search,IN,832,75,23,0.0205,0.0901,0.0132,0.991,0.3067,NORMAL,0
2024-06-21,Google_Search,NG,541,108,31,0.0333,0.1996,0.0074,0.99,0.287,NORMAL,0
2024-06-21,Google_Search,PL,498,52,19,0.0268,0.1044,0.008,0.991,0.3654,NORMAL,0
2024-06-21,Native_Ads,AU,316,14,1,0.0168,0.0443,0.0823,0.942,0.0714,NORMAL,0
2024-06-21,Native_Ads,BR,369,13,3,0.0163,0.0352,0.0732,0.946,0.2308,NORMAL,0
2024-06-21,Native_Ads,CA,278,23,5,0.0137,0.0827,0.036,0.951,0.2174,NORMAL,0
2024-06-21,Native_Ads,DE,463,23,4,0.0175,0.0497,0.0734,0.934,0.1739,NORMAL,0
2024-06-21,Native_Ads,IN,443,28,5,0.0189,0.0632,0.0361,0.937,0.1786,NORMAL,0
2024-06-21,Native_Ads,NG,360,28,5,0.0272,0.0778,0.0861,0.951,0.1786,NORMAL,0
2024-06-21,Native_Ads,PL,551,44,8,0.0322,0.0799,0.0672,0.93,0.1818,NORMAL,0
2024-06-21,Push_Network,AU,762,22,2,0.014,0.0289,0.0971,0.85,0.0909,NORMAL,0
2024-06-21,Push_Network,BR,670,25,2,0.0169,0.0373,0.1075,0.844,0.08,HIGH_FRAUD_RATE,1
2024-06-21,Push_Network,CA,696,27,3,0.0188,0.0388,0.1595,0.88,0.1111,HIGH_FRAUD_RATE,1
2024-06-21,Push_Network,DE,429,16,2,0.0178,0.0373,0.0723,0.871,0.125,NORMAL,0
2024-06-21,Push_Network,IN,389,19,2,0.0224,0.0488,0.1979,0.888,0.1053,HIGH_FRAUD_RATE,1
2024-06-21,Push_Network,NG,335,14,1,0.0202,0.0418,0.1104,0.866,0.0714,HIGH_FRAUD_RATE,1
2024-06-21,Push_Network,PL,411,7,0,0.0198,0.017,0.163,0.88,0.0,HIGH_FRAUD_RATE,1
2024-06-21,TikTok,AU,1087,58,7,0.0192,0.0534,0.046,0.933,0.1207,NORMAL,0
2024-06-21,TikTok,BR,253,12,1,0.0262,0.0474,0.0514,0.91,0.0833,NORMAL,0
2024-06-21,TikTok,CA,604,41,5,0.0137,0.0679,0.048,0.905,0.122,NORMAL,0
2024-06-21,TikTok,DE,961,60,8,0.0254,0.0624,0.0531,0.914,0.1333,NORMAL,0
2024-06-21,TikTok,IN,668,40,4,0.0159,0.0599,0.0763,0.934,0.1,NORMAL,0
2024-06-21,TikTok,NG,290,23,4,0.0178,0.0793,0.1138,0.933,0.1739,HIGH_FRAUD_RATE,1
2024-06-21,TikTok,PL,190,10,1,0.0168,0.0526,0.0421,0.924,0.1,NORMAL,0
2024-06-22,Affiliate_SEO,AU,120,20,5,0.0109,0.1667,0.0167,0.979,0.25,NORMAL,0
2024-06-22,Affiliate_SEO,BR,220,35,12,0.0157,0.1591,0.0273,0.984,0.3429,NORMAL,0
2024-06-22,Affiliate_SEO,CA,621,139,30,0.0326,0.2238,0.0129,0.976,0.2158,NORMAL,0
2024-06-22,Affiliate_SEO,DE,591,132,48,0.0273,0.2234,0.0237,0.98,0.3636,NORMAL,0
2024-06-22,Affiliate_SEO,IN,47,11,4,0.0228,0.234,0.0213,0.979,0.3636,NORMAL,0
2024-06-22,Affiliate_SEO,NG,41,11,3,0.0127,0.2683,0.0,0.977,0.2727,NORMAL,0
2024-06-22,Affiliate_SEO,PL,252,66,22,0.0237,0.2619,0.0278,0.981,0.3333,NORMAL,0
2024-06-22,Facebook,AU,765,61,13,0.0283,0.0797,0.0327,0.974,0.2131,NORMAL,0
2024-06-22,Facebook,BR,817,86,19,0.0229,0.1053,0.033,0.966,0.2209,NORMAL,0
2024-06-22,Facebook,CA,2005,204,56,0.0435,0.1017,0.0429,0.973,0.2745,NORMAL,0
2024-06-22,Facebook,DE,830,89,25,0.0464,0.1072,0.0349,0.973,0.2809,NORMAL,0
2024-06-22,Facebook,IN,475,31,7,0.0213,0.0653,0.0211,0.972,0.2258,NORMAL,0
2024-06-22,Facebook,NG,1396,137,26,0.0397,0.0981,0.0158,0.974,0.1898,NORMAL,0
2024-06-22,Facebook,PL,1709,163,37,0.0344,0.0954,0.0445,0.973,0.227,NORMAL,0
2024-06-22,Google_Search,AU,1382,226,64,0.0244,0.1635,0.0094,0.988,0.2832,NORMAL,0
2024-06-22,Google_Search,BR,280,45,9,0.0205,0.1607,0.0036,0.99,0.2,NORMAL,0
2024-06-22,Google_Search,CA,1414,146,35,0.0259,0.1033,0.012,0.988,0.2397,NORMAL,0
2024-06-22,Google_Search,DE,1308,243,72,0.0218,0.1858,0.0061,0.991,0.2963,NORMAL,0
2024-06-22,Google_Search,IN,289,35,8,0.0178,0.1211,0.0104,0.989,0.2286,NORMAL,0
2024-06-22,Google_Search,NG,645,107,40,0.0506,0.1659,0.0124,0.991,0.3738,NORMAL,0
2024-06-22,Google_Search,PL,3355,814,191,0.0601,0.2426,0.0072,0.99,0.2346,NORMAL,0
2024-06-22,Native_Ads,AU,163,11,2,0.0092,0.0675,0.0798,0.935,0.1818,NORMAL,0
2024-06-22,Native_Ads,BR,896,55,12,0.0291,0.0614,0.0826,0.95,0.2182,NORMAL,0
2024-06-22,Native_Ads,CA,611,39,7,0.0223,0.0638,0.0311,0.942,0.1795,NORMAL,0
2024-06-22,Native_Ads,DE,359,24,5,0.0137,0.0669,0.0306,0.942,0.2083,NORMAL,0
2024-06-22,Native_Ads,IN,241,19,3,0.0215,0.0788,0.0581,0.948,0.1579,NORMAL,0
2024-06-22,Native_Ads,NG,301,18,3,0.0227,0.0598,0.0598,0.951,0.1667,NORMAL,0
2024-06-22,Native_Ads,PL,326,17,2,0.0285,0.0521,0.0491,0.94,0.1176,NORMAL,0
2024-06-22,Push_Network,AU,397,16,2,0.0345,0.0403,0.0806,0.87,0.125,NORMAL,0
2024-06-22,Push_Network,BR,412,20,3,0.0125,0.0485,0.1019,0.868,0.15,HIGH_FRAUD_RATE,1
2024-06-22,Push_Network,CA,351,17,1,0.0095,0.0484,0.188,0.839,0.0588,HIGH_FRAUD_RATE,1
2024-06-22,Push_Network,DE,1022,42,4,0.0203,0.0411,0.0802,0.881,0.0952,NORMAL,0
2024-06-22,Push_Network,IN,1002,48,6,0.0128,0.0479,0.1507,0.887,0.125,HIGH_FRAUD_RATE,1
2024-06-22,Push_Network,NG,674,32,3,0.0253,0.0475,0.0831,0.85,0.0938,NORMAL,0
2024-06-22,Push_Network,PL,484,14,1,0.0169,0.0289,0.0764,0.848,0.0714,NORMAL,0
2024-06-22,TikTok,AU,595,37,5,0.0214,0.0622,0.0454,0.914,0.1351,NORMAL,0
2024-06-22,TikTok,BR,377,29,4,0.0185,0.0769,0.0981,0.905,0.1379,NORMAL,0
2024-06-22,TikTok,CA,306,15,2,0.0188,0.049,0.085,0.924,0.1333,NORMAL,0
2024-06-22,TikTok,DE,388,21,3,0.0256,0.0541,0.1005,0.924,0.1429,HIGH_FRAUD_RATE,1
2024-06-22,TikTok,IN,567,33,4,0.0218,0.0582,0.0917,0.923,0.1212,NORMAL,0
2024-06-22,TikTok,NG,837,55,8,0.021,0.0657,0.0538,0.906,0.1455,NORMAL,0
2024-06-22,TikTok,PL,1458,109,17,0.0217,0.0748,0.0425,0.913,0.156,NORMAL,0
2024-06-23,Affiliate_SEO,AU,1904,494,187,0.0336,0.2595,0.0137,0.977,0.3785,NORMAL,0
2024-06-23,Affiliate_SEO,BR,129,25,9,0.0223,0.1938,0.0233,0.979,0.36,NORMAL,0
2024-06-23,Affiliate_SEO,CA,444,105,23,0.0258,0.2365,0.018,0.98,0.219,NORMAL,0
2024-06-23,Affiliate_SEO,DE,238,50,13,0.0176,0.2101,0.0252,0.983,0.26,NORMAL,0
2024-06-23,Affiliate_SEO,IN,81,16,5,0.0202,0.1975,0.0247,0.984,0.3125,NORMAL,0
2024-06-23,Affiliate_SEO,NG,12,2,0,0.0099,0.1667,0.0,0.977,0.0,NORMAL,0
2024-06-23,Affiliate_SEO,PL,236,67,17,0.0244,0.2839,0.0254,0.981,0.2537,NORMAL,0
2024-06-23,Facebook,AU,5185,653,176,0.0445,0.1259,0.0222,0.972,0.2695,NORMAL,0
2024-06-23,Facebook,BR,1228,109,22,0.0248,0.0888,0.0179,0.971,0.2018,NORMAL,0
2024-06-23,Facebook,CA,1512,137,40,0.0432,0.0906,0.0271,0.965,0.292,NORMAL,0
2024-06-23,Facebook,DE,3089,247,60,0.0473,0.08,0.0408,0.966,0.2429,NORMAL,0
2024-06-23,Facebook,IN,685,51,10,0.0293,0.0745,0.0438,0.972,0.1961,NORMAL,0
2024-06-23,Facebook,NG,967,104,23,0.0276,0.1075,0.0259,0.968,0.2212,NORMAL,0
2024-06-23,Facebook,PL,1506,125,30,0.0279,0.083,0.0166,0.97,0.24,NORMAL,0
2024-06-23,Google_Search,AU,1050,130,46,0.0333,0.1238,0.0067,0.991,0.3538,NORMAL,0
2024-06-23,Google_Search,BR,1035,176,68,0.0319,0.17,0.0135,0.99,0.3864,NORMAL,0
2024-06-23,Google_Search,CA,1133,211,63,0.0398,0.1862,0.0044,0.989,0.2986,NORMAL,0
2024-06-23,Google_Search,DE,992,136,33,0.0289,0.1371,0.0081,0.991,0.2426,NORMAL,0
2024-06-23,Google_Search,IN,1032,219,52,0.0425,0.2122,0.0116,0.989,0.2374,NORMAL,0
2024-06-23,Google_Search,NG,1710,167,47,0.0372,0.0977,0.0082,0.989,0.2814,NORMAL,0
2024-06-23,Google_Search,PL,440,46,11,0.0253,0.1045,0.0114,0.991,0.2391,NORMAL,0
2024-06-23,Native_Ads,AU,245,17,2,0.0131,0.0694,0.0612,0.933,0.1176,NORMAL,0
2024-06-23,Native_Ads,BR,389,28,5,0.012,0.072,0.0694,0.949,0.1786,NORMAL,0
2024-06-23,Native_Ads,CA,710,58,14,0.0184,0.0817,0.0845,0.947,0.2414,NORMAL,0
2024-06-23,Native_Ads,DE,427,33,7,0.0259,0.0773,0.0562,0.941,0.2121,NORMAL,0
2024-06-23,Native_Ads,IN,601,53,11,0.0226,0.0882,0.0832,0.934,0.2075,NORMAL,0
2024-06-23,Native_Ads,NG,1092,51,8,0.0191,0.0467,0.044,0.933,0.1569,NORMAL,0
2024-06-23,Native_Ads,PL,574,38,7,0.0298,0.0662,0.0488,0.946,0.1842,NORMAL,0
2024-06-23,Push_Network,AU,511,26,2,0.02,0.0509,0.0959,0.832,0.0769,NORMAL,0
2024-06-23,Push_Network,BR,456,25,3,0.0121,0.0548,0.0789,0.843,0.12,NORMAL,0
2024-06-23,Push_Network,CA,146,5,0,0.0091,0.0342,0.0959,0.85,0.0,NORMAL,0
2024-06-23,Push_Network,DE,283,5,0,0.0208,0.0177,0.1873,0.869,0.0,HIGH_FRAUD_RATE,1
2024-06-23,Push_Network,IN,335,12,1,0.0273,0.0358,0.0746,0.847,0.0833,NORMAL,0
2024-06-23,Push_Network,NG,637,20,2,0.0129,0.0314,0.1633,0.885,0.1,HIGH_FRAUD_RATE,1
2024-06-23,Push_Network,PL,385,15,1,0.0143,0.039,0.1974,0.843,0.0667,HIGH_FRAUD_RATE,1
2024-06-23,TikTok,AU,623,32,4,0.0285,0.0514,0.0706,0.922,0.125,NORMAL,0
2024-06-23,TikTok,BR,410,19,4,0.0253,0.0463,0.1171,0.921,0.2105,HIGH_FRAUD_RATE,1
2024-06-23,TikTok,CA,282,20,3,0.0225,0.0709,0.0461,0.915,0.15,NORMAL,0
2024-06-23,TikTok,DE,296,20,4,0.0171,0.0676,0.0912,0.911,0.2,NORMAL,0
2024-06-23,TikTok,IN,1282,86,16,0.0285,0.0671,0.0499,0.913,0.186,NORMAL,0
2024-06-23,TikTok,NG,540,41,6,0.0201,0.0759,0.0463,0.929,0.1463,NORMAL,0
2024-06-23,TikTok,PL,815,55,8,0.0233,0.0675,0.0834,0.926,0.1455,NORMAL,0
2024-06-24,Affiliate_SEO,AU,478,95,58,0.0102,0.1987,0.0146,0.979,0.6105,NORMAL,0
2024-06-24,Affiliate_SEO,BR,183,35,12,0.0232,0.1913,0.0164,0.983,0.3429,NORMAL,0
2024-06-24,Affiliate_SEO,CA,760,79,19,0.025,0.1039,0.0211,0.977,0.2405,NORMAL,0
2024-06-24,Affiliate_SEO,DE,489,75,26,0.0201,0.1534,0.0184,0.98,0.3467,NORMAL,0
2024-06-24,Affiliate_SEO,IN,44,8,2,0.0229,0.1818,0.0227,0.977,0.25,NORMAL,0
2024-06-24,Affiliate_SEO,NG,31,6,1,0.0231,0.1935,0.0,0.981,0.1667,NORMAL,0
2024-06-24,Affiliate_SEO,PL,128,34,12,0.0221,0.2656,0.0078,0.982,0.3529,NORMAL,0
2024-06-24,Facebook,AU,406,31,8,0.0426,0.0764,0.0419,0.966,0.2581,NORMAL,0
2024-06-24,Facebook,BR,1229,152,31,0.0338,0.1237,0.0407,0.969,0.2039,NORMAL,0
2024-06-24,Facebook,CA,622,68,15,0.0349,0.1093,0.0338,0.965,0.2206,NORMAL,0
2024-06-24,Facebook,DE,255,25,6,0.0359,0.098,0.0118,0.973,0.24,NORMAL,0
2024-06-24,Facebook,IN,140,9,2,0.0145,0.0643,0.0143,0.966,0.2222,NORMAL,0
2024-06-24,Facebook,NG,314,25,5,0.0245,0.0796,0.0414,0.969,0.2,NORMAL,0
2024-06-24,Facebook,PL,1078,56,14,0.0307,0.0519,0.0408,0.973,0.25,NORMAL,0
2024-06-24,Google_Search,AU,704,101,35,0.0263,0.1435,0.0071,0.991,0.3465,NORMAL,0
2024-06-24,Google_Search,BR,969,178,62,0.0282,0.1837,0.0062,0.99,0.3483,NORMAL,0
2024-06-24,Google_Search,CA,968,165,53,0.0189,0.1705,0.0052,0.988,0.3212,NORMAL,0
2024-06-24,Google_Search,DE,1060,162,47,0.0339,0.1528,0.0066,0.991,0.2901,NORMAL,0
2024-06-24,Google_Search,IN,914,147,41,0.0445,0.1608,0.012,0.99,0.2789,NORMAL,0
2024-06-24,Google_Search,NG,1285,189,41,0.0224,0.1471,0.0132,0.992,0.2169,NORMAL,0
2024-06-24,Google_Search,PL,790,106,30,0.0348,0.1342,0.0139,0.989,0.283,NORMAL,0
2024-06-24,Native_Ads,AU,360,20,3,0.028,0.0556,0.075,0.944,0.15,NORMAL,0
2024-06-24,Native_Ads,BR,701,49,11,0.0248,0.0699,0.03,0.929,0.2245,NORMAL,0
2024-06-24,Native_Ads,CA,692,56,14,0.0195,0.0809,0.0679,0.948,0.25,NORMAL,0
2024-06-24,Native_Ads,DE,489,38,9,0.0243,0.0777,0.0307,0.941,0.2368,NORMAL,0
2024-06-24,Native_Ads,IN,142,8,1,0.0126,0.0563,0.0775,0.937,0.125,NORMAL,0
2024-06-24,Native_Ads,NG,271,12,2,0.027,0.0443,0.059,0.944,0.1667,NORMAL,0
2024-06-24,Native_Ads,PL,430,35,6,0.0134,0.0814,0.0419,0.931,0.1714,NORMAL,0
2024-06-24,Push_Network,AU,283,13,1,0.0246,0.0459,0.1908,0.88,0.0769,HIGH_FRAUD_RATE,1
2024-06-24,Push_Network,BR,1481,40,5,0.0299,0.027,0.1249,0.851,0.125,HIGH_FRAUD_RATE,1
2024-06-24,Push_Network,CA,364,17,2,0.0212,0.0467,0.1154,0.841,0.1176,HIGH_FRAUD_RATE,1
2024-06-24,Push_Network,DE,320,15,2,0.0164,0.0469,0.1844,0.871,0.1333,HIGH_FRAUD_RATE,1
2024-06-24,Push_Network,IN,323,13,1,0.0231,0.0402,0.0929,0.865,0.0769,NORMAL,0
2024-06-24,Push_Network,NG,480,20,1,0.02,0.0417,0.1417,0.854,0.05,HIGH_FRAUD_RATE,1
2024-06-24,Push_Network,PL,237,7,0,0.0111,0.0295,0.1181,0.834,0.0,HIGH_FRAUD_RATE,1
2024-06-24,TikTok,AU,402,13,1,0.024,0.0323,0.0473,0.912,0.0769,NORMAL,0
2024-06-24,TikTok,BR,196,11,2,0.0125,0.0561,0.0612,0.923,0.1818,NORMAL,0
2024-06-24,TikTok,CA,571,39,7,0.0228,0.0683,0.049,0.905,0.1795,NORMAL,0
2024-06-24,TikTok,DE,216,13,2,0.0133,0.0602,0.088,0.922,0.1538,NORMAL,0
2024-06-24,TikTok,IN,361,22,2,0.0196,0.0609,0.072,0.916,0.0909,NORMAL,0
2024-06-24,TikTok,NG,299,18,3,0.011,0.0602,0.1171,0.913,0.1667,HIGH_FRAUD_RATE,1
2024-06-24,TikTok,PL,333,19,2,0.0196,0.0571,0.0571,0.914,0.1053,NORMAL,0
2024-06-25,Affiliate_SEO,AU,398,90,29,0.0184,0.2261,0.0276,0.984,0.3222,NORMAL,0
2024-06-25,Affiliate_SEO,BR,70,13,4,0.021,0.1857,0.0143,0.982,0.3077,NORMAL,0
2024-06-25,Affiliate_SEO,CA,524,105,44,0.0162,0.2004,0.0191,0.977,0.419,NORMAL,0
2024-06-25,Affiliate_SEO,DE,760,218,96,0.0262,0.2868,0.0224,0.977,0.4404,NORMAL,0
2024-06-25,Affiliate_SEO,IN,111,30,11,0.0246,0.2703,0.009,0.982,0.3667,NORMAL,0
2024-06-25,Affiliate_SEO,NG,39,8,2,0.0094,0.2051,0.0,0.983,0.25,NORMAL,0
2024-06-25,Affiliate_SEO,PL,86,16,8,0.0246,0.186,0.0116,0.977,0.5,NORMAL,0
2024-06-25,Facebook,AU,412,33,9,0.0253,0.0801,0.034,0.967,0.2727,NORMAL,0
2024-06-25,Facebook,BR,1121,96,23,0.0414,0.0856,0.025,0.968,0.2396,NORMAL,0
2024-06-25,Facebook,CA,652,55,16,0.0409,0.0844,0.0291,0.974,0.2909,NORMAL,0
2024-06-25,Facebook,DE,610,57,16,0.0331,0.0934,0.0246,0.974,0.2807,NORMAL,0
2024-06-25,Facebook,IN,1298,92,19,0.0408,0.0709,0.02,0.972,0.2065,NORMAL,0
2024-06-25,Facebook,NG,3827,337,76,0.0524,0.0881,0.0172,0.972,0.2255,NORMAL,0
2024-06-25,Facebook,PL,858,117,23,0.0352,0.1364,0.0245,0.976,0.1966,NORMAL,0
2024-06-25,Google_Search,AU,999,154,42,0.04,0.1542,0.009,0.991,0.2727,NORMAL,0
2024-06-25,Google_Search,BR,714,94,15,0.037,0.1317,0.0056,0.992,0.1596,NORMAL,0
2024-06-25,Google_Search,CA,975,140,44,0.0243,0.1436,0.0072,0.991,0.3143,NORMAL,0
2024-06-25,Google_Search,DE,305,71,15,0.0242,0.2328,0.0066,0.991,0.2113,NORMAL,0
2024-06-25,Google_Search,IN,571,93,41,0.0293,0.1629,0.007,0.992,0.4409,NORMAL,0
2024-06-25,Google_Search,NG,267,33,13,0.0252,0.1236,0.0075,0.99,0.3939,NORMAL,0
2024-06-25,Google_Search,PL,1917,291,96,0.0514,0.1518,0.0047,0.99,0.3299,NORMAL,0
2024-06-25,Native_Ads,AU,458,42,8,0.0317,0.0917,0.048,0.931,0.1905,NORMAL,0
2024-06-25,Native_Ads,BR,360,20,3,0.0245,0.0556,0.0889,0.933,0.15,NORMAL,0
2024-06-25,Native_Ads,CA,665,54,9,0.0176,0.0812,0.0767,0.938,0.1667,NORMAL,0
2024-06-25,Native_Ads,DE,337,26,4,0.021,0.0772,0.0861,0.934,0.1538,NORMAL,0
2024-06-25,Native_Ads,IN,533,31,5,0.008,0.0582,0.0375,0.939,0.1613,NORMAL,0
2024-06-25,Native_Ads,NG,978,65,12,0.0307,0.0665,0.0317,0.933,0.1846,NORMAL,0
2024-06-25,Native_Ads,PL,562,27,5,0.0213,0.048,0.0569,0.94,0.1852,NORMAL,0
2024-06-25,Push_Network,AU,316,7,0,0.0171,0.0222,0.2025,0.86,0.0,HIGH_FRAUD_RATE,1
2024-06-25,Push_Network,BR,945,33,4,0.0294,0.0349,0.1799,0.845,0.1212,HIGH_FRAUD_RATE,1
2024-06-25,Push_Network,CA,545,20,2,0.0288,0.0367,0.189,0.842,0.1,HIGH_FRAUD_RATE,1
2024-06-25,Push_Network,DE,544,26,3,0.023,0.0478,0.1801,0.85,0.1154,HIGH_FRAUD_RATE,1
2024-06-25,Push_Network,IN,439,15,1,0.0166,0.0342,0.1002,0.852,0.0667,HIGH_FRAUD_RATE,1
2024-06-25,Push_Network,NG,563,25,2,0.0244,0.0444,0.1758,0.845,0.08,HIGH_FRAUD_RATE,1
2024-06-25,Push_Network,PL,276,14,2,0.0219,0.0507,0.1014,0.88,0.1429,HIGH_FRAUD_RATE,1
2024-06-25,TikTok,AU,726,41,7,0.0146,0.0565,0.0882,0.92,0.1707,NORMAL,0
2024-06-25,TikTok,BR,909,64,9,0.0275,0.0704,0.1188,0.916,0.1406,HIGH_FRAUD_RATE,1
2024-06-25,TikTok,CA,997,65,8,0.0141,0.0652,0.0692,0.904,0.1231,NORMAL,0
2024-06-25,TikTok,DE,255,17,2,0.0214,0.0667,0.0902,0.925,0.1176,NORMAL,0
2024-06-25,TikTok,IN,311,25,4,0.0134,0.0804,0.0643,0.93,0.16,NORMAL,0
2024-06-25,TikTok,NG,300,14,2,0.0189,0.0467,0.08,0.921,0.1429,NORMAL,0
2024-06-25,TikTok,PL,759,57,9,0.0205,0.0751,0.0791,0.934,0.1579,NORMAL,0
2024-06-26,Affiliate_SEO,AU,97,18,8,0.0118,0.1856,0.0103,0.981,0.4444,NORMAL,0
2024-06-26,Affiliate_SEO,BR,65,18,6,0.0195,0.2769,0.0154,0.983,0.3333,NORMAL,0
2024-06-26,Affiliate_SEO,CA,928,231,91,0.0163,0.2489,0.0237,0.982,0.3939,NORMAL,0
2024-06-26,Affiliate_SEO,DE,203,40,13,0.0151,0.197,0.0148,0.981,0.325,NORMAL,0
2024-06-26,Affiliate_SEO,IN,56,16,5,0.0228,0.2857,0.0,0.983,0.3125,NORMAL,0
2024-06-26,Affiliate_SEO,NG,133,31,11,0.0256,0.2331,0.015,0.982,0.3548,NORMAL,0
2024-06-26,Affiliate_SEO,PL,56,10,3,0.0127,0.1786,0.0179,0.981,0.3,NORMAL,0
2024-06-26,Facebook,AU,1193,107,26,0.0313,0.0897,0.0436,0.97,0.243,NORMAL,0
2024-06-26,Facebook,BR,415,40,9,0.0289,0.0964,0.0361,0.975,0.225,NORMAL,0
2024-06-26,Facebook,CA,1113,115,29,0.0395,0.1033,0.0288,0.967,0.2522,NORMAL,0
2024-06-26,Facebook,DE,1385,154,37,0.036,0.1112,0.0181,0.966,0.2403,NORMAL,0
2024-06-26,Facebook,IN,569,65,13,0.0221,0.1142,0.0316,0.975,0.2,NORMAL,0
2024-06-26,Facebook,NG,364,31,6,0.0412,0.0852,0.0137,0.975,0.1935,NORMAL,0
2024-06-26,Facebook,PL,1067,105,20,0.0495,0.0984,0.03,0.972,0.1905,NORMAL,0
2024-06-26,Google_Search,AU,485,55,23,0.0281,0.1134,0.0103,0.989,0.4182,NORMAL,0
2024-06-26,Google_Search,BR,1465,302,67,0.0409,0.2061,0.0137,0.991,0.2219,NORMAL,0
2024-06-26,Google_Search,CA,881,150,55,0.0387,0.1703,0.0045,0.99,0.3667,NORMAL,0
2024-06-26,Google_Search,DE,286,45,10,0.0238,0.1573,0.0105,0.989,0.2222,NORMAL,0
2024-06-26,Google_Search,IN,515,111,47,0.032,0.2155,0.0078,0.989,0.4234,NORMAL,0
2024-06-26,Google_Search,NG,999,148,42,0.0395,0.1481,0.01,0.988,0.2838,NORMAL,0
2024-06-26,Google_Search,PL,578,76,29,0.025,0.1315,0.0069,0.989,0.3816,NORMAL,0
2024-06-26,Native_Ads,AU,1077,75,18,0.029,0.0696,0.0381,0.934,0.24,NORMAL,0
2024-06-26,Native_Ads,BR,391,19,3,0.0229,0.0486,0.0537,0.938,0.1579,NORMAL,0
2024-06-26,Native_Ads,CA,166,10,2,0.0118,0.0602,0.0663,0.941,0.2,NORMAL,0
2024-06-26,Native_Ads,DE,209,11,2,0.0164,0.0526,0.0287,0.928,0.1818,NORMAL,0
2024-06-26,Native_Ads,IN,333,29,6,0.0181,0.0871,0.0751,0.946,0.2069,NORMAL,0
2024-06-26,Native_Ads,NG,1051,92,18,0.0283,0.0875,0.0875,0.947,0.1957,NORMAL,0
2024-06-26,Native_Ads,PL,737,54,12,0.0333,0.0733,0.0407,0.933,0.2222,NORMAL,0
2024-06-26,Push_Network,AU,597,21,1,0.0206,0.0352,0.0955,0.862,0.0476,NORMAL,0
2024-06-26,Push_Network,BR,172,6,0,0.0154,0.0349,0.0698,0.875,0.0,NORMAL,0
2024-06-26,Push_Network,CA,351,18,1,0.0205,0.0513,0.2023,0.866,0.0556,HIGH_FRAUD_RATE,1
2024-06-26,Push_Network,DE,258,13,1,0.014,0.0504,0.2054,0.838,0.0769,HIGH_FRAUD_RATE,1
2024-06-26,Push_Network,IN,579,25,2,0.0197,0.0432,0.1623,0.872,0.08,HIGH_FRAUD_RATE,1
2024-06-26,Push_Network,NG,311,13,1,0.0177,0.0418,0.1543,0.876,0.0769,HIGH_FRAUD_RATE,1
2024-06-26,Push_Network,PL,391,11,0,0.0233,0.0281,0.1228,0.885,0.0,HIGH_FRAUD_RATE,1
2024-06-26,TikTok,AU,593,44,6,0.0218,0.0742,0.0607,0.93,0.1364,NORMAL,0
2024-06-26,TikTok,BR,288,17,3,0.0228,0.059,0.0486,0.907,0.1765,NORMAL,0
2024-06-26,TikTok,CA,590,48,7,0.0274,0.0814,0.0559,0.904,0.1458,NORMAL,0
2024-06-26,TikTok,DE,283,14,2,0.0123,0.0495,0.0424,0.919,0.1429,NORMAL,0
2024-06-26,TikTok,IN,358,20,2,0.0185,0.0559,0.067,0.931,0.1,NORMAL,0
2024-06-26,TikTok,NG,67,3,0,0.0053,0.0448,0.0746,0.912,0.0,NORMAL,0
2024-06-26,TikTok,PL,154,8,1,0.0083,0.0519,0.0714,0.935,0.125,NORMAL,0
2024-06-27,Affiliate_SEO,AU,667,161,41,0.0145,0.2414,0.0135,0.981,0.2547,NORMAL,0
2024-06-27,Affiliate_SEO,BR,173,39,17,0.022,0.2254,0.0173,0.984,0.4359,NORMAL,0
2024-06-27,Affiliate_SEO,CA,424,103,27,0.0195,0.2429,0.0142,0.979,0.2621,NORMAL,0
2024-06-27,Affiliate_SEO,DE,1712,339,86,0.029,0.198,0.0187,0.981,0.2537,NORMAL,0
2024-06-27,Affiliate_SEO,IN,133,33,12,0.0235,0.2481,0.015,0.983,0.3636,NORMAL,0
2024-06-27,Affiliate_SEO,NG,93,12,3,0.0277,0.129,0.0108,0.98,0.25,NORMAL,0
2024-06-27,Affiliate_SEO,PL,483,109,31,0.016,0.2257,0.0207,0.979,0.2844,NORMAL,0
2024-06-27,Facebook,AU,371,27,5,0.0358,0.0728,0.0243,0.965,0.1852,NORMAL,0
2024-06-27,Facebook,BR,2360,175,30,0.026,0.0742,0.0445,0.975,0.1714,NORMAL,0
2024-06-27,Facebook,CA,155,14,3,0.0216,0.0903,0.0129,0.965,0.2143,NORMAL,0
2024-06-27,Facebook,DE,518,40,9,0.0299,0.0772,0.0232,0.971,0.225,NORMAL,0
2024-06-27,Facebook,IN,917,70,14,0.029,0.0763,0.0207,0.968,0.2,NORMAL,0
2024-06-27,Facebook,NG,459,44,7,0.0285,0.0959,0.0218,0.965,0.1591,NORMAL,0
2024-06-27,Facebook,PL,1279,108,27,0.0284,0.0844,0.0289,0.965,0.25,NORMAL,0
2024-06-27,Google_Search,AU,728,104,29,0.0434,0.1429,0.0137,0.99,0.2788,NORMAL,0
2024-06-27,Google_Search,BR,1009,146,40,0.018,0.1447,0.0059,0.992,0.274,NORMAL,0
2024-06-27,Google_Search,CA,704,108,29,0.0235,0.1534,0.0071,0.989,0.2685,NORMAL,0
2024-06-27,Google_Search,DE,299,58,14,0.0206,0.194,0.0067,0.99,0.2414,NORMAL,0
2024-06-27,Google_Search,IN,1042,180,32,0.028,0.1727,0.0106,0.991,0.1778,NORMAL,0
2024-06-27,Google_Search,NG,819,114,24,0.0312,0.1392,0.0147,0.989,0.2105,NORMAL,0
2024-06-27,Google_Search,PL,614,101,39,0.0397,0.1645,0.0114,0.988,0.3861,NORMAL,0
2024-06-27,Native_Ads,AU,778,62,14,0.0332,0.0797,0.0386,0.936,0.2258,NORMAL,0
2024-06-27,Native_Ads,BR,356,24,4,0.0178,0.0674,0.059,0.934,0.1667,NORMAL,0
2024-06-27,Native_Ads,CA,76,4,0,0.0056,0.0526,0.0658,0.94,0.0,NORMAL,0
2024-06-27,Native_Ads,DE,1421,112,31,0.0387,0.0788,0.0612,0.928,0.2768,NORMAL,0
2024-06-27,Native_Ads,IN,299,23,3,0.0165,0.0769,0.0635,0.946,0.1304,NORMAL,0
2024-06-27,Native_Ads,NG,1216,43,7,0.0162,0.0354,0.0502,0.932,0.1628,NORMAL,0
2024-06-27,Native_Ads,PL,166,12,1,0.0158,0.0723,0.0482,0.934,0.0833,NORMAL,0
2024-06-27,Push_Network,AU,1058,50,8,0.0228,0.0473,0.2013,0.85,0.16,HIGH_FRAUD_RATE,1
2024-06-27,Push_Network,BR,325,16,2,0.0098,0.0492,0.0892,0.832,0.125,NORMAL,0
2024-06-27,Push_Network,CA,330,14,1,0.0241,0.0424,0.1545,0.844,0.0714,HIGH_FRAUD_RATE,1
2024-06-27,Push_Network,DE,491,14,1,0.0253,0.0285,0.0937,0.832,0.0714,NORMAL,0
2024-06-27,Push_Network,IN,539,25,2,0.0134,0.0464,0.1336,0.865,0.08,HIGH_FRAUD_RATE,1
2024-06-27,Push_Network,NG,454,23,2,0.0197,0.0507,0.1982,0.852,0.087,HIGH_FRAUD_RATE,1
2024-06-27,Push_Network,PL,179,5,0,0.011,0.0279,0.0726,0.861,0.0,NORMAL,0
2024-06-27,TikTok,AU,250,12,2,0.0148,0.048,0.104,0.913,0.1667,HIGH_FRAUD_RATE,1
2024-06-27,TikTok,BR,643,38,4,0.0198,0.0591,0.0451,0.928,0.1053,NORMAL,0
2024-06-27,TikTok,CA,441,32,5,0.0223,0.0726,0.059,0.911,0.1562,NORMAL,0
2024-06-27,TikTok,DE,464,31,4,0.0145,0.0668,0.0603,0.931,0.129,NORMAL,0
2024-06-27,TikTok,IN,400,32,5,0.0177,0.08,0.105,0.916,0.1562,HIGH_FRAUD_RATE,1
2024-06-27,TikTok,NG,629,40,10,0.02,0.0636,0.0445,0.913,0.25,NORMAL,0
2024-06-27,TikTok,PL,302,23,4,0.0314,0.0762,0.0762,0.913,0.1739,NORMAL,0
2024-06-28,Affiliate_SEO,AU,1035,202,74,0.0187,0.1952,0.0145,0.981,0.3663,NORMAL,0
2024-06-28,Affiliate_SEO,BR,64,16,7,0.0273,0.25,0.0156,0.979,0.4375,NORMAL,0
2024-06-28,Affiliate_SEO,CA,506,119,50,0.0179,0.2352,0.0237,0.979,0.4202,NORMAL,0
2024-06-28,Affiliate_SEO,DE,765,169,54,0.0125,0.2209,0.0131,0.979,0.3195,NORMAL,0
2024-06-28,Affiliate_SEO,IN,48,7,2,0.0153,0.1458,0.0,0.98,0.2857,NORMAL,0
2024-06-28,Affiliate_SEO,NG,41,8,2,0.0211,0.1951,0.0,0.981,0.25,NORMAL,0
2024-06-28,Affiliate_SEO,PL,391,54,18,0.0267,0.1381,0.0256,0.982,0.3333,NORMAL,0
2024-06-28,Facebook,AU,889,66,13,0.0472,0.0742,0.0349,0.975,0.197,NORMAL,0
2024-06-28,Facebook,BR,3511,283,72,0.0486,0.0806,0.0353,0.975,0.2544,NORMAL,0
2024-06-28,Facebook,CA,1056,89,26,0.0264,0.0843,0.0369,0.965,0.2921,NORMAL,0
2024-06-28,Facebook,DE,584,38,9,0.0465,0.0651,0.0257,0.973,0.2368,NORMAL,0
2024-06-28,Facebook,IN,1655,96,24,0.0297,0.058,0.0381,0.965,0.25,NORMAL,0
2024-06-28,Facebook,NG,460,35,7,0.0312,0.0761,0.0283,0.971,0.2,NORMAL,0
2024-06-28,Facebook,PL,755,76,16,0.048,0.1007,0.0371,0.966,0.2105,NORMAL,0
2024-06-28,Google_Search,AU,760,128,36,0.0338,0.1684,0.0092,0.988,0.2812,NORMAL,0
2024-06-28,Google_Search,BR,1291,256,95,0.0362,0.1983,0.0139,0.989,0.3711,NORMAL,0
2024-06-28,Google_Search,CA,241,35,13,0.0247,0.1452,0.0083,0.989,0.3714,NORMAL,0
2024-06-28,Google_Search,DE,941,148,36,0.0348,0.1573,0.0128,0.99,0.2432,NORMAL,0
2024-06-28,Google_Search,IN,583,102,31,0.041,0.175,0.0086,0.991,0.3039,NORMAL,0
2024-06-28,Google_Search,NG,1152,253,84,0.0375,0.2196,0.0052,0.991,0.332,NORMAL,0
2024-06-28,Google_Search,PL,599,104,29,0.0281,0.1736,0.0083,0.988,0.2788,NORMAL,0
2024-06-28,Native_Ads,AU,715,42,10,0.0267,0.0587,0.0573,0.939,0.2381,NORMAL,0
2024-06-28,Native_Ads,BR,790,65,12,0.0259,0.0823,0.0848,0.941,0.1846,NORMAL,0
2024-06-28,Native_Ads,CA,509,37,8,0.0169,0.0727,0.0668,0.933,0.2162,NORMAL,0
2024-06-28,Native_Ads,DE,1162,90,14,0.0285,0.0775,0.0516,0.931,0.1556,NORMAL,0
2024-06-28,Native_Ads,IN,222,15,2,0.0223,0.0676,0.0721,0.929,0.1333,NORMAL,0
2024-06-28,Native_Ads,NG,187,17,2,0.0138,0.0909,0.0749,0.941,0.1176,NORMAL,0
2024-06-28,Native_Ads,PL,343,27,6,0.0188,0.0787,0.035,0.931,0.2222,NORMAL,0
2024-06-28,Push_Network,AU,179,5,0,0.0204,0.0279,0.1899,0.866,0.0,HIGH_FRAUD_RATE,1
2024-06-28,Push_Network,BR,255,8,0,0.0199,0.0314,0.0745,0.839,0.0,NORMAL,0
2024-06-28,Push_Network,CA,679,31,3,0.0138,0.0457,0.2047,0.852,0.0968,HIGH_FRAUD_RATE,1
2024-06-28,Push_Network,DE,291,8,0,0.0122,0.0275,0.1271,0.869,0.0,HIGH_FRAUD_RATE,1
2024-06-28,Push_Network,IN,204,7,0,0.0113,0.0343,0.1225,0.852,0.0,HIGH_FRAUD_RATE,1
2024-06-28,Push_Network,NG,908,42,3,0.0318,0.0463,0.1751,0.858,0.0714,HIGH_FRAUD_RATE,1
2024-06-28,Push_Network,PL,211,9,1,0.0208,0.0427,0.0948,0.868,0.1111,NORMAL,0
2024-06-28,TikTok,AU,462,37,6,0.0164,0.0801,0.0714,0.916,0.1622,NORMAL,0
2024-06-28,TikTok,BR,1127,83,17,0.0231,0.0736,0.0612,0.917,0.2048,NORMAL,0
2024-06-28,TikTok,CA,417,26,4,0.0154,0.0624,0.0552,0.919,0.1538,NORMAL,0
2024-06-28,TikTok,DE,453,18,2,0.0144,0.0397,0.0486,0.913,0.1111,NORMAL,0
2024-06-28,TikTok,IN,414,22,2,0.0236,0.0531,0.0483,0.923,0.0909,NORMAL,0
2024-06-28,TikTok,NG,487,25,3,0.0173,0.0513,0.117,0.933,0.12,HIGH_FRAUD_RATE,1
2024-06-28,TikTok,PL,282,16,2,0.0178,0.0567,0.1135,0.935,0.125,HIGH_FRAUD_RATE,1
2024-06-29,Affiliate_SEO,AU,517,85,34,0.0182,0.1644,0.0251,0.978,0.4,NORMAL,0
2024-06-29,Affiliate_SEO,BR,305,73,28,0.0285,0.2393,0.023,0.983,0.3836,NORMAL,0
2024-06-29,Affiliate_SEO,CA,600,110,34,0.0195,0.1833,0.0133,0.976,0.3091,NORMAL,0
2024-06-29,Affiliate_SEO,DE,961,187,64,0.0162,0.1946,0.0291,0.977,0.3422,NORMAL,0
2024-06-29,Affiliate_SEO,IN,57,15,7,0.0117,0.2632,0.0175,0.977,0.4667,NORMAL,0
2024-06-29,Affiliate_SEO,NG,52,15,5,0.0282,0.2885,0.0192,0.977,0.3333,NORMAL,0
2024-06-29,Affiliate_SEO,PL,165,42,12,0.0133,0.2545,0.0121,0.981,0.2857,NORMAL,0
2024-06-29,Facebook,AU,677,56,14,0.0285,0.0827,0.0192,0.968,0.25,NORMAL,0
2024-06-29,Facebook,BR,733,76,21,0.0269,0.1037,0.0246,0.974,0.2763,NORMAL,0
2024-06-29,Facebook,CA,1075,84,21,0.05,0.0781,0.0419,0.974,0.25,NORMAL,0
2024-06-29,Facebook,DE,916,71,22,0.0331,0.0775,0.0175,0.969,0.3099,NORMAL,0
2024-06-29,Facebook,IN,1209,135,34,0.0324,0.1117,0.0314,0.971,0.2519,NORMAL,0
2024-06-29,Facebook,NG,740,82,19,0.0298,0.1108,0.0284,0.964,0.2317,NORMAL,0
2024-06-29,Facebook,PL,217,19,6,0.017,0.0876,0.0323,0.973,0.3158,NORMAL,0
2024-06-29,Google_Search,AU,680,116,31,0.0274,0.1706,0.0074,0.988,0.2672,NORMAL,0
2024-06-29,Google_Search,BR,1125,148,46,0.0366,0.1316,0.0124,0.992,0.3108,NORMAL,0
2024-06-29,Google_Search,CA,481,78,24,0.0362,0.1622,0.0104,0.99,0.3077,NORMAL,0
2024-06-29,Google_Search,DE,1547,200,61,0.0433,0.1293,0.0097,0.991,0.305,NORMAL,0
2024-06-29,Google_Search,IN,685,107,24,0.0176,0.1562,0.0131,0.992,0.2243,NORMAL,0
2024-06-29,Google_Search,NG,334,45,9,0.0111,0.1347,0.009,0.99,0.2,NORMAL,0
2024-06-29,Google_Search,PL,1998,305,78,0.0435,0.1527,0.014,0.988,0.2557,NORMAL,0
2024-06-29,Native_Ads,AU,753,65,12,0.0182,0.0863,0.0624,0.941,0.1846,NORMAL,0
2024-06-29,Native_Ads,BR,550,38,8,0.026,0.0691,0.04,0.936,0.2105,NORMAL,0
2024-06-29,Native_Ads,CA,765,48,8,0.0143,0.0627,0.0536,0.941,0.1667,NORMAL,0
2024-06-29,Native_Ads,DE,1319,81,16,0.0243,0.0614,0.0804,0.937,0.1975,NORMAL,0
2024-06-29,Native_Ads,IN,590,34,7,0.0224,0.0576,0.0475,0.941,0.2059,NORMAL,0
2024-06-29,Native_Ads,NG,903,58,11,0.0236,0.0642,0.062,0.934,0.1897,NORMAL,0
2024-06-29,Native_Ads,PL,492,39,10,0.0118,0.0793,0.0549,0.942,0.2564,NORMAL,0
2024-06-29,Push_Network,AU,304,11,0,0.0216,0.0362,0.1283,0.853,0.0,HIGH_FRAUD_RATE,1
2024-06-29,Push_Network,BR,410,17,1,0.018,0.0415,0.1341,0.877,0.0588,HIGH_FRAUD_RATE,1
2024-06-29,Push_Network,CA,453,10,1,0.0192,0.0221,0.1943,0.833,0.1,HIGH_FRAUD_RATE,1
2024-06-29,Push_Network,DE,908,47,6,0.0207,0.0518,0.1333,0.84,0.1277,HIGH_FRAUD_RATE,1
2024-06-29,Push_Network,IN,1138,52,8,0.0208,0.0457,0.0729,0.837,0.1538,NORMAL,0
2024-06-29,Push_Network,NG,690,39,5,0.0234,0.0565,0.1246,0.838,0.1282,HIGH_FRAUD_RATE,1
2024-06-29,Push_Network,PL,632,25,2,0.0211,0.0396,0.0696,0.874,0.08,NORMAL,0
2024-06-29,TikTok,AU,1013,61,9,0.0222,0.0602,0.0721,0.917,0.1475,NORMAL,0
2024-06-29,TikTok,BR,1690,108,19,0.0228,0.0639,0.0811,0.916,0.1759,NORMAL,0
2024-06-29,TikTok,CA,211,16,2,0.0117,0.0758,0.0427,0.928,0.125,NORMAL,0
2024-06-29,TikTok,DE,862,55,6,0.0314,0.0638,0.1067,0.929,0.1091,HIGH_FRAUD_RATE,1
2024-06-29,TikTok,IN,182,9,1,0.014,0.0495,0.0714,0.906,0.1111,NORMAL,0
2024-06-29,TikTok,NG,1256,73,10,0.0224,0.0581,0.0828,0.931,0.137,NORMAL,0
2024-06-29,TikTok,PL,437,27,3,0.0134,0.0618,0.0847,0.933,0.1111,NORMAL,0
2024-06-30,Affiliate_SEO,AU,1096,216,86,0.0231,0.1971,0.0292,0.977,0.3981,NORMAL,0
2024-06-30,Affiliate_SEO,BR,457,69,28,0.0208,0.151,0.0197,0.978,0.4058,NORMAL,0
2024-06-30,Affiliate_SEO,CA,722,118,32,0.0206,0.1634,0.0277,0.98,0.2712,NORMAL,0
2024-06-30,Affiliate_SEO,DE,383,129,23,0.0222,0.3368,0.0157,0.982,0.1783,NORMAL,0
2024-06-30,Affiliate_SEO,IN,104,22,6,0.0176,0.2115,0.0096,0.984,0.2727,NORMAL,0
2024-06-30,Affiliate_SEO,NG,74,16,5,0.0206,0.2162,0.0,0.98,0.3125,NORMAL,0
2024-06-30,Affiliate_SEO,PL,59,15,5,0.0126,0.2542,0.0,0.982,0.3333,NORMAL,0
2024-06-30,Facebook,AU,563,58,14,0.0396,0.103,0.0426,0.97,0.2414,NORMAL,0
2024-06-30,Facebook,BR,844,75,21,0.0235,0.0889,0.0379,0.968,0.28,NORMAL,0
2024-06-30,Facebook,CA,2349,162,45,0.0398,0.069,0.023,0.972,0.2778,NORMAL,0
2024-06-30,Facebook,DE,471,33,6,0.0335,0.0701,0.0361,0.97,0.1818,NORMAL,0
2024-06-30,Facebook,IN,1137,59,9,0.0534,0.0519,0.0167,0.967,0.1525,NORMAL,0
2024-06-30,Facebook,NG,1714,132,27,0.0337,0.077,0.0303,0.966,0.2045,NORMAL,0
2024-06-30,Facebook,PL,376,42,10,0.0282,0.1117,0.016,0.969,0.2381,NORMAL,0
2024-06-30,Google_Search,AU,441,73,13,0.0164,0.1655,0.0113,0.989,0.1781,NORMAL,0
2024-06-30,Google_Search,BR,1144,126,33,0.045,0.1101,0.0122,0.989,0.2619,NORMAL,0
2024-06-30,Google_Search,CA,292,47,10,0.0267,0.161,0.0068,0.988,0.2128,NORMAL,0
2024-06-30,Google_Search,DE,1976,234,76,0.0386,0.1184,0.0071,0.991,0.3248,NORMAL,0
2024-06-30,Google_Search,IN,747,113,28,0.0533,0.1513,0.0134,0.989,0.2478,NORMAL,0
2024-06-30,Google_Search,NG,1061,149,50,0.0348,0.1404,0.0094,0.991,0.3356,NORMAL,0
2024-06-30,Google_Search,PL,553,68,19,0.0333,0.123,0.0108,0.989,0.2794,NORMAL,0
2024-06-30,Native_Ads,AU,741,71,18,0.0297,0.0958,0.0648,0.938,0.2535,NORMAL,0
2024-06-30,Native_Ads,BR,1109,79,14,0.0231,0.0712,0.0595,0.945,0.1772,NORMAL,0
2024-06-30,Native_Ads,CA,513,37,5,0.0191,0.0721,0.0721,0.932,0.1351,NORMAL,0
2024-06-30,Native_Ads,DE,763,66,12,0.0244,0.0865,0.0341,0.94,0.1818,NORMAL,0
2024-06-30,Native_Ads,IN,1363,108,17,0.0301,0.0792,0.0367,0.931,0.1574,NORMAL,0
2024-06-30,Native_Ads,NG,331,20,3,0.0132,0.0604,0.0453,0.936,0.15,NORMAL,0
2024-06-30,Native_Ads,PL,442,38,7,0.0209,0.086,0.0543,0.939,0.1842,NORMAL,0
2024-06-30,Push_Network,AU,809,33,3,0.0209,0.0408,0.0705,0.884,0.0909,NORMAL,0
2024-06-30,Push_Network,BR,514,17,2,0.0217,0.0331,0.1128,0.866,0.1176,HIGH_FRAUD_RATE,1
2024-06-30,Push_Network,CA,321,13,1,0.0181,0.0405,0.1464,0.833,0.0769,HIGH_FRAUD_RATE,1
2024-06-30,Push_Network,DE,397,16,1,0.0247,0.0403,0.1184,0.848,0.0625,HIGH_FRAUD_RATE,1
2024-06-30,Push_Network,IN,371,10,1,0.0206,0.027,0.0997,0.844,0.1,NORMAL,0
2024-06-30,Push_Network,NG,277,10,1,0.0115,0.0361,0.1119,0.884,0.1,HIGH_FRAUD_RATE,1
2024-06-30,Push_Network,PL,389,15,0,0.0294,0.0386,0.1774,0.874,0.0,HIGH_FRAUD_RATE,1
2024-06-30,TikTok,AU,275,16,2,0.023,0.0582,0.0473,0.915,0.125,NORMAL,0
2024-06-30,TikTok,BR,206,9,1,0.0155,0.0437,0.068,0.92,0.1111,NORMAL,0
2024-06-30,TikTok,CA,474,30,4,0.02,0.0633,0.1013,0.921,0.1333,HIGH_FRAUD_RATE,1
2024-06-30,TikTok,DE,430,18,2,0.0115,0.0419,0.0698,0.922,0.1111,NORMAL,0
2024-06-30,TikTok,IN,430,27,4,0.0159,0.0628,0.0791,0.906,0.1481,NORMAL,0
2024-06-30,TikTok,NG,777,34,5,0.0134,0.0438,0.0631,0.923,0.1471,NORMAL,0
2024-06-30,TikTok,PL,250,12,1,0.0266,0.048,0.056,0.927,0.0833,NORMAL,0
