date,source,campaign,geo,tier,impressions,clicks,ctr,spend,cpc,registrations,ftd,c2r,r2d,ngr,cpa,roi_pct,fraud_clicks,fraud_regs,suspicious_ftd,approval_rate
2024-01-01,Facebook,FB_Sports_Banner,DE,T1,12632,474,0.0375,120.35,0.254,45,12,0.0949,0.2667,896.24,10.03,644.7,9,0,0,0.971
2024-01-01,Facebook,FB_Casino_CreativeA,BR,T2,17022,513,0.0301,48.32,0.094,43,9,0.0838,0.2093,402.16,5.37,732.3,9,0,0,0.965
2024-01-01,Facebook,FB_Slots_Video,PL,T2,18947,780,0.0412,74.17,0.095,62,10,0.0795,0.1613,321.55,7.42,333.5,24,0,0,0.975
2024-01-01,Facebook,FB_Casino_CreativeA,NG,T3,33066,1516,0.0458,28.2,0.019,134,38,0.0884,0.2836,535.54,0.74,1799.1,57,1,0,0.97
2024-01-01,Facebook,FB_Slots_Video,CA,T1,21736,778,0.0358,183.0,0.235,63,13,0.081,0.2063,971.08,14.08,430.6,18,0,0,0.974
2024-01-01,Facebook,FB_Slots_Video,AU,T1,34946,1250,0.0358,270.69,0.217,101,16,0.0808,0.1584,1173.58,16.92,333.6,42,0,0,0.971
2024-01-01,Facebook,FB_Casino_CreativeA,IN,T3,24665,1030,0.0418,34.72,0.034,95,17,0.0922,0.1789,380.71,2.04,996.5,22,1,0,0.972
2024-01-01,Google_Search,GG_Casino_KW_Brand,DE,T1,12894,501,0.0389,363.12,0.725,71,24,0.1417,0.338,2584.19,15.13,611.7,7,0,0,0.99
2024-01-01,Google_Search,GG_Casino_KW_Brand,BR,T2,30506,786,0.0258,286.23,0.364,82,25,0.1043,0.3049,806.59,11.45,181.8,4,0,0,0.991
2024-01-01,Google_Search,GG_Casino_KW_Brand,PL,T2,41489,2156,0.052,418.5,0.194,390,81,0.1809,0.2077,3844.22,5.17,818.6,18,1,0,0.992
2024-01-01,Google_Search,GG_Casino_KW_Brand,NG,T3,16616,523,0.0315,41.29,0.079,81,27,0.1549,0.3333,584.47,1.53,1315.5,3,0,0,0.991
2024-01-01,Google_Search,GG_Slots_KW_Generic,CA,T1,54613,2868,0.0525,1468.45,0.512,360,89,0.1255,0.2472,8275.45,16.5,463.6,27,0,0,0.992
2024-01-01,Google_Search,GG_Slots_KW_Generic,AU,T1,19447,813,0.0418,381.76,0.47,97,29,0.1193,0.299,2989.39,13.16,683.1,8,0,0,0.99
2024-01-01,Google_Search,GG_Sports_Betting,IN,T3,16106,487,0.0302,52.08,0.107,60,18,0.1232,0.3,210.34,2.89,303.9,4,0,0,0.99
2024-01-01,Push_Network,Push_Casino_Retarget,DE,T1,88600,915,0.0103,139.77,0.153,35,3,0.0383,0.0857,87.55,46.59,-37.4,151,1,0,0.862
2024-01-01,Push_Network,Push_Casino_Retarget,BR,T2,26517,434,0.0164,16.76,0.039,17,1,0.0392,0.0588,22.14,16.76,32.1,38,0,0,0.879
2024-01-01,Push_Network,Push_Casino_Retarget,PL,T2,28904,757,0.0262,18.71,0.025,16,2,0.0211,0.125,29.28,9.36,56.5,139,0,0,0.862
2024-01-01,Push_Network,Push_iGaming_Broad,NG,T3,14446,317,0.0219,2.31,0.007,12,1,0.0379,0.0833,2.0,2.31,-13.4,62,0,0,0.835
2024-01-01,Push_Network,Push_Casino_Retarget,CA,T1,39021,899,0.023,55.68,0.062,44,6,0.0489,0.1364,195.94,9.28,251.9,162,1,0,0.874
2024-01-01,Push_Network,Push_iGaming_Broad,AU,T1,32160,465,0.0145,43.75,0.094,21,3,0.0452,0.1429,103.52,14.58,136.6,48,0,0,0.837
2024-01-01,Push_Network,Push_iGaming_Broad,IN,T3,24107,864,0.0358,5.72,0.007,33,3,0.0382,0.0909,60.77,1.91,962.4,172,1,0,0.856
2024-01-01,Native_Ads,Native_Review_Article,DE,T1,13429,258,0.0192,79.1,0.307,18,4,0.0698,0.2222,210.29,19.77,165.9,8,0,0,0.952
2024-01-01,Native_Ads,Native_Bonus_Landing,BR,T2,22848,631,0.0276,38.14,0.06,36,5,0.0571,0.1389,114.02,7.63,199.0,36,0,0,0.94
2024-01-01,Native_Ads,Native_Review_Article,PL,T2,28519,524,0.0184,73.04,0.139,28,8,0.0534,0.2857,265.12,9.13,263.0,17,0,0,0.93
2024-01-01,Native_Ads,Native_Bonus_Landing,NG,T3,7791,97,0.0125,3.92,0.04,5,1,0.0515,0.2,11.65,3.92,197.2,8,0,0,0.937
2024-01-01,Native_Ads,Native_Bonus_Landing,CA,T1,35166,971,0.0276,171.02,0.176,77,11,0.0793,0.1429,638.29,15.55,273.2,67,1,0,0.946
2024-01-01,Native_Ads,Native_Bonus_Landing,AU,T1,11840,178,0.015,54.91,0.308,15,1,0.0843,0.0667,66.72,54.91,21.5,9,0,0,0.945
2024-01-01,Native_Ads,Native_Review_Article,IN,T3,16773,375,0.0224,14.27,0.038,26,6,0.0693,0.2308,75.48,2.38,428.9,20,0,0,0.939
2024-01-01,TikTok,TT_Casino_UGC,DE,T1,26207,267,0.0102,155.93,0.584,17,3,0.0637,0.1765,158.89,51.98,1.9,28,0,0,0.932
2024-01-01,TikTok,TT_Sports_Short,BR,T2,28428,254,0.0089,67.12,0.264,11,1,0.0433,0.0909,17.99,67.12,-73.2,13,0,0,0.917
2024-01-01,TikTok,TT_Casino_UGC,PL,T2,10901,305,0.028,27.57,0.09,15,2,0.0492,0.1333,18.61,13.79,-32.5,23,0,0,0.913
2024-01-01,TikTok,TT_Casino_UGC,NG,T3,79224,1538,0.0194,41.14,0.027,113,15,0.0735,0.1327,95.8,2.74,132.9,146,2,0,0.91
2024-01-01,TikTok,TT_Casino_UGC,CA,T1,17555,417,0.0238,111.41,0.267,17,2,0.0408,0.1176,101.98,55.7,-8.5,17,0,0,0.906
2024-01-01,TikTok,TT_Sports_Short,AU,T1,21158,542,0.0256,133.07,0.246,29,4,0.0535,0.1379,158.54,33.27,19.1,31,0,0,0.914
2024-01-01,TikTok,TT_Casino_UGC,IN,T3,15910,417,0.0262,14.49,0.035,29,4,0.0695,0.1379,8.0,3.62,-44.8,17,0,0,0.908
2024-01-01,Affiliate_SEO,SEO_BonusGuide_BR,DE,T1,19504,330,0.0169,0.0,,36,14,0.1091,0.3889,1754.04,,,9,0,0,0.981
2024-01-01,Affiliate_SEO,SEO_CasinoReview_DE,BR,T2,18837,559,0.0297,0.0,,84,29,0.1503,0.3452,1220.38,,,7,0,0,0.984
2024-01-01,Affiliate_SEO,SEO_CasinoReview_DE,PL,T2,24785,546,0.022,0.0,,151,40,0.2766,0.2649,1902.06,,,15,1,0,0.977
2024-01-01,Affiliate_SEO,SEO_BonusGuide_BR,NG,T3,2884,64,0.0222,0.0,,12,4,0.1875,0.3333,8.0,,,1,0,0,0.982
2024-01-01,Affiliate_SEO,SEO_BonusGuide_BR,CA,T1,52378,1459,0.0279,0.0,,306,82,0.2097,0.268,9400.38,,,33,1,0,0.976
2024-01-01,Affiliate_SEO,SEO_BonusGuide_BR,AU,T1,49983,1888,0.0378,0.0,,407,115,0.2156,0.2826,13649.73,,,56,3,0,0.982
2024-01-01,Affiliate_SEO,SEO_BonusGuide_BR,IN,T3,10173,108,0.0106,0.0,,22,5,0.2037,0.2273,84.29,,,1,0,0,0.979
2024-01-02,Facebook,FB_Casino_CreativeA,DE,T1,21808,520,0.0238,205.62,0.395,31,8,0.0596,0.2581,790.81,25.7,284.6,17,0,0,0.967
2024-01-02,Facebook,FB_Sports_Banner,BR,T2,35790,1075,0.03,105.46,0.098,59,15,0.0549,0.2542,629.74,7.03,497.1,24,0,0,0.974
2024-01-02,Facebook,FB_Slots_Video,PL,T2,15506,460,0.0297,70.04,0.152,29,9,0.063,0.3103,263.24,7.78,275.8,17,0,0,0.971
2024-01-02,Facebook,FB_Casino_CreativeA,NG,T3,40631,1949,0.048,33.46,0.017,121,30,0.0621,0.2479,686.28,1.12,1951.0,58,1,0,0.968
2024-01-02,Facebook,FB_Casino_CreativeA,CA,T1,30173,1029,0.0341,274.48,0.267,75,15,0.0729,0.2,1268.33,18.3,362.1,35,0,0,0.973
2024-01-02,Facebook,FB_Sports_Banner,AU,T1,28395,1483,0.0522,235.27,0.159,103,28,0.0695,0.2718,2045.4,8.4,769.4,44,1,0,0.973
2024-01-02,Facebook,FB_Slots_Video,IN,T3,12029,478,0.0397,14.32,0.03,56,16,0.1172,0.2857,196.68,0.9,1273.5,8,0,0,0.968
2024-01-02,Google_Search,GG_Slots_KW_Generic,DE,T1,8946,375,0.0419,259.38,0.692,64,19,0.1707,0.2969,1947.39,13.65,650.8,3,0,0,0.989
2024-01-02,Google_Search,GG_Casino_KW_Brand,BR,T2,17973,939,0.0522,166.41,0.177,123,42,0.131,0.3415,1743.23,3.96,947.6,10,0,0,0.99
2024-01-02,Google_Search,GG_Casino_KW_Brand,PL,T2,25643,952,0.0371,259.16,0.272,166,41,0.1744,0.247,2502.77,6.32,865.7,11,0,0,0.991
2024-01-02,Google_Search,GG_Casino_KW_Brand,NG,T3,24645,1046,0.0424,63.09,0.06,112,21,0.1071,0.1875,51.69,3.0,-18.1,13,0,0,0.99
2024-01-02,Google_Search,GG_Sports_Betting,CA,T1,14448,490,0.0339,328.88,0.671,80,17,0.1633,0.2125,1688.04,19.35,413.3,4,0,0,0.992
2024-01-02,Google_Search,GG_Casino_KW_Brand,AU,T1,12271,147,0.012,305.18,2.076,21,8,0.1429,0.381,868.99,38.15,184.7,1,0,0,0.991
2024-01-02,Google_Search,GG_Slots_KW_Generic,IN,T3,26467,862,0.0326,88.76,0.103,169,45,0.1961,0.2663,819.95,1.97,823.8,4,0,0,0.99
2024-01-02,Push_Network,Push_Casino_Retarget,DE,T1,17064,353,0.0207,28.5,0.081,18,2,0.051,0.1111,63.96,14.25,124.4,68,1,0,0.863
2024-01-02,Push_Network,Push_iGaming_Broad,BR,T2,13538,270,0.0199,7.67,0.028,13,1,0.0481,0.0769,23.28,7.67,203.5,55,0,0,0.872
2024-01-02,Push_Network,Push_iGaming_Broad,PL,T2,56198,1488,0.0265,44.02,0.03,54,8,0.0363,0.1481,138.74,5.5,215.2,137,2,0,0.87
2024-01-02,Push_Network,Push_iGaming_Broad,NG,T3,44627,963,0.0216,8.14,0.008,38,5,0.0395,0.1316,81.29,1.63,898.6,89,2,0,0.879
2024-01-02,Push_Network,Push_Casino_Retarget,CA,T1,29679,623,0.021,52.59,0.084,31,2,0.0498,0.0645,82.24,26.3,56.4,84,1,0,0.868
2024-01-02,Push_Network,Push_iGaming_Broad,AU,T1,28937,432,0.0149,41.81,0.097,15,1,0.0347,0.0667,25.9,41.81,-38.1,75,0,0,0.868
2024-01-02,Push_Network,Push_Casino_Retarget,IN,T3,26953,535,0.0198,7.13,0.013,17,2,0.0318,0.1176,4.0,3.56,-43.9,88,0,0,0.84
2024-01-02,Native_Ads,Native_Bonus_Landing,DE,T1,17370,490,0.0282,89.21,0.182,41,5,0.0837,0.122,335.59,17.84,276.2,20,0,0,0.936
2024-01-02,Native_Ads,Native_Review_Article,BR,T2,30491,585,0.0192,54.33,0.093,32,7,0.0547,0.2188,167.48,7.76,208.3,36,0,0,0.949
2024-01-02,Native_Ads,Native_Review_Article,PL,T2,19345,490,0.0253,46.84,0.096,30,6,0.0612,0.2,177.45,7.81,278.8,18,0,0,0.95
2024-01-02,Native_Ads,Native_Review_Article,NG,T3,35424,1072,0.0303,15.31,0.014,73,14,0.0681,0.1918,138.51,1.09,804.7,36,1,0,0.949
2024-01-02,Native_Ads,Native_Bonus_Landing,CA,T1,42508,591,0.0139,218.39,0.37,47,7,0.0795,0.1489,437.24,31.2,100.2,31,0,0,0.929
2024-01-02,Native_Ads,Native_Bonus_Landing,AU,T1,7303,127,0.0174,29.96,0.236,7,1,0.0551,0.1429,60.0,29.96,100.3,8,0,0,0.94
2024-01-02,Native_Ads,Native_Review_Article,IN,T3,15122,346,0.0229,12.37,0.036,37,7,0.1069,0.1892,71.56,1.77,478.5,18,0,0,0.949
2024-01-02,TikTok,TT_Sports_Short,DE,T1,8699,187,0.0215,55.88,0.299,12,1,0.0642,0.0833,54.38,55.88,-2.7,19,0,0,0.936
2024-01-02,TikTok,TT_Casino_UGC,BR,T2,23703,494,0.0208,46.16,0.093,25,3,0.0506,0.12,61.56,15.39,33.4,34,0,0,0.932
2024-01-02,TikTok,TT_Casino_UGC,PL,T2,20248,272,0.0134,57.43,0.211,20,3,0.0735,0.15,70.45,19.14,22.7,24,0,0,0.908
2024-01-02,TikTok,TT_Sports_Short,NG,T3,23255,228,0.0098,11.91,0.052,11,2,0.0482,0.1818,5.56,5.96,-53.3,9,0,0,0.925
2024-01-02,TikTok,TT_Sports_Short,CA,T1,15944,488,0.0306,105.58,0.216,22,4,0.0451,0.1818,209.8,26.39,98.7,36,0,0,0.909
2024-01-02,TikTok,TT_Casino_UGC,AU,T1,9188,271,0.0295,50.35,0.186,18,2,0.0664,0.1111,110.38,25.18,119.2,14,0,0,0.908
2024-01-02,TikTok,TT_Sports_Short,IN,T3,42410,1203,0.0284,32.74,0.027,64,9,0.0532,0.1406,18.0,3.64,-45.0,113,1,0,0.929
2024-01-02,Affiliate_SEO,SEO_CasinoReview_DE,DE,T1,22620,437,0.0193,0.0,,94,30,0.2151,0.3191,3621.22,,,6,0,0,0.976
2024-01-02,Affiliate_SEO,SEO_CasinoReview_DE,BR,T2,30282,382,0.0126,0.0,,92,29,0.2408,0.3152,1315.86,,,7,0,0,0.976
2024-01-02,Affiliate_SEO,SEO_CasinoReview_DE,PL,T2,12687,238,0.0188,0.0,,50,16,0.2101,0.32,1115.79,,,6,0,0,0.977
2024-01-02,Affiliate_SEO,SEO_BonusGuide_BR,NG,T3,4128,95,0.023,0.0,,18,6,0.1895,0.3333,142.42,,,2,0,0,0.979
2024-01-02,Affiliate_SEO,SEO_BonusGuide_BR,CA,T1,24500,373,0.0152,0.0,,77,16,0.2064,0.2078,1876.19,,,4,0,0,0.978
2024-01-02,Affiliate_SEO,SEO_BonusGuide_BR,AU,T1,74769,2051,0.0274,0.0,,470,148,0.2292,0.3149,17630.3,,,54,3,0,0.98
2024-01-02,Affiliate_SEO,SEO_CasinoReview_DE,IN,T3,9133,61,0.0067,0.0,,17,4,0.2787,0.2353,78.13,,,0,0,0,0.978
2024-01-03,Facebook,FB_Slots_Video,DE,T1,15393,558,0.0363,149.51,0.268,51,12,0.0914,0.2353,1004.68,12.46,572.0,23,0,0,0.97
2024-01-03,Facebook,FB_Casino_CreativeA,BR,T2,19855,496,0.025,57.45,0.116,50,14,0.1008,0.28,367.5,4.1,539.7,18,0,0,0.976
2024-01-03,Facebook,FB_Casino_CreativeA,PL,T2,43886,1098,0.025,181.15,0.165,84,17,0.0765,0.2024,458.83,10.66,153.3,17,0,0,0.966
2024-01-03,Facebook,FB_Slots_Video,NG,T3,5990,219,0.0366,5.97,0.027,21,5,0.0959,0.2381,105.43,1.19,1666.0,8,0,0,0.965
2024-01-03,Facebook,FB_Sports_Banner,CA,T1,31104,452,0.0145,248.68,0.55,34,6,0.0752,0.1765,398.56,41.45,60.3,6,0,0,0.973
2024-01-03,Facebook,FB_Casino_CreativeA,AU,T1,12098,378,0.0312,110.04,0.291,37,10,0.0979,0.2703,707.88,11.0,543.3,14,0,0,0.971
2024-01-03,Facebook,FB_Casino_CreativeA,IN,T3,35781,1482,0.0414,45.36,0.031,134,26,0.0904,0.194,52.0,1.74,14.6,63,1,0,0.967
2024-01-03,Google_Search,GG_Slots_KW_Generic,DE,T1,42609,1493,0.035,1282.48,0.859,194,66,0.1299,0.3402,7078.94,19.43,452.0,10,0,0,0.99
2024-01-03,Google_Search,GG_Sports_Betting,BR,T2,30570,694,0.0227,242.38,0.349,99,31,0.1427,0.3131,1625.2,7.82,570.5,8,0,0,0.99
2024-01-03,Google_Search,GG_Casino_KW_Brand,PL,T2,22879,936,0.0409,271.04,0.29,153,34,0.1635,0.2222,1981.74,7.97,631.2,9,0,0,0.988
2024-01-03,Google_Search,GG_Slots_KW_Generic,NG,T3,16218,580,0.0358,36.7,0.063,58,9,0.1,0.1552,170.36,4.08,364.2,4,0,0,0.991
2024-01-03,Google_Search,GG_Sports_Betting,CA,T1,33640,1290,0.0383,889.2,0.689,216,91,0.1674,0.4213,8074.49,9.77,808.1,8,0,0,0.989
2024-01-03,Google_Search,GG_Slots_KW_Generic,AU,T1,14320,418,0.0292,338.3,0.809,69,21,0.1651,0.3043,1982.2,16.11,485.9,5,0,0,0.99
2024-01-03,Google_Search,GG_Casino_KW_Brand,IN,T3,29684,779,0.0262,99.55,0.128,137,42,0.1759,0.3066,955.89,2.37,860.2,6,0,0,0.989
2024-01-03,Push_Network,Push_iGaming_Broad,DE,T1,53337,909,0.017,96.15,0.106,26,2,0.0286,0.0769,79.26,48.08,-17.6,181,0,0,0.876
2024-01-03,Push_Network,Push_iGaming_Broad,BR,T2,28988,476,0.0164,17.28,0.036,19,3,0.0399,0.1579,26.26,5.76,52.0,78,0,0,0.879
2024-01-03,Push_Network,Push_iGaming_Broad,PL,T2,43076,965,0.0224,28.92,0.03,30,2,0.0311,0.0667,39.58,14.46,36.9,162,1,0,0.841
2024-01-03,Push_Network,Push_Casino_Retarget,NG,T3,27103,617,0.0228,4.6,0.007,24,3,0.0389,0.125,6.0,1.53,30.4,56,1,0,0.836
2024-01-03,Push_Network,Push_Casino_Retarget,CA,T1,14709,281,0.0191,22.51,0.08,13,1,0.0463,0.0769,34.66,22.51,54.0,27,0,0,0.877
2024-01-03,Push_Network,Push_iGaming_Broad,AU,T1,34464,558,0.0162,56.12,0.101,23,3,0.0412,0.1304,92.79,18.71,65.3,105,0,0,0.884
2024-01-03,Push_Network,Push_iGaming_Broad,IN,T3,15838,249,0.0157,3.31,0.013,6,0,0.0241,0.0,0.0,,-100.0,45,0,0,0.875
2024-01-03,Native_Ads,Native_Review_Article,DE,T1,17476,268,0.0153,85.44,0.319,13,2,0.0485,0.1538,135.13,42.72,58.2,11,0,0,0.944
2024-01-03,Native_Ads,Native_Review_Article,BR,T2,43304,939,0.0217,71.29,0.076,68,10,0.0724,0.1471,155.64,7.13,118.3,63,0,0,0.95
2024-01-03,Native_Ads,Native_Bonus_Landing,PL,T2,32956,603,0.0183,75.0,0.124,49,9,0.0813,0.1837,192.83,8.33,157.1,44,0,0,0.932
2024-01-03,Native_Ads,Native_Review_Article,NG,T3,49661,625,0.0126,24.75,0.04,49,5,0.0784,0.102,81.22,4.95,228.2,43,0,0,0.948
2024-01-03,Native_Ads,Native_Review_Article,CA,T1,20021,267,0.0133,114.22,0.428,19,4,0.0712,0.2105,232.47,28.55,103.5,13,0,0,0.932
2024-01-03,Native_Ads,Native_Review_Article,AU,T1,18392,427,0.0232,79.98,0.187,31,6,0.0726,0.1935,428.99,13.33,436.4,16,0,0,0.95
2024-01-03,Native_Ads,Native_Bonus_Landing,IN,T3,34371,562,0.0164,25.52,0.045,42,3,0.0747,0.0714,23.01,8.51,-9.8,36,1,0,0.942
2024-01-03,TikTok,TT_Casino_UGC,DE,T1,7590,152,0.02,51.82,0.341,10,1,0.0658,0.1,47.24,51.82,-8.8,6,0,0,0.909
2024-01-03,TikTok,TT_Casino_UGC,BR,T2,18944,314,0.0166,34.41,0.11,20,2,0.0637,0.1,47.56,17.2,38.2,16,0,0,0.923
2024-01-03,TikTok,TT_Casino_UGC,PL,T2,32113,426,0.0133,93.8,0.22,29,4,0.0681,0.1379,72.85,23.45,-22.3,17,0,0,0.911
2024-01-03,TikTok,TT_Sports_Short,NG,T3,24292,715,0.0294,13.55,0.019,51,9,0.0713,0.1765,27.2,1.51,100.7,82,1,0,0.927
2024-01-03,TikTok,TT_Casino_UGC,CA,T1,20025,268,0.0134,104.36,0.389,17,2,0.0634,0.1176,96.65,52.18,-7.4,21,0,0,0.915
2024-01-03,TikTok,TT_Casino_UGC,AU,T1,13705,417,0.0304,79.94,0.192,29,4,0.0695,0.1379,209.67,19.98,162.3,25,0,0,0.925
2024-01-03,TikTok,TT_Sports_Short,IN,T3,16561,324,0.0196,15.05,0.046,12,2,0.037,0.1667,4.0,7.53,-73.4,24,0,0,0.919
2024-01-03,Affiliate_SEO,SEO_CasinoReview_DE,DE,T1,49009,1348,0.0275,0.0,,409,166,0.3034,0.4059,20093.29,,,22,1,0,0.978
2024-01-03,Affiliate_SEO,SEO_BonusGuide_BR,BR,T2,5874,117,0.0199,0.0,,22,4,0.188,0.1818,163.27,,,2,0,0,0.979
2024-01-03,Affiliate_SEO,SEO_CasinoReview_DE,PL,T2,7411,88,0.0119,0.0,,25,7,0.2841,0.28,512.46,,,1,0,0,0.977
2024-01-03,Affiliate_SEO,SEO_CasinoReview_DE,NG,T3,3642,94,0.0258,0.0,,19,8,0.2021,0.4211,169.5,,,1,0,0,0.983
2024-01-03,Affiliate_SEO,SEO_BonusGuide_BR,CA,T1,77121,692,0.009,0.0,,128,55,0.185,0.4297,6447.83,,,9,1,0,0.977
2024-01-03,Affiliate_SEO,SEO_CasinoReview_DE,AU,T1,27814,753,0.0271,0.0,,204,69,0.2709,0.3382,7913.43,,,7,0,0,0.979
2024-01-03,Affiliate_SEO,SEO_BonusGuide_BR,IN,T3,8672,131,0.0151,0.0,,36,11,0.2748,0.3056,428.77,,,1,0,0,0.981
2024-01-04,Facebook,FB_Sports_Banner,DE,T1,13501,408,0.0302,152.48,0.374,35,8,0.0858,0.2286,498.43,19.06,226.9,8,0,0,0.971
2024-01-04,Facebook,FB_Casino_CreativeA,BR,T2,24010,938,0.0391,82.75,0.088,125,26,0.1333,0.208,402.81,3.18,386.8,23,0,0,0.974
2024-01-04,Facebook,FB_Casino_CreativeA,PL,T2,27357,1000,0.0366,120.22,0.12,88,22,0.088,0.25,416.72,5.46,246.6,32,1,0,0.97
2024-01-04,Facebook,FB_Sports_Banner,NG,T3,22604,895,0.0396,19.82,0.022,58,15,0.0648,0.2586,300.35,1.32,1415.4,18,0,0,0.967
2024-01-04,Facebook,FB_Slots_Video,CA,T1,22234,569,0.0256,220.47,0.387,68,22,0.1195,0.3235,1670.24,10.02,657.6,24,0,0,0.975
2024-01-04,Facebook,FB_Sports_Banner,AU,T1,17024,610,0.0358,128.02,0.21,60,11,0.0984,0.1833,900.62,11.64,603.5,16,0,0,0.974
2024-01-04,Facebook,FB_Slots_Video,IN,T3,9404,366,0.0389,14.52,0.04,29,8,0.0792,0.2759,55.89,1.81,284.9,10,0,0,0.966
2024-01-04,Google_Search,GG_Slots_KW_Generic,DE,T1,43653,1119,0.0256,1025.56,0.916,79,21,0.0706,0.2658,2373.64,48.84,131.4,12,0,0,0.99
2024-01-04,Google_Search,GG_Casino_KW_Brand,BR,T2,30341,1091,0.036,238.47,0.219,159,35,0.1457,0.2201,1434.07,6.81,501.4,11,0,0,0.988
2024-01-04,Google_Search,GG_Casino_KW_Brand,PL,T2,17379,557,0.0321,173.96,0.312,83,30,0.149,0.3614,1268.16,5.8,629.0,7,0,0,0.99
2024-01-04,Google_Search,GG_Casino_KW_Brand,NG,T3,15300,436,0.0285,32.41,0.074,50,15,0.1147,0.3,245.53,2.16,657.6,3,0,0,0.989
2024-01-04,Google_Search,GG_Slots_KW_Generic,CA,T1,29590,1229,0.0415,805.13,0.655,168,54,0.1367,0.3214,4968.11,14.91,517.1,15,0,0,0.989
2024-01-04,Google_Search,GG_Casino_KW_Brand,AU,T1,33826,959,0.0284,761.52,0.794,85,26,0.0886,0.3059,2643.65,29.29,247.2,8,0,0,0.99
2024-01-04,Google_Search,GG_Sports_Betting,IN,T3,22221,829,0.0373,88.58,0.107,110,23,0.1327,0.2091,326.51,3.85,268.6,10,0,0,0.992
2024-01-04,Push_Network,Push_Casino_Retarget,DE,T1,22983,540,0.0235,45.98,0.085,19,2,0.0352,0.1053,64.15,22.99,39.5,38,0,0,0.836
2024-01-04,Push_Network,Push_Casino_Retarget,BR,T2,14384,161,0.0112,7.53,0.047,7,0,0.0435,0.0,0.0,,-100.0,15,0,0,0.843
2024-01-04,Push_Network,Push_Casino_Retarget,PL,T2,14270,200,0.014,11.01,0.055,8,0,0.04,0.0,0.0,,-100.0,24,0,0,0.873
2024-01-04,Push_Network,Push_iGaming_Broad,NG,T3,20597,462,0.0224,3.75,0.008,20,2,0.0433,0.1,16.06,1.88,328.3,39,1,0,0.845
2024-01-04,Push_Network,Push_iGaming_Broad,CA,T1,10529,285,0.0271,15.29,0.054,12,1,0.0421,0.0833,27.77,15.29,81.6,32,0,0,0.88
2024-01-04,Push_Network,Push_Casino_Retarget,AU,T1,26632,488,0.0183,39.05,0.08,18,1,0.0369,0.0556,23.0,39.05,-41.1,78,0,0,0.868
2024-01-04,Push_Network,Push_Casino_Retarget,IN,T3,28762,484,0.0168,6.84,0.014,21,3,0.0434,0.1429,6.0,2.28,-12.3,35,1,0,0.885
2024-01-04,Native_Ads,Native_Review_Article,DE,T1,19976,335,0.0168,98.24,0.293,22,3,0.0657,0.1364,197.24,32.75,100.8,16,0,0,0.929
2024-01-04,Native_Ads,Native_Bonus_Landing,BR,T2,23409,272,0.0116,41.63,0.153,19,2,0.0699,0.1053,26.15,20.82,-37.2,20,0,0,0.934
2024-01-04,Native_Ads,Native_Review_Article,PL,T2,19532,194,0.0099,38.01,0.196,15,2,0.0773,0.1333,63.04,19.0,65.9,9,0,0,0.94
2024-01-04,Native_Ads,Native_Review_Article,NG,T3,19409,468,0.0241,9.91,0.021,36,6,0.0769,0.1667,12.0,1.65,21.1,37,0,0,0.929
2024-01-04,Native_Ads,Native_Review_Article,CA,T1,16694,528,0.0316,81.01,0.153,31,7,0.0587,0.2258,371.97,11.57,359.2,39,0,0,0.945
2024-01-04,Native_Ads,Native_Bonus_Landing,AU,T1,18523,191,0.0103,93.46,0.489,12,2,0.0628,0.1667,136.7,46.73,46.3,12,0,0,0.938
2024-01-04,Native_Ads,Native_Bonus_Landing,IN,T3,32222,284,0.0088,27.61,0.097,23,4,0.081,0.1739,52.96,6.9,91.8,23,0,0,0.932
2024-01-04,TikTok,TT_Sports_Short,DE,T1,28819,650,0.0226,181.08,0.279,36,4,0.0554,0.1111,205.38,45.27,13.4,53,0,0,0.929
2024-01-04,TikTok,TT_Casino_UGC,BR,T2,24178,568,0.0235,53.32,0.094,33,5,0.0581,0.1515,95.68,10.66,79.4,46,0,0,0.913
2024-01-04,TikTok,TT_Casino_UGC,PL,T2,26194,578,0.0221,68.17,0.118,35,5,0.0606,0.1429,124.33,13.63,82.4,58,0,0,0.915
2024-01-04,TikTok,TT_Casino_UGC,NG,T3,7777,131,0.0168,4.24,0.032,8,1,0.0611,0.125,2.0,4.24,-52.8,12,0,0,0.918
2024-01-04,TikTok,TT_Sports_Short,CA,T1,19983,152,0.0076,135.1,0.889,9,0,0.0592,0.0,0.0,,-100.0,17,0,0,0.912
2024-01-04,TikTok,TT_Casino_UGC,AU,T1,72793,1620,0.0223,413.06,0.255,95,10,0.0586,0.1053,372.5,41.31,-9.8,78,3,0,0.93
2024-01-04,TikTok,TT_Sports_Short,IN,T3,16713,148,0.0089,15.39,0.104,10,1,0.0676,0.1,5.79,15.39,-62.4,10,0,0,0.905
2024-01-04,Affiliate_SEO,SEO_BonusGuide_BR,DE,T1,47559,1197,0.0252,0.0,,188,50,0.1571,0.266,5003.26,,,30,0,0,0.977
2024-01-04,Affiliate_SEO,SEO_BonusGuide_BR,BR,T2,18528,327,0.0176,0.0,,56,25,0.1713,0.4464,1132.86,,,5,0,0,0.977
2024-01-04,Affiliate_SEO,SEO_BonusGuide_BR,PL,T2,8350,160,0.0192,0.0,,41,14,0.2562,0.3415,883.79,,,3,0,0,0.981
2024-01-04,Affiliate_SEO,SEO_BonusGuide_BR,NG,T3,3221,35,0.0109,0.0,,3,1,0.0857,0.3333,16.57,,,0,0,0,0.98
2024-01-04,Affiliate_SEO,SEO_BonusGuide_BR,CA,T1,17068,442,0.0259,0.0,,93,35,0.2104,0.3763,3910.77,,,9,0,0,0.98
2024-01-04,Affiliate_SEO,SEO_CasinoReview_DE,AU,T1,9921,49,0.0049,0.0,,12,4,0.2449,0.3333,415.78,,,0,0,0,0.976
2024-01-04,Affiliate_SEO,SEO_BonusGuide_BR,IN,T3,2396,31,0.0129,0.0,,6,1,0.1935,0.1667,28.05,,,0,0,0,0.976
2024-01-05,Facebook,FB_Slots_Video,DE,T1,18765,660,0.0352,163.0,0.247,55,8,0.0833,0.1455,704.55,20.38,332.2,29,0,0,0.97
2024-01-05,Facebook,FB_Sports_Banner,BR,T2,57870,1298,0.0224,209.1,0.161,148,31,0.114,0.2095,1050.98,6.75,402.6,34,1,0,0.967
2024-01-05,Facebook,FB_Sports_Banner,PL,T2,35056,785,0.0224,152.05,0.194,53,12,0.0675,0.2264,278.96,12.67,83.5,19,0,0,0.964
2024-01-05,Facebook,FB_Sports_Banner,NG,T3,28404,896,0.0315,27.4,0.031,56,12,0.0625,0.2143,250.23,2.28,813.2,28,0,0,0.973
2024-01-05,Facebook,FB_Sports_Banner,CA,T1,9201,329,0.0358,89.71,0.273,30,9,0.0912,0.3,596.74,9.97,565.2,8,0,0,0.976
2024-01-05,Facebook,FB_Casino_CreativeA,AU,T1,38113,1541,0.0404,373.51,0.242,106,29,0.0688,0.2736,2157.47,12.88,477.6,30,1,0,0.973
2024-01-05,Facebook,FB_Casino_CreativeA,IN,T3,22386,761,0.034,31.48,0.041,57,14,0.0749,0.2456,28.0,2.25,-11.1,14,0,0,0.974
2024-01-05,Google_Search,GG_Slots_KW_Generic,DE,T1,25904,796,0.0307,727.02,0.913,139,30,0.1746,0.2158,2900.51,24.23,299.0,11,0,0,0.989
2024-01-05,Google_Search,GG_Slots_KW_Generic,BR,T2,17302,588,0.034,161.46,0.275,105,26,0.1786,0.2476,1000.83,6.21,519.9,6,0,0,0.99
2024-01-05,Google_Search,GG_Casino_KW_Brand,PL,T2,33692,1291,0.0383,347.77,0.269,197,63,0.1526,0.3198,3396.89,5.52,876.8,14,0,0,0.989
2024-01-05,Google_Search,GG_Casino_KW_Brand,NG,T3,47181,1135,0.0241,127.17,0.112,111,20,0.0978,0.1802,464.4,6.36,265.2,16,0,0,0.989
2024-01-05,Google_Search,GG_Casino_KW_Brand,CA,T1,14447,673,0.0466,363.67,0.54,101,26,0.1501,0.2574,2479.99,13.99,581.9,5,0,0,0.992
2024-01-05,Google_Search,GG_Slots_KW_Generic,AU,T1,12308,611,0.0496,289.4,0.474,78,20,0.1277,0.2564,1766.55,14.47,510.4,6,0,0,0.989
2024-01-05,Google_Search,GG_Sports_Betting,IN,T3,40150,1529,0.0381,134.06,0.088,267,69,0.1746,0.2584,138.0,1.94,2.9,10,0,0,0.988
2024-01-05,Push_Network,Push_iGaming_Broad,DE,T1,17290,396,0.0229,30.28,0.076,17,2,0.0429,0.1176,59.12,15.14,95.2,74,0,0,0.885
2024-01-05,Push_Network,Push_Casino_Retarget,BR,T2,31615,653,0.0207,18.11,0.028,31,4,0.0475,0.129,52.04,4.53,187.4,87,1,0,0.85
2024-01-05,Push_Network,Push_iGaming_Broad,PL,T2,21483,447,0.0208,16.16,0.036,17,1,0.038,0.0588,19.66,16.16,21.7,91,0,0,0.853
2024-01-05,Push_Network,Push_iGaming_Broad,NG,T3,16119,322,0.02,2.82,0.009,13,2,0.0404,0.1538,5.04,1.41,78.7,28,0,0,0.883
2024-01-05,Push_Network,Push_Casino_Retarget,CA,T1,29505,524,0.0178,52.25,0.1,22,2,0.042,0.0909,68.01,26.12,30.2,62,1,0,0.852
2024-01-05,Push_Network,Push_iGaming_Broad,AU,T1,13586,190,0.014,22.97,0.121,7,0,0.0368,0.0,0.0,,-100.0,31,0,0,0.86
2024-01-05,Push_Network,Push_Casino_Retarget,IN,T3,22279,544,0.0244,5.85,0.011,21,2,0.0386,0.0952,29.26,2.92,400.2,75,0,0,0.841
2024-01-05,Native_Ads,Native_Review_Article,DE,T1,39473,1442,0.0365,206.24,0.143,94,21,0.0652,0.2234,1279.02,9.82,520.2,85,1,0,0.946
2024-01-05,Native_Ads,Native_Bonus_Landing,BR,T2,14735,263,0.0178,22.32,0.085,19,3,0.0722,0.1579,95.48,7.44,327.8,19,0,0,0.949
2024-01-05,Native_Ads,Native_Review_Article,PL,T2,19941,509,0.0255,45.47,0.089,28,6,0.055,0.2143,139.06,7.58,205.8,16,0,0,0.928
2024-01-05,Native_Ads,Native_Bonus_Landing,NG,T3,24931,738,0.0296,12.0,0.016,49,8,0.0664,0.1633,86.63,1.5,621.9,57,0,0,0.949
2024-01-05,Native_Ads,Native_Review_Article,CA,T1,29982,756,0.0252,151.72,0.201,62,12,0.082,0.1935,733.08,12.64,383.2,29,0,0,0.943
2024-01-05,Native_Ads,Native_Bonus_Landing,AU,T1,18814,349,0.0186,91.87,0.263,27,6,0.0774,0.2222,328.26,15.31,257.3,13,0,0,0.933
2024-01-05,Native_Ads,Native_Review_Article,IN,T3,28282,434,0.0153,18.49,0.043,40,8,0.0922,0.2,134.04,2.31,624.9,15,1,0,0.944
2024-01-05,TikTok,TT_Sports_Short,DE,T1,11066,125,0.0113,65.44,0.524,8,1,0.064,0.125,40.01,65.44,-38.9,8,0,0,0.932
2024-01-05,TikTok,TT_Sports_Short,BR,T2,16998,475,0.0279,40.9,0.086,33,5,0.0695,0.1515,38.01,8.18,-7.1,33,1,0,0.915
2024-01-05,TikTok,TT_Sports_Short,PL,T2,30528,772,0.0253,74.19,0.096,45,5,0.0583,0.1111,96.58,14.84,30.2,31,0,0,0.916
2024-01-05,TikTok,TT_Sports_Short,NG,T3,22061,604,0.0274,14.63,0.024,43,4,0.0712,0.093,45.46,3.66,210.7,27,1,0,0.915
2024-01-05,TikTok,TT_Casino_UGC,CA,T1,27371,798,0.0292,180.33,0.226,51,6,0.0639,0.1176,298.82,30.06,65.7,68,1,0,0.905
2024-01-05,TikTok,TT_Casino_UGC,AU,T1,15869,294,0.0185,100.8,0.343,14,2,0.0476,0.1429,81.96,50.4,-18.7,23,0,0,0.922
2024-01-05,TikTok,TT_Sports_Short,IN,T3,11082,187,0.0169,10.05,0.054,13,2,0.0695,0.1538,21.31,5.03,112.0,11,0,0,0.913
2024-01-05,Affiliate_SEO,SEO_BonusGuide_BR,DE,T1,30912,556,0.018,0.0,,196,77,0.3525,0.3929,9041.94,,,7,1,0,0.98
2024-01-05,Affiliate_SEO,SEO_BonusGuide_BR,BR,T2,6170,121,0.0196,0.0,,24,5,0.1983,0.2083,200.21,,,2,0,0,0.977
2024-01-05,Affiliate_SEO,SEO_CasinoReview_DE,PL,T2,4249,90,0.0212,0.0,,20,6,0.2222,0.3,387.61,,,1,0,0,0.977
2024-01-05,Affiliate_SEO,SEO_CasinoReview_DE,NG,T3,2512,31,0.0123,0.0,,5,1,0.1613,0.2,18.37,,,0,0,0,0.98
2024-01-05,Affiliate_SEO,SEO_CasinoReview_DE,CA,T1,54589,1250,0.0229,0.0,,333,117,0.2664,0.3514,14274.04,,,15,2,0,0.979
2024-01-05,Affiliate_SEO,SEO_CasinoReview_DE,AU,T1,28072,827,0.0295,0.0,,170,59,0.2056,0.3471,7334.72,,,23,0,0,0.977
2024-01-05,Affiliate_SEO,SEO_CasinoReview_DE,IN,T3,3255,84,0.0258,0.0,,15,7,0.1786,0.4667,71.25,,,0,0,0,0.976
2024-01-06,Facebook,FB_Slots_Video,DE,T1,15632,571,0.0365,171.56,0.3,51,10,0.0893,0.1961,810.76,17.16,372.6,25,0,0,0.969
2024-01-06,Facebook,FB_Sports_Banner,BR,T2,29972,1268,0.0423,83.45,0.066,108,19,0.0852,0.1759,719.42,4.39,762.1,36,1,0,0.972
2024-01-06,Facebook,FB_Slots_Video,PL,T2,50079,1631,0.0326,200.65,0.123,132,41,0.0809,0.3106,1199.74,4.89,497.9,62,0,0,0.966
2024-01-06,Facebook,FB_Casino_CreativeA,NG,T3,39295,1133,0.0288,38.22,0.034,89,16,0.0786,0.1798,266.71,2.39,597.8,48,0,0,0.974
2024-01-06,Facebook,FB_Sports_Banner,CA,T1,14423,349,0.0242,145.81,0.418,42,10,0.1203,0.2381,634.11,14.58,334.9,11,0,0,0.968
2024-01-06,Facebook,FB_Sports_Banner,AU,T1,40879,1240,0.0303,349.3,0.282,120,33,0.0968,0.275,2425.09,10.58,594.3,46,0,0,0.965
2024-01-06,Facebook,FB_Casino_CreativeA,IN,T3,22611,765,0.0338,26.23,0.034,70,19,0.0915,0.2714,362.92,1.38,1283.6,19,0,0,0.974
2024-01-06,Google_Search,GG_Sports_Betting,DE,T1,31903,1448,0.0454,958.37,0.662,192,57,0.1326,0.2969,5908.65,16.81,516.5,9,0,0,0.99
2024-01-06,Google_Search,GG_Sports_Betting,BR,T2,22761,973,0.0427,166.36,0.171,158,49,0.1624,0.3101,1418.23,3.4,752.5,9,0,0,0.992
2024-01-06,Google_Search,GG_Slots_KW_Generic,PL,T2,20833,769,0.0369,216.78,0.282,121,36,0.1573,0.2975,1644.91,6.02,658.8,7,0,0,0.989
2024-01-06,Google_Search,GG_Casino_KW_Brand,NG,T3,21640,739,0.0341,59.29,0.08,124,37,0.1678,0.2984,478.39,1.6,706.9,4,0,0,0.99
2024-01-06,Google_Search,GG_Slots_KW_Generic,CA,T1,12172,437,0.0359,296.06,0.677,64,21,0.1465,0.3281,2180.16,14.1,636.4,2,0,0,0.991
2024-01-06,Google_Search,GG_Casino_KW_Brand,AU,T1,34214,1321,0.0386,797.28,0.604,184,55,0.1393,0.2989,5550.44,14.5,596.2,11,0,0,0.991
2024-01-06,Google_Search,GG_Slots_KW_Generic,IN,T3,52154,2101,0.0403,180.07,0.086,245,52,0.1166,0.2122,1729.52,3.46,860.5,19,0,0,0.99
2024-01-06,Push_Network,Push_Casino_Retarget,DE,T1,23477,618,0.0263,35.28,0.057,20,2,0.0324,0.1,65.18,17.64,84.8,78,0,0,0.834
2024-01-06,Push_Network,Push_iGaming_Broad,BR,T2,31032,312,0.0101,15.34,0.049,9,1,0.0288,0.1111,14.48,15.34,-5.6,25,0,0,0.876
2024-01-06,Push_Network,Push_Casino_Retarget,PL,T2,68542,1635,0.0239,54.28,0.033,66,5,0.0404,0.0758,49.57,10.86,-8.7,253,3,0,0.832
2024-01-06,Push_Network,Push_Casino_Retarget,NG,T3,7964,119,0.0149,1.3,0.011,6,0,0.0504,0.0,0.0,,-100.0,17,0,0,0.883
2024-01-06,Push_Network,Push_Casino_Retarget,CA,T1,25344,272,0.0107,35.92,0.132,11,1,0.0404,0.0909,27.19,35.92,-24.3,34,0,0,0.885
2024-01-06,Push_Network,Push_Casino_Retarget,AU,T1,36000,606,0.0168,56.21,0.093,25,3,0.0413,0.12,135.23,18.74,140.6,81,1,0,0.877
2024-01-06,Push_Network,Push_iGaming_Broad,IN,T3,38766,1059,0.0273,10.17,0.01,45,4,0.0425,0.0889,55.22,2.54,443.0,210,1,0,0.886
2024-01-06,Native_Ads,Native_Bonus_Landing,DE,T1,18406,400,0.0217,86.3,0.216,21,4,0.0525,0.1905,271.91,21.57,215.1,28,0,0,0.952
2024-01-06,Native_Ads,Native_Bonus_Landing,BR,T2,17004,344,0.0202,31.82,0.092,26,4,0.0756,0.1538,116.76,7.96,266.9,12,0,0,0.952
2024-01-06,Native_Ads,Native_Bonus_Landing,PL,T2,27597,382,0.0138,58.74,0.154,29,4,0.0759,0.1379,167.25,14.69,184.7,16,0,0,0.93
2024-01-06,Native_Ads,Native_Bonus_Landing,NG,T3,24597,557,0.0226,13.2,0.024,40,9,0.0718,0.225,118.49,1.47,797.7,33,0,0,0.941
2024-01-06,Native_Ads,Native_Bonus_Landing,CA,T1,24785,434,0.0175,107.43,0.248,26,3,0.0599,0.1154,169.3,35.81,57.6,30,0,0,0.944
2024-01-06,Native_Ads,Native_Bonus_Landing,AU,T1,38172,950,0.0249,162.14,0.171,79,19,0.0832,0.2405,1487.37,8.53,817.3,30,1,0,0.94
2024-01-06,Native_Ads,Native_Review_Article,IN,T3,14430,193,0.0134,11.63,0.06,12,2,0.0622,0.1667,33.93,5.82,191.7,13,0,0,0.944
2024-01-06,TikTok,TT_Sports_Short,DE,T1,48046,1407,0.0293,303.34,0.216,89,17,0.0633,0.191,821.0,17.84,170.7,60,1,0,0.922
2024-01-06,TikTok,TT_Casino_UGC,BR,T2,43096,558,0.0129,89.51,0.16,35,4,0.0627,0.1143,105.15,22.38,17.5,51,0,0,0.932
2024-01-06,TikTok,TT_Casino_UGC,PL,T2,23921,499,0.0209,71.98,0.144,25,4,0.0501,0.16,142.3,18.0,97.7,46,0,0,0.924
2024-01-06,TikTok,TT_Sports_Short,NG,T3,25775,334,0.013,14.3,0.043,15,2,0.0449,0.1333,13.68,7.15,-4.3,27,0,0,0.908
2024-01-06,TikTok,TT_Casino_UGC,CA,T1,26149,464,0.0177,176.86,0.381,19,3,0.0409,0.1579,178.75,58.95,1.1,45,0,0,0.931
2024-01-06,TikTok,TT_Casino_UGC,AU,T1,17695,317,0.0179,86.88,0.274,20,2,0.0631,0.1,79.63,43.44,-8.3,13,0,0,0.933
2024-01-06,TikTok,TT_Sports_Short,IN,T3,20989,437,0.0208,18.98,0.043,30,3,0.0686,0.1,6.0,6.33,-68.4,31,0,0,0.909
2024-01-06,Affiliate_SEO,SEO_BonusGuide_BR,DE,T1,31823,563,0.0177,0.0,,91,33,0.1616,0.3626,3982.15,,,7,0,0,0.978
2024-01-06,Affiliate_SEO,SEO_CasinoReview_DE,BR,T2,4275,62,0.0145,0.0,,9,3,0.1452,0.3333,109.95,,,1,0,0,0.977
2024-01-06,Affiliate_SEO,SEO_CasinoReview_DE,PL,T2,9876,113,0.0114,0.0,,26,10,0.2301,0.3846,556.13,,,1,0,0,0.978
2024-01-06,Affiliate_SEO,SEO_BonusGuide_BR,NG,T3,5943,151,0.0254,0.0,,29,11,0.1921,0.3793,237.96,,,3,0,0,0.983
2024-01-06,Affiliate_SEO,SEO_CasinoReview_DE,CA,T1,24305,531,0.0218,0.0,,102,36,0.1921,0.3529,4181.12,,,12,0,0,0.984
2024-01-06,Affiliate_SEO,SEO_BonusGuide_BR,AU,T1,45657,691,0.0151,0.0,,178,61,0.2576,0.3427,6886.71,,,18,1,0,0.982
2024-01-06,Affiliate_SEO,SEO_BonusGuide_BR,IN,T3,7747,171,0.0221,0.0,,38,15,0.2222,0.3947,333.67,,,1,0,0,0.979
2024-01-07,Facebook,FB_Casino_CreativeA,DE,T1,13319,372,0.0279,123.55,0.332,35,6,0.0941,0.1714,520.3,20.59,321.1,5,0,0,0.966
2024-01-07,Facebook,FB_Casino_CreativeA,BR,T2,31555,1079,0.0342,86.38,0.08,62,15,0.0575,0.2419,491.75,5.76,469.3,37,0,0,0.976
2024-01-07,Facebook,FB_Slots_Video,PL,T2,19820,669,0.0338,77.29,0.116,52,17,0.0777,0.3269,736.76,4.55,853.2,26,0,0,0.968
2024-01-07,Facebook,FB_Slots_Video,NG,T3,20939,520,0.0248,16.39,0.032,45,12,0.0865,0.2667,24.0,1.37,46.4,9,0,0,0.974
2024-01-07,Facebook,FB_Sports_Banner,CA,T1,29352,960,0.0327,232.28,0.242,99,13,0.1031,0.1313,1049.09,17.87,351.6,18,0,0,0.974
2024-01-07,Facebook,FB_Casino_CreativeA,AU,T1,35221,1532,0.0435,309.35,0.202,130,39,0.0849,0.3,2992.52,7.93,867.4,26,0,0,0.976
2024-01-07,Facebook,FB_Sports_Banner,IN,T3,16828,671,0.0399,25.22,0.038,65,12,0.0969,0.1846,166.56,2.1,560.4,24,0,0,0.975
2024-01-07,Google_Search,GG_Sports_Betting,DE,T1,28253,1280,0.0453,809.67,0.633,186,41,0.1453,0.2204,4962.35,19.75,512.9,17,0,0,0.99
2024-01-07,Google_Search,GG_Slots_KW_Generic,BR,T2,8304,415,0.05,71.5,0.172,63,12,0.1518,0.1905,381.61,5.96,433.7,6,0,0,0.991
2024-01-07,Google_Search,GG_Slots_KW_Generic,PL,T2,27099,862,0.0318,324.49,0.376,128,29,0.1485,0.2266,1905.49,11.19,487.2,6,0,0,0.99
2024-01-07,Google_Search,GG_Casino_KW_Brand,NG,T3,37355,837,0.0224,78.66,0.094,127,41,0.1517,0.3228,440.67,1.92,460.2,5,0,0,0.991
2024-01-07,Google_Search,GG_Slots_KW_Generic,CA,T1,58122,1802,0.031,1400.63,0.777,335,84,0.1859,0.2507,8063.16,16.67,475.7,25,0,0,0.99
2024-01-07,Google_Search,GG_Slots_KW_Generic,AU,T1,20034,636,0.0317,461.87,0.726,92,33,0.1447,0.3587,3022.92,14.0,554.5,6,0,0,0.989
2024-01-07,Google_Search,GG_Casino_KW_Brand,IN,T3,25614,1243,0.0485,92.33,0.074,192,54,0.1545,0.2812,722.95,1.71,683.0,14,0,0,0.989
2024-01-07,Push_Network,Push_iGaming_Broad,DE,T1,13316,226,0.017,23.9,0.106,2,0,0.0088,0.0,0.0,,-100.0,36,0,0,0.88
2024-01-07,Push_Network,Push_iGaming_Broad,BR,T2,9169,110,0.012,5.47,0.05,4,0,0.0364,0.0,0.0,,-100.0,19,0,0,0.832
2024-01-07,Push_Network,Push_Casino_Retarget,PL,T2,14800,270,0.0182,11.25,0.042,13,1,0.0481,0.0769,14.26,11.25,26.8,34,0,0,0.851
2024-01-07,Push_Network,Push_Casino_Retarget,NG,T3,57695,517,0.009,8.84,0.017,24,2,0.0464,0.0833,20.84,4.42,135.7,83,0,0,0.873
2024-01-07,Push_Network,Push_Casino_Retarget,CA,T1,35782,719,0.0201,61.04,0.085,28,2,0.0389,0.0714,76.32,30.52,25.0,55,1,0,0.874
2024-01-07,Push_Network,Push_iGaming_Broad,AU,T1,26943,445,0.0165,42.88,0.096,17,2,0.0382,0.1176,75.62,21.44,76.4,32,0,0,0.881
2024-01-07,Push_Network,Push_Casino_Retarget,IN,T3,29425,634,0.0215,7.07,0.011,21,3,0.0331,0.1429,64.54,2.36,812.9,75,1,0,0.85
2024-01-07,Native_Ads,Native_Review_Article,DE,T1,12563,408,0.0325,63.17,0.155,28,5,0.0686,0.1786,354.08,12.63,460.5,29,0,0,0.95
2024-01-07,Native_Ads,Native_Review_Article,BR,T2,20583,307,0.0149,30.72,0.1,18,3,0.0586,0.1667,70.82,10.24,130.5,26,0,0,0.937
2024-01-07,Native_Ads,Native_Review_Article,PL,T2,29303,591,0.0202,68.48,0.116,48,11,0.0812,0.2292,332.14,6.23,385.0,20,0,0,0.932
2024-01-07,Native_Ads,Native_Review_Article,NG,T3,24630,529,0.0215,10.92,0.021,32,5,0.0605,0.1562,88.52,2.18,710.6,36,0,0,0.943
2024-01-07,Native_Ads,Native_Review_Article,CA,T1,37158,650,0.0175,209.72,0.323,49,6,0.0754,0.1224,411.64,34.95,96.3,19,0,0,0.944
2024-01-07,Native_Ads,Native_Bonus_Landing,AU,T1,10686,215,0.0201,50.01,0.233,14,3,0.0651,0.2143,223.5,16.67,346.9,15,0,0,0.949
2024-01-07,Native_Ads,Native_Review_Article,IN,T3,17079,465,0.0272,13.02,0.028,26,3,0.0559,0.1154,63.32,4.34,386.3,35,0,0,0.939
2024-01-07,TikTok,TT_Sports_Short,DE,T1,47169,774,0.0164,288.17,0.372,36,3,0.0465,0.0833,136.5,96.06,-52.6,62,0,0,0.933
2024-01-07,TikTok,TT_Casino_UGC,BR,T2,15500,372,0.024,30.99,0.083,14,3,0.0376,0.2143,51.8,10.33,67.2,23,0,0,0.934
2024-01-07,TikTok,TT_Sports_Short,PL,T2,21826,430,0.0197,54.91,0.128,31,5,0.0721,0.1613,39.4,10.98,-28.2,30,0,0,0.904
2024-01-07,TikTok,TT_Sports_Short,NG,T3,47261,706,0.0149,30.22,0.043,48,7,0.068,0.1458,14.0,4.32,-53.7,83,0,0,0.935
2024-01-07,TikTok,TT_Casino_UGC,CA,T1,23097,362,0.0157,141.72,0.391,18,3,0.0497,0.1667,145.99,47.24,3.0,25,0,0,0.928
2024-01-07,TikTok,TT_Sports_Short,AU,T1,54479,1536,0.0282,312.13,0.203,78,14,0.0508,0.1795,689.67,22.29,121.0,150,1,0,0.921
2024-01-07,TikTok,TT_Casino_UGC,IN,T3,45843,396,0.0086,38.65,0.098,20,3,0.0505,0.15,8.22,12.88,-78.7,25,0,0,0.929
2024-01-07,Affiliate_SEO,SEO_CasinoReview_DE,DE,T1,132316,4027,0.0304,0.0,,534,170,0.1326,0.3184,24172.21,,,119,4,0,0.977
2024-01-07,Affiliate_SEO,SEO_BonusGuide_BR,BR,T2,14066,304,0.0216,0.0,,78,20,0.2566,0.2564,878.56,,,8,0,0,0.981
2024-01-07,Affiliate_SEO,SEO_CasinoReview_DE,PL,T2,13651,434,0.0318,0.0,,89,38,0.2051,0.427,2116.96,,,8,0,0,0.978
2024-01-07,Affiliate_SEO,SEO_BonusGuide_BR,NG,T3,2725,90,0.033,0.0,,24,9,0.2667,0.375,147.07,,,2,0,0,0.981
2024-01-07,Affiliate_SEO,SEO_BonusGuide_BR,CA,T1,36888,681,0.0185,0.0,,138,43,0.2026,0.3116,4168.87,,,7,1,0,0.981
2024-01-07,Affiliate_SEO,SEO_BonusGuide_BR,AU,T1,40730,853,0.0209,0.0,,141,41,0.1653,0.2908,4639.37,,,20,0,0,0.98
2024-01-07,Affiliate_SEO,SEO_BonusGuide_BR,IN,T3,2924,80,0.0274,0.0,,14,4,0.175,0.2857,58.01,,,1,0,0,0.976
2024-01-08,Facebook,FB_Sports_Banner,DE,T1,12799,451,0.0352,137.77,0.305,35,10,0.0776,0.2857,734.55,13.78,433.2,13,0,0,0.971
2024-01-08,Facebook,FB_Slots_Video,BR,T2,23977,791,0.033,80.56,0.102,52,12,0.0657,0.2308,293.4,6.71,264.2,29,0,0,0.969
2024-01-08,Facebook,FB_Sports_Banner,PL,T2,46748,1232,0.0264,168.44,0.137,114,35,0.0925,0.307,1004.37,4.81,496.3,29,0,0,0.973
2024-01-08,Facebook,FB_Slots_Video,NG,T3,24583,1189,0.0484,20.34,0.017,119,32,0.1001,0.2689,537.42,0.64,2542.2,46,0,0,0.976
2024-01-08,Facebook,FB_Sports_Banner,CA,T1,28945,1377,0.0476,229.75,0.167,122,25,0.0886,0.2049,1691.14,9.19,636.1,30,1,0,0.969
2024-01-08,Facebook,FB_Slots_Video,AU,T1,28564,758,0.0265,275.42,0.363,92,20,0.1214,0.2174,1410.94,13.77,412.3,26,0,0,0.967
2024-01-08,Facebook,FB_Slots_Video,IN,T3,19049,734,0.0385,28.77,0.039,76,20,0.1035,0.2632,446.41,1.44,1451.7,13,0,0,0.972
2024-01-08,Google_Search,GG_Sports_Betting,DE,T1,15678,726,0.0463,426.2,0.587,90,15,0.124,0.1667,1737.71,28.41,307.7,7,0,0,0.992
2024-01-08,Google_Search,GG_Slots_KW_Generic,BR,T2,23325,936,0.0401,189.55,0.203,132,41,0.141,0.3106,1333.07,4.62,603.3,8,0,0,0.991
2024-01-08,Google_Search,GG_Sports_Betting,PL,T2,19547,462,0.0236,210.18,0.455,87,17,0.1883,0.1954,993.18,12.36,372.5,6,0,0,0.991
2024-01-08,Google_Search,GG_Slots_KW_Generic,NG,T3,25588,852,0.0333,65.63,0.077,141,39,0.1655,0.2766,572.7,1.68,772.6,4,0,0,0.991
2024-01-08,Google_Search,GG_Sports_Betting,CA,T1,64832,3049,0.047,1337.54,0.439,528,205,0.1732,0.3883,19252.84,6.52,1339.4,22,1,0,0.991
2024-01-08,Google_Search,GG_Sports_Betting,AU,T1,41676,1277,0.0306,828.3,0.649,239,75,0.1872,0.3138,6679.5,11.04,706.4,17,0,0,0.989
2024-01-08,Google_Search,GG_Slots_KW_Generic,IN,T3,30892,810,0.0262,127.03,0.157,75,27,0.0926,0.36,376.89,4.7,196.7,8,0,0,0.989
2024-01-08,Push_Network,Push_iGaming_Broad,DE,T1,18362,297,0.0162,32.86,0.111,7,0,0.0236,0.0,0.0,,-100.0,46,0,0,0.848
2024-01-08,Push_Network,Push_iGaming_Broad,BR,T2,32576,724,0.0222,18.43,0.025,17,1,0.0235,0.0588,16.47,18.43,-10.6,57,0,0,0.846
2024-01-08,Push_Network,Push_iGaming_Broad,PL,T2,10806,340,0.0315,8.38,0.025,11,1,0.0324,0.0909,9.58,8.38,14.3,28,0,0,0.845
2024-01-08,Push_Network,Push_iGaming_Broad,NG,T3,29015,561,0.0193,5.21,0.009,20,2,0.0357,0.1,5.99,2.6,15.0,70,0,0,0.846
2024-01-08,Push_Network,Push_Casino_Retarget,CA,T1,22295,424,0.019,39.51,0.093,16,1,0.0377,0.0625,31.0,39.51,-21.5,80,0,0,0.855
2024-01-08,Push_Network,Push_iGaming_Broad,AU,T1,26744,650,0.0243,38.17,0.059,24,2,0.0369,0.0833,81.83,19.09,114.4,135,0,0,0.858
2024-01-08,Push_Network,Push_Casino_Retarget,IN,T3,18247,399,0.0219,4.9,0.012,17,2,0.0426,0.1176,4.0,2.45,-18.4,75,0,0,0.854
2024-01-08,Native_Ads,Native_Review_Article,DE,T1,14112,334,0.0237,70.48,0.211,18,3,0.0539,0.1667,217.53,23.49,208.6,14,0,0,0.934
2024-01-08,Native_Ads,Native_Review_Article,BR,T2,27071,581,0.0215,45.22,0.078,20,3,0.0344,0.15,69.73,15.07,54.2,29,0,0,0.93
2024-01-08,Native_Ads,Native_Review_Article,PL,T2,41004,1472,0.0359,84.19,0.057,127,21,0.0863,0.1654,806.41,4.01,857.8,76,1,0,0.941
2024-01-08,Native_Ads,Native_Bonus_Landing,NG,T3,13245,259,0.0196,5.83,0.023,18,3,0.0695,0.1667,15.76,1.94,170.3,7,0,0,0.937
2024-01-08,Native_Ads,Native_Review_Article,CA,T1,21671,376,0.0174,100.14,0.266,35,6,0.0931,0.1714,285.23,16.69,184.8,12,0,0,0.935
2024-01-08,Native_Ads,Native_Review_Article,AU,T1,24198,360,0.0149,112.98,0.314,28,8,0.0778,0.2857,434.99,14.12,285.0,22,0,0,0.934
2024-01-08,Native_Ads,Native_Bonus_Landing,IN,T3,48764,596,0.0122,35.17,0.059,40,5,0.0671,0.125,113.47,7.03,222.6,48,0,0,0.943
2024-01-08,TikTok,TT_Casino_UGC,DE,T1,17810,372,0.0209,127.32,0.342,15,3,0.0403,0.2,109.32,42.44,-14.1,40,0,0,0.936
2024-01-08,TikTok,TT_Casino_UGC,BR,T2,32163,433,0.0135,60.53,0.14,28,3,0.0647,0.1071,82.41,20.18,36.1,41,0,0,0.913
2024-01-08,TikTok,TT_Sports_Short,PL,T2,53818,1885,0.035,138.92,0.074,102,22,0.0541,0.2157,467.02,6.31,236.2,140,1,0,0.936
2024-01-08,TikTok,TT_Sports_Short,NG,T3,19373,328,0.0169,11.1,0.034,24,3,0.0732,0.125,61.15,3.7,450.9,32,0,0,0.913
2024-01-08,TikTok,TT_Sports_Short,CA,T1,18762,221,0.0118,119.34,0.54,11,1,0.0498,0.0909,44.93,119.34,-62.4,9,0,0,0.919
2024-01-08,TikTok,TT_Casino_UGC,AU,T1,18800,277,0.0147,98.45,0.355,16,1,0.0578,0.0625,43.94,98.45,-55.4,30,0,0,0.909
2024-01-08,TikTok,TT_Casino_UGC,IN,T3,18022,437,0.0242,16.08,0.037,31,5,0.0709,0.1613,10.0,3.22,-37.8,39,0,0,0.918
2024-01-08,Affiliate_SEO,SEO_BonusGuide_BR,DE,T1,26944,604,0.0224,0.0,,133,37,0.2202,0.2782,3875.06,,,6,0,0,0.982
2024-01-08,Affiliate_SEO,SEO_BonusGuide_BR,BR,T2,5821,140,0.0241,0.0,,29,12,0.2071,0.4138,652.78,,,3,0,0,0.978
2024-01-08,Affiliate_SEO,SEO_CasinoReview_DE,PL,T2,7573,203,0.0268,0.0,,46,16,0.2266,0.3478,718.47,,,4,0,0,0.983
2024-01-08,Affiliate_SEO,SEO_CasinoReview_DE,NG,T3,2198,55,0.025,0.0,,9,2,0.1636,0.2222,40.83,,,1,0,0,0.98
2024-01-08,Affiliate_SEO,SEO_BonusGuide_BR,CA,T1,45908,975,0.0212,0.0,,233,88,0.239,0.3777,9039.18,,,20,0,0,0.981
2024-01-08,Affiliate_SEO,SEO_BonusGuide_BR,AU,T1,15819,378,0.0239,0.0,,107,27,0.2831,0.2523,2967.84,,,7,0,0,0.982
2024-01-08,Affiliate_SEO,SEO_CasinoReview_DE,IN,T3,5368,132,0.0246,0.0,,29,10,0.2197,0.3448,223.46,,,2,0,0,0.984
2024-01-09,Facebook,FB_Sports_Banner,DE,T1,26053,715,0.0274,235.23,0.329,68,18,0.0951,0.2647,1354.08,13.07,475.6,17,0,0,0.973
2024-01-09,Facebook,FB_Slots_Video,BR,T2,9881,202,0.0204,35.0,0.173,19,4,0.0941,0.2105,105.84,8.75,202.4,7,0,0,0.968
2024-01-09,Facebook,FB_Casino_CreativeA,PL,T2,22946,632,0.0275,91.89,0.145,48,11,0.0759,0.2292,438.92,8.35,377.7,17,0,0,0.97
2024-01-09,Facebook,FB_Casino_CreativeA,NG,T3,13751,357,0.026,11.64,0.033,45,11,0.1261,0.2444,150.0,1.06,1188.7,12,0,0,0.973
2024-01-09,Facebook,FB_Sports_Banner,CA,T1,25362,737,0.0291,258.89,0.351,40,10,0.0543,0.25,878.37,25.89,239.3,18,0,0,0.975
2024-01-09,Facebook,FB_Casino_CreativeA,AU,T1,22273,603,0.0271,165.75,0.275,61,14,0.1012,0.2295,908.48,11.84,448.1,15,0,0,0.969
2024-01-09,Facebook,FB_Slots_Video,IN,T3,37249,1184,0.0318,48.76,0.041,82,18,0.0693,0.2195,382.49,2.71,684.4,51,1,0,0.974
2024-01-09,Google_Search,GG_Casino_KW_Brand,DE,T1,19679,951,0.0483,511.75,0.538,123,32,0.1293,0.2602,3714.72,15.99,625.9,10,0,0,0.99
2024-01-09,Google_Search,GG_Sports_Betting,BR,T2,31173,896,0.0287,287.88,0.321,127,27,0.1417,0.2126,1031.91,10.66,258.5,10,0,0,0.989
2024-01-09,Google_Search,GG_Sports_Betting,PL,T2,30766,856,0.0278,367.92,0.43,143,55,0.1671,0.3846,3142.26,6.69,754.1,6,0,0,0.99
2024-01-09,Google_Search,GG_Slots_KW_Generic,NG,T3,36214,1585,0.0438,89.7,0.057,247,72,0.1558,0.2915,1122.03,1.25,1150.9,21,0,0,0.989
2024-01-09,Google_Search,GG_Sports_Betting,CA,T1,24925,1049,0.0421,612.63,0.584,111,27,0.1058,0.2432,2902.05,22.69,373.7,13,0,0,0.989
2024-01-09,Google_Search,GG_Sports_Betting,AU,T1,13761,436,0.0317,276.72,0.635,71,21,0.1628,0.2958,2179.82,13.18,687.7,2,0,0,0.991
2024-01-09,Google_Search,GG_Sports_Betting,IN,T3,46526,2104,0.0452,177.97,0.085,252,91,0.1198,0.3611,1194.08,1.96,570.9,16,1,0,0.991
2024-01-09,Push_Network,Push_Casino_Retarget,DE,T1,21691,585,0.027,39.72,0.068,20,2,0.0342,0.1,63.31,19.86,59.4,65,0,0,0.85
2024-01-09,Push_Network,Push_Casino_Retarget,BR,T2,21913,343,0.0157,11.52,0.034,14,1,0.0408,0.0714,26.77,11.52,132.4,57,0,0,0.861
2024-01-09,Push_Network,Push_Casino_Retarget,PL,T2,21684,266,0.0123,17.61,0.066,11,1,0.0414,0.0909,19.66,17.61,11.6,27,0,0,0.871
2024-01-09,Push_Network,Push_Casino_Retarget,NG,T3,18023,427,0.0237,2.66,0.006,23,2,0.0539,0.087,4.0,1.33,50.4,77,0,0,0.861
2024-01-09,Push_Network,Push_iGaming_Broad,CA,T1,17099,444,0.026,30.84,0.069,19,1,0.0428,0.0526,39.06,30.84,26.7,83,0,0,0.859
2024-01-09,Push_Network,Push_Casino_Retarget,AU,T1,13507,220,0.0163,23.08,0.105,5,0,0.0227,0.0,0.0,,-100.0,18,0,0,0.853
2024-01-09,Push_Network,Push_iGaming_Broad,IN,T3,14544,276,0.019,3.13,0.011,13,1,0.0471,0.0769,12.74,3.13,307.0,29,0,0,0.858
2024-01-09,Native_Ads,Native_Review_Article,DE,T1,14241,216,0.0152,80.42,0.372,13,2,0.0602,0.1538,144.06,40.21,79.1,18,0,0,0.95
2024-01-09,Native_Ads,Native_Review_Article,BR,T2,20705,506,0.0244,36.55,0.072,34,8,0.0672,0.2353,247.29,4.57,576.6,40,0,0,0.95
2024-01-09,Native_Ads,Native_Review_Article,PL,T2,27173,610,0.0224,53.08,0.087,56,7,0.0918,0.125,200.24,7.58,277.2,36,0,0,0.939
2024-01-09,Native_Ads,Native_Review_Article,NG,T3,42091,1276,0.0303,23.22,0.018,82,15,0.0643,0.1829,41.37,1.55,78.2,113,1,0,0.945
2024-01-09,Native_Ads,Native_Bonus_Landing,CA,T1,14884,261,0.0175,85.07,0.326,21,2,0.0805,0.0952,108.13,42.53,27.1,10,0,0,0.931
2024-01-09,Native_Ads,Native_Review_Article,AU,T1,27597,795,0.0288,112.37,0.141,49,10,0.0616,0.2041,676.2,11.24,501.8,50,0,0,0.945
2024-01-09,Native_Ads,Native_Bonus_Landing,IN,T3,52147,1299,0.0249,36.32,0.028,82,13,0.0631,0.1585,257.59,2.79,609.2,72,1,0,0.935
2024-01-09,TikTok,TT_Casino_UGC,DE,T1,60128,863,0.0144,410.34,0.475,41,8,0.0475,0.1951,332.48,51.29,-19.0,76,0,0,0.917
2024-01-09,TikTok,TT_Casino_UGC,BR,T2,26971,402,0.0149,56.43,0.14,16,2,0.0398,0.125,18.24,28.21,-67.7,28,0,0,0.929
2024-01-09,TikTok,TT_Sports_Short,PL,T2,10024,220,0.0219,29.99,0.136,17,1,0.0773,0.0588,12.18,29.99,-59.4,24,0,0,0.915
2024-01-09,TikTok,TT_Casino_UGC,NG,T3,22735,321,0.0141,14.07,0.044,19,3,0.0592,0.1579,12.22,4.69,-13.1,26,0,0,0.913
2024-01-09,TikTok,TT_Sports_Short,CA,T1,27368,269,0.0098,168.8,0.628,18,3,0.0669,0.1667,127.94,56.27,-24.2,14,0,0,0.926
2024-01-09,TikTok,TT_Sports_Short,AU,T1,36356,767,0.0211,190.6,0.249,68,9,0.0887,0.1324,536.89,21.18,181.7,60,1,0,0.925
2024-01-09,TikTok,TT_Sports_Short,IN,T3,22739,435,0.0191,18.08,0.042,18,2,0.0414,0.1111,28.0,9.04,54.9,51,0,0,0.909
2024-01-09,Affiliate_SEO,SEO_CasinoReview_DE,DE,T1,29885,611,0.0204,0.0,,153,61,0.2504,0.3987,8183.23,,,13,0,0,0.98
2024-01-09,Affiliate_SEO,SEO_CasinoReview_DE,BR,T2,12072,173,0.0143,0.0,,29,7,0.1676,0.2414,300.02,,,4,0,0,0.983
2024-01-09,Affiliate_SEO,SEO_CasinoReview_DE,PL,T2,17176,286,0.0167,0.0,,56,21,0.1958,0.375,1529.85,,,4,0,0,0.979
2024-01-09,Affiliate_SEO,SEO_CasinoReview_DE,NG,T3,4489,59,0.0131,0.0,,13,4,0.2203,0.3077,73.55,,,1,0,0,0.98
2024-01-09,Affiliate_SEO,SEO_BonusGuide_BR,CA,T1,42703,785,0.0184,0.0,,185,83,0.2357,0.4486,9837.72,,,13,1,0,0.983
2024-01-09,Affiliate_SEO,SEO_CasinoReview_DE,AU,T1,19365,597,0.0308,0.0,,154,43,0.258,0.2792,5142.11,,,7,0,0,0.976
2024-01-09,Affiliate_SEO,SEO_BonusGuide_BR,IN,T3,10326,159,0.0154,0.0,,34,16,0.2138,0.4706,83.01,,,3,0,0,0.98
2024-01-10,Facebook,FB_Sports_Banner,DE,T1,48755,1901,0.039,542.72,0.285,154,36,0.081,0.2338,2874.25,15.08,429.6,69,0,0,0.966
2024-01-10,Facebook,FB_Slots_Video,BR,T2,33166,1000,0.0302,111.64,0.112,116,28,0.116,0.2414,506.88,3.99,354.0,42,1,0,0.968
2024-01-10,Facebook,FB_Casino_CreativeA,PL,T2,27595,1012,0.0367,97.83,0.097,99,25,0.0978,0.2525,625.62,3.91,539.5,21,0,0,0.974
2024-01-10,Facebook,FB_Slots_Video,NG,T3,43814,1742,0.0398,38.48,0.022,224,62,0.1286,0.2768,609.1,0.62,1482.9,44,2,0,0.974
2024-01-10,Facebook,FB_Sports_Banner,CA,T1,12310,434,0.0353,103.43,0.238,32,6,0.0737,0.1875,380.41,17.24,267.8,17,0,0,0.974
2024-01-10,Facebook,FB_Sports_Banner,AU,T1,28744,438,0.0152,247.24,0.564,34,10,0.0776,0.2941,754.14,24.72,205.0,15,0,0,0.972
2024-01-10,Facebook,FB_Sports_Banner,IN,T3,21697,537,0.0247,25.64,0.048,37,9,0.0689,0.2432,278.41,2.85,985.8,10,0,0,0.975
2024-01-10,Google_Search,GG_Slots_KW_Generic,DE,T1,24515,378,0.0154,657.44,1.739,56,14,0.1481,0.25,1470.78,46.96,123.7,3,0,0,0.99
2024-01-10,Google_Search,GG_Sports_Betting,BR,T2,16874,479,0.0284,122.89,0.257,85,19,0.1775,0.2235,607.25,6.47,394.1,4,0,0,0.992
2024-01-10,Google_Search,GG_Slots_KW_Generic,PL,T2,13992,492,0.0352,136.78,0.278,70,23,0.1423,0.3286,1178.04,5.95,761.3,2,0,0,0.992
2024-01-10,Google_Search,GG_Sports_Betting,NG,T3,14187,476,0.0336,32.62,0.069,72,20,0.1513,0.2778,40.0,1.63,22.6,5,0,0,0.989
2024-01-10,Google_Search,GG_Slots_KW_Generic,CA,T1,29719,981,0.033,692.66,0.706,155,52,0.158,0.3355,5110.07,13.32,637.7,11,0,0,0.989
2024-01-10,Google_Search,GG_Sports_Betting,AU,T1,20213,683,0.0338,400.34,0.586,150,53,0.2196,0.3533,4661.81,7.55,1064.5,5,0,0,0.991
2024-01-10,Google_Search,GG_Slots_KW_Generic,IN,T3,40995,1350,0.0329,130.29,0.097,245,87,0.1815,0.3551,776.04,1.5,495.6,9,0,0,0.989
2024-01-10,Push_Network,Push_Casino_Retarget,DE,T1,26295,668,0.0254,42.96,0.064,24,3,0.0359,0.125,85.46,14.32,98.9,80,0,0,0.853
2024-01-10,Push_Network,Push_Casino_Retarget,BR,T2,39636,774,0.0195,24.28,0.031,26,4,0.0336,0.1538,80.18,6.07,230.2,159,1,0,0.883
2024-01-10,Push_Network,Push_Casino_Retarget,PL,T2,7802,99,0.0127,5.29,0.053,4,0,0.0404,0.0,0.0,,-100.0,7,0,0,0.838
2024-01-10,Push_Network,Push_Casino_Retarget,NG,T3,24271,297,0.0122,3.36,0.011,10,1,0.0337,0.1,2.0,3.36,-40.5,40,0,0,0.852
2024-01-10,Push_Network,Push_iGaming_Broad,CA,T1,26885,478,0.0178,47.96,0.1,18,1,0.0377,0.0556,31.35,47.96,-34.6,38,1,0,0.846
2024-01-10,Push_Network,Push_iGaming_Broad,AU,T1,29164,501,0.0172,50.09,0.1,23,2,0.0459,0.087,53.07,25.05,5.9,89,0,0,0.882
2024-01-10,Push_Network,Push_Casino_Retarget,IN,T3,26089,594,0.0228,6.3,0.011,23,3,0.0387,0.1304,6.0,2.1,-4.8,112,0,0,0.846
2024-01-10,Native_Ads,Native_Review_Article,DE,T1,19316,526,0.0272,102.66,0.195,38,8,0.0722,0.2105,489.95,12.83,377.3,34,0,0,0.942
2024-01-10,Native_Ads,Native_Bonus_Landing,BR,T2,25726,342,0.0133,44.24,0.129,20,3,0.0585,0.15,63.62,14.75,43.8,12,0,0,0.931
2024-01-10,Native_Ads,Native_Review_Article,PL,T2,22198,476,0.0214,54.15,0.114,26,5,0.0546,0.1923,208.21,10.83,284.5,19,0,0,0.935
2024-01-10,Native_Ads,Native_Bonus_Landing,NG,T3,30834,398,0.0129,16.38,0.041,35,7,0.0879,0.2,118.51,2.34,623.5,23,0,0,0.934
2024-01-10,Native_Ads,Native_Review_Article,CA,T1,16912,301,0.0178,82.31,0.273,21,5,0.0698,0.2381,318.74,16.46,287.2,14,0,0,0.93
2024-01-10,Native_Ads,Native_Bonus_Landing,AU,T1,40364,684,0.0169,177.45,0.259,42,9,0.0614,0.2143,622.94,19.72,251.1,22,1,0,0.936
2024-01-10,Native_Ads,Native_Bonus_Landing,IN,T3,18930,400,0.0211,12.87,0.032,23,4,0.0575,0.1739,84.35,3.22,555.4,25,0,0,0.947
2024-01-10,TikTok,TT_Sports_Short,DE,T1,22838,463,0.0203,129.47,0.28,31,6,0.067,0.1935,293.0,21.58,126.3,30,0,0,0.914
2024-01-10,TikTok,TT_Casino_UGC,BR,T2,20652,238,0.0115,44.08,0.185,13,2,0.0546,0.1538,29.88,22.04,-32.2,22,0,0,0.918
2024-01-10,TikTok,TT_Sports_Short,PL,T2,31760,954,0.03,76.33,0.08,56,8,0.0587,0.1429,126.42,9.54,65.6,39,0,0,0.926
2024-01-10,TikTok,TT_Casino_UGC,NG,T3,41248,1134,0.0275,22.1,0.019,74,13,0.0653,0.1757,311.28,1.7,1308.5,107,1,0,0.915
2024-01-10,TikTok,TT_Sports_Short,CA,T1,15205,377,0.0248,88.33,0.234,29,5,0.0769,0.1724,264.52,17.67,199.5,28,0,0,0.908
2024-01-10,TikTok,TT_Sports_Short,AU,T1,20760,537,0.0259,113.83,0.212,34,5,0.0633,0.1471,224.57,22.77,97.3,43,1,0,0.918
2024-01-10,TikTok,TT_Casino_UGC,IN,T3,20950,446,0.0213,16.51,0.037,24,3,0.0538,0.125,27.3,5.5,65.4,44,0,0,0.932
2024-01-10,Affiliate_SEO,SEO_CasinoReview_DE,DE,T1,15052,275,0.0183,0.0,,55,20,0.2,0.3636,2367.11,,,5,0,0,0.983
2024-01-10,Affiliate_SEO,SEO_BonusGuide_BR,BR,T2,7416,112,0.0151,0.0,,20,7,0.1786,0.35,249.89,,,1,0,0,0.98
2024-01-10,Affiliate_SEO,SEO_CasinoReview_DE,PL,T2,17183,477,0.0278,0.0,,110,43,0.2306,0.3909,2818.42,,,13,0,0,0.979
2024-01-10,Affiliate_SEO,SEO_CasinoReview_DE,NG,T3,2251,66,0.0293,0.0,,10,4,0.1515,0.4,61.02,,,0,0,0,0.983
2024-01-10,Affiliate_SEO,SEO_BonusGuide_BR,CA,T1,13274,273,0.0206,0.0,,63,17,0.2308,0.2698,2057.85,,,3,0,0,0.981
2024-01-10,Affiliate_SEO,SEO_BonusGuide_BR,AU,T1,6972,148,0.0212,0.0,,34,12,0.2297,0.3529,1066.56,,,3,0,0,0.977
2024-01-10,Affiliate_SEO,SEO_BonusGuide_BR,IN,T3,2816,74,0.0263,0.0,,17,3,0.2297,0.1765,72.19,,,2,0,0,0.982
2024-01-11,Facebook,FB_Casino_CreativeA,DE,T1,20143,751,0.0373,217.64,0.29,69,12,0.0919,0.1739,932.22,18.14,328.3,12,0,0,0.969
2024-01-11,Facebook,FB_Sports_Banner,BR,T2,20602,593,0.0288,73.03,0.123,63,15,0.1062,0.2381,427.07,4.87,484.8,20,0,0,0.969
2024-01-11,Facebook,FB_Sports_Banner,PL,T2,16042,515,0.0321,73.93,0.144,34,8,0.066,0.2353,373.88,9.24,405.7,14,0,0,0.971
2024-01-11,Facebook,FB_Slots_Video,NG,T3,31960,1217,0.0381,29.6,0.024,109,30,0.0896,0.2752,157.21,0.99,431.1,27,0,0,0.976
2024-01-11,Facebook,FB_Slots_Video,CA,T1,22206,871,0.0392,216.07,0.248,103,23,0.1183,0.2233,1909.55,9.39,783.8,18,0,0,0.972
2024-01-11,Facebook,FB_Casino_CreativeA,AU,T1,10015,382,0.0381,80.41,0.21,36,10,0.0942,0.2778,742.43,8.04,823.3,8,0,0,0.975
2024-01-11,Facebook,FB_Slots_Video,IN,T3,34733,792,0.0228,40.26,0.051,43,14,0.0543,0.3256,162.75,2.88,304.2,19,0,0,0.968
2024-01-11,Google_Search,GG_Slots_KW_Generic,DE,T1,30655,1198,0.0391,729.06,0.609,189,67,0.1578,0.3545,6766.68,10.88,828.1,11,0,0,0.989
2024-01-11,Google_Search,GG_Sports_Betting,BR,T2,28796,1184,0.0411,239.96,0.203,177,32,0.1495,0.1808,938.87,7.5,291.3,10,0,0,0.991
2024-01-11,Google_Search,GG_Casino_KW_Brand,PL,T2,12582,514,0.0409,133.36,0.259,91,33,0.177,0.3626,2178.21,4.04,1533.3,7,0,0,0.991
2024-01-11,Google_Search,GG_Casino_KW_Brand,NG,T3,17514,667,0.0381,46.19,0.069,108,23,0.1619,0.213,597.9,2.01,1194.4,5,0,0,0.992
2024-01-11,Google_Search,GG_Sports_Betting,CA,T1,14681,412,0.0281,380.82,0.924,63,18,0.1529,0.2857,1853.48,21.16,386.7,5,0,0,0.991
2024-01-11,Google_Search,GG_Casino_KW_Brand,AU,T1,15258,629,0.0412,396.83,0.631,70,16,0.1113,0.2286,1548.04,24.8,290.1,4,0,0,0.992
2024-01-11,Google_Search,GG_Casino_KW_Brand,IN,T3,31439,906,0.0288,98.64,0.109,177,49,0.1954,0.2768,1498.17,2.01,1418.8,7,0,0,0.988
2024-01-11,Push_Network,Push_Casino_Retarget,DE,T1,10352,335,0.0324,18.21,0.054,14,1,0.0418,0.0714,28.25,18.21,55.1,62,0,0,0.833
2024-01-11,Push_Network,Push_iGaming_Broad,BR,T2,26573,718,0.027,14.49,0.02,29,2,0.0404,0.069,5.99,7.25,-58.7,149,1,0,0.876
2024-01-11,Push_Network,Push_Casino_Retarget,PL,T2,44662,783,0.0175,31.8,0.041,33,2,0.0421,0.0606,37.39,15.9,17.6,163,1,0,0.861
2024-01-11,Push_Network,Push_Casino_Retarget,NG,T3,19811,462,0.0233,2.95,0.006,20,2,0.0433,0.1,29.75,1.48,908.5,65,1,0,0.841
2024-01-11,Push_Network,Push_Casino_Retarget,CA,T1,18768,431,0.023,30.35,0.07,21,2,0.0487,0.0952,80.01,15.18,163.6,51,0,0,0.862
2024-01-11,Push_Network,Push_iGaming_Broad,AU,T1,24348,367,0.0151,34.53,0.094,15,1,0.0409,0.0667,34.35,34.53,-0.5,35,0,0,0.878
2024-01-11,Push_Network,Push_iGaming_Broad,IN,T3,10044,231,0.023,2.55,0.011,13,1,0.0563,0.0769,12.27,2.55,381.2,36,0,0,0.839
2024-01-11,Native_Ads,Native_Review_Article,DE,T1,27085,578,0.0213,151.04,0.261,28,7,0.0484,0.25,409.72,21.58,171.3,33,0,0,0.936
2024-01-11,Native_Ads,Native_Review_Article,BR,T2,12438,246,0.0198,22.74,0.092,8,1,0.0325,0.125,28.69,22.74,26.2,7,0,0,0.942
2024-01-11,Native_Ads,Native_Bonus_Landing,PL,T2,37771,621,0.0164,72.8,0.117,46,8,0.0741,0.1739,291.32,9.1,300.2,31,1,0,0.943
2024-01-11,Native_Ads,Native_Bonus_Landing,NG,T3,22293,407,0.0183,10.16,0.025,33,6,0.0811,0.1818,204.19,1.69,1909.7,23,0,0,0.942
2024-01-11,Native_Ads,Native_Bonus_Landing,CA,T1,10005,123,0.0123,43.96,0.357,7,1,0.0569,0.1429,83.04,43.96,88.9,10,0,0,0.949
2024-01-11,Native_Ads,Native_Review_Article,AU,T1,13923,345,0.0248,66.96,0.194,22,5,0.0638,0.2273,318.99,13.39,376.4,19,0,0,0.941
2024-01-11,Native_Ads,Native_Bonus_Landing,IN,T3,45953,1588,0.0346,37.28,0.023,119,28,0.0749,0.2353,366.92,1.33,884.2,49,1,0,0.944
2024-01-11,TikTok,TT_Sports_Short,DE,T1,25950,129,0.005,180.11,1.396,8,0,0.062,0.0,0.0,,-100.0,8,0,0,0.925
2024-01-11,TikTok,TT_Sports_Short,BR,T2,8151,109,0.0134,14.56,0.134,5,0,0.0459,0.0,0.0,,-100.0,8,0,0,0.91
2024-01-11,TikTok,TT_Casino_UGC,PL,T2,43817,898,0.0205,116.6,0.13,72,10,0.0802,0.1389,76.91,11.66,-34.0,90,1,0,0.929
2024-01-11,TikTok,TT_Casino_UGC,NG,T3,18558,286,0.0154,11.9,0.042,19,3,0.0664,0.1579,17.63,3.97,48.2,22,0,0,0.909
2024-01-11,TikTok,TT_Sports_Short,CA,T1,15252,314,0.0206,97.88,0.312,17,2,0.0541,0.1176,85.28,48.94,-12.9,23,0,0,0.924
2024-01-11,TikTok,TT_Casino_UGC,AU,T1,17152,397,0.0231,100.91,0.254,18,4,0.0453,0.2222,203.3,25.23,101.5,29,0,0,0.907
2024-01-11,TikTok,TT_Sports_Short,IN,T3,23562,320,0.0136,18.07,0.056,18,3,0.0563,0.1667,6.0,6.02,-66.8,33,0,0,0.935
2024-01-11,Affiliate_SEO,SEO_CasinoReview_DE,DE,T1,35309,373,0.0106,0.0,,107,39,0.2869,0.3645,4671.78,,,6,0,0,0.978
2024-01-11,Affiliate_SEO,SEO_BonusGuide_BR,BR,T2,22430,324,0.0144,0.0,,46,11,0.142,0.2391,505.34,,,4,0,0,0.98
2024-01-11,Affiliate_SEO,SEO_CasinoReview_DE,PL,T2,15764,450,0.0285,0.0,,87,24,0.1933,0.2759,1551.0,,,4,0,0,0.98
2024-01-11,Affiliate_SEO,SEO_CasinoReview_DE,NG,T3,2029,55,0.0271,0.0,,14,4,0.2545,0.2857,100.73,,,0,0,0,0.978
2024-01-11,Affiliate_SEO,SEO_CasinoReview_DE,CA,T1,16900,449,0.0266,0.0,,98,33,0.2183,0.3367,3825.27,,,12,0,0,0.983
2024-01-11,Affiliate_SEO,SEO_BonusGuide_BR,AU,T1,19306,510,0.0264,0.0,,116,54,0.2275,0.4655,5354.91,,,6,0,0,0.977
2024-01-11,Affiliate_SEO,SEO_CasinoReview_DE,IN,T3,5038,102,0.0202,0.0,,21,6,0.2059,0.2857,91.45,,,1,0,0,0.982
2024-01-12,Facebook,FB_Casino_CreativeA,DE,T1,10993,441,0.0401,105.61,0.239,45,10,0.102,0.2222,864.47,10.56,718.5,17,0,0,0.97
2024-01-12,Facebook,FB_Sports_Banner,BR,T2,10007,510,0.051,30.35,0.06,31,11,0.0608,0.3548,373.79,2.76,1131.6,11,0,0,0.976
2024-01-12,Facebook,FB_Casino_CreativeA,PL,T2,10918,465,0.0426,43.77,0.094,45,8,0.0968,0.1778,305.64,5.47,598.3,6,0,0,0.967
2024-01-12,Facebook,FB_Casino_CreativeA,NG,T3,33022,1384,0.0419,30.04,0.022,151,38,0.1091,0.2517,604.4,0.79,1912.0,62,1,0,0.968
2024-01-12,Facebook,FB_Sports_Banner,CA,T1,21946,713,0.0325,204.75,0.287,72,18,0.101,0.25,1537.7,11.38,651.0,23,0,0,0.972
2024-01-12,Facebook,FB_Casino_CreativeA,AU,T1,14608,447,0.0306,123.65,0.277,47,6,0.1051,0.1277,387.38,20.61,213.3,17,0,0,0.969
2024-01-12,Facebook,FB_Casino_CreativeA,IN,T3,26467,1265,0.0478,33.69,0.027,105,28,0.083,0.2667,632.43,1.2,1777.2,24,0,0,0.972
2024-01-12,Google_Search,GG_Casino_KW_Brand,DE,T1,26690,634,0.0238,807.91,1.274,95,34,0.1498,0.3579,3513.34,23.76,334.9,3,0,0,0.991
2024-01-12,Google_Search,GG_Sports_Betting,BR,T2,22606,814,0.036,162.91,0.2,135,39,0.1658,0.2889,1819.61,4.18,1016.9,10,0,0,0.991
2024-01-12,Google_Search,GG_Sports_Betting,PL,T2,15556,438,0.0282,183.03,0.418,66,13,0.1507,0.197,574.71,14.08,214.0,4,0,0,0.988
2024-01-12,Google_Search,GG_Casino_KW_Brand,NG,T3,38685,1849,0.0478,89.96,0.049,331,124,0.179,0.3746,1476.79,0.73,1541.6,11,1,0,0.991
2024-01-12,Google_Search,GG_Slots_KW_Generic,CA,T1,33934,1308,0.0385,720.85,0.551,126,41,0.0963,0.3254,3639.87,17.58,404.9,14,0,0,0.991
2024-01-12,Google_Search,GG_Casino_KW_Brand,AU,T1,26984,745,0.0276,536.42,0.72,135,31,0.1812,0.2296,2921.64,17.3,444.7,9,0,0,0.99
2024-01-12,Google_Search,GG_Slots_KW_Generic,IN,T3,16942,669,0.0395,57.59,0.086,85,28,0.1271,0.3294,287.5,2.06,399.2,5,0,0,0.992
2024-01-12,Push_Network,Push_iGaming_Broad,DE,T1,17878,348,0.0195,29.83,0.086,10,1,0.0287,0.1,38.27,29.83,28.3,45,0,0,0.88
2024-01-12,Push_Network,Push_Casino_Retarget,BR,T2,10085,218,0.0216,5.24,0.024,8,1,0.0367,0.125,10.13,5.24,93.3,25,0,0,0.845
2024-01-12,Push_Network,Push_Casino_Retarget,PL,T2,15527,316,0.0204,11.13,0.035,16,2,0.0506,0.125,7.89,5.57,-29.1,51,0,0,0.861
2024-01-12,Push_Network,Push_iGaming_Broad,NG,T3,14789,464,0.0314,2.64,0.006,18,2,0.0388,0.1111,28.08,1.32,963.6,86,0,0,0.851
2024-01-12,Push_Network,Push_Casino_Retarget,CA,T1,24570,737,0.03,37.32,0.051,20,3,0.0271,0.15,97.81,12.44,162.1,148,0,0,0.848
2024-01-12,Push_Network,Push_Casino_Retarget,AU,T1,20441,222,0.0109,26.45,0.119,8,0,0.036,0.0,0.0,,-100.0,25,0,0,0.876
2024-01-12,Push_Network,Push_Casino_Retarget,IN,T3,20693,653,0.0316,5.03,0.008,25,2,0.0383,0.08,4.0,2.52,-20.5,119,1,0,0.846
2024-01-12,Native_Ads,Native_Bonus_Landing,DE,T1,27083,488,0.018,147.16,0.302,44,7,0.0902,0.1591,341.5,21.02,132.1,38,0,0,0.949
2024-01-12,Native_Ads,Native_Bonus_Landing,BR,T2,23869,708,0.0297,45.08,0.064,62,14,0.0876,0.2258,401.44,3.22,790.5,36,1,0,0.951
2024-01-12,Native_Ads,Native_Review_Article,PL,T2,26324,566,0.0215,54.67,0.097,49,10,0.0866,0.2041,397.61,5.47,627.3,49,0,0,0.935
2024-01-12,Native_Ads,Native_Review_Article,NG,T3,15651,417,0.0266,6.69,0.016,37,7,0.0887,0.1892,14.0,0.96,109.3,20,0,0,0.931
2024-01-12,Native_Ads,Native_Bonus_Landing,CA,T1,23493,136,0.0058,108.17,0.795,11,2,0.0809,0.1818,136.77,54.09,26.4,7,0,0,0.93
2024-01-12,Native_Ads,Native_Review_Article,AU,T1,14119,167,0.0118,69.9,0.419,11,1,0.0659,0.0909,60.25,69.9,-13.8,12,0,0,0.931
2024-01-12,Native_Ads,Native_Review_Article,IN,T3,27009,653,0.0242,20.66,0.032,30,3,0.0459,0.1,21.84,6.89,5.7,22,0,0,0.939
2024-01-12,TikTok,TT_Sports_Short,DE,T1,8683,189,0.0218,63.05,0.334,11,2,0.0582,0.1818,81.7,31.52,29.6,8,0,0,0.906
2024-01-12,TikTok,TT_Sports_Short,BR,T2,23818,454,0.0191,50.98,0.112,26,4,0.0573,0.1538,48.46,12.74,-4.9,42,0,0,0.915
2024-01-12,TikTok,TT_Casino_UGC,PL,T2,25887,719,0.0278,60.59,0.084,48,8,0.0668,0.1667,232.94,7.57,284.5,41,1,0,0.934
2024-01-12,TikTok,TT_Sports_Short,NG,T3,26496,579,0.0219,14.14,0.024,25,3,0.0432,0.12,6.0,4.71,-57.6,66,0,0,0.933
2024-01-12,TikTok,TT_Sports_Short,CA,T1,13518,349,0.0258,69.87,0.2,22,4,0.063,0.1818,231.62,17.47,231.5,27,0,0,0.93
2024-01-12,TikTok,TT_Casino_UGC,AU,T1,13256,254,0.0192,79.88,0.314,14,1,0.0551,0.0714,41.83,79.88,-47.6,14,0,0,0.912
2024-01-12,TikTok,TT_Casino_UGC,IN,T3,51790,1088,0.021,50.62,0.047,74,13,0.068,0.1757,44.43,3.89,-12.2,126,1,0,0.925
2024-01-12,Affiliate_SEO,SEO_BonusGuide_BR,DE,T1,66958,1538,0.023,0.0,,265,73,0.1723,0.2755,8612.78,,,40,2,0,0.981
2024-01-12,Affiliate_SEO,SEO_CasinoReview_DE,BR,T2,11558,237,0.0205,0.0,,49,14,0.2068,0.2857,525.59,,,5,0,0,0.98
2024-01-12,Affiliate_SEO,SEO_CasinoReview_DE,PL,T2,3582,100,0.0279,0.0,,22,8,0.22,0.3636,429.98,,,2,0,0,0.978
2024-01-12,Affiliate_SEO,SEO_CasinoReview_DE,NG,T3,1471,23,0.0156,0.0,,5,2,0.2174,0.4,14.33,,,0,0,0,0.981
2024-01-12,Affiliate_SEO,SEO_BonusGuide_BR,CA,T1,35615,529,0.0149,0.0,,122,44,0.2306,0.3607,5018.59,,,14,0,0,0.978
2024-01-12,Affiliate_SEO,SEO_BonusGuide_BR,AU,T1,48383,868,0.0179,0.0,,181,61,0.2085,0.337,7366.98,,,19,1,0,0.98
2024-01-12,Affiliate_SEO,SEO_BonusGuide_BR,IN,T3,3013,45,0.0149,0.0,,13,4,0.2889,0.3077,91.58,,,0,0,0,0.978
2024-01-13,Facebook,FB_Slots_Video,DE,T1,74865,3279,0.0438,677.82,0.207,168,42,0.0512,0.25,2805.55,16.14,313.9,53,1,0,0.974
2024-01-13,Facebook,FB_Sports_Banner,BR,T2,10424,259,0.0248,30.97,0.12,32,5,0.1236,0.1562,195.42,6.19,531.0,4,0,0,0.968
2024-01-13,Facebook,FB_Casino_CreativeA,PL,T2,115856,5032,0.0434,499.84,0.099,390,103,0.0775,0.2641,3556.55,4.85,611.5,175,4,0,0.968
2024-01-13,Facebook,FB_Sports_Banner,NG,T3,46200,2054,0.0445,35.7,0.017,194,40,0.0944,0.2062,575.68,0.89,1512.5,67,2,0,0.966
2024-01-13,Facebook,FB_Casino_CreativeA,CA,T1,22465,788,0.0351,208.94,0.265,78,21,0.099,0.2692,1477.86,9.95,607.3,20,1,0,0.973
2024-01-13,Facebook,FB_Sports_Banner,AU,T1,11920,511,0.0429,110.95,0.217,44,7,0.0861,0.1591,463.32,15.85,317.6,21,0,0,0.976
2024-01-13,Facebook,FB_Slots_Video,IN,T3,28433,842,0.0296,43.66,0.052,56,13,0.0665,0.2321,204.94,3.36,369.4,35,0,0,0.967
2024-01-13,Google_Search,GG_Casino_KW_Brand,DE,T1,29172,851,0.0292,863.39,1.015,112,41,0.1316,0.3661,3914.54,21.06,353.4,11,0,0,0.99
2024-01-13,Google_Search,GG_Casino_KW_Brand,BR,T2,12016,432,0.036,101.23,0.234,59,18,0.1366,0.3051,956.24,5.62,844.6,6,0,0,0.99
2024-01-13,Google_Search,GG_Casino_KW_Brand,PL,T2,20613,779,0.0378,214.2,0.275,121,51,0.1553,0.4215,2363.08,4.2,1003.2,4,0,0,0.989
2024-01-13,Google_Search,GG_Casino_KW_Brand,NG,T3,39803,1191,0.0299,102.2,0.086,131,39,0.11,0.2977,203.49,2.62,99.1,11,0,0,0.989
2024-01-13,Google_Search,GG_Sports_Betting,CA,T1,108145,4408,0.0408,2570.64,0.583,730,192,0.1656,0.263,19430.24,13.39,655.9,49,1,0,0.99
2024-01-13,Google_Search,GG_Slots_KW_Generic,AU,T1,47412,1432,0.0302,1238.45,0.865,202,36,0.1411,0.1782,2973.36,34.4,140.1,7,0,0,0.989
2024-01-13,Google_Search,GG_Casino_KW_Brand,IN,T3,27115,1144,0.0422,94.52,0.083,169,49,0.1477,0.2899,1086.73,1.93,1049.7,11,0,0,0.988
2024-01-13,Push_Network,Push_Casino_Retarget,DE,T1,24324,385,0.0158,47.16,0.122,18,1,0.0468,0.0556,36.8,47.16,-22.0,54,0,0,0.884
2024-01-13,Push_Network,Push_iGaming_Broad,BR,T2,16870,324,0.0192,9.29,0.029,11,1,0.034,0.0909,23.38,9.29,151.7,55,0,0,0.856
2024-01-13,Push_Network,Push_iGaming_Broad,PL,T2,20741,413,0.0199,16.95,0.041,17,2,0.0412,0.1176,26.02,8.47,53.5,61,0,0,0.846
2024-01-13,Push_Network,Push_iGaming_Broad,NG,T3,9318,69,0.0074,1.55,0.022,3,0,0.0435,0.0,0.0,,-100.0,8,0,0,0.84
2024-01-13,Push_Network,Push_Casino_Retarget,CA,T1,10346,150,0.0145,14.46,0.096,7,0,0.0467,0.0,0.0,,-100.0,28,0,0,0.885
2024-01-13,Push_Network,Push_iGaming_Broad,AU,T1,5783,97,0.0168,9.89,0.102,3,0,0.0309,0.0,0.0,,-100.0,13,0,0,0.848
2024-01-13,Push_Network,Push_Casino_Retarget,IN,T3,35858,755,0.0211,9.15,0.012,24,3,0.0318,0.125,34.35,3.05,275.4,61,1,0,0.86
2024-01-13,Native_Ads,Native_Bonus_Landing,DE,T1,15672,330,0.0211,98.33,0.298,22,5,0.0667,0.2273,360.0,19.67,266.1,15,0,0,0.943
2024-01-13,Native_Ads,Native_Review_Article,BR,T2,29920,550,0.0184,56.83,0.103,31,5,0.0564,0.1613,181.57,11.37,219.5,48,0,0,0.931
2024-01-13,Native_Ads,Native_Review_Article,PL,T2,13501,318,0.0236,28.8,0.091,16,3,0.0503,0.1875,112.84,9.6,291.8,13,0,0,0.93
2024-01-13,Native_Ads,Native_Bonus_Landing,NG,T3,37964,483,0.0127,18.87,0.039,36,10,0.0745,0.2778,71.45,1.89,278.6,27,0,0,0.944
2024-01-13,Native_Ads,Native_Bonus_Landing,CA,T1,21338,327,0.0153,103.99,0.318,26,6,0.0795,0.2308,426.98,17.33,310.6,16,0,0,0.945
2024-01-13,Native_Ads,Native_Bonus_Landing,AU,T1,18888,468,0.0248,102.42,0.219,36,6,0.0769,0.1667,371.81,17.07,263.0,29,0,0,0.946
2024-01-13,Native_Ads,Native_Bonus_Landing,IN,T3,53799,841,0.0156,39.95,0.048,84,13,0.0999,0.1548,264.36,3.07,561.7,74,2,0,0.947
2024-01-13,TikTok,TT_Casino_UGC,DE,T1,35057,584,0.0167,255.58,0.438,40,4,0.0685,0.1,157.74,63.9,-38.3,56,0,0,0.925
2024-01-13,TikTok,TT_Casino_UGC,BR,T2,15279,296,0.0194,29.52,0.1,15,2,0.0507,0.1333,50.27,14.76,70.3,32,0,0,0.925
2024-01-13,TikTok,TT_Casino_UGC,PL,T2,32234,774,0.024,83.27,0.108,38,5,0.0491,0.1316,116.99,16.65,40.5,74,0,0,0.906
2024-01-13,TikTok,TT_Sports_Short,NG,T3,22511,384,0.0171,11.73,0.031,11,1,0.0286,0.0909,11.02,11.73,-6.1,22,0,0,0.923
2024-01-13,TikTok,TT_Sports_Short,CA,T1,24291,688,0.0283,136.62,0.199,32,5,0.0465,0.1562,143.79,27.32,5.2,56,0,0,0.925
2024-01-13,TikTok,TT_Sports_Short,AU,T1,7660,169,0.0221,46.02,0.272,9,1,0.0533,0.1111,49.44,46.02,7.4,12,0,0,0.921
2024-01-13,TikTok,TT_Sports_Short,IN,T3,25967,485,0.0187,21.05,0.043,25,3,0.0515,0.12,10.34,7.02,-50.9,53,0,0,0.918
2024-01-13,Affiliate_SEO,SEO_CasinoReview_DE,DE,T1,20980,479,0.0228,0.0,,102,31,0.2129,0.3039,3913.45,,,9,0,0,0.977
2024-01-13,Affiliate_SEO,SEO_BonusGuide_BR,BR,T2,6665,140,0.021,0.0,,32,15,0.2286,0.4688,715.34,,,1,0,0,0.98
2024-01-13,Affiliate_SEO,SEO_BonusGuide_BR,PL,T2,16104,425,0.0264,0.0,,80,14,0.1882,0.175,922.22,,,6,0,0,0.979
2024-01-13,Affiliate_SEO,SEO_CasinoReview_DE,NG,T3,2972,57,0.0192,0.0,,15,5,0.2632,0.3333,104.8,,,1,0,0,0.978
2024-01-13,Affiliate_SEO,SEO_BonusGuide_BR,CA,T1,45632,1071,0.0235,0.0,,329,112,0.3072,0.3404,13850.04,,,12,2,0,0.977
2024-01-13,Affiliate_SEO,SEO_BonusGuide_BR,AU,T1,62667,1381,0.022,0.0,,350,150,0.2534,0.4286,18062.05,,,31,3,0,0.984
2024-01-13,Affiliate_SEO,SEO_BonusGuide_BR,IN,T3,9042,237,0.0262,0.0,,47,17,0.1983,0.3617,373.57,,,5,0,0,0.977
2024-01-14,Facebook,FB_Casino_CreativeA,DE,T1,12303,560,0.0455,108.39,0.194,34,10,0.0607,0.2941,773.04,10.84,613.2,15,0,0,0.973
2024-01-14,Facebook,FB_Sports_Banner,BR,T2,19171,573,0.0299,67.11,0.117,47,15,0.082,0.3191,317.4,4.47,373.0,22,0,0,0.972
2024-01-14,Facebook,FB_Slots_Video,PL,T2,29892,1167,0.039,123.82,0.106,60,20,0.0514,0.3333,691.92,6.19,458.8,44,0,0,0.974
2024-01-14,Facebook,FB_Casino_CreativeA,NG,T3,54660,1666,0.0305,45.25,0.027,143,31,0.0858,0.2168,62.0,1.46,37.0,72,1,0,0.973
2024-01-14,Facebook,FB_Sports_Banner,CA,T1,21354,888,0.0416,214.17,0.241,92,22,0.1036,0.2391,2025.92,9.73,845.9,17,0,0,0.967
2024-01-14,Facebook,FB_Sports_Banner,AU,T1,15859,569,0.0359,128.85,0.226,37,10,0.065,0.2703,813.44,12.88,531.3,11,0,0,0.965
2024-01-14,Facebook,FB_Casino_CreativeA,IN,T3,13008,390,0.03,18.21,0.047,15,3,0.0385,0.2,35.1,6.07,92.8,17,0,0,0.972
2024-01-14,Google_Search,GG_Slots_KW_Generic,DE,T1,10294,467,0.0454,282.15,0.604,69,21,0.1478,0.3043,2224.11,13.44,688.3,6,0,0,0.989
2024-01-14,Google_Search,GG_Casino_KW_Brand,BR,T2,28441,1002,0.0352,264.12,0.264,105,37,0.1048,0.3524,1632.8,7.14,518.2,6,0,0,0.992
2024-01-14,Google_Search,GG_Casino_KW_Brand,PL,T2,25332,972,0.0384,269.82,0.278,139,42,0.143,0.3022,1334.7,6.42,394.7,8,0,0,0.992
2024-01-14,Google_Search,GG_Casino_KW_Brand,NG,T3,10215,218,0.0213,26.95,0.124,37,9,0.1697,0.2432,163.45,2.99,506.5,1,0,0,0.992
2024-01-14,Google_Search,GG_Slots_KW_Generic,CA,T1,37965,1418,0.0374,967.35,0.682,137,43,0.0966,0.3139,4243.1,22.5,338.6,19,0,0,0.988
2024-01-14,Google_Search,GG_Casino_KW_Brand,AU,T1,24855,1033,0.0416,565.17,0.547,153,43,0.1481,0.281,4280.82,13.14,657.4,10,0,0,0.99
2024-01-14,Google_Search,GG_Casino_KW_Brand,IN,T3,30727,1319,0.0429,106.93,0.081,213,52,0.1615,0.2441,801.34,2.06,649.4,8,0,0,0.99
2024-01-14,Push_Network,Push_Casino_Retarget,DE,T1,17252,241,0.014,30.96,0.128,11,1,0.0456,0.0909,23.31,30.96,-24.7,33,0,0,0.865
2024-01-14,Push_Network,Push_iGaming_Broad,BR,T2,16587,329,0.0198,8.31,0.025,14,1,0.0426,0.0714,18.45,8.31,122.0,61,0,0,0.885
2024-01-14,Push_Network,Push_Casino_Retarget,PL,T2,13445,252,0.0187,8.57,0.034,7,0,0.0278,0.0,0.0,,-100.0,32,0,0,0.882
2024-01-14,Push_Network,Push_iGaming_Broad,NG,T3,25602,693,0.0271,3.6,0.005,23,3,0.0332,0.1304,6.0,1.2,66.7,135,1,0,0.886
2024-01-14,Push_Network,Push_iGaming_Broad,CA,T1,11414,264,0.0231,16.74,0.063,12,1,0.0455,0.0833,34.44,16.74,105.7,52,0,0,0.869
2024-01-14,Push_Network,Push_iGaming_Broad,AU,T1,16000,191,0.0119,24.03,0.126,7,1,0.0366,0.1429,37.28,24.03,55.1,23,0,0,0.873
2024-01-14,Push_Network,Push_Casino_Retarget,IN,T3,45940,973,0.0212,9.97,0.01,41,6,0.0421,0.1463,31.39,1.66,214.8,202,1,0,0.852
2024-01-14,Native_Ads,Native_Bonus_Landing,DE,T1,64261,1053,0.0164,313.77,0.298,60,12,0.057,0.2,871.47,26.15,177.7,76,0,0,0.929
2024-01-14,Native_Ads,Native_Bonus_Landing,BR,T2,31746,685,0.0216,60.42,0.088,45,6,0.0657,0.1333,126.87,10.07,110.0,42,0,0,0.939
2024-01-14,Native_Ads,Native_Review_Article,PL,T2,15298,308,0.0201,36.62,0.119,22,5,0.0714,0.2273,117.78,7.32,221.6,27,0,0,0.939
2024-01-14,Native_Ads,Native_Review_Article,NG,T3,28780,352,0.0122,16.33,0.046,28,4,0.0795,0.1429,38.03,4.08,132.9,28,0,0,0.948
2024-01-14,Native_Ads,Native_Bonus_Landing,CA,T1,16998,477,0.0281,76.7,0.161,29,4,0.0608,0.1379,302.39,19.18,294.3,28,0,0,0.93
2024-01-14,Native_Ads,Native_Review_Article,AU,T1,21136,438,0.0207,104.29,0.238,33,6,0.0753,0.1818,426.38,17.38,308.8,21,0,0,0.943
2024-01-14,Native_Ads,Native_Review_Article,IN,T3,19297,224,0.0116,12.49,0.056,18,3,0.0804,0.1667,21.05,4.16,68.5,12,0,0,0.938
2024-01-14,TikTok,TT_Sports_Short,DE,T1,13288,318,0.0239,94.81,0.298,20,3,0.0629,0.15,153.49,31.6,61.9,36,0,0,0.917
2024-01-14,TikTok,TT_Casino_UGC,BR,T2,39325,574,0.0146,89.08,0.155,21,3,0.0366,0.1429,82.08,29.69,-7.9,48,0,0,0.924
2024-01-14,TikTok,TT_Sports_Short,PL,T2,21370,417,0.0195,65.73,0.158,25,3,0.06,0.12,65.12,21.91,-0.9,19,0,0,0.907
2024-01-14,TikTok,TT_Casino_UGC,NG,T3,46404,912,0.0197,28.48,0.031,67,11,0.0735,0.1642,22.0,2.59,-22.8,83,1,0,0.914
2024-01-14,TikTok,TT_Casino_UGC,CA,T1,17611,462,0.0262,101.86,0.22,34,4,0.0736,0.1176,187.61,25.46,84.2,47,0,0,0.913
2024-01-14,TikTok,TT_Casino_UGC,AU,T1,40051,766,0.0191,253.54,0.331,55,4,0.0718,0.0727,181.06,63.38,-28.6,58,1,0,0.932
2024-01-14,TikTok,TT_Casino_UGC,IN,T3,25328,778,0.0307,21.92,0.028,62,11,0.0797,0.1774,27.43,1.99,25.1,40,1,0,0.925
2024-01-14,Affiliate_SEO,SEO_BonusGuide_BR,DE,T1,30695,760,0.0248,0.0,,63,20,0.0829,0.3175,2451.93,,,13,0,0,0.983
2024-01-14,Affiliate_SEO,SEO_BonusGuide_BR,BR,T2,3973,30,0.0076,0.0,,5,1,0.1667,0.2,49.31,,,0,0,0,0.983
2024-01-14,Affiliate_SEO,SEO_BonusGuide_BR,PL,T2,7941,195,0.0246,0.0,,55,17,0.2821,0.3091,1131.57,,,5,0,0,0.981
2024-01-14,Affiliate_SEO,SEO_BonusGuide_BR,NG,T3,1520,28,0.0184,0.0,,4,1,0.1429,0.25,29.71,,,0,0,0,0.977
2024-01-14,Affiliate_SEO,SEO_CasinoReview_DE,CA,T1,33136,892,0.0269,0.0,,241,95,0.2702,0.3942,10119.37,,,24,1,0,0.981
2024-01-14,Affiliate_SEO,SEO_CasinoReview_DE,AU,T1,9233,167,0.0181,0.0,,34,8,0.2036,0.2353,870.29,,,2,0,0,0.98
2024-01-14,Affiliate_SEO,SEO_BonusGuide_BR,IN,T3,12867,285,0.0221,0.0,,76,25,0.2667,0.3289,524.36,,,8,0,0,0.981
2024-01-15,Facebook,FB_Slots_Video,DE,T1,48960,1453,0.0297,421.26,0.29,145,26,0.0998,0.1793,1832.68,16.2,335.0,47,1,0,0.972
2024-01-15,Facebook,FB_Sports_Banner,BR,T2,21625,609,0.0282,72.04,0.118,70,10,0.1149,0.1429,200.33,7.2,178.1,18,0,0,0.968
2024-01-15,Facebook,FB_Sports_Banner,PL,T2,38996,1058,0.0271,164.98,0.156,76,13,0.0718,0.1711,371.1,12.69,124.9,19,0,0,0.965
2024-01-15,Facebook,FB_Casino_CreativeA,NG,T3,24891,1043,0.0419,19.53,0.019,94,17,0.0901,0.1809,92.81,1.15,375.2,34,1,0,0.974
2024-01-15,Facebook,FB_Casino_CreativeA,CA,T1,30163,1019,0.0338,271.34,0.266,34,9,0.0334,0.2647,587.07,30.15,116.4,25,0,0,0.966
2024-01-15,Facebook,FB_Slots_Video,AU,T1,20843,737,0.0354,197.4,0.268,47,9,0.0638,0.1915,658.83,21.93,233.8,17,0,0,0.966
2024-01-15,Facebook,FB_Sports_Banner,IN,T3,19636,582,0.0296,28.14,0.048,35,7,0.0601,0.2,84.74,4.02,201.1,15,0,0,0.965
2024-01-15,Google_Search,GG_Slots_KW_Generic,DE,T1,38670,1428,0.0369,1096.74,0.768,187,59,0.131,0.3155,6283.6,18.59,472.9,11,0,0,0.991
2024-01-15,Google_Search,GG_Casino_KW_Brand,BR,T2,18868,631,0.0334,171.01,0.271,112,32,0.1775,0.2857,1554.54,5.34,809.0,5,0,0,0.99
2024-01-15,Google_Search,GG_Casino_KW_Brand,PL,T2,60285,1963,0.0326,628.7,0.32,281,78,0.1431,0.2776,4148.56,8.06,559.9,24,0,0,0.989
2024-01-15,Google_Search,GG_Casino_KW_Brand,NG,T3,17994,604,0.0336,47.49,0.079,88,25,0.1457,0.2841,472.76,1.9,895.5,4,0,0,0.99
2024-01-15,Google_Search,GG_Sports_Betting,CA,T1,13574,413,0.0304,289.72,0.702,64,21,0.155,0.3281,1786.18,13.8,516.5,2,0,0,0.992
2024-01-15,Google_Search,GG_Casino_KW_Brand,AU,T1,42557,1254,0.0295,1067.27,0.851,242,68,0.193,0.281,6662.32,15.7,524.2,16,0,0,0.991
2024-01-15,Google_Search,GG_Sports_Betting,IN,T3,13663,555,0.0406,55.81,0.101,99,29,0.1784,0.2929,1105.94,1.92,1881.6,4,0,0,0.991
2024-01-15,Push_Network,Push_iGaming_Broad,DE,T1,16876,323,0.0191,33.59,0.104,12,1,0.0372,0.0833,31.79,33.59,-5.4,41,0,0,0.864
2024-01-15,Push_Network,Push_Casino_Retarget,BR,T2,45491,1162,0.0255,28.2,0.024,41,3,0.0353,0.0732,52.43,9.4,85.9,129,1,0,0.875
2024-01-15,Push_Network,Push_Casino_Retarget,PL,T2,17845,250,0.014,11.06,0.044,9,1,0.036,0.1111,14.51,11.06,31.2,39,0,0,0.835
2024-01-15,Push_Network,Push_Casino_Retarget,NG,T3,51061,1065,0.0209,7.99,0.008,49,5,0.046,0.102,90.8,1.6,1036.4,107,2,0,0.86
2024-01-15,Push_Network,Push_Casino_Retarget,CA,T1,18158,447,0.0246,29.88,0.067,18,2,0.0403,0.1111,111.21,14.94,272.2,33,0,0,0.837
2024-01-15,Push_Network,Push_Casino_Retarget,AU,T1,47420,1383,0.0292,79.55,0.058,64,6,0.0463,0.0938,157.83,13.26,98.4,151,3,0,0.85
2024-01-15,Push_Network,Push_iGaming_Broad,IN,T3,45725,306,0.0067,9.81,0.032,14,2,0.0458,0.1429,4.0,4.91,-59.2,26,0,0,0.833
2024-01-15,Native_Ads,Native_Review_Article,DE,T1,12570,247,0.0196,77.25,0.313,14,2,0.0567,0.1429,153.71,38.62,99.0,16,0,0,0.944
2024-01-15,Native_Ads,Native_Review_Article,BR,T2,39209,519,0.0132,75.56,0.146,27,6,0.052,0.2222,182.59,12.59,141.6,22,0,0,0.95
2024-01-15,Native_Ads,Native_Review_Article,PL,T2,17337,86,0.005,36.55,0.425,5,0,0.0581,0.0,0.0,,-100.0,5,0,0,0.946
2024-01-15,Native_Ads,Native_Bonus_Landing,NG,T3,16436,441,0.0268,7.43,0.017,40,5,0.0907,0.125,14.21,1.49,91.3,37,1,0,0.945
2024-01-15,Native_Ads,Native_Bonus_Landing,CA,T1,21745,257,0.0118,111.4,0.433,16,4,0.0623,0.25,221.64,27.85,99.0,8,0,0,0.934
2024-01-15,Native_Ads,Native_Bonus_Landing,AU,T1,23374,581,0.0249,120.62,0.208,35,6,0.0602,0.1714,266.42,20.1,120.9,44,0,0,0.95
2024-01-15,Native_Ads,Native_Bonus_Landing,IN,T3,31931,368,0.0115,22.8,0.062,20,3,0.0543,0.15,47.09,7.6,106.5,11,0,0,0.937
2024-01-15,TikTok,TT_Sports_Short,DE,T1,21792,346,0.0159,157.81,0.456,15,2,0.0434,0.1333,70.46,78.91,-55.4,38,0,0,0.908
2024-01-15,TikTok,TT_Casino_UGC,BR,T2,60141,1164,0.0194,139.97,0.12,67,5,0.0576,0.0746,70.99,27.99,-49.3,136,1,0,0.914
2024-01-15,TikTok,TT_Sports_Short,PL,T2,11590,347,0.0299,35.1,0.101,19,2,0.0548,0.1053,45.88,17.55,30.7,26,0,0,0.917
2024-01-15,TikTok,TT_Sports_Short,NG,T3,48063,1124,0.0234,24.76,0.022,80,13,0.0712,0.1625,201.65,1.9,714.4,57,1,0,0.925
2024-01-15,TikTok,TT_Sports_Short,CA,T1,12471,288,0.0231,69.19,0.24,14,1,0.0486,0.0714,46.03,69.19,-33.5,18,0,0,0.908
2024-01-15,TikTok,TT_Sports_Short,AU,T1,15419,292,0.0189,84.64,0.29,14,1,0.0479,0.0714,48.99,84.64,-42.1,31,0,0,0.932
2024-01-15,TikTok,TT_Sports_Short,IN,T3,20946,350,0.0167,17.57,0.05,10,1,0.0286,0.1,11.03,17.57,-37.2,28,0,0,0.909
2024-01-15,Affiliate_SEO,SEO_BonusGuide_BR,DE,T1,40632,458,0.0113,0.0,,84,34,0.1834,0.4048,4254.47,,,7,0,0,0.978
2024-01-15,Affiliate_SEO,SEO_BonusGuide_BR,BR,T2,16644,325,0.0195,0.0,,46,17,0.1415,0.3696,791.33,,,4,0,0,0.977
2024-01-15,Affiliate_SEO,SEO_BonusGuide_BR,PL,T2,8004,192,0.024,0.0,,46,20,0.2396,0.4348,1395.62,,,4,0,0,0.979
2024-01-15,Affiliate_SEO,SEO_BonusGuide_BR,NG,T3,2702,38,0.0141,0.0,,9,2,0.2368,0.2222,19.09,,,0,0,0,0.984
2024-01-15,Affiliate_SEO,SEO_CasinoReview_DE,CA,T1,29695,325,0.0109,0.0,,60,17,0.1846,0.2833,1901.42,,,9,0,0,0.98
2024-01-15,Affiliate_SEO,SEO_CasinoReview_DE,AU,T1,15511,207,0.0133,0.0,,57,22,0.2754,0.386,2661.19,,,2,0,0,0.977
2024-01-15,Affiliate_SEO,SEO_BonusGuide_BR,IN,T3,3212,93,0.029,0.0,,24,9,0.2581,0.375,318.61,,,1,0,0,0.982
2024-01-16,Facebook,FB_Slots_Video,DE,T1,14829,543,0.0366,131.61,0.242,42,11,0.0773,0.2619,936.07,11.96,611.2,21,0,0,0.973
2024-01-16,Facebook,FB_Sports_Banner,BR,T2,22923,948,0.0414,81.87,0.086,85,25,0.0897,0.2941,557.75,3.27,581.3,27,0,0,0.964
2024-01-16,Facebook,FB_Sports_Banner,PL,T2,18185,669,0.0368,73.23,0.109,43,7,0.0643,0.1628,368.09,10.46,402.6,26,0,0,0.972
2024-01-16,Facebook,FB_Sports_Banner,NG,T3,26431,601,0.0227,23.05,0.038,60,11,0.0998,0.1833,220.81,2.1,858.0,24,0,0,0.973
2024-01-16,Facebook,FB_Casino_CreativeA,CA,T1,17839,421,0.0236,146.97,0.349,56,17,0.133,0.3036,1563.63,8.65,963.9,18,0,0,0.972
2024-01-16,Facebook,FB_Slots_Video,AU,T1,19763,675,0.0342,160.34,0.238,73,21,0.1081,0.2877,1730.11,7.64,979.0,14,0,0,0.965
2024-01-16,Facebook,FB_Slots_Video,IN,T3,9964,371,0.0372,14.65,0.039,35,10,0.0943,0.2857,91.18,1.47,522.4,7,0,0,0.976
2024-01-16,Google_Search,GG_Slots_KW_Generic,DE,T1,35067,933,0.0266,896.19,0.961,145,47,0.1554,0.3241,4477.85,19.07,399.7,9,0,0,0.988
2024-01-16,Google_Search,GG_Sports_Betting,BR,T2,37255,1056,0.0283,358.4,0.339,172,60,0.1629,0.3488,1832.58,5.97,411.3,6,0,0,0.992
2024-01-16,Google_Search,GG_Casino_KW_Brand,PL,T2,22205,759,0.0342,262.78,0.346,115,32,0.1515,0.2783,1700.32,8.21,547.1,4,0,0,0.99
2024-01-16,Google_Search,GG_Casino_KW_Brand,NG,T3,15913,499,0.0314,40.27,0.081,65,25,0.1303,0.3846,50.0,1.61,24.2,4,0,0,0.991
2024-01-16,Google_Search,GG_Casino_KW_Brand,CA,T1,24924,1225,0.0491,621.58,0.507,166,52,0.1355,0.3133,4318.16,11.95,594.7,18,0,0,0.988
2024-01-16,Google_Search,GG_Slots_KW_Generic,AU,T1,16688,635,0.0381,433.55,0.683,152,35,0.2394,0.2303,3100.06,12.39,615.0,3,0,0,0.991
2024-01-16,Google_Search,GG_Casino_KW_Brand,IN,T3,22617,896,0.0396,80.55,0.09,156,57,0.1741,0.3654,1028.74,1.41,1177.1,5,0,0,0.989
2024-01-16,Push_Network,Push_iGaming_Broad,DE,T1,36793,773,0.021,58.68,0.076,31,4,0.0401,0.129,137.58,14.67,134.5,145,1,0,0.882
2024-01-16,Push_Network,Push_Casino_Retarget,BR,T2,10789,249,0.0231,6.89,0.028,6,0,0.0241,0.0,0.0,,-100.0,40,0,0,0.846
2024-01-16,Push_Network,Push_Casino_Retarget,PL,T2,24617,450,0.0183,15.53,0.035,17,1,0.0378,0.0588,9.06,15.53,-41.7,41,0,0,0.841
2024-01-16,Push_Network,Push_Casino_Retarget,NG,T3,27044,482,0.0178,3.95,0.008,10,1,0.0207,0.1,12.91,3.95,226.8,71,0,0,0.883
2024-01-16,Push_Network,Push_Casino_Retarget,CA,T1,20065,507,0.0253,27.87,0.055,22,2,0.0434,0.0909,47.33,13.94,69.8,52,1,0,0.871
2024-01-16,Push_Network,Push_Casino_Retarget,AU,T1,11958,203,0.017,17.0,0.084,8,1,0.0394,0.125,28.87,17.0,69.8,38,0,0,0.837
2024-01-16,Push_Network,Push_iGaming_Broad,IN,T3,31766,787,0.0248,7.31,0.009,29,3,0.0368,0.1034,44.62,2.44,510.4,140,1,0,0.885
2024-01-16,Native_Ads,Native_Review_Article,DE,T1,4919,86,0.0175,25.32,0.294,9,2,0.1047,0.2222,116.35,12.66,359.5,6,0,0,0.937
2024-01-16,Native_Ads,Native_Review_Article,BR,T2,28572,655,0.0229,43.18,0.066,45,5,0.0687,0.1111,212.3,8.64,391.7,32,0,0,0.949
2024-01-16,Native_Ads,Native_Bonus_Landing,PL,T2,17391,512,0.0294,33.83,0.066,38,6,0.0742,0.1579,139.59,5.64,312.6,15,0,0,0.95
2024-01-16,Native_Ads,Native_Bonus_Landing,NG,T3,20441,102,0.005,11.69,0.115,6,1,0.0588,0.1667,9.44,11.69,-19.2,9,0,0,0.951
2024-01-16,Native_Ads,Native_Review_Article,CA,T1,62505,1751,0.028,298.9,0.171,167,35,0.0954,0.2096,2677.67,8.54,795.8,65,2,0,0.93
2024-01-16,Native_Ads,Native_Bonus_Landing,AU,T1,28581,640,0.0224,127.44,0.199,60,9,0.0938,0.15,549.36,14.16,331.1,20,0,0,0.945
2024-01-16,Native_Ads,Native_Bonus_Landing,IN,T3,22462,556,0.0248,16.93,0.03,38,8,0.0683,0.2105,88.32,2.12,421.7,22,0,0,0.941
2024-01-16,TikTok,TT_Casino_UGC,DE,T1,23442,440,0.0188,160.62,0.365,20,4,0.0455,0.2,221.18,40.16,37.7,47,0,0,0.934
2024-01-16,TikTok,TT_Casino_UGC,BR,T2,55001,932,0.0169,127.98,0.137,41,8,0.044,0.1951,94.59,16.0,-26.1,96,1,0,0.91
2024-01-16,TikTok,TT_Casino_UGC,PL,T2,20001,304,0.0152,58.97,0.194,17,2,0.0559,0.1176,63.13,29.48,7.1,13,0,0,0.927
2024-01-16,TikTok,TT_Casino_UGC,NG,T3,37570,920,0.0245,19.16,0.021,54,6,0.0587,0.1111,50.21,3.19,162.1,99,0,0,0.911
2024-01-16,TikTok,TT_Sports_Short,CA,T1,57423,1422,0.0248,381.41,0.268,88,10,0.0619,0.1136,468.66,38.14,22.9,160,2,0,0.904
2024-01-16,TikTok,TT_Casino_UGC,AU,T1,20141,430,0.0213,130.99,0.305,24,3,0.0558,0.125,172.93,43.66,32.0,37,0,0,0.907
2024-01-16,TikTok,TT_Sports_Short,IN,T3,12596,368,0.0292,12.03,0.033,14,1,0.038,0.0714,6.36,12.03,-47.1,34,0,0,0.924
2024-01-16,Affiliate_SEO,SEO_BonusGuide_BR,DE,T1,70124,1354,0.0193,0.0,,271,137,0.2001,0.5055,17610.95,,,28,2,0,0.978
2024-01-16,Affiliate_SEO,SEO_CasinoReview_DE,BR,T2,19597,296,0.0151,0.0,,61,25,0.2061,0.4098,871.22,,,8,0,0,0.983
2024-01-16,Affiliate_SEO,SEO_CasinoReview_DE,PL,T2,9735,249,0.0256,0.0,,43,15,0.1727,0.3488,691.3,,,3,0,0,0.979
2024-01-16,Affiliate_SEO,SEO_CasinoReview_DE,NG,T3,3157,84,0.0266,0.0,,20,9,0.2381,0.45,234.23,,,1,0,0,0.98
2024-01-16,Affiliate_SEO,SEO_BonusGuide_BR,CA,T1,26004,676,0.026,0.0,,159,59,0.2352,0.3711,7079.39,,,18,0,0,0.977
2024-01-16,Affiliate_SEO,SEO_CasinoReview_DE,AU,T1,30219,663,0.0219,0.0,,79,18,0.1192,0.2278,1940.87,,,15,0,0,0.984
2024-01-16,Affiliate_SEO,SEO_CasinoReview_DE,IN,T3,7040,167,0.0237,0.0,,56,16,0.3353,0.2857,378.95,,,1,0,0,0.979
2024-01-17,Facebook,FB_Casino_CreativeA,DE,T1,27155,1068,0.0393,259.5,0.243,65,17,0.0609,0.2615,1373.22,15.26,429.2,47,0,0,0.966
2024-01-17,Facebook,FB_Slots_Video,BR,T2,39920,1823,0.0457,121.75,0.067,168,42,0.0922,0.25,853.31,2.9,600.9,74,1,0,0.967
2024-01-17,Facebook,FB_Slots_Video,PL,T2,20483,1043,0.0509,91.02,0.087,81,13,0.0777,0.1605,386.97,7.0,325.1,29,0,0,0.966
2024-01-17,Facebook,FB_Sports_Banner,NG,T3,34838,1568,0.045,29.68,0.019,111,36,0.0708,0.3243,72.0,0.82,142.6,51,1,0,0.967
2024-01-17,Facebook,FB_Slots_Video,CA,T1,20113,792,0.0394,207.38,0.262,92,19,0.1162,0.2065,1357.48,10.91,554.6,14,0,0,0.973
2024-01-17,Facebook,FB_Sports_Banner,AU,T1,17331,464,0.0268,165.13,0.356,45,7,0.097,0.1556,494.6,23.59,199.5,11,0,0,0.967
2024-01-17,Facebook,FB_Slots_Video,IN,T3,48768,1643,0.0337,59.12,0.036,158,41,0.0962,0.2595,520.16,1.44,779.8,70,0,0,0.967
2024-01-17,Google_Search,GG_Sports_Betting,DE,T1,23509,838,0.0356,588.82,0.703,135,44,0.1611,0.3259,4690.3,13.38,696.6,11,0,0,0.99
2024-01-17,Google_Search,GG_Slots_KW_Generic,BR,T2,21019,873,0.0415,176.97,0.203,174,45,0.1993,0.2586,1923.59,3.93,987.0,12,0,0,0.991
2024-01-17,Google_Search,GG_Slots_KW_Generic,PL,T2,42659,1814,0.0425,402.52,0.222,327,89,0.1803,0.2722,4793.21,4.52,1090.8,20,0,0,0.991
2024-01-17,Google_Search,GG_Casino_KW_Brand,NG,T3,20854,424,0.0203,57.43,0.135,66,17,0.1557,0.2576,307.9,3.38,436.1,3,0,0,0.991
2024-01-17,Google_Search,GG_Sports_Betting,CA,T1,23763,987,0.0415,637.05,0.645,162,29,0.1641,0.179,2938.42,21.97,361.3,9,0,0,0.988
2024-01-17,Google_Search,GG_Casino_KW_Brand,AU,T1,28483,942,0.0331,664.44,0.705,121,44,0.1285,0.3636,4086.51,15.1,515.0,9,0,0,0.99
2024-01-17,Google_Search,GG_Slots_KW_Generic,IN,T3,22808,854,0.0374,79.73,0.093,121,46,0.1417,0.3802,92.0,1.73,15.4,10,0,0,0.99
2024-01-17,Push_Network,Push_Casino_Retarget,DE,T1,20321,301,0.0148,35.67,0.119,13,1,0.0432,0.0769,21.7,35.67,-39.2,34,0,0,0.852
2024-01-17,Push_Network,Push_Casino_Retarget,BR,T2,21972,197,0.009,12.86,0.065,6,0,0.0305,0.0,0.0,,-100.0,19,0,0,0.886
2024-01-17,Push_Network,Push_Casino_Retarget,PL,T2,23862,368,0.0154,15.32,0.042,14,1,0.038,0.0714,26.27,15.32,71.5,42,0,0,0.864
2024-01-17,Push_Network,Push_iGaming_Broad,NG,T3,13587,414,0.0305,2.37,0.006,18,2,0.0435,0.1111,20.59,1.19,768.8,39,0,0,0.87
2024-01-17,Push_Network,Push_Casino_Retarget,CA,T1,34584,620,0.0179,48.26,0.078,27,3,0.0435,0.1111,72.24,16.09,49.7,59,1,0,0.875
2024-01-17,Push_Network,Push_iGaming_Broad,AU,T1,37805,1068,0.0283,49.85,0.047,45,6,0.0421,0.1333,151.09,8.31,203.1,163,1,0,0.869
2024-01-17,Push_Network,Push_Casino_Retarget,IN,T3,27730,291,0.0105,7.38,0.025,16,1,0.055,0.0625,2.09,7.38,-71.7,31,0,0,0.851
2024-01-17,Native_Ads,Native_Bonus_Landing,DE,T1,65250,1166,0.0179,350.91,0.301,83,15,0.0712,0.1807,1124.57,23.39,220.5,73,1,0,0.942
2024-01-17,Native_Ads,Native_Review_Article,BR,T2,15668,315,0.0201,27.77,0.088,25,5,0.0794,0.2,151.37,5.55,445.1,12,0,0,0.944
2024-01-17,Native_Ads,Native_Review_Article,PL,T2,25423,710,0.0279,53.54,0.075,50,9,0.0704,0.18,335.73,5.95,527.1,27,0,0,0.934
2024-01-17,Native_Ads,Native_Bonus_Landing,NG,T3,27671,643,0.0232,14.78,0.023,38,5,0.0591,0.1316,36.08,2.96,144.1,25,0,0,0.939
2024-01-17,Native_Ads,Native_Bonus_Landing,CA,T1,38159,450,0.0118,207.81,0.462,28,4,0.0622,0.1429,303.85,51.95,46.2,36,0,0,0.939
2024-01-17,Native_Ads,Native_Bonus_Landing,AU,T1,18341,259,0.0141,95.09,0.367,18,3,0.0695,0.1667,181.33,31.7,90.7,15,0,0,0.942
2024-01-17,Native_Ads,Native_Review_Article,IN,T3,20051,429,0.0214,15.72,0.037,36,3,0.0839,0.0833,46.8,5.24,197.7,33,0,0,0.929
2024-01-17,TikTok,TT_Sports_Short,DE,T1,29265,703,0.024,178.39,0.254,47,6,0.0669,0.1277,255.33,29.73,43.1,31,1,0,0.908
2024-01-17,TikTok,TT_Sports_Short,BR,T2,17011,316,0.0186,39.66,0.126,24,3,0.0759,0.125,55.21,13.22,39.2,27,0,0,0.927
2024-01-17,TikTok,TT_Sports_Short,PL,T2,41638,1006,0.0242,120.39,0.12,63,9,0.0626,0.1429,260.5,13.38,116.4,83,1,0,0.911
2024-01-17,TikTok,TT_Casino_UGC,NG,T3,22399,272,0.0121,12.28,0.045,11,1,0.0404,0.0909,13.64,12.28,11.1,21,0,0,0.933
2024-01-17,TikTok,TT_Casino_UGC,CA,T1,77522,1232,0.0159,408.73,0.332,47,6,0.0381,0.1277,229.64,68.12,-43.8,147,0,0,0.908
2024-01-17,TikTok,TT_Sports_Short,AU,T1,20230,274,0.0135,108.46,0.396,15,2,0.0547,0.1333,68.54,54.23,-36.8,22,0,0,0.924
2024-01-17,TikTok,TT_Sports_Short,IN,T3,23980,488,0.0204,20.56,0.042,38,4,0.0779,0.1053,8.0,5.14,-61.1,41,1,0,0.906
2024-01-17,Affiliate_SEO,SEO_CasinoReview_DE,DE,T1,14633,211,0.0144,0.0,,46,22,0.218,0.4783,2512.5,,,2,0,0,0.977
2024-01-17,Affiliate_SEO,SEO_CasinoReview_DE,BR,T2,2651,19,0.0072,0.0,,4,1,0.2105,0.25,40.82,,,0,0,0,0.978
2024-01-17,Affiliate_SEO,SEO_CasinoReview_DE,PL,T2,11657,269,0.0231,0.0,,66,33,0.2454,0.5,1967.41,,,5,0,0,0.976
2024-01-17,Affiliate_SEO,SEO_BonusGuide_BR,NG,T3,2682,58,0.0216,0.0,,8,2,0.1379,0.25,51.91,,,0,0,0,0.979
2024-01-17,Affiliate_SEO,SEO_BonusGuide_BR,CA,T1,17723,280,0.0158,0.0,,61,17,0.2179,0.2787,2157.98,,,3,0,0,0.978
2024-01-17,Affiliate_SEO,SEO_CasinoReview_DE,AU,T1,13808,298,0.0216,0.0,,55,17,0.1846,0.3091,1813.59,,,8,0,0,0.981
2024-01-17,Affiliate_SEO,SEO_CasinoReview_DE,IN,T3,4779,73,0.0153,0.0,,16,5,0.2192,0.3125,76.18,,,0,0,0,0.982
2024-01-18,Facebook,FB_Slots_Video,DE,T1,19113,578,0.0302,180.14,0.312,41,6,0.0709,0.1463,539.01,30.02,199.2,20,0,0,0.972
2024-01-18,Facebook,FB_Sports_Banner,BR,T2,12069,406,0.0336,34.98,0.086,27,6,0.0665,0.2222,87.19,5.83,149.3,14,0,0,0.972
2024-01-18,Facebook,FB_Slots_Video,PL,T2,14021,627,0.0447,58.4,0.093,46,8,0.0734,0.1739,329.5,7.3,464.2,15,0,0,0.97
2024-01-18,Facebook,FB_Slots_Video,NG,T3,28419,1132,0.0398,28.52,0.025,125,34,0.1104,0.272,367.0,0.84,1186.8,19,1,0,0.972
2024-01-18,Facebook,FB_Casino_CreativeA,CA,T1,38987,1842,0.0472,363.42,0.197,198,56,0.1075,0.2828,4045.74,6.49,1013.2,36,2,0,0.974
2024-01-18,Facebook,FB_Casino_CreativeA,AU,T1,66075,1893,0.0286,591.32,0.312,157,26,0.0829,0.1656,1968.63,22.74,232.9,56,1,0,0.968
2024-01-18,Facebook,FB_Casino_CreativeA,IN,T3,37068,1282,0.0346,49.55,0.039,123,23,0.0959,0.187,720.08,2.15,1353.2,31,0,0,0.966
2024-01-18,Google_Search,GG_Casino_KW_Brand,DE,T1,23041,580,0.0252,585.52,1.01,79,10,0.1362,0.1266,1084.14,58.55,85.2,4,0,0,0.99
2024-01-18,Google_Search,GG_Slots_KW_Generic,BR,T2,18144,507,0.0279,162.78,0.321,76,25,0.1499,0.3289,832.64,6.51,411.5,5,0,0,0.991
2024-01-18,Google_Search,GG_Sports_Betting,PL,T2,42616,1738,0.0408,502.79,0.289,248,50,0.1427,0.2016,2294.18,10.06,356.3,18,1,0,0.991
2024-01-18,Google_Search,GG_Sports_Betting,NG,T3,57251,1613,0.0282,145.96,0.09,234,69,0.1451,0.2949,1296.08,2.12,788.0,18,0,0,0.988
2024-01-18,Google_Search,GG_Casino_KW_Brand,CA,T1,11280,556,0.0493,235.76,0.424,106,30,0.1906,0.283,2779.06,7.86,1078.8,5,0,0,0.991
2024-01-18,Google_Search,GG_Casino_KW_Brand,AU,T1,25272,925,0.0366,560.82,0.606,129,39,0.1395,0.3023,3357.63,14.38,498.7,7,0,0,0.989
2024-01-18,Google_Search,GG_Slots_KW_Generic,IN,T3,49653,1815,0.0366,176.95,0.097,306,114,0.1686,0.3725,3000.39,1.55,1595.6,10,0,0,0.991
2024-01-18,Push_Network,Push_Casino_Retarget,DE,T1,36647,1103,0.0301,70.21,0.064,35,3,0.0317,0.0857,124.84,23.4,77.8,153,0,0,0.864
2024-01-18,Push_Network,Push_iGaming_Broad,BR,T2,24733,607,0.0245,13.06,0.022,26,2,0.0428,0.0769,7.04,6.53,-46.1,125,1,0,0.884
2024-01-18,Push_Network,Push_Casino_Retarget,PL,T2,33154,711,0.0214,23.45,0.033,33,3,0.0464,0.0909,33.29,7.82,42.0,88,1,0,0.848
2024-01-18,Push_Network,Push_iGaming_Broad,NG,T3,18810,507,0.027,3.06,0.006,23,2,0.0454,0.087,4.0,1.53,30.7,87,0,0,0.86
2024-01-18,Push_Network,Push_Casino_Retarget,CA,T1,13115,344,0.0262,20.93,0.061,13,1,0.0378,0.0769,39.61,20.93,89.2,46,0,0,0.835
2024-01-18,Push_Network,Push_Casino_Retarget,AU,T1,34204,983,0.0287,52.48,0.053,49,4,0.0498,0.0816,135.22,13.12,157.7,73,1,0,0.885
2024-01-18,Push_Network,Push_Casino_Retarget,IN,T3,31690,605,0.0191,6.9,0.011,20,2,0.0331,0.1,11.69,3.45,69.4,58,0,0,0.839
2024-01-18,Native_Ads,Native_Bonus_Landing,DE,T1,10091,231,0.0229,53.19,0.23,18,3,0.0779,0.1667,179.0,17.73,236.5,8,0,0,0.948
2024-01-18,Native_Ads,Native_Review_Article,BR,T2,20239,444,0.0219,31.39,0.071,31,6,0.0698,0.1935,154.01,5.23,390.6,25,0,0,0.935
2024-01-18,Native_Ads,Native_Bonus_Landing,PL,T2,16513,82,0.005,34.66,0.423,6,1,0.0732,0.1667,26.03,34.66,-24.9,7,0,0,0.947
2024-01-18,Native_Ads,Native_Review_Article,NG,T3,39428,751,0.019,18.61,0.025,58,12,0.0772,0.2069,173.24,1.55,830.9,35,0,0,0.949
2024-01-18,Native_Ads,Native_Review_Article,CA,T1,28769,602,0.0209,141.63,0.235,33,5,0.0548,0.1515,253.37,28.33,78.9,18,0,0,0.939
2024-01-18,Native_Ads,Native_Review_Article,AU,T1,20426,513,0.0251,83.67,0.163,39,6,0.076,0.1538,365.96,13.95,337.4,30,0,0,0.949
2024-01-18,Native_Ads,Native_Review_Article,IN,T3,32830,868,0.0264,21.88,0.025,55,11,0.0634,0.2,188.35,1.99,760.8,76,1,0,0.943
2024-01-18,TikTok,TT_Sports_Short,DE,T1,29151,416,0.0143,213.79,0.514,18,2,0.0433,0.1111,95.47,106.89,-55.3,41,0,0,0.919
2024-01-18,TikTok,TT_Casino_UGC,BR,T2,51618,833,0.0161,113.79,0.137,41,4,0.0492,0.0976,8.0,28.45,-93.0,84,0,0,0.928
2024-01-18,TikTok,TT_Sports_Short,PL,T2,33671,753,0.0224,88.63,0.118,51,8,0.0677,0.1569,268.97,11.08,203.5,62,0,0,0.907
2024-01-18,TikTok,TT_Casino_UGC,NG,T3,15784,325,0.0206,9.05,0.028,15,2,0.0462,0.1333,4.0,4.53,-55.8,21,0,0,0.904
2024-01-18,TikTok,TT_Sports_Short,CA,T1,26147,596,0.0228,158.82,0.266,30,5,0.0503,0.1667,269.89,31.76,69.9,51,1,0,0.928
2024-01-18,TikTok,TT_Casino_UGC,AU,T1,31369,519,0.0165,169.79,0.327,30,3,0.0578,0.1,110.82,56.6,-34.7,42,0,0,0.928
2024-01-18,TikTok,TT_Sports_Short,IN,T3,33391,777,0.0233,34.41,0.044,44,6,0.0566,0.1364,42.32,5.73,23.0,92,0,0,0.936
2024-01-18,Affiliate_SEO,SEO_CasinoReview_DE,DE,T1,33989,696,0.0205,0.0,,166,68,0.2385,0.4096,9058.78,,,8,1,0,0.981
2024-01-18,Affiliate_SEO,SEO_CasinoReview_DE,BR,T2,11561,244,0.0211,0.0,,58,20,0.2377,0.3448,991.27,,,4,0,0,0.982
2024-01-18,Affiliate_SEO,SEO_BonusGuide_BR,PL,T2,8667,270,0.0312,0.0,,63,24,0.2333,0.381,1487.22,,,6,0,0,0.98
2024-01-18,Affiliate_SEO,SEO_BonusGuide_BR,NG,T3,4311,80,0.0186,0.0,,17,7,0.2125,0.4118,81.86,,,2,0,0,0.981
2024-01-18,Affiliate_SEO,SEO_CasinoReview_DE,CA,T1,26019,699,0.0269,0.0,,175,88,0.2504,0.5029,10843.82,,,11,0,0,0.982
2024-01-18,Affiliate_SEO,SEO_BonusGuide_BR,AU,T1,59131,1437,0.0243,0.0,,231,101,0.1608,0.4372,11964.33,,,23,1,0,0.976
2024-01-18,Affiliate_SEO,SEO_CasinoReview_DE,IN,T3,3290,87,0.0264,0.0,,17,4,0.1954,0.2353,54.48,,,2,0,0,0.982
2024-01-19,Facebook,FB_Sports_Banner,DE,T1,8414,335,0.0398,84.39,0.252,29,4,0.0866,0.1379,282.74,21.1,235.0,13,0,0,0.964
2024-01-19,Facebook,FB_Sports_Banner,BR,T2,38147,1858,0.0487,130.6,0.07,113,29,0.0608,0.2566,931.86,4.5,613.5,66,0,0,0.966
2024-01-19,Facebook,FB_Casino_CreativeA,PL,T2,27812,999,0.0359,109.82,0.11,103,23,0.1031,0.2233,814.3,4.77,641.5,33,0,0,0.97
2024-01-19,Facebook,FB_Casino_CreativeA,NG,T3,17627,636,0.0361,17.47,0.027,47,12,0.0739,0.2553,199.71,1.46,1043.2,12,0,0,0.972
2024-01-19,Facebook,FB_Casino_CreativeA,CA,T1,15106,513,0.034,151.46,0.295,66,17,0.1287,0.2576,1386.24,8.91,815.3,18,0,0,0.964
2024-01-19,Facebook,FB_Slots_Video,AU,T1,25561,851,0.0333,211.78,0.249,81,15,0.0952,0.1852,1150.41,14.12,443.2,22,0,0,0.968
2024-01-19,Facebook,FB_Sports_Banner,IN,T3,19429,897,0.0462,24.28,0.027,99,19,0.1104,0.1919,465.53,1.28,1817.3,15,0,0,0.972
2024-01-19,Google_Search,GG_Sports_Betting,DE,T1,22679,809,0.0357,582.09,0.72,127,51,0.157,0.4016,5244.3,11.41,800.9,5,0,0,0.992
2024-01-19,Google_Search,GG_Sports_Betting,BR,T2,14243,560,0.0393,130.96,0.234,40,7,0.0714,0.175,451.14,18.71,244.5,2,0,0,0.989
2024-01-19,Google_Search,GG_Sports_Betting,PL,T2,17269,495,0.0287,173.06,0.35,62,11,0.1253,0.1774,452.39,15.73,161.4,2,0,0,0.99
2024-01-19,Google_Search,GG_Casino_KW_Brand,NG,T3,68736,2823,0.0411,159.61,0.057,401,93,0.142,0.2319,462.38,1.72,189.7,16,0,0,0.991
2024-01-19,Google_Search,GG_Sports_Betting,CA,T1,15814,533,0.0337,399.59,0.75,74,29,0.1388,0.3919,2600.2,13.78,550.7,7,0,0,0.992
2024-01-19,Google_Search,GG_Slots_KW_Generic,AU,T1,21224,615,0.029,507.38,0.825,69,24,0.1122,0.3478,2143.88,21.14,322.5,5,0,0,0.99
2024-01-19,Google_Search,GG_Slots_KW_Generic,IN,T3,14993,388,0.0259,47.43,0.122,36,11,0.0928,0.3056,203.54,4.31,329.1,2,0,0,0.99
2024-01-19,Push_Network,Push_Casino_Retarget,DE,T1,25122,748,0.0298,38.31,0.051,28,2,0.0374,0.0714,73.02,19.16,90.6,88,0,0,0.869
2024-01-19,Push_Network,Push_iGaming_Broad,BR,T2,8963,126,0.0141,5.38,0.043,5,0,0.0397,0.0,0.0,,-100.0,16,0,0,0.871
2024-01-19,Push_Network,Push_iGaming_Broad,PL,T2,20525,411,0.02,15.2,0.037,16,1,0.0389,0.0625,27.88,15.2,83.4,51,0,0,0.834
2024-01-19,Push_Network,Push_Casino_Retarget,NG,T3,36862,644,0.0175,5.45,0.008,30,4,0.0466,0.1333,9.83,1.36,80.4,53,1,0,0.849
2024-01-19,Push_Network,Push_iGaming_Broad,CA,T1,20555,329,0.016,32.01,0.097,12,1,0.0365,0.0833,47.19,32.01,47.4,33,0,0,0.859
2024-01-19,Push_Network,Push_Casino_Retarget,AU,T1,41299,1257,0.0304,56.32,0.045,47,3,0.0374,0.0638,113.77,18.77,102.0,195,2,0,0.883
2024-01-19,Push_Network,Push_iGaming_Broad,IN,T3,19263,311,0.0161,4.2,0.014,8,0,0.0257,0.0,0.0,,-100.0,51,0,0,0.858
2024-01-19,Native_Ads,Native_Bonus_Landing,DE,T1,16470,343,0.0208,91.92,0.268,16,3,0.0466,0.1875,189.05,30.64,105.7,22,0,0,0.947
2024-01-19,Native_Ads,Native_Bonus_Landing,BR,T2,16850,395,0.0234,30.8,0.078,20,4,0.0506,0.2,127.27,7.7,313.2,35,0,0,0.929
2024-01-19,Native_Ads,Native_Bonus_Landing,PL,T2,16700,365,0.0219,32.18,0.088,24,4,0.0658,0.1667,162.69,8.04,405.6,22,0,0,0.936
2024-01-19,Native_Ads,Native_Bonus_Landing,NG,T3,16977,338,0.0199,8.05,0.024,29,6,0.0858,0.2069,12.0,1.34,49.1,12,0,0,0.937
2024-01-19,Native_Ads,Native_Review_Article,CA,T1,20504,281,0.0137,88.91,0.316,16,2,0.0569,0.125,103.54,44.45,16.5,17,0,0,0.95
2024-01-19,Native_Ads,Native_Bonus_Landing,AU,T1,28279,767,0.0271,127.87,0.167,49,9,0.0639,0.1837,525.33,14.21,310.8,46,1,0,0.935
2024-01-19,Native_Ads,Native_Bonus_Landing,IN,T3,15625,305,0.0195,11.85,0.039,22,3,0.0721,0.1364,23.5,3.95,98.3,12,0,0,0.951
2024-01-19,TikTok,TT_Casino_UGC,DE,T1,30529,238,0.0078,212.99,0.895,13,2,0.0546,0.1538,91.85,106.5,-56.9,15,0,0,0.933
2024-01-19,TikTok,TT_Sports_Short,BR,T2,43696,754,0.0173,97.09,0.129,37,6,0.0491,0.1622,183.83,16.18,89.3,68,0,0,0.934
2024-01-19,TikTok,TT_Casino_UGC,PL,T2,41006,867,0.0211,115.46,0.133,53,7,0.0611,0.1321,188.94,16.49,63.6,93,1,0,0.907
2024-01-19,TikTok,TT_Casino_UGC,NG,T3,13742,321,0.0234,9.04,0.028,15,2,0.0467,0.1333,36.4,4.52,302.7,21,0,0,0.926
2024-01-19,TikTok,TT_Casino_UGC,CA,T1,36313,888,0.0245,217.8,0.245,70,8,0.0788,0.1143,293.59,27.23,34.8,42,2,0,0.915
2024-01-19,TikTok,TT_Casino_UGC,AU,T1,25167,589,0.0234,139.61,0.237,41,6,0.0696,0.1463,247.13,23.27,77.0,69,1,0,0.925
2024-01-19,TikTok,TT_Sports_Short,IN,T3,13594,195,0.0143,12.41,0.064,8,1,0.041,0.125,6.17,12.41,-50.3,9,0,0,0.913
2024-01-19,Affiliate_SEO,SEO_BonusGuide_BR,DE,T1,20863,118,0.0057,0.0,,17,5,0.1441,0.2941,601.67,,,2,0,0,0.978
2024-01-19,Affiliate_SEO,SEO_CasinoReview_DE,BR,T2,21665,679,0.0313,0.0,,156,48,0.2297,0.3077,1246.99,,,18,0,0,0.983
2024-01-19,Affiliate_SEO,SEO_BonusGuide_BR,PL,T2,6496,141,0.0217,0.0,,32,9,0.227,0.2812,468.39,,,3,0,0,0.98
2024-01-19,Affiliate_SEO,SEO_CasinoReview_DE,NG,T3,978,18,0.0184,0.0,,4,1,0.2222,0.25,26.79,,,0,0,0,0.979
2024-01-19,Affiliate_SEO,SEO_CasinoReview_DE,CA,T1,124167,2416,0.0195,0.0,,218,98,0.0902,0.4495,9513.12,,,67,1,0,0.979
2024-01-19,Affiliate_SEO,SEO_BonusGuide_BR,AU,T1,50099,753,0.015,0.0,,179,65,0.2377,0.3631,7487.52,,,14,1,0,0.977
2024-01-19,Affiliate_SEO,SEO_BonusGuide_BR,IN,T3,4350,97,0.0223,0.0,,20,12,0.2062,0.6,304.97,,,2,0,0,0.977
2024-01-20,Facebook,FB_Sports_Banner,DE,T1,29743,1438,0.0483,269.97,0.188,157,31,0.1092,0.1975,1827.92,8.71,577.1,60,1,0,0.974
2024-01-20,Facebook,FB_Sports_Banner,BR,T2,17256,231,0.0134,48.5,0.21,19,5,0.0823,0.2632,158.86,9.7,227.5,10,0,0,0.966
2024-01-20,Facebook,FB_Slots_Video,PL,T2,31190,1431,0.0459,125.03,0.087,133,42,0.0929,0.3158,2053.67,2.98,1542.5,63,1,0,0.968
2024-01-20,Facebook,FB_Casino_CreativeA,NG,T3,44183,1176,0.0266,35.68,0.03,91,22,0.0774,0.2418,50.25,1.62,40.8,26,0,0,0.964
2024-01-20,Facebook,FB_Slots_Video,CA,T1,21217,863,0.0407,187.16,0.217,88,18,0.102,0.2045,1268.41,10.4,577.7,36,0,0,0.975
2024-01-20,Facebook,FB_Slots_Video,AU,T1,20691,919,0.0444,181.43,0.197,88,15,0.0958,0.1705,1296.78,12.1,614.8,30,0,0,0.974
2024-01-20,Facebook,FB_Sports_Banner,IN,T3,17829,699,0.0392,22.1,0.032,57,9,0.0815,0.1579,190.19,2.46,760.6,17,0,0,0.965
2024-01-20,Google_Search,GG_Casino_KW_Brand,DE,T1,35564,1401,0.0394,1026.09,0.732,184,46,0.1313,0.25,4806.41,22.31,368.4,8,0,0,0.991
2024-01-20,Google_Search,GG_Casino_KW_Brand,BR,T2,41456,1687,0.0407,299.01,0.177,274,79,0.1624,0.2883,3124.88,3.78,945.1,22,1,0,0.991
2024-01-20,Google_Search,GG_Slots_KW_Generic,PL,T2,47416,1314,0.0277,444.54,0.338,167,53,0.1271,0.3174,3063.71,8.39,589.2,13,0,0,0.989
2024-01-20,Google_Search,GG_Sports_Betting,NG,T3,25509,1055,0.0414,68.64,0.065,193,57,0.1829,0.2953,874.3,1.2,1173.7,6,0,0,0.99
2024-01-20,Google_Search,GG_Slots_KW_Generic,CA,T1,31940,1073,0.0336,723.42,0.674,147,50,0.137,0.3401,4821.76,14.47,566.5,6,0,0,0.989
2024-01-20,Google_Search,GG_Casino_KW_Brand,AU,T1,27580,852,0.0309,676.07,0.794,101,28,0.1185,0.2772,2825.74,24.15,318.0,9,0,0,0.99
2024-01-20,Google_Search,GG_Casino_KW_Brand,IN,T3,30726,1277,0.0416,95.06,0.074,120,36,0.094,0.3,521.59,2.64,448.7,13,0,0,0.989
2024-01-20,Push_Network,Push_Casino_Retarget,DE,T1,40393,722,0.0179,71.36,0.099,25,2,0.0346,0.08,85.3,35.68,19.5,117,0,0,0.851
2024-01-20,Push_Network,Push_iGaming_Broad,BR,T2,51984,834,0.016,32.1,0.038,44,5,0.0528,0.1136,34.34,6.42,7.0,153,1,0,0.869
2024-01-20,Push_Network,Push_iGaming_Broad,PL,T2,51447,1350,0.0262,38.28,0.028,54,5,0.04,0.0926,48.99,7.66,28.0,118,2,0,0.869
2024-01-20,Push_Network,Push_Casino_Retarget,NG,T3,25625,444,0.0173,4.15,0.009,21,1,0.0473,0.0476,2.0,4.15,-51.8,88,0,0,0.873
2024-01-20,Push_Network,Push_Casino_Retarget,CA,T1,11349,268,0.0236,20.27,0.076,8,1,0.0299,0.125,42.22,20.27,108.3,35,0,0,0.854
2024-01-20,Push_Network,Push_iGaming_Broad,AU,T1,31353,396,0.0126,53.13,0.134,11,1,0.0278,0.0909,28.78,53.13,-45.8,67,0,0,0.886
2024-01-20,Push_Network,Push_iGaming_Broad,IN,T3,13142,401,0.0305,3.21,0.008,17,1,0.0424,0.0588,12.24,3.21,281.3,71,0,0,0.882
2024-01-20,Native_Ads,Native_Bonus_Landing,DE,T1,60587,1413,0.0233,326.96,0.231,72,13,0.051,0.1806,968.87,25.15,196.3,64,1,0,0.942
2024-01-20,Native_Ads,Native_Bonus_Landing,BR,T2,27866,722,0.0259,54.09,0.075,36,7,0.0499,0.1944,270.32,7.73,399.8,24,0,0,0.942
2024-01-20,Native_Ads,Native_Bonus_Landing,PL,T2,32629,487,0.0149,72.37,0.149,41,7,0.0842,0.1707,198.01,10.34,173.6,25,0,0,0.936
2024-01-20,Native_Ads,Native_Bonus_Landing,NG,T3,20355,392,0.0193,9.04,0.023,29,7,0.074,0.2414,76.52,1.29,746.5,12,0,0,0.931
2024-01-20,Native_Ads,Native_Review_Article,CA,T1,23645,486,0.0206,117.47,0.242,45,8,0.0926,0.1778,449.41,14.68,282.6,35,0,0,0.943
2024-01-20,Native_Ads,Native_Bonus_Landing,AU,T1,18696,307,0.0164,82.75,0.27,25,5,0.0814,0.2,339.48,16.55,310.2,26,0,0,0.942
2024-01-20,Native_Ads,Native_Bonus_Landing,IN,T3,23235,560,0.0241,17.47,0.031,31,5,0.0554,0.1613,105.57,3.49,504.3,44,0,0,0.945
2024-01-20,TikTok,TT_Sports_Short,DE,T1,20484,460,0.0225,154.36,0.336,26,5,0.0565,0.1923,259.57,30.87,68.2,38,0,0,0.916
2024-01-20,TikTok,TT_Sports_Short,BR,T2,26294,364,0.0138,61.06,0.168,15,3,0.0412,0.2,74.63,20.35,22.2,16,0,0,0.936
2024-01-20,TikTok,TT_Casino_UGC,PL,T2,20864,463,0.0222,52.42,0.113,31,6,0.067,0.1935,165.16,8.74,215.1,34,0,0,0.918
2024-01-20,TikTok,TT_Casino_UGC,NG,T3,44474,958,0.0215,23.52,0.025,54,12,0.0564,0.2222,67.14,1.96,185.5,69,1,0,0.911
2024-01-20,TikTok,TT_Casino_UGC,CA,T1,15813,493,0.0312,83.28,0.169,38,6,0.0771,0.1579,270.97,13.88,225.4,49,0,0,0.907
2024-01-20,TikTok,TT_Casino_UGC,AU,T1,38911,621,0.016,194.34,0.313,41,5,0.066,0.122,160.75,38.87,-17.3,40,0,0,0.927
2024-01-20,TikTok,TT_Sports_Short,IN,T3,47142,879,0.0186,45.36,0.052,51,10,0.058,0.1961,190.86,4.54,320.8,91,1,0,0.909
2024-01-20,Affiliate_SEO,SEO_BonusGuide_BR,DE,T1,18373,409,0.0223,0.0,,114,32,0.2787,0.2807,4044.07,,,4,0,0,0.978
2024-01-20,Affiliate_SEO,SEO_CasinoReview_DE,BR,T2,7569,151,0.0199,0.0,,27,11,0.1788,0.4074,581.84,,,1,0,0,0.983
2024-01-20,Affiliate_SEO,SEO_BonusGuide_BR,PL,T2,12235,207,0.0169,0.0,,56,27,0.2705,0.4821,1889.98,,,5,0,0,0.979
2024-01-20,Affiliate_SEO,SEO_BonusGuide_BR,NG,T3,757,8,0.0106,0.0,,1,0,0.125,0.0,0.0,,,0,0,0,0.982
2024-01-20,Affiliate_SEO,SEO_BonusGuide_BR,CA,T1,14108,443,0.0314,0.0,,71,24,0.1603,0.338,2441.78,,,10,0,0,0.978
2024-01-20,Affiliate_SEO,SEO_CasinoReview_DE,AU,T1,33689,551,0.0164,0.0,,142,41,0.2577,0.2887,4909.69,,,12,1,0,0.98
2024-01-20,Affiliate_SEO,SEO_BonusGuide_BR,IN,T3,8319,225,0.027,0.0,,53,19,0.2356,0.3585,330.96,,,3,0,0,0.982
2024-01-21,Facebook,FB_Casino_CreativeA,DE,T1,39872,1533,0.0384,343.51,0.224,128,20,0.0835,0.1562,1640.59,17.18,377.6,33,1,0,0.974
2024-01-21,Facebook,FB_Casino_CreativeA,BR,T2,12800,647,0.0505,37.7,0.058,58,10,0.0896,0.1724,200.12,3.77,430.8,18,0,0,0.974
2024-01-21,Facebook,FB_Slots_Video,PL,T2,37638,787,0.0209,130.83,0.166,65,15,0.0826,0.2308,799.74,8.72,511.3,14,0,0,0.973
2024-01-21,Facebook,FB_Casino_CreativeA,NG,T3,23367,740,0.0317,23.55,0.032,48,12,0.0649,0.25,261.0,1.96,1008.3,22,0,0,0.97
2024-01-21,Facebook,FB_Slots_Video,CA,T1,24803,864,0.0348,197.7,0.229,54,13,0.0625,0.2407,851.5,15.21,330.7,24,0,0,0.971
2024-01-21,Facebook,FB_Casino_CreativeA,AU,T1,18627,841,0.0451,139.86,0.166,53,9,0.063,0.1698,690.24,15.54,393.5,26,0,0,0.964
2024-01-21,Facebook,FB_Slots_Video,IN,T3,34656,1009,0.0291,44.35,0.044,84,11,0.0833,0.131,243.97,4.03,450.1,40,0,0,0.968
2024-01-21,Google_Search,GG_Casino_KW_Brand,DE,T1,17726,662,0.0373,466.86,0.705,88,31,0.1329,0.3523,2834.08,15.06,507.1,8,0,0,0.991
2024-01-21,Google_Search,GG_Casino_KW_Brand,BR,T2,14673,641,0.0437,123.49,0.193,90,26,0.1404,0.2889,743.96,4.75,502.4,9,0,0,0.991
2024-01-21,Google_Search,GG_Sports_Betting,PL,T2,36131,1425,0.0394,446.53,0.313,210,46,0.1474,0.219,2543.29,9.71,469.6,16,0,0,0.991
2024-01-21,Google_Search,GG_Casino_KW_Brand,NG,T3,29302,756,0.0258,67.73,0.09,109,23,0.1442,0.211,353.14,2.94,421.4,6,0,0,0.992
2024-01-21,Google_Search,GG_Sports_Betting,CA,T1,52545,1564,0.0298,1114.4,0.713,256,55,0.1637,0.2148,6267.84,20.26,462.4,9,1,0,0.992
2024-01-21,Google_Search,GG_Casino_KW_Brand,AU,T1,36711,1700,0.0463,808.48,0.476,187,55,0.11,0.2941,4965.31,14.7,514.2,22,0,0,0.992
2024-01-21,Google_Search,GG_Casino_KW_Brand,IN,T3,23929,851,0.0356,86.94,0.102,158,68,0.1857,0.4304,2095.51,1.28,2310.3,12,0,0,0.989
2024-01-21,Push_Network,Push_Casino_Retarget,DE,T1,56838,1189,0.0209,89.92,0.076,38,3,0.032,0.0789,91.43,29.97,1.7,187,1,0,0.861
2024-01-21,Push_Network,Push_Casino_Retarget,BR,T2,23749,330,0.0139,14.46,0.044,11,1,0.0333,0.0909,3.0,14.46,-79.3,48,0,0,0.882
2024-01-21,Push_Network,Push_Casino_Retarget,PL,T2,21547,479,0.0222,14.38,0.03,23,3,0.048,0.1304,42.31,4.79,194.2,87,1,0,0.853
2024-01-21,Push_Network,Push_iGaming_Broad,NG,T3,12078,296,0.0245,2.16,0.007,12,1,0.0405,0.0833,2.0,2.16,-7.4,47,0,0,0.876
2024-01-21,Push_Network,Push_Casino_Retarget,CA,T1,18703,510,0.0273,29.25,0.057,17,2,0.0333,0.1176,67.85,14.62,132.0,63,0,0,0.832
2024-01-21,Push_Network,Push_iGaming_Broad,AU,T1,39044,461,0.0118,63.73,0.138,16,1,0.0347,0.0625,37.18,63.73,-41.7,47,0,0,0.851
2024-01-21,Push_Network,Push_iGaming_Broad,IN,T3,35983,560,0.0156,8.8,0.016,17,1,0.0304,0.0588,23.45,8.8,166.5,42,0,0,0.859
2024-01-21,Native_Ads,Native_Review_Article,DE,T1,39201,462,0.0118,185.55,0.402,35,6,0.0758,0.1714,381.09,30.93,105.4,39,0,0,0.936
2024-01-21,Native_Ads,Native_Bonus_Landing,BR,T2,15215,114,0.0075,27.84,0.244,6,0,0.0526,0.0,0.0,,-100.0,4,0,0,0.939
2024-01-21,Native_Ads,Native_Review_Article,PL,T2,33939,650,0.0192,82.63,0.127,48,11,0.0738,0.2292,271.66,7.51,228.8,47,0,0,0.935
2024-01-21,Native_Ads,Native_Review_Article,NG,T3,60594,913,0.0151,31.57,0.035,41,8,0.0449,0.1951,16.0,3.95,-49.3,65,0,0,0.942
2024-01-21,Native_Ads,Native_Review_Article,CA,T1,20013,519,0.0259,86.03,0.166,33,5,0.0636,0.1515,220.96,17.21,156.8,24,0,0,0.937
2024-01-21,Native_Ads,Native_Review_Article,AU,T1,36782,860,0.0234,174.67,0.203,57,15,0.0663,0.2632,753.66,11.64,331.5,26,1,0,0.94
2024-01-21,Native_Ads,Native_Review_Article,IN,T3,53381,961,0.018,34.68,0.036,76,18,0.0791,0.2368,360.92,1.93,940.7,69,1,0,0.939
2024-01-21,TikTok,TT_Casino_UGC,DE,T1,30457,482,0.0158,177.11,0.367,22,4,0.0456,0.1818,180.54,44.28,1.9,54,0,0,0.925
2024-01-21,TikTok,TT_Casino_UGC,BR,T2,68195,1258,0.0184,150.11,0.119,74,11,0.0588,0.1486,127.47,13.65,-15.1,114,1,0,0.919
2024-01-21,TikTok,TT_Casino_UGC,PL,T2,9906,188,0.019,28.57,0.152,7,1,0.0372,0.1429,39.94,28.57,39.8,16,0,0,0.923
2024-01-21,TikTok,TT_Casino_UGC,NG,T3,27602,618,0.0224,17.33,0.028,36,5,0.0583,0.1389,24.08,3.47,38.9,41,0,0,0.935
2024-01-21,TikTok,TT_Casino_UGC,CA,T1,32627,614,0.0188,199.6,0.325,46,7,0.0749,0.1522,246.66,28.51,23.6,34,0,0,0.925
2024-01-21,TikTok,TT_Casino_UGC,AU,T1,21616,528,0.0244,121.16,0.229,17,2,0.0322,0.1176,101.2,60.58,-16.5,27,0,0,0.931
2024-01-21,TikTok,TT_Sports_Short,IN,T3,23912,575,0.024,23.76,0.041,25,4,0.0435,0.16,81.5,5.94,243.0,61,0,0,0.908
2024-01-21,Affiliate_SEO,SEO_CasinoReview_DE,DE,T1,72811,1364,0.0187,0.0,,264,70,0.1935,0.2652,8862.55,,,17,1,0,0.978
2024-01-21,Affiliate_SEO,SEO_CasinoReview_DE,BR,T2,5556,99,0.0178,0.0,,13,4,0.1313,0.3077,181.6,,,2,0,0,0.981
2024-01-21,Affiliate_SEO,SEO_CasinoReview_DE,PL,T2,15271,278,0.0182,0.0,,59,14,0.2122,0.2373,835.26,,,3,0,0,0.98
2024-01-21,Affiliate_SEO,SEO_BonusGuide_BR,NG,T3,1706,35,0.0205,0.0,,8,3,0.2286,0.375,45.73,,,0,0,0,0.984
2024-01-21,Affiliate_SEO,SEO_BonusGuide_BR,CA,T1,41458,928,0.0224,0.0,,194,62,0.2091,0.3196,7132.66,,,23,1,0,0.984
2024-01-21,Affiliate_SEO,SEO_BonusGuide_BR,AU,T1,69015,1939,0.0281,0.0,,516,153,0.2661,0.2965,18044.65,,,43,3,0,0.982
2024-01-21,Affiliate_SEO,SEO_BonusGuide_BR,IN,T3,2328,30,0.0129,0.0,,5,1,0.1667,0.2,22.84,,,0,0,0,0.983
2024-01-22,Facebook,FB_Sports_Banner,DE,T1,26849,1103,0.0411,291.5,0.264,118,21,0.107,0.178,1814.22,13.88,522.4,42,1,0,0.975
2024-01-22,Facebook,FB_Slots_Video,BR,T2,15850,522,0.0329,47.77,0.092,56,17,0.1073,0.3036,677.71,2.81,1318.7,19,0,0,0.968
2024-01-22,Facebook,FB_Casino_CreativeA,PL,T2,71718,2073,0.0289,331.12,0.16,168,46,0.081,0.2738,1250.53,7.2,277.7,42,2,0,0.966
2024-01-22,Facebook,FB_Casino_CreativeA,NG,T3,39175,1458,0.0372,32.72,0.022,146,32,0.1001,0.2192,64.0,1.02,95.6,49,1,0,0.97
2024-01-22,Facebook,FB_Slots_Video,CA,T1,26095,672,0.0258,263.08,0.391,55,11,0.0818,0.2,873.0,23.92,231.8,28,0,0,0.969
2024-01-22,Facebook,FB_Sports_Banner,AU,T1,29481,985,0.0334,222.55,0.226,76,27,0.0772,0.3553,1956.56,8.24,779.2,43,0,0,0.97
2024-01-22,Facebook,FB_Slots_Video,IN,T3,11791,451,0.0382,14.56,0.032,45,13,0.0998,0.2889,68.17,1.12,368.2,9,0,0,0.973
2024-01-22,Google_Search,GG_Slots_KW_Generic,DE,T1,16137,663,0.0411,389.91,0.588,91,31,0.1373,0.3407,3492.32,12.58,795.7,6,0,0,0.992
2024-01-22,Google_Search,GG_Slots_KW_Generic,BR,T2,19250,900,0.0468,163.87,0.182,130,40,0.1444,0.3077,1467.85,4.1,795.7,6,0,0,0.988
2024-01-22,Google_Search,GG_Casino_KW_Brand,PL,T2,15240,528,0.0346,184.71,0.35,61,13,0.1155,0.2131,730.45,14.21,295.5,6,0,0,0.991
2024-01-22,Google_Search,GG_Sports_Betting,NG,T3,30772,749,0.0243,77.85,0.104,100,22,0.1335,0.22,399.16,3.54,412.7,4,0,0,0.992
2024-01-22,Google_Search,GG_Slots_KW_Generic,CA,T1,29759,1305,0.0439,699.08,0.536,224,47,0.1716,0.2098,4547.85,14.87,550.5,16,0,0,0.989
2024-01-22,Google_Search,GG_Slots_KW_Generic,AU,T1,34378,1302,0.0379,823.18,0.632,228,55,0.1751,0.2412,4988.24,14.97,506.0,8,0,0,0.991
2024-01-22,Google_Search,GG_Slots_KW_Generic,IN,T3,11648,322,0.0276,42.72,0.133,47,12,0.146,0.2553,266.19,3.56,523.1,1,0,0,0.992
2024-01-22,Push_Network,Push_iGaming_Broad,DE,T1,20511,514,0.0251,39.06,0.076,21,2,0.0409,0.0952,83.11,19.53,112.8,48,1,0,0.872
2024-01-22,Push_Network,Push_iGaming_Broad,BR,T2,8348,153,0.0183,4.7,0.031,5,0,0.0327,0.0,0.0,,-100.0,22,0,0,0.861
2024-01-22,Push_Network,Push_iGaming_Broad,PL,T2,27768,685,0.0247,18.94,0.028,29,4,0.0423,0.1379,68.13,4.74,259.7,99,0,0,0.873
2024-01-22,Push_Network,Push_Casino_Retarget,NG,T3,29531,556,0.0188,4.23,0.008,32,4,0.0576,0.125,8.0,1.06,89.1,82,1,0,0.856
2024-01-22,Push_Network,Push_iGaming_Broad,CA,T1,13433,187,0.0139,21.06,0.113,6,0,0.0321,0.0,0.0,,-100.0,19,0,0,0.837
2024-01-22,Push_Network,Push_iGaming_Broad,AU,T1,37966,644,0.017,56.12,0.087,29,2,0.045,0.069,76.78,28.06,36.8,85,1,0,0.871
2024-01-22,Push_Network,Push_Casino_Retarget,IN,T3,11283,113,0.01,2.97,0.026,5,0,0.0442,0.0,0.0,,-100.0,21,0,0,0.87
2024-01-22,Native_Ads,Native_Bonus_Landing,DE,T1,7117,79,0.0111,42.53,0.538,4,0,0.0506,0.0,0.0,,-100.0,6,0,0,0.951
2024-01-22,Native_Ads,Native_Review_Article,BR,T2,14332,193,0.0135,25.28,0.131,15,2,0.0777,0.1333,54.81,12.64,116.8,13,0,0,0.93
2024-01-22,Native_Ads,Native_Bonus_Landing,PL,T2,14652,190,0.013,31.61,0.166,11,3,0.0579,0.2727,78.72,10.54,149.0,9,0,0,0.941
2024-01-22,Native_Ads,Native_Review_Article,NG,T3,35622,312,0.0088,20.07,0.064,22,4,0.0705,0.1818,8.0,5.02,-60.1,19,0,0,0.936
2024-01-22,Native_Ads,Native_Bonus_Landing,CA,T1,31064,448,0.0144,150.88,0.337,28,4,0.0625,0.1429,245.45,37.72,62.7,33,0,0,0.932
2024-01-22,Native_Ads,Native_Bonus_Landing,AU,T1,63290,1510,0.0239,320.34,0.212,92,14,0.0609,0.1522,827.44,22.88,158.3,56,1,0,0.928
2024-01-22,Native_Ads,Native_Bonus_Landing,IN,T3,28548,332,0.0116,24.17,0.073,15,3,0.0452,0.2,50.69,8.06,109.7,28,0,0,0.937
2024-01-22,TikTok,TT_Sports_Short,DE,T1,19528,429,0.022,137.38,0.32,27,3,0.0629,0.1111,149.23,45.79,8.6,50,0,0,0.934
2024-01-22,TikTok,TT_Sports_Short,BR,T2,19672,430,0.0219,37.57,0.087,30,3,0.0698,0.1,27.32,12.52,-27.3,51,0,0,0.934
2024-01-22,TikTok,TT_Sports_Short,PL,T2,9081,152,0.0167,26.85,0.177,9,0,0.0592,0.0,0.0,,-100.0,13,0,0,0.92
2024-01-22,TikTok,TT_Casino_UGC,NG,T3,23836,361,0.0151,15.28,0.042,24,3,0.0665,0.125,6.0,5.09,-60.7,40,0,0,0.926
2024-01-22,TikTok,TT_Sports_Short,CA,T1,22093,433,0.0196,139.83,0.323,26,4,0.06,0.1538,187.03,34.96,33.8,33,0,0,0.914
2024-01-22,TikTok,TT_Casino_UGC,AU,T1,40595,621,0.0153,250.32,0.403,21,2,0.0338,0.0952,89.97,125.16,-64.1,63,0,0,0.911
2024-01-22,TikTok,TT_Sports_Short,IN,T3,10479,183,0.0175,9.76,0.053,7,0,0.0383,0.0,0.0,,-100.0,15,0,0,0.936
2024-01-22,Affiliate_SEO,SEO_CasinoReview_DE,DE,T1,28167,427,0.0152,0.0,,106,49,0.2482,0.4623,5147.1,,,6,0,0,0.983
2024-01-22,Affiliate_SEO,SEO_BonusGuide_BR,BR,T2,13016,306,0.0235,0.0,,61,18,0.1993,0.2951,944.41,,,8,0,0,0.977
2024-01-22,Affiliate_SEO,SEO_BonusGuide_BR,PL,T2,22330,296,0.0133,0.0,,68,23,0.2297,0.3382,1425.22,,,6,0,0,0.981
2024-01-22,Affiliate_SEO,SEO_CasinoReview_DE,NG,T3,2107,33,0.0157,0.0,,7,2,0.2121,0.2857,38.83,,,0,0,0,0.982
2024-01-22,Affiliate_SEO,SEO_BonusGuide_BR,CA,T1,25456,459,0.018,0.0,,113,28,0.2462,0.2478,3238.35,,,8,0,0,0.983
2024-01-22,Affiliate_SEO,SEO_CasinoReview_DE,AU,T1,20021,333,0.0166,0.0,,83,25,0.2492,0.3012,2871.56,,,3,0,0,0.983
2024-01-22,Affiliate_SEO,SEO_CasinoReview_DE,IN,T3,1580,36,0.0228,0.0,,6,1,0.1667,0.1667,13.02,,,0,0,0,0.978
2024-01-23,Facebook,FB_Slots_Video,DE,T1,29791,878,0.0295,266.65,0.304,87,21,0.0991,0.2414,1590.84,12.7,496.6,19,0,0,0.972
2024-01-23,Facebook,FB_Slots_Video,BR,T2,28969,450,0.0155,95.68,0.213,39,9,0.0867,0.2308,260.51,10.63,172.3,13,0,0,0.968
2024-01-23,Facebook,FB_Slots_Video,PL,T2,25485,1005,0.0394,116.05,0.115,60,13,0.0597,0.2167,449.88,8.93,287.7,27,0,0,0.965
2024-01-23,Facebook,FB_Casino_CreativeA,NG,T3,12370,274,0.0222,11.94,0.044,27,4,0.0985,0.1481,46.66,2.98,290.8,11,0,0,0.964
2024-01-23,Facebook,FB_Casino_CreativeA,CA,T1,25405,1092,0.043,253.37,0.232,130,23,0.119,0.1769,1626.89,11.02,542.1,31,1,0,0.967
2024-01-23,Facebook,FB_Slots_Video,AU,T1,21963,781,0.0356,196.64,0.252,83,22,0.1063,0.2651,1468.64,8.94,646.9,34,0,0,0.97
2024-01-23,Facebook,FB_Slots_Video,IN,T3,23764,722,0.0304,28.33,0.039,73,14,0.1011,0.1918,152.38,2.02,437.9,15,0,0,0.971
2024-01-23,Google_Search,GG_Sports_Betting,DE,T1,32220,1132,0.0351,834.74,0.737,154,45,0.136,0.2922,4825.34,18.55,478.1,14,0,0,0.991
2024-01-23,Google_Search,GG_Slots_KW_Generic,BR,T2,12560,406,0.0323,101.55,0.25,78,33,0.1921,0.4231,1338.71,3.08,1218.3,5,0,0,0.988
2024-01-23,Google_Search,GG_Slots_KW_Generic,PL,T2,20875,737,0.0353,233.0,0.316,122,34,0.1655,0.2787,1885.8,6.85,709.4,5,0,0,0.989
2024-01-23,Google_Search,GG_Casino_KW_Brand,NG,T3,34729,1133,0.0326,75.88,0.067,171,65,0.1509,0.3801,671.91,1.17,785.5,10,0,0,0.99
2024-01-23,Google_Search,GG_Casino_KW_Brand,CA,T1,13927,326,0.0234,315.69,0.968,50,17,0.1534,0.34,1598.39,18.57,406.3,4,0,0,0.989
2024-01-23,Google_Search,GG_Slots_KW_Generic,AU,T1,8728,392,0.0449,205.59,0.524,58,17,0.148,0.2931,1747.86,12.09,750.2,2,0,0,0.989
2024-01-23,Google_Search,GG_Slots_KW_Generic,IN,T3,15410,512,0.0332,54.99,0.107,83,26,0.1621,0.3133,370.21,2.12,573.2,3,0,0,0.991
2024-01-23,Push_Network,Push_Casino_Retarget,DE,T1,29301,694,0.0237,56.61,0.082,26,2,0.0375,0.0769,93.12,28.3,64.5,141,1,0,0.851
2024-01-23,Push_Network,Push_Casino_Retarget,BR,T2,42754,775,0.0181,21.04,0.027,30,3,0.0387,0.1,53.08,7.01,152.3,144,1,0,0.854
2024-01-23,Push_Network,Push_Casino_Retarget,PL,T2,11238,56,0.005,9.06,0.162,2,0,0.0357,0.0,0.0,,-100.0,10,0,0,0.843
2024-01-23,Push_Network,Push_iGaming_Broad,NG,T3,21745,268,0.0123,3.26,0.012,7,0,0.0261,0.0,0.0,,-100.0,23,0,0,0.85
2024-01-23,Push_Network,Push_iGaming_Broad,CA,T1,16999,339,0.0199,26.33,0.078,10,1,0.0295,0.1,39.88,26.33,51.5,33,0,0,0.846
2024-01-23,Push_Network,Push_iGaming_Broad,AU,T1,13120,273,0.0208,22.31,0.082,8,0,0.0293,0.0,0.0,,-100.0,20,0,0,0.859
2024-01-23,Push_Network,Push_Casino_Retarget,IN,T3,30694,629,0.0205,8.06,0.013,24,3,0.0382,0.125,39.93,2.69,395.4,103,1,0,0.878
2024-01-23,Native_Ads,Native_Bonus_Landing,DE,T1,28469,558,0.0196,144.68,0.259,43,8,0.0771,0.186,590.47,18.09,308.1,36,0,0,0.946
2024-01-23,Native_Ads,Native_Review_Article,BR,T2,21439,323,0.0151,37.13,0.115,19,3,0.0588,0.1579,84.4,12.38,127.3,10,0,0,0.946
2024-01-23,Native_Ads,Native_Bonus_Landing,PL,T2,8340,251,0.0301,18.96,0.076,13,2,0.0518,0.1538,64.97,9.48,242.7,19,0,0,0.938
2024-01-23,Native_Ads,Native_Review_Article,NG,T3,26429,389,0.0147,14.15,0.036,17,3,0.0437,0.1765,17.04,4.72,20.4,24,0,0,0.93
2024-01-23,Native_Ads,Native_Bonus_Landing,CA,T1,23777,242,0.0102,129.2,0.534,12,2,0.0496,0.1667,137.36,64.6,6.3,12,0,0,0.948
2024-01-23,Native_Ads,Native_Bonus_Landing,AU,T1,15425,504,0.0327,70.76,0.14,38,7,0.0754,0.1842,412.4,10.11,482.8,29,0,0,0.95
2024-01-23,Native_Ads,Native_Review_Article,IN,T3,22114,435,0.0197,14.78,0.034,33,6,0.0759,0.1818,99.42,2.46,572.7,26,0,0,0.937
2024-01-23,TikTok,TT_Casino_UGC,DE,T1,33487,864,0.0258,247.21,0.286,55,6,0.0637,0.1091,234.44,41.2,-5.2,41,1,0,0.908
2024-01-23,TikTok,TT_Casino_UGC,BR,T2,12564,247,0.0197,25.26,0.102,13,1,0.0526,0.0769,16.63,25.26,-34.2,18,0,0,0.904
2024-01-23,TikTok,TT_Sports_Short,PL,T2,30696,413,0.0135,93.3,0.226,22,3,0.0533,0.1364,32.25,31.1,-65.4,37,0,0,0.934
2024-01-23,TikTok,TT_Sports_Short,NG,T3,20836,489,0.0235,11.81,0.024,27,5,0.0552,0.1852,10.0,2.36,-15.3,44,0,0,0.932
2024-01-23,TikTok,TT_Casino_UGC,CA,T1,14665,182,0.0124,77.9,0.428,10,1,0.0549,0.1,47.05,77.9,-39.6,12,0,0,0.919
2024-01-23,TikTok,TT_Sports_Short,AU,T1,38859,891,0.0229,189.78,0.213,52,9,0.0584,0.1731,329.76,21.09,73.8,49,0,0,0.924
2024-01-23,TikTok,TT_Casino_UGC,IN,T3,13723,244,0.0178,11.74,0.048,15,2,0.0615,0.1333,4.0,5.87,-65.9,29,0,0,0.924
2024-01-23,Affiliate_SEO,SEO_BonusGuide_BR,DE,T1,18912,471,0.0249,0.0,,77,16,0.1635,0.2078,1890.27,,,5,0,0,0.983
2024-01-23,Affiliate_SEO,SEO_BonusGuide_BR,BR,T2,18363,271,0.0148,0.0,,40,16,0.1476,0.4,614.25,,,4,0,0,0.977
2024-01-23,Affiliate_SEO,SEO_CasinoReview_DE,PL,T2,13358,163,0.0122,0.0,,36,13,0.2209,0.3611,839.41,,,3,0,0,0.983
2024-01-23,Affiliate_SEO,SEO_CasinoReview_DE,NG,T3,956,22,0.023,0.0,,4,1,0.1818,0.25,21.55,,,0,0,0,0.98
2024-01-23,Affiliate_SEO,SEO_BonusGuide_BR,CA,T1,18986,266,0.014,0.0,,52,22,0.1955,0.4231,2701.83,,,5,0,0,0.98
2024-01-23,Affiliate_SEO,SEO_BonusGuide_BR,AU,T1,30136,637,0.0211,0.0,,143,48,0.2245,0.3357,5089.02,,,18,0,0,0.98
2024-01-23,Affiliate_SEO,SEO_BonusGuide_BR,IN,T3,2022,36,0.0178,0.0,,7,2,0.1944,0.2857,67.57,,,1,0,0,0.983
2024-01-24,Facebook,FB_Sports_Banner,DE,T1,31287,1446,0.0462,304.84,0.211,148,40,0.1024,0.2703,2662.92,7.62,773.5,33,0,0,0.972
2024-01-24,Facebook,FB_Slots_Video,BR,T2,40224,1474,0.0366,124.0,0.084,120,30,0.0814,0.25,1180.71,4.13,852.2,53,1,0,0.975
2024-01-24,Facebook,FB_Sports_Banner,PL,T2,24999,838,0.0335,86.84,0.104,54,10,0.0644,0.1852,431.86,8.68,397.3,13,0,0,0.976
2024-01-24,Facebook,FB_Slots_Video,NG,T3,39379,1448,0.0368,30.89,0.021,96,14,0.0663,0.1458,286.14,2.21,826.3,53,1,0,0.967
2024-01-24,Facebook,FB_Sports_Banner,CA,T1,41346,1419,0.0343,335.88,0.237,87,12,0.0613,0.1379,841.28,27.99,150.5,56,0,0,0.971
2024-01-24,Facebook,FB_Casino_CreativeA,AU,T1,41904,1116,0.0266,364.77,0.327,88,24,0.0789,0.2727,1879.76,15.2,415.3,24,1,0,0.973
2024-01-24,Facebook,FB_Casino_CreativeA,IN,T3,15958,564,0.0353,20.8,0.037,61,17,0.1082,0.2787,106.36,1.22,411.3,19,0,0,0.974
2024-01-24,Google_Search,GG_Slots_KW_Generic,DE,T1,24393,808,0.0331,590.16,0.73,111,33,0.1374,0.2973,3852.94,17.88,552.9,7,0,0,0.992
2024-01-24,Google_Search,GG_Slots_KW_Generic,BR,T2,68337,2411,0.0353,507.75,0.211,357,100,0.1481,0.2801,3650.26,5.08,618.9,32,1,0,0.99
2024-01-24,Google_Search,GG_Casino_KW_Brand,PL,T2,7034,314,0.0446,77.36,0.246,49,11,0.1561,0.2245,579.18,7.03,648.7,2,0,0,0.991
2024-01-24,Google_Search,GG_Slots_KW_Generic,NG,T3,26357,938,0.0356,59.21,0.063,172,48,0.1834,0.2791,652.52,1.23,1002.0,7,0,0,0.989
2024-01-24,Google_Search,GG_Casino_KW_Brand,CA,T1,45100,2107,0.0467,1151.9,0.547,394,131,0.187,0.3325,14082.73,8.79,1122.6,19,1,0,0.989
2024-01-24,Google_Search,GG_Sports_Betting,AU,T1,40472,1077,0.0266,1040.67,0.966,213,65,0.1978,0.3052,5827.08,16.01,459.9,9,0,0,0.99
2024-01-24,Google_Search,GG_Slots_KW_Generic,IN,T3,16762,771,0.046,58.05,0.075,135,42,0.1751,0.3111,1554.74,1.38,2578.3,6,0,0,0.992
2024-01-24,Push_Network,Push_iGaming_Broad,DE,T1,33602,944,0.0281,62.74,0.066,38,5,0.0403,0.1316,243.91,12.55,288.8,108,0,0,0.875
2024-01-24,Push_Network,Push_iGaming_Broad,BR,T2,28402,142,0.005,17.72,0.125,5,0,0.0352,0.0,0.0,,-100.0,27,0,0,0.888
2024-01-24,Push_Network,Push_iGaming_Broad,PL,T2,12065,373,0.0309,9.85,0.026,16,2,0.0429,0.125,16.38,4.92,66.3,72,0,0,0.871
2024-01-24,Push_Network,Push_iGaming_Broad,NG,T3,26648,677,0.0254,4.48,0.007,28,2,0.0414,0.0714,4.0,2.24,-10.7,77,1,0,0.881
2024-01-24,Push_Network,Push_iGaming_Broad,CA,T1,19320,517,0.0268,35.34,0.068,13,1,0.0251,0.0769,31.14,35.34,-11.9,83,0,0,0.867
2024-01-24,Push_Network,Push_Casino_Retarget,AU,T1,40844,731,0.0179,62.25,0.085,39,4,0.0534,0.1026,122.01,15.56,96.0,76,0,0,0.867
2024-01-24,Push_Network,Push_Casino_Retarget,IN,T3,20746,433,0.0209,4.92,0.011,19,2,0.0439,0.1053,4.0,2.46,-18.7,73,1,0,0.839
2024-01-24,Native_Ads,Native_Bonus_Landing,DE,T1,22661,792,0.0349,141.54,0.179,55,13,0.0694,0.2364,912.99,10.89,545.0,62,0,0,0.933
2024-01-24,Native_Ads,Native_Bonus_Landing,BR,T2,32483,785,0.0242,55.67,0.071,56,13,0.0713,0.2321,592.69,4.28,964.6,39,0,0,0.938
2024-01-24,Native_Ads,Native_Review_Article,PL,T2,14511,261,0.018,32.89,0.126,23,3,0.0881,0.1304,141.89,10.96,331.4,9,0,0,0.94
2024-01-24,Native_Ads,Native_Review_Article,NG,T3,10688,283,0.0265,6.08,0.021,14,2,0.0495,0.1429,13.39,3.04,120.2,19,0,0,0.937
2024-01-24,Native_Ads,Native_Bonus_Landing,CA,T1,15444,179,0.0116,79.88,0.446,15,2,0.0838,0.1333,144.65,39.94,81.1,7,0,0,0.934
2024-01-24,Native_Ads,Native_Bonus_Landing,AU,T1,17447,392,0.0225,93.07,0.237,23,5,0.0587,0.2174,347.86,18.61,273.8,33,0,0,0.944
2024-01-24,Native_Ads,Native_Review_Article,IN,T3,39945,1052,0.0263,31.98,0.03,61,13,0.058,0.2131,122.9,2.46,284.3,41,0,0,0.933
2024-01-24,TikTok,TT_Sports_Short,DE,T1,32320,435,0.0135,207.66,0.477,23,1,0.0529,0.0435,43.42,207.66,-79.1,23,0,0,0.932
2024-01-24,TikTok,TT_Sports_Short,BR,T2,14109,473,0.0335,31.47,0.067,31,6,0.0655,0.1935,86.43,5.25,174.6,44,1,0,0.934
2024-01-24,TikTok,TT_Sports_Short,PL,T2,26014,532,0.0205,66.45,0.125,40,9,0.0752,0.225,119.07,7.38,79.2,40,1,0,0.927
2024-01-24,TikTok,TT_Sports_Short,NG,T3,37652,777,0.0206,24.73,0.032,40,7,0.0515,0.175,14.0,3.53,-43.4,89,0,0,0.913
2024-01-24,TikTok,TT_Sports_Short,CA,T1,24262,469,0.0193,123.77,0.264,25,2,0.0533,0.08,83.8,61.88,-32.3,26,0,0,0.926
2024-01-24,TikTok,TT_Casino_UGC,AU,T1,8691,162,0.0186,47.41,0.293,11,2,0.0679,0.1818,72.29,23.7,52.5,16,0,0,0.932
2024-01-24,TikTok,TT_Sports_Short,IN,T3,15972,376,0.0235,12.27,0.033,19,2,0.0505,0.1053,15.58,6.13,27.0,23,0,0,0.918
2024-01-24,Affiliate_SEO,SEO_CasinoReview_DE,DE,T1,12791,281,0.022,0.0,,55,23,0.1957,0.4182,2679.05,,,4,0,0,0.984
2024-01-24,Affiliate_SEO,SEO_BonusGuide_BR,BR,T2,6883,168,0.0244,0.0,,35,7,0.2083,0.2,354.51,,,2,0,0,0.979
2024-01-24,Affiliate_SEO,SEO_BonusGuide_BR,PL,T2,14293,228,0.016,0.0,,61,19,0.2675,0.3115,1055.81,,,3,0,0,0.977
2024-01-24,Affiliate_SEO,SEO_BonusGuide_BR,NG,T3,3318,48,0.0145,0.0,,11,4,0.2292,0.3636,88.9,,,1,0,0,0.98
2024-01-24,Affiliate_SEO,SEO_CasinoReview_DE,CA,T1,100369,2348,0.0234,0.0,,519,211,0.221,0.4066,23570.83,,,69,1,1,0.979
2024-01-24,Affiliate_SEO,SEO_BonusGuide_BR,AU,T1,20746,438,0.0211,0.0,,142,52,0.3242,0.3662,5916.71,,,8,0,0,0.98
2024-01-24,Affiliate_SEO,SEO_BonusGuide_BR,IN,T3,7371,194,0.0263,0.0,,31,11,0.1598,0.3548,224.55,,,3,0,0,0.977
2024-01-25,Facebook,FB_Slots_Video,DE,T1,35249,1289,0.0366,299.23,0.232,95,26,0.0737,0.2737,2230.56,11.51,645.4,51,0,0,0.966
2024-01-25,Facebook,FB_Casino_CreativeA,BR,T2,19178,688,0.0359,64.78,0.094,73,18,0.1061,0.2466,843.18,3.6,1201.6,17,0,0,0.965
2024-01-25,Facebook,FB_Slots_Video,PL,T2,15858,366,0.0231,55.42,0.151,24,6,0.0656,0.25,176.14,9.24,217.8,8,0,0,0.973
2024-01-25,Facebook,FB_Casino_CreativeA,NG,T3,52706,1814,0.0344,49.08,0.027,149,43,0.0821,0.2886,473.93,1.14,865.6,31,1,0,0.967
2024-01-25,Facebook,FB_Sports_Banner,CA,T1,12787,410,0.0321,106.8,0.26,39,7,0.0951,0.1795,520.45,15.26,387.3,17,0,0,0.968
2024-01-25,Facebook,FB_Casino_CreativeA,AU,T1,26369,515,0.0195,244.65,0.475,35,9,0.068,0.2571,604.73,27.18,147.2,16,0,0,0.968
2024-01-25,Facebook,FB_Slots_Video,IN,T3,17289,675,0.039,22.15,0.033,78,19,0.1156,0.2436,341.49,1.17,1441.7,16,0,0,0.968
2024-01-25,Google_Search,GG_Slots_KW_Generic,DE,T1,42297,1867,0.0441,972.54,0.521,390,114,0.2089,0.2923,12004.94,8.53,1134.4,27,1,0,0.991
2024-01-25,Google_Search,GG_Casino_KW_Brand,BR,T2,18833,760,0.0404,158.04,0.208,115,44,0.1513,0.3826,1033.32,3.59,553.8,10,0,0,0.989
2024-01-25,Google_Search,GG_Casino_KW_Brand,PL,T2,55718,1415,0.0254,547.18,0.387,207,66,0.1463,0.3188,2870.45,8.29,424.6,18,0,0,0.99
2024-01-25,Google_Search,GG_Slots_KW_Generic,NG,T3,17232,345,0.02,44.38,0.129,66,31,0.1913,0.4697,336.75,1.43,658.8,2,0,0,0.99
2024-01-25,Google_Search,GG_Slots_KW_Generic,CA,T1,42210,985,0.0233,866.21,0.879,145,52,0.1472,0.3586,5838.93,16.66,574.1,7,0,0,0.99
2024-01-25,Google_Search,GG_Casino_KW_Brand,AU,T1,24320,1217,0.05,505.41,0.415,179,36,0.1471,0.2011,3977.87,14.04,687.1,6,0,0,0.989
2024-01-25,Google_Search,GG_Sports_Betting,IN,T3,26807,1173,0.0438,86.6,0.074,243,75,0.2072,0.3086,1280.8,1.15,1379.0,9,0,0,0.991
2024-01-25,Push_Network,Push_Casino_Retarget,DE,T1,47836,979,0.0205,92.99,0.095,43,6,0.0439,0.1395,196.67,15.5,111.5,71,1,0,0.847
2024-01-25,Push_Network,Push_iGaming_Broad,BR,T2,21149,257,0.0122,11.08,0.043,10,1,0.0389,0.1,21.46,11.08,93.7,39,0,0,0.884
2024-01-25,Push_Network,Push_iGaming_Broad,PL,T2,11828,166,0.014,8.71,0.052,6,0,0.0361,0.0,0.0,,-100.0,31,0,0,0.845
2024-01-25,Push_Network,Push_Casino_Retarget,NG,T3,15480,116,0.0075,2.65,0.023,4,0,0.0345,0.0,0.0,,-100.0,23,0,0,0.887
2024-01-25,Push_Network,Push_Casino_Retarget,CA,T1,26489,688,0.026,46.13,0.067,28,3,0.0407,0.1071,77.86,15.38,68.8,101,1,0,0.854
2024-01-25,Push_Network,Push_Casino_Retarget,AU,T1,11046,166,0.015,14.86,0.09,5,0,0.0301,0.0,0.0,,-100.0,27,0,0,0.835
2024-01-25,Push_Network,Push_iGaming_Broad,IN,T3,13518,260,0.0192,3.61,0.014,11,1,0.0423,0.0909,9.78,3.61,170.9,30,0,0,0.88
2024-01-25,Native_Ads,Native_Review_Article,DE,T1,8594,180,0.0209,49.82,0.277,14,2,0.0778,0.1429,149.77,24.91,200.6,12,0,0,0.943
2024-01-25,Native_Ads,Native_Review_Article,BR,T2,20720,454,0.0219,39.64,0.087,43,8,0.0947,0.186,198.12,4.96,399.8,16,0,0,0.942
2024-01-25,Native_Ads,Native_Bonus_Landing,PL,T2,38741,619,0.016,94.72,0.153,50,11,0.0808,0.22,287.03,8.61,203.0,25,0,0,0.932
2024-01-25,Native_Ads,Native_Review_Article,NG,T3,14486,294,0.0203,7.46,0.025,17,1,0.0578,0.0588,22.96,7.46,207.8,15,0,0,0.952
2024-01-25,Native_Ads,Native_Bonus_Landing,CA,T1,14364,224,0.0156,64.28,0.287,18,3,0.0804,0.1667,178.87,21.43,178.3,11,0,0,0.944
2024-01-25,Native_Ads,Native_Review_Article,AU,T1,27301,737,0.027,115.05,0.156,56,14,0.076,0.25,784.67,8.22,582.0,58,0,0,0.945
2024-01-25,Native_Ads,Native_Bonus_Landing,IN,T3,29701,766,0.0258,21.87,0.029,53,8,0.0692,0.1509,60.13,2.73,174.9,59,0,0,0.929
2024-01-25,TikTok,TT_Casino_UGC,DE,T1,8025,61,0.0076,54.06,0.886,5,0,0.082,0.0,0.0,,-100.0,4,0,0,0.934
2024-01-25,TikTok,TT_Sports_Short,BR,T2,64273,1351,0.021,146.36,0.108,88,15,0.0651,0.1705,413.1,9.76,182.2,82,2,0,0.935
2024-01-25,TikTok,TT_Sports_Short,PL,T2,22125,408,0.0184,56.9,0.139,19,3,0.0466,0.1579,87.65,18.97,54.0,17,0,0,0.914
2024-01-25,TikTok,TT_Casino_UGC,NG,T3,22000,210,0.0095,11.23,0.053,13,1,0.0619,0.0769,18.15,11.23,61.6,25,0,0,0.92
2024-01-25,TikTok,TT_Sports_Short,CA,T1,20919,307,0.0147,140.75,0.458,12,1,0.0391,0.0833,53.59,140.75,-61.9,24,0,0,0.929
2024-01-25,TikTok,TT_Sports_Short,AU,T1,8862,195,0.022,46.68,0.239,12,2,0.0615,0.1667,90.11,23.34,93.0,21,0,0,0.924
2024-01-25,TikTok,TT_Sports_Short,IN,T3,21066,465,0.0221,19.86,0.043,30,5,0.0645,0.1667,10.0,3.97,-49.6,25,0,0,0.916
2024-01-25,Affiliate_SEO,SEO_CasinoReview_DE,DE,T1,73279,986,0.0135,0.0,,224,100,0.2272,0.4464,11343.36,,,20,1,0,0.976
2024-01-25,Affiliate_SEO,SEO_CasinoReview_DE,BR,T2,7453,95,0.0127,0.0,,17,5,0.1789,0.2941,156.74,,,1,0,0,0.981
2024-01-25,Affiliate_SEO,SEO_BonusGuide_BR,PL,T2,16319,329,0.0202,0.0,,75,30,0.228,0.4,1845.94,,,3,0,0,0.977
2024-01-25,Affiliate_SEO,SEO_CasinoReview_DE,NG,T3,956,22,0.023,0.0,,4,1,0.1818,0.25,24.44,,,0,0,0,0.982
2024-01-25,Affiliate_SEO,SEO_BonusGuide_BR,CA,T1,18777,187,0.01,0.0,,46,18,0.246,0.3913,2180.8,,,3,0,0,0.979
2024-01-25,Affiliate_SEO,SEO_BonusGuide_BR,AU,T1,61326,1857,0.0303,0.0,,554,187,0.2983,0.3375,21227.36,,,28,2,0,0.977
2024-01-25,Affiliate_SEO,SEO_BonusGuide_BR,IN,T3,3113,64,0.0206,0.0,,13,4,0.2031,0.3077,69.93,,,1,0,0,0.979
2024-01-26,Facebook,FB_Sports_Banner,DE,T1,26928,1082,0.0402,237.3,0.219,96,21,0.0887,0.2188,1714.53,11.3,622.5,32,1,0,0.966
2024-01-26,Facebook,FB_Casino_CreativeA,BR,T2,16770,537,0.032,51.51,0.096,51,12,0.095,0.2353,232.34,4.29,351.1,14,0,0,0.968
2024-01-26,Facebook,FB_Sports_Banner,PL,T2,21651,1142,0.0527,90.72,0.079,108,28,0.0946,0.2593,793.31,3.24,774.5,19,0,0,0.971
2024-01-26,Facebook,FB_Slots_Video,NG,T3,23471,1114,0.0475,22.52,0.02,90,17,0.0808,0.1889,161.64,1.32,617.8,22,1,0,0.973
2024-01-26,Facebook,FB_Sports_Banner,CA,T1,17759,640,0.036,169.4,0.265,53,17,0.0828,0.3208,1398.58,9.96,725.6,19,0,0,0.965
2024-01-26,Facebook,FB_Casino_CreativeA,AU,T1,16713,522,0.0312,130.2,0.249,60,15,0.1149,0.25,1081.43,8.68,730.6,14,0,0,0.971
2024-01-26,Facebook,FB_Casino_CreativeA,IN,T3,22875,793,0.0347,30.52,0.038,72,8,0.0908,0.1111,97.26,3.81,218.7,26,0,0,0.966
2024-01-26,Google_Search,GG_Slots_KW_Generic,DE,T1,10142,287,0.0283,240.33,0.837,28,10,0.0976,0.3571,1047.78,24.03,336.0,4,0,0,0.989
2024-01-26,Google_Search,GG_Slots_KW_Generic,BR,T2,15242,402,0.0264,112.7,0.28,50,17,0.1244,0.34,690.1,6.63,512.3,4,0,0,0.988
2024-01-26,Google_Search,GG_Casino_KW_Brand,PL,T2,34338,1029,0.03,357.76,0.348,159,40,0.1545,0.2516,1533.3,8.94,328.6,10,0,0,0.99
2024-01-26,Google_Search,GG_Sports_Betting,NG,T3,18276,568,0.0311,48.86,0.086,58,18,0.1021,0.3103,250.76,2.71,413.2,4,0,0,0.991
2024-01-26,Google_Search,GG_Sports_Betting,CA,T1,14994,632,0.0422,368.48,0.583,105,38,0.1661,0.3619,3554.82,9.7,864.7,6,0,0,0.99
2024-01-26,Google_Search,GG_Sports_Betting,AU,T1,24062,740,0.0308,593.41,0.802,91,32,0.123,0.3516,2783.08,18.54,369.0,4,0,0,0.992
2024-01-26,Google_Search,GG_Slots_KW_Generic,IN,T3,22368,577,0.0258,86.14,0.149,64,20,0.1109,0.3125,388.16,4.31,350.6,8,0,0,0.988
2024-01-26,Push_Network,Push_iGaming_Broad,DE,T1,18385,365,0.0199,34.8,0.095,20,2,0.0548,0.1,53.06,17.4,52.5,33,0,0,0.846
2024-01-26,Push_Network,Push_Casino_Retarget,BR,T2,22881,501,0.0219,12.79,0.026,20,2,0.0399,0.1,35.49,6.39,177.5,48,0,0,0.868
2024-01-26,Push_Network,Push_iGaming_Broad,PL,T2,13943,292,0.0209,8.99,0.031,10,1,0.0342,0.1,12.09,8.99,34.5,40,0,0,0.853
2024-01-26,Push_Network,Push_Casino_Retarget,NG,T3,14935,263,0.0176,2.63,0.01,10,1,0.038,0.1,2.0,2.63,-24.0,49,0,0,0.846
2024-01-26,Push_Network,Push_iGaming_Broad,CA,T1,15063,332,0.022,22.26,0.067,10,1,0.0301,0.1,22.13,22.26,-0.6,56,0,0,0.878
2024-01-26,Push_Network,Push_Casino_Retarget,AU,T1,28040,623,0.0222,36.76,0.059,26,3,0.0417,0.1154,65.59,12.25,78.4,56,0,0,0.848
2024-01-26,Push_Network,Push_Casino_Retarget,IN,T3,19666,236,0.012,5.24,0.022,13,2,0.0551,0.1538,4.0,2.62,-23.7,41,0,0,0.834
2024-01-26,Native_Ads,Native_Review_Article,DE,T1,14195,112,0.0079,87.58,0.782,8,1,0.0714,0.125,72.3,87.58,-17.4,7,0,0,0.952
2024-01-26,Native_Ads,Native_Review_Article,BR,T2,17237,384,0.0223,30.49,0.079,28,3,0.0729,0.1071,54.94,10.16,80.2,22,0,0,0.933
2024-01-26,Native_Ads,Native_Bonus_Landing,PL,T2,26655,489,0.0183,66.78,0.137,31,4,0.0634,0.129,96.52,16.7,44.5,19,0,0,0.929
2024-01-26,Native_Ads,Native_Review_Article,NG,T3,32207,437,0.0136,16.42,0.038,18,3,0.0412,0.1667,36.49,5.47,122.2,37,0,0,0.95
2024-01-26,Native_Ads,Native_Review_Article,CA,T1,21416,354,0.0165,100.91,0.285,27,5,0.0763,0.1852,375.32,20.18,271.9,18,0,0,0.935
2024-01-26,Native_Ads,Native_Review_Article,AU,T1,18617,400,0.0215,92.21,0.231,31,6,0.0775,0.1935,297.24,15.37,222.4,26,0,0,0.948
2024-01-26,Native_Ads,Native_Review_Article,IN,T3,12277,303,0.0247,9.2,0.03,18,2,0.0594,0.1111,38.12,4.6,314.3,10,0,0,0.947
2024-01-26,TikTok,TT_Sports_Short,DE,T1,18248,161,0.0088,133.36,0.828,12,1,0.0745,0.0833,50.08,133.36,-62.4,19,0,0,0.92
2024-01-26,TikTok,TT_Sports_Short,BR,T2,15099,253,0.0168,34.59,0.137,13,2,0.0514,0.1538,39.38,17.3,13.8,21,0,0,0.914
2024-01-26,TikTok,TT_Casino_UGC,PL,T2,33000,485,0.0147,101.04,0.208,26,4,0.0536,0.1538,89.11,25.26,-11.8,22,0,0,0.93
2024-01-26,TikTok,TT_Casino_UGC,NG,T3,18153,467,0.0257,12.32,0.026,25,3,0.0535,0.12,80.63,4.11,554.5,19,0,0,0.922
2024-01-26,TikTok,TT_Casino_UGC,CA,T1,18602,93,0.005,101.36,1.09,9,1,0.0968,0.1111,45.16,101.36,-55.4,7,0,0,0.908
2024-01-26,TikTok,TT_Sports_Short,AU,T1,14138,323,0.0228,89.96,0.279,24,4,0.0743,0.1667,173.17,22.49,92.5,23,0,0,0.905
2024-01-26,TikTok,TT_Casino_UGC,IN,T3,29657,617,0.0208,27.58,0.045,43,6,0.0697,0.1395,131.12,4.6,375.4,50,1,0,0.915
2024-01-26,Affiliate_SEO,SEO_CasinoReview_DE,DE,T1,35665,660,0.0185,0.0,,181,53,0.2742,0.2928,6754.46,,,9,1,0,0.982
2024-01-26,Affiliate_SEO,SEO_BonusGuide_BR,BR,T2,11398,121,0.0106,0.0,,27,9,0.2231,0.3333,374.53,,,1,0,0,0.981
2024-01-26,Affiliate_SEO,SEO_BonusGuide_BR,PL,T2,24560,302,0.0123,0.0,,51,18,0.1689,0.3529,1105.85,,,4,0,0,0.983
2024-01-26,Affiliate_SEO,SEO_BonusGuide_BR,NG,T3,5364,28,0.0052,0.0,,5,0,0.1786,0.0,0.0,,,0,0,0,0.981
2024-01-26,Affiliate_SEO,SEO_CasinoReview_DE,CA,T1,27759,498,0.0179,0.0,,103,33,0.2068,0.3204,3556.3,,,6,0,0,0.982
2024-01-26,Affiliate_SEO,SEO_CasinoReview_DE,AU,T1,7999,161,0.0201,0.0,,22,7,0.1366,0.3182,788.32,,,4,0,0,0.982
2024-01-26,Affiliate_SEO,SEO_CasinoReview_DE,IN,T3,6751,158,0.0234,0.0,,25,8,0.1582,0.32,137.08,,,2,0,0,0.977
2024-01-27,Facebook,FB_Casino_CreativeA,DE,T1,22597,886,0.0392,227.35,0.257,103,24,0.1163,0.233,1852.82,9.47,715.0,18,1,0,0.969
2024-01-27,Facebook,FB_Slots_Video,BR,T2,41540,863,0.0208,139.24,0.161,74,19,0.0857,0.2568,251.49,7.33,80.6,33,0,0,0.967
2024-01-27,Facebook,FB_Slots_Video,PL,T2,12419,321,0.0258,50.29,0.157,32,7,0.0997,0.2188,203.13,7.18,303.9,5,0,0,0.964
2024-01-27,Facebook,FB_Slots_Video,NG,T3,23256,708,0.0304,18.9,0.027,83,20,0.1172,0.241,465.78,0.94,2364.4,13,0,0,0.967
2024-01-27,Facebook,FB_Casino_CreativeA,CA,T1,16288,537,0.033,125.28,0.233,64,17,0.1192,0.2656,1152.36,7.37,819.8,23,0,0,0.972
2024-01-27,Facebook,FB_Casino_CreativeA,AU,T1,21448,893,0.0416,174.91,0.196,100,27,0.112,0.27,1993.95,6.48,1040.0,16,0,0,0.972
2024-01-27,Facebook,FB_Sports_Banner,IN,T3,24521,471,0.0192,35.57,0.076,45,17,0.0955,0.3778,194.92,2.09,448.0,7,0,0,0.967
2024-01-27,Google_Search,GG_Slots_KW_Generic,DE,T1,41563,1278,0.0307,1174.67,0.919,151,52,0.1182,0.3444,5911.92,22.59,403.3,9,0,0,0.989
2024-01-27,Google_Search,GG_Sports_Betting,BR,T2,22198,927,0.0418,208.65,0.225,167,38,0.1802,0.2275,1785.53,5.49,755.8,12,0,0,0.991
2024-01-27,Google_Search,GG_Casino_KW_Brand,PL,T2,28208,1345,0.0477,319.27,0.237,178,41,0.1323,0.2303,2333.11,7.79,630.8,8,0,0,0.989
2024-01-27,Google_Search,GG_Casino_KW_Brand,NG,T3,35582,1380,0.0388,87.79,0.064,194,53,0.1406,0.2732,940.88,1.66,971.7,18,0,0,0.991
2024-01-27,Google_Search,GG_Slots_KW_Generic,CA,T1,37693,1441,0.0382,900.59,0.625,203,90,0.1409,0.4433,9397.52,10.01,943.5,21,0,0,0.992
2024-01-27,Google_Search,GG_Sports_Betting,AU,T1,73494,1839,0.025,1604.33,0.872,344,130,0.1871,0.3779,13208.68,12.34,723.3,26,0,0,0.988
2024-01-27,Google_Search,GG_Sports_Betting,IN,T3,25800,635,0.0246,82.48,0.13,70,28,0.1102,0.4,847.7,2.95,927.8,8,0,0,0.99
2024-01-27,Push_Network,Push_iGaming_Broad,DE,T1,22906,426,0.0186,43.31,0.102,19,2,0.0446,0.1053,57.23,21.66,32.1,81,0,0,0.848
2024-01-27,Push_Network,Push_iGaming_Broad,BR,T2,27856,371,0.0133,16.59,0.045,18,2,0.0485,0.1111,52.32,8.29,215.4,55,0,0,0.876
2024-01-27,Push_Network,Push_iGaming_Broad,PL,T2,33881,720,0.0213,20.75,0.029,36,4,0.05,0.1111,8.0,5.19,-61.4,99,2,0,0.841
2024-01-27,Push_Network,Push_iGaming_Broad,NG,T3,40285,788,0.0196,6.12,0.008,35,4,0.0444,0.1143,8.0,1.53,30.7,153,1,0,0.833
2024-01-27,Push_Network,Push_Casino_Retarget,CA,T1,23729,472,0.0199,35.48,0.075,16,1,0.0339,0.0625,43.32,35.48,22.1,71,0,0,0.866
2024-01-27,Push_Network,Push_Casino_Retarget,AU,T1,56485,1248,0.0221,78.57,0.063,50,7,0.0401,0.14,257.39,11.22,227.6,103,2,0,0.884
2024-01-27,Push_Network,Push_iGaming_Broad,IN,T3,30247,590,0.0195,7.18,0.012,23,2,0.039,0.087,12.9,3.59,79.7,71,0,0,0.878
2024-01-27,Native_Ads,Native_Review_Article,DE,T1,38395,924,0.0241,193.86,0.21,47,8,0.0509,0.1702,513.07,24.23,164.7,55,0,0,0.941
2024-01-27,Native_Ads,Native_Review_Article,BR,T2,36345,324,0.0089,69.3,0.214,23,4,0.071,0.1739,130.39,17.32,88.2,26,0,0,0.944
2024-01-27,Native_Ads,Native_Bonus_Landing,PL,T2,38630,680,0.0176,83.44,0.123,55,11,0.0809,0.2,271.12,7.59,224.9,22,0,0,0.945
2024-01-27,Native_Ads,Native_Review_Article,NG,T3,69996,1461,0.0209,31.17,0.021,103,18,0.0705,0.1748,189.07,1.73,506.6,92,1,0,0.941
2024-01-27,Native_Ads,Native_Review_Article,CA,T1,17379,230,0.0132,91.53,0.398,19,3,0.0826,0.1579,195.78,30.51,113.9,7,0,0,0.948
2024-01-27,Native_Ads,Native_Bonus_Landing,AU,T1,19594,463,0.0236,88.71,0.192,33,5,0.0713,0.1515,258.07,17.74,190.9,30,0,0,0.939
2024-01-27,Native_Ads,Native_Review_Article,IN,T3,23626,374,0.0158,19.12,0.051,24,4,0.0642,0.1667,103.51,4.78,441.4,15,0,0,0.938
2024-01-27,TikTok,TT_Sports_Short,DE,T1,31523,655,0.0208,220.44,0.337,40,6,0.0611,0.15,370.63,36.74,68.1,40,1,0,0.909
2024-01-27,TikTok,TT_Sports_Short,BR,T2,23377,362,0.0155,51.84,0.143,28,4,0.0773,0.1429,61.18,12.96,18.0,29,0,0,0.904
2024-01-27,TikTok,TT_Sports_Short,PL,T2,25925,429,0.0165,70.3,0.164,27,4,0.0629,0.1481,125.55,17.57,78.6,51,0,0,0.911
2024-01-27,TikTok,TT_Sports_Short,NG,T3,73594,1305,0.0177,42.85,0.033,55,9,0.0421,0.1636,185.56,4.76,333.0,113,1,0,0.909
2024-01-27,TikTok,TT_Casino_UGC,CA,T1,19572,339,0.0173,130.88,0.386,19,3,0.056,0.1579,98.47,43.63,-24.8,25,0,0,0.92
2024-01-27,TikTok,TT_Sports_Short,AU,T1,27233,531,0.0195,155.49,0.293,23,3,0.0433,0.1304,120.45,51.83,-22.5,22,0,0,0.905
2024-01-27,TikTok,TT_Sports_Short,IN,T3,32716,887,0.0271,27.82,0.031,43,7,0.0485,0.1628,68.97,3.97,147.9,82,1,0,0.906
2024-01-27,Affiliate_SEO,SEO_BonusGuide_BR,DE,T1,80854,1953,0.0242,0.0,,474,151,0.2427,0.3186,19019.2,,,55,3,0,0.978
2024-01-27,Affiliate_SEO,SEO_CasinoReview_DE,BR,T2,7644,119,0.0156,0.0,,22,8,0.1849,0.3636,332.67,,,1,0,0,0.983
2024-01-27,Affiliate_SEO,SEO_CasinoReview_DE,PL,T2,5389,111,0.0206,0.0,,21,10,0.1892,0.4762,590.24,,,2,0,0,0.984
2024-01-27,Affiliate_SEO,SEO_BonusGuide_BR,NG,T3,1554,26,0.0167,0.0,,6,2,0.2308,0.3333,23.87,,,0,0,0,0.981
2024-01-27,Affiliate_SEO,SEO_CasinoReview_DE,CA,T1,34525,681,0.0197,0.0,,131,40,0.1924,0.3053,4655.16,,,8,0,0,0.979
2024-01-27,Affiliate_SEO,SEO_CasinoReview_DE,AU,T1,58609,626,0.0107,0.0,,141,45,0.2252,0.3191,4894.47,,,8,0,0,0.982
2024-01-27,Affiliate_SEO,SEO_BonusGuide_BR,IN,T3,7411,139,0.0188,0.0,,33,11,0.2374,0.3333,261.87,,,3,0,0,0.98
2024-01-28,Facebook,FB_Sports_Banner,DE,T1,18773,778,0.0414,170.49,0.219,66,13,0.0848,0.197,987.24,13.11,479.1,17,0,0,0.972
2024-01-28,Facebook,FB_Slots_Video,BR,T2,30580,1026,0.0336,98.06,0.096,114,30,0.1111,0.2632,894.08,3.27,811.8,42,0,0,0.968
2024-01-28,Facebook,FB_Casino_CreativeA,PL,T2,19875,662,0.0333,85.89,0.13,46,8,0.0695,0.1739,211.77,10.74,146.6,24,0,0,0.974
2024-01-28,Facebook,FB_Sports_Banner,NG,T3,13321,616,0.0462,12.57,0.02,64,13,0.1039,0.2031,26.0,0.97,106.8,20,0,0,0.966
2024-01-28,Facebook,FB_Casino_CreativeA,CA,T1,25256,1091,0.0432,246.39,0.226,113,26,0.1036,0.2301,1622.29,9.48,558.4,34,1,0,0.973
2024-01-28,Facebook,FB_Casino_CreativeA,AU,T1,44929,1181,0.0263,423.97,0.359,96,22,0.0813,0.2292,1054.62,19.27,148.7,34,1,0,0.965
2024-01-28,Facebook,FB_Sports_Banner,IN,T3,11773,453,0.0385,15.84,0.035,30,9,0.0662,0.3,58.53,1.76,269.5,7,0,0,0.972
2024-01-28,Google_Search,GG_Sports_Betting,DE,T1,40692,1210,0.0297,1212.45,1.002,169,47,0.1397,0.2781,4299.45,25.8,254.6,16,0,0,0.99
2024-01-28,Google_Search,GG_Casino_KW_Brand,BR,T2,20382,632,0.031,193.18,0.306,57,19,0.0902,0.3333,590.1,10.17,205.5,8,0,0,0.991
2024-01-28,Google_Search,GG_Casino_KW_Brand,PL,T2,13051,489,0.0375,141.66,0.29,84,21,0.1718,0.25,1201.83,6.75,748.4,7,0,0,0.989
2024-01-28,Google_Search,GG_Slots_KW_Generic,NG,T3,19750,656,0.0332,41.75,0.064,73,22,0.1113,0.3014,364.38,1.9,772.8,3,0,0,0.991
2024-01-28,Google_Search,GG_Casino_KW_Brand,CA,T1,22635,585,0.0258,521.77,0.892,111,34,0.1897,0.3063,3817.38,15.35,631.6,6,0,0,0.992
2024-01-28,Google_Search,GG_Sports_Betting,AU,T1,24631,1062,0.0431,568.69,0.535,94,27,0.0885,0.2872,2123.35,21.06,273.4,13,0,0,0.988
2024-01-28,Google_Search,GG_Slots_KW_Generic,IN,T3,33394,1093,0.0327,121.18,0.111,183,61,0.1674,0.3333,755.76,1.99,523.7,12,0,0,0.989
2024-01-28,Push_Network,Push_Casino_Retarget,DE,T1,19261,237,0.0123,31.79,0.134,10,1,0.0422,0.1,14.92,31.79,-53.1,35,0,0,0.879
2024-01-28,Push_Network,Push_iGaming_Broad,BR,T2,32273,813,0.0252,19.72,0.024,27,4,0.0332,0.1481,93.49,4.93,374.1,70,0,0,0.841
2024-01-28,Push_Network,Push_iGaming_Broad,PL,T2,38236,768,0.0201,30.95,0.04,25,2,0.0326,0.08,44.27,15.47,43.0,88,0,0,0.86
2024-01-28,Push_Network,Push_Casino_Retarget,NG,T3,22617,523,0.0231,3.32,0.006,16,2,0.0306,0.125,23.75,1.66,615.4,109,0,0,0.87
2024-01-28,Push_Network,Push_iGaming_Broad,CA,T1,12769,313,0.0245,20.41,0.065,15,2,0.0479,0.1333,52.84,10.21,158.9,59,0,0,0.844
2024-01-28,Push_Network,Push_iGaming_Broad,AU,T1,8433,185,0.0219,13.2,0.071,11,0,0.0595,0.0,0.0,,-100.0,26,0,0,0.851
2024-01-28,Push_Network,Push_iGaming_Broad,IN,T3,36325,909,0.025,9.65,0.011,26,2,0.0286,0.0769,35.82,4.83,271.2,166,0,0,0.854
2024-01-28,Native_Ads,Native_Bonus_Landing,DE,T1,14504,399,0.0275,71.81,0.18,16,2,0.0401,0.125,169.13,35.91,135.5,32,0,0,0.94
2024-01-28,Native_Ads,Native_Bonus_Landing,BR,T2,48962,463,0.0095,83.48,0.18,35,6,0.0756,0.1714,132.49,13.91,58.7,23,0,0,0.948
2024-01-28,Native_Ads,Native_Review_Article,PL,T2,28363,279,0.0098,67.05,0.24,25,5,0.0896,0.2,175.71,13.41,162.1,9,0,0,0.928
2024-01-28,Native_Ads,Native_Bonus_Landing,NG,T3,15945,278,0.0174,8.53,0.031,18,4,0.0647,0.2222,26.83,2.13,214.5,19,0,0,0.931
2024-01-28,Native_Ads,Native_Review_Article,CA,T1,80705,2221,0.0275,363.81,0.164,122,15,0.0549,0.123,754.99,24.25,107.5,167,1,0,0.94
2024-01-28,Native_Ads,Native_Bonus_Landing,AU,T1,58594,1510,0.0258,256.7,0.17,86,17,0.057,0.1977,1236.08,15.1,381.5,56,2,0,0.949
2024-01-28,Native_Ads,Native_Review_Article,IN,T3,29494,521,0.0177,18.85,0.036,43,10,0.0825,0.2326,67.21,1.89,256.6,45,0,0,0.943
2024-01-28,TikTok,TT_Sports_Short,DE,T1,23042,691,0.03,162.57,0.235,42,7,0.0608,0.1667,395.92,23.22,143.5,35,0,0,0.933
2024-01-28,TikTok,TT_Sports_Short,BR,T2,73492,1019,0.0139,135.86,0.133,62,10,0.0608,0.1613,101.79,13.59,-25.1,113,2,0,0.935
2024-01-28,TikTok,TT_Sports_Short,PL,T2,13498,333,0.0247,31.86,0.096,22,3,0.0661,0.1364,69.18,10.62,117.1,28,0,0,0.915
2024-01-28,TikTok,TT_Sports_Short,NG,T3,20876,286,0.0137,12.6,0.044,17,2,0.0594,0.1176,19.78,6.3,57.0,23,0,0,0.926
2024-01-28,TikTok,TT_Sports_Short,CA,T1,16771,324,0.0193,115.67,0.357,20,2,0.0617,0.1,80.55,57.84,-30.4,24,0,0,0.908
2024-01-28,TikTok,TT_Sports_Short,AU,T1,18019,464,0.0258,92.14,0.199,22,4,0.0474,0.1818,140.79,23.04,52.8,53,0,0,0.909
2024-01-28,TikTok,TT_Sports_Short,IN,T3,17833,424,0.0238,14.1,0.033,30,4,0.0708,0.1333,9.58,3.52,-32.1,34,0,0,0.931
2024-01-28,Affiliate_SEO,SEO_CasinoReview_DE,DE,T1,49412,969,0.0196,0.0,,215,47,0.2219,0.2186,6225.6,,,12,0,0,0.983
2024-01-28,Affiliate_SEO,SEO_BonusGuide_BR,BR,T2,7078,106,0.015,0.0,,28,10,0.2642,0.3571,553.09,,,1,0,0,0.977
2024-01-28,Affiliate_SEO,SEO_CasinoReview_DE,PL,T2,3493,46,0.0132,0.0,,10,3,0.2174,0.3,157.02,,,1,0,0,0.981
2024-01-28,Affiliate_SEO,SEO_BonusGuide_BR,NG,T3,1173,25,0.0213,0.0,,4,1,0.16,0.25,20.54,,,0,0,0,0.979
2024-01-28,Affiliate_SEO,SEO_BonusGuide_BR,CA,T1,22148,379,0.0171,0.0,,101,29,0.2665,0.2871,3083.36,,,8,0,0,0.982
2024-01-28,Affiliate_SEO,SEO_CasinoReview_DE,AU,T1,32391,688,0.0212,0.0,,148,38,0.2151,0.2568,4010.91,,,19,1,0,0.984
2024-01-28,Affiliate_SEO,SEO_BonusGuide_BR,IN,T3,4467,93,0.0208,0.0,,28,11,0.3011,0.3929,167.29,,,2,0,0,0.982
2024-01-29,Facebook,FB_Casino_CreativeA,DE,T1,21132,466,0.0221,213.17,0.457,58,12,0.1245,0.2069,730.88,17.76,242.9,12,0,0,0.972
2024-01-29,Facebook,FB_Sports_Banner,BR,T2,10264,281,0.0274,33.46,0.119,31,6,0.1103,0.1935,195.78,5.58,485.1,11,0,0,0.968
2024-01-29,Facebook,FB_Slots_Video,PL,T2,34374,1474,0.0429,127.34,0.086,160,51,0.1085,0.3187,2579.0,2.5,1925.3,48,1,0,0.97
2024-01-29,Facebook,FB_Casino_CreativeA,NG,T3,64833,2202,0.034,59.6,0.027,154,39,0.0699,0.2532,479.98,1.53,705.3,84,1,0,0.975
2024-01-29,Facebook,FB_Sports_Banner,CA,T1,32775,1453,0.0443,283.21,0.195,126,30,0.0867,0.2381,2245.73,9.44,693.0,49,0,0,0.964
2024-01-29,Facebook,FB_Casino_CreativeA,AU,T1,17564,696,0.0396,164.21,0.236,89,18,0.1279,0.2022,1442.0,9.12,778.1,18,0,0,0.974
2024-01-29,Facebook,FB_Sports_Banner,IN,T3,31148,1144,0.0367,39.09,0.034,100,21,0.0874,0.21,241.76,1.86,518.5,19,0,0,0.965
2024-01-29,Google_Search,GG_Casino_KW_Brand,DE,T1,11199,349,0.0312,268.02,0.768,54,18,0.1547,0.3333,1904.72,14.89,610.7,2,0,0,0.988
2024-01-29,Google_Search,GG_Sports_Betting,BR,T2,13012,548,0.0421,116.8,0.213,63,19,0.115,0.3016,785.26,6.15,572.3,6,0,0,0.988
2024-01-29,Google_Search,GG_Sports_Betting,PL,T2,36735,1361,0.037,380.57,0.28,161,51,0.1183,0.3168,2684.04,7.46,605.3,14,0,0,0.992
2024-01-29,Google_Search,GG_Casino_KW_Brand,NG,T3,43363,1883,0.0434,115.19,0.061,290,87,0.154,0.3,658.46,1.32,471.6,11,0,0,0.991
2024-01-29,Google_Search,GG_Casino_KW_Brand,CA,T1,21523,977,0.0454,587.58,0.601,130,42,0.1331,0.3231,4079.46,13.99,594.3,13,0,0,0.991
2024-01-29,Google_Search,GG_Casino_KW_Brand,AU,T1,34504,682,0.0198,771.19,1.131,99,26,0.1452,0.2626,2365.49,29.66,206.7,5,0,0,0.99
2024-01-29,Google_Search,GG_Casino_KW_Brand,IN,T3,14640,545,0.0372,49.55,0.091,105,16,0.1927,0.1524,249.65,3.1,403.8,5,0,0,0.989
2024-01-29,Push_Network,Push_iGaming_Broad,DE,T1,21049,300,0.0143,36.63,0.122,14,1,0.0467,0.0714,32.41,36.63,-11.5,53,0,0,0.867
2024-01-29,Push_Network,Push_Casino_Retarget,BR,T2,18852,520,0.0276,11.29,0.022,24,3,0.0462,0.125,73.32,3.76,549.4,63,0,0,0.834
2024-01-29,Push_Network,Push_iGaming_Broad,PL,T2,12612,240,0.019,8.19,0.034,8,0,0.0333,0.0,0.0,,-100.0,22,0,0,0.834
2024-01-29,Push_Network,Push_Casino_Retarget,NG,T3,15352,206,0.0134,2.8,0.014,8,1,0.0388,0.125,10.3,2.8,267.9,15,0,0,0.834
2024-01-29,Push_Network,Push_iGaming_Broad,CA,T1,37192,734,0.0197,67.72,0.092,21,2,0.0286,0.0952,72.45,33.86,7.0,84,1,0,0.871
2024-01-29,Push_Network,Push_Casino_Retarget,AU,T1,27499,257,0.0093,46.99,0.183,9,0,0.035,0.0,0.0,,-100.0,26,0,0,0.837
2024-01-29,Push_Network,Push_Casino_Retarget,IN,T3,57385,1095,0.0191,12.11,0.011,41,5,0.0374,0.122,10.0,2.42,-17.4,115,1,0,0.887
2024-01-29,Native_Ads,Native_Review_Article,DE,T1,28784,484,0.0168,175.79,0.363,25,4,0.0517,0.16,289.31,43.95,64.6,43,0,0,0.944
2024-01-29,Native_Ads,Native_Review_Article,BR,T2,46009,1098,0.0239,91.25,0.083,115,28,0.1047,0.2435,618.33,3.26,577.6,74,3,0,0.939
2024-01-29,Native_Ads,Native_Bonus_Landing,PL,T2,19571,413,0.0211,46.99,0.114,32,5,0.0775,0.1562,209.61,9.4,346.1,27,0,0,0.945
2024-01-29,Native_Ads,Native_Review_Article,NG,T3,14422,301,0.0209,6.78,0.023,25,6,0.0831,0.24,100.98,1.13,1389.4,15,0,0,0.949
2024-01-29,Native_Ads,Native_Bonus_Landing,CA,T1,18587,439,0.0236,93.86,0.214,31,5,0.0706,0.1613,372.03,18.77,296.4,25,0,0,0.95
2024-01-29,Native_Ads,Native_Bonus_Landing,AU,T1,12868,171,0.0133,63.21,0.37,14,2,0.0819,0.1429,136.02,31.61,115.2,10,0,0,0.936
2024-01-29,Native_Ads,Native_Review_Article,IN,T3,29597,262,0.0089,20.91,0.08,13,3,0.0496,0.2308,30.53,6.97,46.0,12,0,0,0.932
2024-01-29,TikTok,TT_Sports_Short,DE,T1,20217,483,0.0239,145.85,0.302,23,3,0.0476,0.1304,136.16,48.62,-6.6,38,0,0,0.919
2024-01-29,TikTok,TT_Casino_UGC,BR,T2,13636,213,0.0156,30.56,0.143,12,1,0.0563,0.0833,9.12,30.56,-70.2,12,0,0,0.921
2024-01-29,TikTok,TT_Sports_Short,PL,T2,31146,682,0.0219,95.26,0.14,35,4,0.0513,0.1143,83.3,23.82,-12.6,80,1,0,0.919
2024-01-29,TikTok,TT_Casino_UGC,NG,T3,20254,304,0.015,12.51,0.041,15,2,0.0493,0.1333,4.0,6.25,-68.0,15,0,0,0.925
2024-01-29,TikTok,TT_Casino_UGC,CA,T1,18863,477,0.0253,109.05,0.229,28,5,0.0587,0.1786,241.95,21.81,121.9,29,0,0,0.928
2024-01-29,TikTok,TT_Casino_UGC,AU,T1,29725,359,0.0121,177.61,0.495,24,4,0.0669,0.1667,151.91,44.4,-14.5,31,0,0,0.907
2024-01-29,TikTok,TT_Sports_Short,IN,T3,25750,755,0.0293,23.73,0.031,44,9,0.0583,0.2045,18.0,2.64,-24.1,54,0,0,0.932
2024-01-29,Affiliate_SEO,SEO_CasinoReview_DE,DE,T1,82072,2148,0.0262,0.0,,509,161,0.237,0.3163,20941.85,,,42,3,0,0.976
2024-01-29,Affiliate_SEO,SEO_BonusGuide_BR,BR,T2,6894,104,0.0151,0.0,,16,5,0.1538,0.3125,259.29,,,2,0,0,0.98
2024-01-29,Affiliate_SEO,SEO_CasinoReview_DE,PL,T2,19277,347,0.018,0.0,,94,29,0.2709,0.3085,1600.24,,,4,0,0,0.979
2024-01-29,Affiliate_SEO,SEO_BonusGuide_BR,NG,T3,2389,68,0.0285,0.0,,15,5,0.2206,0.3333,89.14,,,0,0,0,0.98
2024-01-29,Affiliate_SEO,SEO_CasinoReview_DE,CA,T1,19347,287,0.0148,0.0,,80,24,0.2787,0.3,2647.78,,,3,0,0,0.984
2024-01-29,Affiliate_SEO,SEO_BonusGuide_BR,AU,T1,22268,582,0.0261,0.0,,142,55,0.244,0.3873,6140.07,,,13,0,0,0.979
2024-01-29,Affiliate_SEO,SEO_CasinoReview_DE,IN,T3,2548,55,0.0216,0.0,,12,2,0.2182,0.1667,27.54,,,1,0,0,0.978
2024-01-30,Facebook,FB_Slots_Video,DE,T1,14421,643,0.0446,130.69,0.203,57,12,0.0886,0.2105,904.05,10.89,591.8,26,0,0,0.975
2024-01-30,Facebook,FB_Casino_CreativeA,BR,T2,34057,829,0.0243,95.02,0.115,56,12,0.0676,0.2143,331.62,7.92,249.0,17,0,0,0.97
2024-01-30,Facebook,FB_Casino_CreativeA,PL,T2,20461,778,0.038,83.52,0.107,56,12,0.072,0.2143,472.35,6.96,465.6,20,0,0,0.973
2024-01-30,Facebook,FB_Slots_Video,NG,T3,30894,1170,0.0379,25.37,0.022,103,20,0.088,0.1942,481.27,1.27,1797.0,52,1,0,0.964
2024-01-30,Facebook,FB_Sports_Banner,CA,T1,19962,654,0.0328,196.59,0.301,28,6,0.0428,0.2143,364.84,32.77,85.6,24,0,0,0.971
2024-01-30,Facebook,FB_Sports_Banner,AU,T1,12050,687,0.057,107.57,0.157,63,14,0.0917,0.2222,1038.08,7.68,865.0,12,0,0,0.967
2024-01-30,Facebook,FB_Casino_CreativeA,IN,T3,28575,1097,0.0384,37.78,0.034,100,23,0.0912,0.23,538.1,1.64,1324.3,38,1,0,0.969
2024-01-30,Google_Search,GG_Casino_KW_Brand,DE,T1,25949,1197,0.0461,640.42,0.535,168,73,0.1404,0.4345,6156.25,8.77,861.3,12,0,0,0.991
2024-01-30,Google_Search,GG_Casino_KW_Brand,BR,T2,11721,320,0.0273,113.17,0.354,29,7,0.0906,0.2414,266.58,16.17,135.6,4,0,0,0.99
2024-01-30,Google_Search,GG_Sports_Betting,PL,T2,28280,910,0.0322,349.21,0.384,106,29,0.1165,0.2736,1438.5,12.04,311.9,13,0,0,0.991
2024-01-30,Google_Search,GG_Slots_KW_Generic,NG,T3,26405,719,0.0272,69.76,0.097,144,51,0.2003,0.3542,941.82,1.37,1250.1,6,0,0,0.99
2024-01-30,Google_Search,GG_Sports_Betting,CA,T1,12701,511,0.0402,341.02,0.667,84,21,0.1644,0.25,2165.89,16.24,535.1,6,0,0,0.99
2024-01-30,Google_Search,GG_Slots_KW_Generic,AU,T1,16454,496,0.0301,423.42,0.854,81,25,0.1633,0.3086,2249.43,16.94,431.3,2,0,0,0.99
2024-01-30,Google_Search,GG_Sports_Betting,IN,T3,11440,525,0.0459,36.11,0.069,74,20,0.141,0.2703,285.75,1.81,691.3,4,0,0,0.989
2024-01-30,Push_Network,Push_Casino_Retarget,DE,T1,21504,356,0.0166,38.9,0.109,13,2,0.0365,0.1538,60.6,19.45,55.8,68,0,0,0.883
2024-01-30,Push_Network,Push_iGaming_Broad,BR,T2,15353,310,0.0202,7.34,0.024,14,1,0.0452,0.0714,13.82,7.34,88.3,37,0,0,0.857
2024-01-30,Push_Network,Push_iGaming_Broad,PL,T2,26492,415,0.0157,18.89,0.046,12,1,0.0289,0.0833,17.82,18.89,-5.7,65,0,0,0.855
2024-01-30,Push_Network,Push_iGaming_Broad,NG,T3,4713,72,0.0153,0.79,0.011,2,0,0.0278,0.0,0.0,,-100.0,5,0,0,0.884
2024-01-30,Push_Network,Push_iGaming_Broad,CA,T1,10701,220,0.0206,18.39,0.084,12,1,0.0545,0.0833,33.4,18.39,81.6,24,0,0,0.841
2024-01-30,Push_Network,Push_Casino_Retarget,AU,T1,23676,431,0.0182,32.48,0.075,14,1,0.0325,0.0714,21.44,32.48,-34.0,45,0,0,0.843
2024-01-30,Push_Network,Push_Casino_Retarget,IN,T3,30742,550,0.0179,7.38,0.013,18,2,0.0327,0.1111,16.9,3.69,129.0,81,0,0,0.868
2024-01-30,Native_Ads,Native_Review_Article,DE,T1,11118,159,0.0143,64.11,0.403,10,2,0.0629,0.2,146.31,32.05,128.2,12,0,0,0.951
2024-01-30,Native_Ads,Native_Bonus_Landing,BR,T2,44267,1136,0.0257,80.54,0.071,105,25,0.0924,0.2381,602.41,3.22,648.0,54,1,0,0.948
2024-01-30,Native_Ads,Native_Bonus_Landing,PL,T2,10427,221,0.0212,23.75,0.107,15,2,0.0679,0.1333,59.98,11.88,152.5,9,0,0,0.938
2024-01-30,Native_Ads,Native_Bonus_Landing,NG,T3,11268,164,0.0146,5.18,0.032,9,0,0.0549,0.0,0.0,,-100.0,11,0,0,0.933
2024-01-30,Native_Ads,Native_Review_Article,CA,T1,19208,351,0.0183,95.24,0.271,27,6,0.0769,0.2222,279.98,15.87,194.0,20,0,0,0.939
2024-01-30,Native_Ads,Native_Bonus_Landing,AU,T1,38346,417,0.0109,191.38,0.459,40,8,0.0959,0.2,526.08,23.92,174.9,21,0,0,0.933
2024-01-30,Native_Ads,Native_Bonus_Landing,IN,T3,51888,1081,0.0208,38.91,0.036,55,12,0.0509,0.2182,33.12,3.24,-14.9,93,0,0,0.948
2024-01-30,TikTok,TT_Sports_Short,DE,T1,14400,232,0.0161,107.92,0.465,15,2,0.0647,0.1333,111.26,53.96,3.1,12,0,0,0.906
2024-01-30,TikTok,TT_Casino_UGC,BR,T2,11038,203,0.0184,20.8,0.102,10,1,0.0493,0.1,3.73,20.8,-82.1,22,0,0,0.934
2024-01-30,TikTok,TT_Casino_UGC,PL,T2,9649,162,0.0168,26.45,0.163,8,1,0.0494,0.125,20.49,26.45,-22.5,13,0,0,0.925
2024-01-30,TikTok,TT_Casino_UGC,NG,T3,40300,919,0.0228,20.83,0.023,51,7,0.0555,0.1373,59.29,2.98,184.6,74,0,0,0.936
2024-01-30,TikTok,TT_Sports_Short,CA,T1,47516,769,0.0162,301.83,0.392,41,7,0.0533,0.1707,346.03,43.12,14.6,56,0,0,0.936
2024-01-30,TikTok,TT_Casino_UGC,AU,T1,21870,517,0.0236,140.77,0.272,32,3,0.0619,0.0938,123.86,46.92,-12.0,46,1,0,0.929
2024-01-30,TikTok,TT_Casino_UGC,IN,T3,34897,591,0.0169,34.69,0.059,38,1,0.0643,0.0263,13.67,34.69,-60.6,65,0,0,0.925
2024-01-30,Affiliate_SEO,SEO_BonusGuide_BR,DE,T1,27279,783,0.0287,0.0,,141,31,0.1801,0.2199,3798.93,,,11,0,0,0.982
2024-01-30,Affiliate_SEO,SEO_BonusGuide_BR,BR,T2,6658,141,0.0212,0.0,,27,6,0.1915,0.2222,286.85,,,1,0,0,0.977
2024-01-30,Affiliate_SEO,SEO_BonusGuide_BR,PL,T2,11454,264,0.023,0.0,,71,33,0.2689,0.4648,2173.85,,,3,0,0,0.979
2024-01-30,Affiliate_SEO,SEO_BonusGuide_BR,NG,T3,6961,79,0.0113,0.0,,23,8,0.2911,0.3478,127.14,,,2,0,0,0.98
2024-01-30,Affiliate_SEO,SEO_CasinoReview_DE,CA,T1,49166,1513,0.0308,0.0,,334,82,0.2208,0.2455,10019.15,,,19,1,0,0.977
2024-01-30,Affiliate_SEO,SEO_BonusGuide_BR,AU,T1,33050,627,0.019,0.0,,124,51,0.1978,0.4113,6208.43,,,6,0,0,0.982
2024-01-30,Affiliate_SEO,SEO_CasinoReview_DE,IN,T3,4161,104,0.025,0.0,,27,6,0.2596,0.2222,112.68,,,2,0,0,0.981
2024-01-31,Facebook,FB_Sports_Banner,DE,T1,15970,554,0.0347,145.07,0.262,51,14,0.0921,0.2745,1225.37,10.36,744.7,21,0,0,0.975
2024-01-31,Facebook,FB_Slots_Video,BR,T2,17151,443,0.0258,54.85,0.124,48,6,0.1084,0.125,208.79,9.14,280.7,15,0,0,0.975
2024-01-31,Facebook,FB_Slots_Video,PL,T2,23618,1123,0.0475,87.64,0.078,92,18,0.0819,0.1957,729.2,4.87,732.0,29,0,0,0.972
2024-01-31,Facebook,FB_Slots_Video,NG,T3,51573,2185,0.0424,48.08,0.022,164,46,0.0751,0.2805,684.93,1.05,1324.6,83,1,0,0.965
2024-01-31,Facebook,FB_Sports_Banner,CA,T1,13004,412,0.0317,105.54,0.256,45,6,0.1092,0.1333,548.71,17.59,419.9,12,0,0,0.973
2024-01-31,Facebook,FB_Slots_Video,AU,T1,36799,1133,0.0308,334.55,0.295,104,43,0.0918,0.4135,3396.11,7.78,915.1,45,1,0,0.969
2024-01-31,Facebook,FB_Sports_Banner,IN,T3,54410,2142,0.0394,75.62,0.035,170,32,0.0794,0.1882,64.0,2.36,-15.4,96,1,0,0.968
2024-01-31,Google_Search,GG_Casino_KW_Brand,DE,T1,21300,655,0.0308,594.53,0.908,95,36,0.145,0.3789,3340.55,16.51,461.9,3,0,0,0.99
2024-01-31,Google_Search,GG_Sports_Betting,BR,T2,33476,1183,0.0353,256.21,0.217,203,58,0.1716,0.2857,1893.63,4.42,639.1,13,0,0,0.988
2024-01-31,Google_Search,GG_Sports_Betting,PL,T2,21610,670,0.031,267.52,0.399,121,38,0.1806,0.314,2094.52,7.04,682.9,5,0,0,0.991
2024-01-31,Google_Search,GG_Slots_KW_Generic,NG,T3,16462,487,0.0296,35.95,0.074,62,15,0.1273,0.2419,174.26,2.4,384.7,3,0,0,0.991
2024-01-31,Google_Search,GG_Casino_KW_Brand,CA,T1,38562,1020,0.0265,960.71,0.942,169,48,0.1657,0.284,4948.79,20.01,415.1,5,0,0,0.992
2024-01-31,Google_Search,GG_Slots_KW_Generic,AU,T1,20252,786,0.0388,449.92,0.572,135,40,0.1718,0.2963,3784.34,11.25,741.1,7,0,0,0.99
2024-01-31,Google_Search,GG_Casino_KW_Brand,IN,T3,59847,2187,0.0365,245.17,0.112,428,95,0.1957,0.222,2430.19,2.58,891.2,15,0,0,0.989
2024-01-31,Push_Network,Push_Casino_Retarget,DE,T1,18254,254,0.0139,32.92,0.13,6,0,0.0236,0.0,0.0,,-100.0,40,0,0,0.867
2024-01-31,Push_Network,Push_iGaming_Broad,BR,T2,12645,118,0.0093,7.01,0.059,4,0,0.0339,0.0,0.0,,-100.0,18,0,0,0.866
2024-01-31,Push_Network,Push_Casino_Retarget,PL,T2,18971,482,0.0254,14.56,0.03,29,4,0.0602,0.1379,119.34,3.64,719.6,85,1,0,0.835
2024-01-31,Push_Network,Push_Casino_Retarget,NG,T3,12222,279,0.0228,1.69,0.006,9,1,0.0323,0.1111,8.8,1.69,420.7,34,0,0,0.842
2024-01-31,Push_Network,Push_iGaming_Broad,CA,T1,16272,301,0.0185,26.39,0.088,12,1,0.0399,0.0833,20.85,26.39,-21.0,41,0,0,0.837
2024-01-31,Push_Network,Push_iGaming_Broad,AU,T1,27945,534,0.0191,41.94,0.079,14,1,0.0262,0.0714,35.02,41.94,-16.5,79,0,0,0.844
2024-01-31,Push_Network,Push_Casino_Retarget,IN,T3,18079,432,0.0239,4.49,0.01,19,1,0.044,0.0526,7.57,4.49,68.6,31,0,0,0.846
2024-01-31,Native_Ads,Native_Review_Article,DE,T1,30594,470,0.0154,168.44,0.358,33,8,0.0702,0.2424,568.26,21.05,237.4,40,0,0,0.945
2024-01-31,Native_Ads,Native_Review_Article,BR,T2,19446,278,0.0143,35.35,0.127,12,2,0.0432,0.1667,47.91,17.68,35.5,9,0,0,0.931
2024-01-31,Native_Ads,Native_Bonus_Landing,PL,T2,30873,576,0.0187,59.76,0.104,54,10,0.0938,0.1852,421.93,5.98,606.0,51,1,0,0.937
2024-01-31,Native_Ads,Native_Review_Article,NG,T3,21018,562,0.0267,12.01,0.021,37,8,0.0658,0.2162,16.0,1.5,33.2,39,0,0,0.949
2024-01-31,Native_Ads,Native_Review_Article,CA,T1,42770,712,0.0166,210.66,0.296,59,10,0.0829,0.1695,526.63,21.07,150.0,51,1,0,0.948
2024-01-31,Native_Ads,Native_Bonus_Landing,AU,T1,20066,423,0.0211,85.47,0.202,35,7,0.0827,0.2,381.0,12.21,345.8,33,0,0,0.947
2024-01-31,Native_Ads,Native_Bonus_Landing,IN,T3,21089,388,0.0184,17.53,0.045,32,6,0.0825,0.1875,13.87,2.92,-20.9,17,0,0,0.93
2024-01-31,TikTok,TT_Sports_Short,DE,T1,13699,182,0.0133,89.63,0.492,8,1,0.044,0.125,59.18,89.63,-34.0,7,0,0,0.934
2024-01-31,TikTok,TT_Casino_UGC,BR,T2,65194,1233,0.0189,153.13,0.124,52,7,0.0422,0.1346,171.88,21.88,12.2,140,0,0,0.91
2024-01-31,TikTok,TT_Sports_Short,PL,T2,18220,415,0.0228,46.24,0.111,22,4,0.053,0.1818,100.93,11.56,118.3,30,0,0,0.923
2024-01-31,TikTok,TT_Sports_Short,NG,T3,23309,288,0.0124,14.64,0.051,13,1,0.0451,0.0769,5.38,14.64,-63.3,20,0,0,0.916
2024-01-31,TikTok,TT_Sports_Short,CA,T1,55424,1314,0.0237,346.1,0.263,91,13,0.0693,0.1429,607.64,26.62,75.6,68,2,0,0.91
2024-01-31,TikTok,TT_Casino_UGC,AU,T1,20210,293,0.0145,117.41,0.401,17,2,0.058,0.1176,82.31,58.7,-29.9,24,0,0,0.913
2024-01-31,TikTok,TT_Sports_Short,IN,T3,56534,1715,0.0303,50.24,0.029,92,15,0.0536,0.163,50.38,3.35,0.3,72,2,0,0.935
2024-01-31,Affiliate_SEO,SEO_CasinoReview_DE,DE,T1,48160,911,0.0189,0.0,,158,35,0.1734,0.2215,4699.14,,,13,1,0,0.977
2024-01-31,Affiliate_SEO,SEO_CasinoReview_DE,BR,T2,6312,163,0.0258,0.0,,40,9,0.2454,0.225,465.84,,,3,0,0,0.983
2024-01-31,Affiliate_SEO,SEO_CasinoReview_DE,PL,T2,19060,362,0.019,0.0,,76,30,0.2099,0.3947,1871.37,,,3,0,0,0.982
2024-01-31,Affiliate_SEO,SEO_CasinoReview_DE,NG,T3,2753,46,0.0167,0.0,,10,4,0.2174,0.4,32.29,,,1,0,0,0.977
2024-01-31,Affiliate_SEO,SEO_CasinoReview_DE,CA,T1,34125,569,0.0167,0.0,,127,34,0.2232,0.2677,4221.44,,,14,0,0,0.977
2024-01-31,Affiliate_SEO,SEO_CasinoReview_DE,AU,T1,33886,354,0.0104,0.0,,72,21,0.2034,0.2917,2342.11,,,8,0,0,0.979
2024-01-31,Affiliate_SEO,SEO_CasinoReview_DE,IN,T3,3528,53,0.015,0.0,,11,4,0.2075,0.3636,120.9,,,0,0,0,0.982
2024-02-01,Facebook,FB_Sports_Banner,DE,T1,11289,419,0.0371,96.09,0.229,33,7,0.0788,0.2121,508.32,13.73,429.0,13,0,0,0.97
2024-02-01,Facebook,FB_Sports_Banner,BR,T2,11772,430,0.0365,41.19,0.096,42,11,0.0977,0.2619,307.68,3.74,647.0,15,0,0,0.968
2024-02-01,Facebook,FB_Slots_Video,PL,T2,30211,955,0.0316,121.0,0.127,62,14,0.0649,0.2258,494.85,8.64,309.0,30,0,0,0.966
2024-02-01,Facebook,FB_Slots_Video,NG,T3,13919,528,0.0379,14.25,0.027,59,13,0.1117,0.2203,105.0,1.1,636.8,15,0,0,0.974
2024-02-01,Facebook,FB_Casino_CreativeA,CA,T1,35725,1244,0.0348,323.49,0.26,150,37,0.1206,0.2467,2651.23,8.74,719.6,26,0,0,0.975
2024-02-01,Facebook,FB_Casino_CreativeA,AU,T1,24365,1151,0.0472,222.63,0.193,93,19,0.0808,0.2043,1538.27,11.72,591.0,41,0,0,0.972
2024-02-01,Facebook,FB_Slots_Video,IN,T3,20920,882,0.0422,27.79,0.032,73,26,0.0828,0.3562,565.12,1.07,1933.5,38,0,0,0.971
2024-02-01,Google_Search,GG_Casino_KW_Brand,DE,T1,22455,834,0.0371,548.31,0.657,99,15,0.1187,0.1515,1527.65,36.55,178.6,6,0,0,0.991
2024-02-01,Google_Search,GG_Casino_KW_Brand,BR,T2,31379,697,0.0222,275.01,0.395,123,44,0.1765,0.3577,1047.65,6.25,280.9,9,0,0,0.992
2024-02-01,Google_Search,GG_Sports_Betting,PL,T2,6645,246,0.037,62.41,0.254,41,13,0.1667,0.3171,686.68,4.8,1000.3,3,0,0,0.99
2024-02-01,Google_Search,GG_Sports_Betting,NG,T3,18749,772,0.0412,45.99,0.06,133,34,0.1723,0.2556,462.75,1.35,906.2,9,0,0,0.991
2024-02-01,Google_Search,GG_Slots_KW_Generic,CA,T1,38103,1007,0.0264,925.43,0.919,125,38,0.1241,0.304,3500.39,24.35,278.2,8,0,0,0.989
2024-02-01,Google_Search,GG_Casino_KW_Brand,AU,T1,9165,224,0.0244,219.56,0.98,39,17,0.1741,0.4359,1771.21,12.92,706.7,2,0,0,0.991
2024-02-01,Google_Search,GG_Slots_KW_Generic,IN,T3,43671,1606,0.0368,152.81,0.095,258,83,0.1606,0.3217,2232.31,1.84,1360.8,12,0,0,0.991
2024-02-01,Push_Network,Push_Casino_Retarget,DE,T1,42050,709,0.0169,75.77,0.107,29,3,0.0409,0.1034,75.42,25.26,-0.5,131,1,0,0.885
2024-02-01,Push_Network,Push_Casino_Retarget,BR,T2,10775,269,0.025,5.38,0.02,10,1,0.0372,0.1,16.65,5.38,209.5,49,0,0,0.846
2024-02-01,Push_Network,Push_Casino_Retarget,PL,T2,19328,451,0.0233,13.74,0.03,24,2,0.0532,0.0833,9.89,6.87,-28.0,56,1,0,0.845
2024-02-01,Push_Network,Push_iGaming_Broad,NG,T3,17850,356,0.0199,2.75,0.008,9,1,0.0253,0.1111,3.19,2.75,16.0,40,0,0,0.844
2024-02-01,Push_Network,Push_iGaming_Broad,CA,T1,27148,272,0.01,46.03,0.169,11,1,0.0404,0.0909,23.37,46.03,-49.2,37,0,0,0.865
2024-02-01,Push_Network,Push_iGaming_Broad,AU,T1,8605,131,0.0152,12.37,0.094,7,0,0.0534,0.0,0.0,,-100.0,24,0,0,0.861
2024-02-01,Push_Network,Push_Casino_Retarget,IN,T3,17162,395,0.023,3.98,0.01,14,1,0.0354,0.0714,13.85,3.98,248.0,67,0,0,0.835
2024-02-01,Native_Ads,Native_Bonus_Landing,DE,T1,16845,518,0.0308,81.98,0.158,35,7,0.0676,0.2,425.99,11.71,419.6,17,0,0,0.933
2024-02-01,Native_Ads,Native_Bonus_Landing,BR,T2,12008,281,0.0234,18.98,0.068,22,3,0.0783,0.1364,78.45,6.33,313.3,25,0,0,0.928
2024-02-01,Native_Ads,Native_Bonus_Landing,PL,T2,21007,360,0.0171,53.31,0.148,29,6,0.0806,0.2069,233.39,8.88,337.8,15,0,0,0.933
2024-02-01,Native_Ads,Native_Review_Article,NG,T3,12727,392,0.0308,5.87,0.015,27,7,0.0689,0.2593,19.48,0.84,231.9,19,0,0,0.948
2024-02-01,Native_Ads,Native_Review_Article,CA,T1,25667,338,0.0132,145.88,0.432,19,3,0.0562,0.1579,219.89,48.63,50.7,23,0,0,0.951
2024-02-01,Native_Ads,Native_Bonus_Landing,AU,T1,28496,780,0.0274,119.31,0.153,54,7,0.0692,0.1296,401.85,17.04,236.8,25,0,0,0.945
2024-02-01,Native_Ads,Native_Bonus_Landing,IN,T3,20022,251,0.0125,14.9,0.059,15,2,0.0598,0.1333,4.0,7.45,-73.2,17,0,0,0.943
2024-02-01,TikTok,TT_Casino_UGC,DE,T1,53548,669,0.0125,345.87,0.517,43,7,0.0643,0.1628,148.44,49.41,-57.1,49,0,0,0.922
2024-02-01,TikTok,TT_Sports_Short,BR,T2,49088,1068,0.0218,106.2,0.099,52,8,0.0487,0.1538,16.0,13.28,-84.9,101,0,0,0.935
2024-02-01,TikTok,TT_Casino_UGC,PL,T2,17560,314,0.0179,53.79,0.171,11,2,0.035,0.1818,55.05,26.89,2.3,19,0,0,0.918
2024-02-01,TikTok,TT_Casino_UGC,NG,T3,16892,372,0.022,10.66,0.029,17,2,0.0457,0.1176,51.99,5.33,387.7,43,0,0,0.908
2024-02-01,TikTok,TT_Sports_Short,CA,T1,8448,142,0.0168,53.25,0.375,10,2,0.0704,0.2,109.85,26.62,106.3,8,0,0,0.928
2024-02-01,TikTok,TT_Sports_Short,AU,T1,51609,1000,0.0194,269.14,0.269,72,10,0.072,0.1389,402.13,26.91,49.4,83,1,0,0.92
2024-02-01,TikTok,TT_Sports_Short,IN,T3,20436,344,0.0168,18.09,0.053,22,4,0.064,0.1818,73.01,4.52,303.6,19,0,0,0.924
2024-02-01,Affiliate_SEO,SEO_CasinoReview_DE,DE,T1,18401,313,0.017,0.0,,65,21,0.2077,0.3231,2693.92,,,5,0,0,0.981
2024-02-01,Affiliate_SEO,SEO_CasinoReview_DE,BR,T2,9973,275,0.0276,0.0,,73,29,0.2655,0.3973,1811.22,,,5,0,0,0.984
2024-02-01,Affiliate_SEO,SEO_CasinoReview_DE,PL,T2,6051,130,0.0215,0.0,,38,9,0.2923,0.2368,544.38,,,3,0,0,0.982
2024-02-01,Affiliate_SEO,SEO_BonusGuide_BR,NG,T3,1497,7,0.0047,0.0,,1,0,0.1429,0.0,0.0,,,0,0,0,0.978
2024-02-01,Affiliate_SEO,SEO_BonusGuide_BR,CA,T1,43013,1173,0.0273,0.0,,289,107,0.2464,0.3702,13304.61,,,16,2,0,0.983
2024-02-01,Affiliate_SEO,SEO_CasinoReview_DE,AU,T1,12194,330,0.0271,0.0,,87,26,0.2636,0.2989,2915.04,,,9,0,0,0.976
2024-02-01,Affiliate_SEO,SEO_CasinoReview_DE,IN,T3,1330,33,0.0248,0.0,,7,1,0.2121,0.1429,20.86,,,0,0,0,0.977
2024-02-02,Facebook,FB_Sports_Banner,DE,T1,15588,332,0.0213,153.89,0.464,29,6,0.0873,0.2069,471.7,25.65,206.5,6,0,0,0.973
2024-02-02,Facebook,FB_Sports_Banner,BR,T2,28992,806,0.0278,82.21,0.102,67,14,0.0831,0.209,459.85,5.87,459.4,25,0,0,0.97
2024-02-02,Facebook,FB_Casino_CreativeA,PL,T2,9674,380,0.0393,41.04,0.108,34,6,0.0895,0.1765,165.43,6.84,303.1,13,0,0,0.972
2024-02-02,Facebook,FB_Sports_Banner,NG,T3,15598,451,0.0289,12.68,0.028,24,5,0.0532,0.2083,10.0,2.54,-21.1,17,0,0,0.975
2024-02-02,Facebook,FB_Sports_Banner,CA,T1,33966,982,0.0289,307.43,0.313,82,17,0.0835,0.2073,1129.03,18.08,267.2,34,1,0,0.974
2024-02-02,Facebook,FB_Slots_Video,AU,T1,19477,349,0.0179,179.58,0.515,24,4,0.0688,0.1667,305.58,44.9,70.2,14,0,0,0.973
2024-02-02,Facebook,FB_Slots_Video,IN,T3,16806,418,0.0249,20.3,0.049,37,6,0.0885,0.1622,109.26,3.38,438.2,15,0,0,0.966
2024-02-02,Google_Search,GG_Sports_Betting,DE,T1,24881,871,0.035,742.53,0.853,134,30,0.1538,0.2239,3059.98,24.75,312.1,5,0,0,0.991
2024-02-02,Google_Search,GG_Sports_Betting,BR,T2,23096,769,0.0333,168.91,0.22,139,32,0.1808,0.2302,1218.72,5.28,621.5,4,0,0,0.99
2024-02-02,Google_Search,GG_Slots_KW_Generic,PL,T2,23865,1002,0.042,251.33,0.251,190,46,0.1896,0.2421,1805.93,5.46,618.5,7,0,0,0.988
2024-02-02,Google_Search,GG_Slots_KW_Generic,NG,T3,24778,833,0.0336,56.45,0.068,132,39,0.1585,0.2955,1256.91,1.45,2126.6,6,0,0,0.99
2024-02-02,Google_Search,GG_Casino_KW_Brand,CA,T1,15403,373,0.0242,417.48,1.119,57,23,0.1528,0.4035,2293.21,18.15,449.3,4,0,0,0.988
2024-02-02,Google_Search,GG_Casino_KW_Brand,AU,T1,21226,832,0.0392,424.18,0.51,127,41,0.1526,0.3228,4098.45,10.35,866.2,10,0,0,0.989
2024-02-02,Google_Search,GG_Casino_KW_Brand,IN,T3,15101,686,0.0454,48.86,0.071,113,25,0.1647,0.2212,685.42,1.95,1302.8,4,0,0,0.992
2024-02-02,Push_Network,Push_iGaming_Broad,DE,T1,6035,140,0.0232,9.2,0.066,4,0,0.0286,0.0,0.0,,-100.0,19,0,0,0.854
2024-02-02,Push_Network,Push_Casino_Retarget,BR,T2,17335,364,0.021,8.92,0.025,14,1,0.0385,0.0714,20.99,8.92,135.3,46,0,0,0.851
2024-02-02,Push_Network,Push_Casino_Retarget,PL,T2,21259,381,0.0179,14.47,0.038,12,1,0.0315,0.0833,21.35,14.47,47.5,60,0,0,0.884
2024-02-02,Push_Network,Push_iGaming_Broad,NG,T3,53711,1847,0.0344,9.77,0.005,83,10,0.0449,0.1205,20.0,0.98,104.7,158,4,0,0.847
2024-02-02,Push_Network,Push_iGaming_Broad,CA,T1,23199,655,0.0282,37.95,0.058,27,2,0.0412,0.0741,79.62,18.98,109.8,60,1,0,0.874
2024-02-02,Push_Network,Push_Casino_Retarget,AU,T1,20364,445,0.0219,31.72,0.071,20,1,0.0449,0.05,32.42,31.72,2.2,31,0,0,0.873
2024-02-02,Push_Network,Push_Casino_Retarget,IN,T3,17051,343,0.0201,3.54,0.01,12,1,0.035,0.0833,2.0,3.54,-43.5,29,0,0,0.886
2024-02-02,Native_Ads,Native_Review_Article,DE,T1,20061,428,0.0213,116.59,0.272,33,5,0.0771,0.1515,320.46,23.32,174.9,34,0,0,0.929
2024-02-02,Native_Ads,Native_Bonus_Landing,BR,T2,18528,356,0.0192,28.52,0.08,30,3,0.0843,0.1,61.87,9.51,116.9,12,0,0,0.94
2024-02-02,Native_Ads,Native_Bonus_Landing,PL,T2,16353,315,0.0193,32.93,0.105,22,3,0.0698,0.1364,55.19,10.98,67.6,17,0,0,0.95
2024-02-02,Native_Ads,Native_Review_Article,NG,T3,19065,593,0.0311,10.23,0.017,33,5,0.0556,0.1515,77.33,2.05,655.9,38,0,0,0.934
2024-02-02,Native_Ads,Native_Review_Article,CA,T1,18828,406,0.0216,81.75,0.201,33,5,0.0813,0.1515,317.06,16.35,287.8,34,0,0,0.933
2024-02-02,Native_Ads,Native_Review_Article,AU,T1,44833,1001,0.0223,193.31,0.193,67,16,0.0669,0.2388,1159.24,12.08,499.7,76,0,0,0.939
2024-02-02,Native_Ads,Native_Review_Article,IN,T3,35396,837,0.0236,28.67,0.034,70,16,0.0836,0.2286,322.83,1.79,1026.0,52,1,0,0.932
2024-02-02,TikTok,TT_Casino_UGC,DE,T1,47254,707,0.015,300.74,0.425,51,6,0.0721,0.1176,268.03,50.12,-10.9,35,1,0,0.919
2024-02-02,TikTok,TT_Casino_UGC,BR,T2,19286,331,0.0172,36.08,0.109,18,2,0.0544,0.1111,36.32,18.04,0.7,29,0,0,0.927
2024-02-02,TikTok,TT_Sports_Short,PL,T2,21444,505,0.0235,60.29,0.119,31,5,0.0614,0.1613,83.5,12.06,38.5,57,0,0,0.918
2024-02-02,TikTok,TT_Casino_UGC,NG,T3,74311,1576,0.0212,39.71,0.025,101,11,0.0641,0.1089,69.24,3.61,74.4,160,3,0,0.92
2024-02-02,TikTok,TT_Sports_Short,CA,T1,22257,612,0.0275,149.1,0.244,35,4,0.0572,0.1143,194.43,37.27,30.4,52,0,0,0.918
2024-02-02,TikTok,TT_Casino_UGC,AU,T1,20692,566,0.0274,130.28,0.23,18,2,0.0318,0.1111,56.93,65.14,-56.3,32,0,0,0.918
2024-02-02,TikTok,TT_Sports_Short,IN,T3,11774,109,0.0093,9.65,0.089,4,0,0.0367,0.0,0.0,,-100.0,9,0,0,0.918
2024-02-02,Affiliate_SEO,SEO_BonusGuide_BR,DE,T1,58063,1319,0.0227,0.0,,317,151,0.2403,0.4763,17193.32,,,15,1,0,0.977
2024-02-02,Affiliate_SEO,SEO_BonusGuide_BR,BR,T2,6790,193,0.0284,0.0,,35,13,0.1813,0.3714,591.95,,,4,0,0,0.979
2024-02-02,Affiliate_SEO,SEO_CasinoReview_DE,PL,T2,7205,93,0.0129,0.0,,15,5,0.1613,0.3333,250.46,,,2,0,0,0.98
2024-02-02,Affiliate_SEO,SEO_BonusGuide_BR,NG,T3,3873,37,0.0096,0.0,,8,3,0.2162,0.375,14.75,,,0,0,0,0.983
2024-02-02,Affiliate_SEO,SEO_CasinoReview_DE,CA,T1,5875,164,0.0279,0.0,,42,14,0.2561,0.3333,1612.05,,,4,0,0,0.98
2024-02-02,Affiliate_SEO,SEO_BonusGuide_BR,AU,T1,11084,255,0.023,0.0,,45,11,0.1765,0.2444,1193.79,,,2,0,0,0.98
2024-02-02,Affiliate_SEO,SEO_BonusGuide_BR,IN,T3,3184,67,0.021,0.0,,15,4,0.2239,0.2667,73.79,,,1,0,0,0.979
2024-02-03,Facebook,FB_Sports_Banner,DE,T1,16242,394,0.0243,174.07,0.442,26,5,0.066,0.1923,359.27,34.81,106.4,12,0,0,0.966
2024-02-03,Facebook,FB_Sports_Banner,BR,T2,10506,321,0.0306,32.76,0.102,14,3,0.0436,0.2143,70.2,10.92,114.3,12,0,0,0.968
2024-02-03,Facebook,FB_Casino_CreativeA,PL,T2,17542,640,0.0365,60.87,0.095,64,17,0.1,0.2656,741.97,3.58,1118.9,16,0,0,0.965
2024-02-03,Facebook,FB_Sports_Banner,NG,T3,25228,1055,0.0418,21.81,0.021,88,23,0.0834,0.2614,274.72,0.95,1159.6,41,0,0,0.975
2024-02-03,Facebook,FB_Slots_Video,CA,T1,17565,796,0.0453,135.31,0.17,47,15,0.059,0.3191,1287.6,9.02,851.6,16,0,0,0.964
2024-02-03,Facebook,FB_Slots_Video,AU,T1,22511,1164,0.0517,195.27,0.168,128,29,0.11,0.2266,2730.01,6.73,1298.1,45,1,0,0.974
2024-02-03,Facebook,FB_Casino_CreativeA,IN,T3,24665,791,0.0321,37.12,0.047,65,23,0.0822,0.3538,46.0,1.61,23.9,19,0,0,0.968
2024-02-03,Google_Search,GG_Casino_KW_Brand,DE,T1,24654,957,0.0388,742.79,0.776,142,52,0.1484,0.3662,4922.4,14.28,562.7,5,0,0,0.988
2024-02-03,Google_Search,GG_Sports_Betting,BR,T2,18614,831,0.0446,133.53,0.161,129,37,0.1552,0.2868,1830.62,3.61,1270.9,10,0,0,0.991
2024-02-03,Google_Search,GG_Slots_KW_Generic,PL,T2,24740,666,0.0269,240.77,0.362,124,39,0.1862,0.3145,2226.53,6.17,824.8,6,0,0,0.989
2024-02-03,Google_Search,GG_Slots_KW_Generic,NG,T3,13680,422,0.0308,35.66,0.085,60,20,0.1422,0.3333,184.41,1.78,417.1,5,0,0,0.991
2024-02-03,Google_Search,GG_Sports_Betting,CA,T1,81074,3055,0.0377,1874.76,0.614,491,145,0.1607,0.2953,12405.38,12.93,561.7,43,1,0,0.99
2024-02-03,Google_Search,GG_Casino_KW_Brand,AU,T1,52531,1570,0.0299,1338.93,0.853,174,54,0.1108,0.3103,4973.54,24.8,271.5,21,0,0,0.989
2024-02-03,Google_Search,GG_Slots_KW_Generic,IN,T3,32521,1306,0.0402,115.97,0.089,165,38,0.1263,0.2303,986.44,3.05,750.6,12,0,0,0.991
2024-02-03,Push_Network,Push_iGaming_Broad,DE,T1,18722,493,0.0263,32.65,0.066,17,1,0.0345,0.0588,17.84,32.65,-45.4,98,0,0,0.856
2024-02-03,Push_Network,Push_iGaming_Broad,BR,T2,9856,150,0.0152,5.92,0.039,5,0,0.0333,0.0,0.0,,-100.0,17,0,0,0.86
2024-02-03,Push_Network,Push_iGaming_Broad,PL,T2,29049,678,0.0233,18.73,0.028,31,5,0.0457,0.1613,60.17,3.75,221.2,100,1,0,0.883
2024-02-03,Push_Network,Push_Casino_Retarget,NG,T3,41201,700,0.017,6.86,0.01,28,3,0.04,0.1071,25.61,2.29,273.3,67,0,0,0.87
2024-02-03,Push_Network,Push_iGaming_Broad,CA,T1,57418,1029,0.0179,103.67,0.101,53,6,0.0515,0.1132,239.15,17.28,130.7,183,3,0,0.88
2024-02-03,Push_Network,Push_iGaming_Broad,AU,T1,13113,198,0.0151,18.96,0.096,7,1,0.0354,0.1429,39.45,18.96,108.1,34,0,0,0.875
2024-02-03,Push_Network,Push_Casino_Retarget,IN,T3,24618,597,0.0243,6.42,0.011,28,3,0.0469,0.1071,6.71,2.14,4.5,53,0,0,0.857
2024-02-03,Native_Ads,Native_Bonus_Landing,DE,T1,51924,1383,0.0266,264.16,0.191,108,30,0.0781,0.2778,1910.24,8.81,623.1,85,1,0,0.952
2024-02-03,Native_Ads,Native_Review_Article,BR,T2,25912,445,0.0172,41.03,0.092,37,6,0.0831,0.1622,169.57,6.84,313.3,21,0,0,0.95
2024-02-03,Native_Ads,Native_Review_Article,PL,T2,23374,427,0.0183,46.29,0.108,34,8,0.0796,0.2353,285.27,5.79,516.3,13,0,0,0.943
2024-02-03,Native_Ads,Native_Bonus_Landing,NG,T3,15072,160,0.0106,7.83,0.049,8,1,0.05,0.125,12.94,7.83,65.3,10,0,0,0.952
2024-02-03,Native_Ads,Native_Bonus_Landing,CA,T1,18652,333,0.0179,101.78,0.306,19,4,0.0571,0.2105,275.94,25.45,171.1,26,0,0,0.937
2024-02-03,Native_Ads,Native_Review_Article,AU,T1,51485,699,0.0136,238.96,0.342,37,8,0.0529,0.2162,544.57,29.87,127.9,55,0,0,0.946
2024-02-03,Native_Ads,Native_Review_Article,IN,T3,34348,922,0.0268,22.47,0.024,63,12,0.0683,0.1905,24.0,1.87,6.8,36,0,0,0.951
2024-02-03,TikTok,TT_Sports_Short,DE,T1,30760,1220,0.0397,225.05,0.184,82,16,0.0672,0.1951,811.28,14.07,260.5,95,1,0,0.932
2024-02-03,TikTok,TT_Sports_Short,BR,T2,28201,388,0.0138,63.28,0.163,26,3,0.067,0.1154,40.85,21.09,-35.4,18,0,0,0.913
2024-02-03,TikTok,TT_Casino_UGC,PL,T2,33226,678,0.0204,94.3,0.139,44,7,0.0649,0.1591,208.58,13.47,121.2,59,1,0,0.927
2024-02-03,TikTok,TT_Casino_UGC,NG,T3,21378,545,0.0255,12.01,0.022,26,4,0.0477,0.1538,14.44,3.0,20.2,64,0,0,0.914
2024-02-03,TikTok,TT_Sports_Short,CA,T1,27016,356,0.0132,161.69,0.454,20,3,0.0562,0.15,136.29,53.9,-15.7,32,0,0,0.918
2024-02-03,TikTok,TT_Casino_UGC,AU,T1,41233,805,0.0195,268.86,0.334,48,9,0.0596,0.1875,391.24,29.87,45.5,92,1,0,0.923
2024-02-03,TikTok,TT_Casino_UGC,IN,T3,12959,223,0.0172,10.44,0.047,10,1,0.0448,0.1,15.12,10.44,44.8,21,0,0,0.916
2024-02-03,Affiliate_SEO,SEO_CasinoReview_DE,DE,T1,34538,437,0.0127,0.0,,79,18,0.1808,0.2278,2119.5,,,5,0,0,0.982
2024-02-03,Affiliate_SEO,SEO_CasinoReview_DE,BR,T2,15042,309,0.0205,0.0,,61,23,0.1974,0.377,992.08,,,8,0,0,0.98
2024-02-03,Affiliate_SEO,SEO_CasinoReview_DE,PL,T2,5055,109,0.0216,0.0,,22,7,0.2018,0.3182,423.33,,,1,0,0,0.983
2024-02-03,Affiliate_SEO,SEO_CasinoReview_DE,NG,T3,3029,31,0.0102,0.0,,5,1,0.1613,0.2,24.37,,,0,0,0,0.983
2024-02-03,Affiliate_SEO,SEO_BonusGuide_BR,CA,T1,17625,375,0.0213,0.0,,72,26,0.192,0.3611,3142.77,,,5,0,0,0.982
2024-02-03,Affiliate_SEO,SEO_BonusGuide_BR,AU,T1,11999,249,0.0208,0.0,,59,20,0.2369,0.339,2313.96,,,7,0,0,0.98
2024-02-03,Affiliate_SEO,SEO_BonusGuide_BR,IN,T3,4849,118,0.0243,0.0,,33,13,0.2797,0.3939,341.2,,,3,0,0,0.981
2024-02-04,Facebook,FB_Slots_Video,DE,T1,23812,808,0.0339,217.11,0.269,85,21,0.1052,0.2471,1741.31,10.34,702.0,26,1,0,0.966
2024-02-04,Facebook,FB_Slots_Video,BR,T2,21861,698,0.0319,70.14,0.1,74,20,0.106,0.2703,328.02,3.51,367.7,18,0,0,0.974
2024-02-04,Facebook,FB_Casino_CreativeA,PL,T2,41439,1477,0.0356,142.68,0.097,114,22,0.0772,0.193,754.05,6.49,428.5,24,1,0,0.975
2024-02-04,Facebook,FB_Slots_Video,NG,T3,14705,613,0.0417,14.47,0.024,55,14,0.0897,0.2545,146.64,1.03,913.4,27,0,0,0.973
2024-02-04,Facebook,FB_Sports_Banner,CA,T1,14421,549,0.0381,143.21,0.261,37,6,0.0674,0.1622,416.38,23.87,190.7,8,0,0,0.965
2024-02-04,Facebook,FB_Sports_Banner,AU,T1,10765,416,0.0386,93.99,0.226,28,9,0.0673,0.3214,674.15,10.44,617.3,17,0,0,0.97
2024-02-04,Facebook,FB_Slots_Video,IN,T3,42623,601,0.0141,53.82,0.09,67,17,0.1115,0.2537,457.95,3.17,750.9,24,0,0,0.972
2024-02-04,Google_Search,GG_Sports_Betting,DE,T1,41336,1004,0.0243,1082.79,1.078,130,50,0.1295,0.3846,4732.5,21.66,337.1,14,0,0,0.991
2024-02-04,Google_Search,GG_Sports_Betting,BR,T2,18744,464,0.0248,168.37,0.363,90,27,0.194,0.3,721.52,6.24,328.5,6,0,0,0.992
2024-02-04,Google_Search,GG_Slots_KW_Generic,PL,T2,22688,564,0.0249,278.79,0.494,99,26,0.1755,0.2626,1197.66,10.72,329.6,4,0,0,0.988
2024-02-04,Google_Search,GG_Slots_KW_Generic,NG,T3,20055,685,0.0342,48.41,0.071,71,23,0.1036,0.3239,299.9,2.1,519.5,4,0,0,0.988
2024-02-04,Google_Search,GG_Sports_Betting,CA,T1,17673,859,0.0486,403.42,0.47,148,31,0.1723,0.2095,2813.91,13.01,597.5,6,0,0,0.991
2024-02-04,Google_Search,GG_Sports_Betting,AU,T1,46415,2117,0.0456,1180.43,0.558,410,134,0.1937,0.3268,11663.05,8.81,888.0,22,1,0,0.991
2024-02-04,Google_Search,GG_Sports_Betting,IN,T3,25395,1141,0.0449,88.33,0.077,156,40,0.1367,0.2564,716.91,2.21,711.6,16,0,0,0.989
2024-02-04,Push_Network,Push_iGaming_Broad,DE,T1,14141,254,0.018,25.85,0.102,11,1,0.0433,0.0909,29.39,25.85,13.7,28,0,0,0.874
2024-02-04,Push_Network,Push_iGaming_Broad,BR,T2,23970,463,0.0193,15.24,0.033,15,2,0.0324,0.1333,40.04,7.62,162.7,47,0,0,0.839
2024-02-04,Push_Network,Push_Casino_Retarget,PL,T2,32965,314,0.0095,21.15,0.067,14,2,0.0446,0.1429,31.44,10.57,48.7,44,0,0,0.844
2024-02-04,Push_Network,Push_Casino_Retarget,NG,T3,19642,533,0.0271,2.97,0.006,14,1,0.0263,0.0714,2.0,2.97,-32.7,97,0,0,0.879
2024-02-04,Push_Network,Push_iGaming_Broad,CA,T1,7239,129,0.0178,10.46,0.081,6,0,0.0465,0.0,0.0,,-100.0,19,0,0,0.88
2024-02-04,Push_Network,Push_iGaming_Broad,AU,T1,17906,568,0.0317,24.96,0.044,24,2,0.0423,0.0833,49.97,12.48,100.2,105,0,0,0.836
2024-02-04,Push_Network,Push_Casino_Retarget,IN,T3,16529,236,0.0143,4.54,0.019,6,0,0.0254,0.0,0.0,,-100.0,31,0,0,0.839
2024-02-04,Native_Ads,Native_Bonus_Landing,DE,T1,9703,126,0.013,50.3,0.399,8,1,0.0635,0.125,71.88,50.3,42.9,9,0,0,0.941
2024-02-04,Native_Ads,Native_Bonus_Landing,BR,T2,44739,1129,0.0252,89.51,0.079,93,18,0.0824,0.1935,197.93,4.97,121.1,53,0,0,0.946
2024-02-04,Native_Ads,Native_Review_Article,PL,T2,22726,491,0.0216,49.0,0.1,32,7,0.0652,0.2188,232.63,7.0,374.8,21,0,0,0.93
2024-02-04,Native_Ads,Native_Bonus_Landing,NG,T3,20514,291,0.0142,11.72,0.04,15,3,0.0515,0.2,10.49,3.91,-10.5,25,0,0,0.935
2024-02-04,Native_Ads,Native_Review_Article,CA,T1,13868,92,0.0066,64.41,0.7,4,0,0.0435,0.0,0.0,,-100.0,3,0,0,0.929
2024-02-04,Native_Ads,Native_Bonus_Landing,AU,T1,21195,551,0.026,101.12,0.184,34,5,0.0617,0.1471,222.99,20.22,120.5,42,0,0,0.94
2024-02-04,Native_Ads,Native_Review_Article,IN,T3,15079,179,0.0119,11.36,0.063,17,3,0.095,0.1765,70.6,3.79,521.5,12,0,0,0.947
2024-02-04,TikTok,TT_Sports_Short,DE,T1,24168,414,0.0171,144.22,0.348,26,3,0.0628,0.1154,152.47,48.07,5.7,29,0,0,0.904
2024-02-04,TikTok,TT_Sports_Short,BR,T2,30303,676,0.0223,56.17,0.083,32,5,0.0473,0.1562,100.49,11.23,78.9,79,0,0,0.923
2024-02-04,TikTok,TT_Sports_Short,PL,T2,28031,614,0.0219,73.21,0.119,28,3,0.0456,0.1071,104.18,24.4,42.3,55,0,0,0.917
2024-02-04,TikTok,TT_Sports_Short,NG,T3,17659,268,0.0152,11.97,0.045,15,2,0.056,0.1333,4.0,5.99,-66.6,18,0,0,0.921
2024-02-04,TikTok,TT_Casino_UGC,CA,T1,20624,329,0.016,129.01,0.392,16,2,0.0486,0.125,84.49,64.5,-34.5,15,0,0,0.916
2024-02-04,TikTok,TT_Casino_UGC,AU,T1,60616,1986,0.0328,388.14,0.195,143,23,0.072,0.1608,1037.22,16.88,167.2,206,2,0,0.912
2024-02-04,TikTok,TT_Casino_UGC,IN,T3,21055,488,0.0232,20.58,0.042,42,6,0.0861,0.1429,12.0,3.43,-41.7,58,1,0,0.917
2024-02-04,Affiliate_SEO,SEO_CasinoReview_DE,DE,T1,20786,335,0.0161,0.0,,66,17,0.197,0.2576,2163.39,,,9,0,0,0.979
2024-02-04,Affiliate_SEO,SEO_BonusGuide_BR,BR,T2,13113,260,0.0198,0.0,,45,15,0.1731,0.3333,830.07,,,5,0,0,0.98
2024-02-04,Affiliate_SEO,SEO_BonusGuide_BR,PL,T2,12427,258,0.0208,0.0,,70,18,0.2713,0.2571,1134.03,,,5,0,0,0.98
2024-02-04,Affiliate_SEO,SEO_BonusGuide_BR,NG,T3,8905,193,0.0217,0.0,,42,11,0.2176,0.2619,132.36,,,3,0,0,0.978
2024-02-04,Affiliate_SEO,SEO_CasinoReview_DE,CA,T1,25118,367,0.0146,0.0,,84,24,0.2289,0.2857,2791.67,,,8,0,0,0.977
2024-02-04,Affiliate_SEO,SEO_BonusGuide_BR,AU,T1,19505,219,0.0112,0.0,,37,10,0.1689,0.2703,1036.43,,,6,0,0,0.98
2024-02-04,Affiliate_SEO,SEO_CasinoReview_DE,IN,T3,934,21,0.0225,0.0,,2,0,0.0952,0.0,0.0,,,0,0,0,0.983
2024-02-05,Facebook,FB_Slots_Video,DE,T1,24856,585,0.0235,239.06,0.409,57,17,0.0974,0.2982,1257.42,14.06,426.0,9,0,0,0.973
2024-02-05,Facebook,FB_Slots_Video,BR,T2,40821,1647,0.0403,114.5,0.07,193,52,0.1172,0.2694,893.72,2.2,680.5,43,1,0,0.973
2024-02-05,Facebook,FB_Sports_Banner,PL,T2,15567,538,0.0346,65.95,0.123,54,13,0.1004,0.2407,483.47,5.07,633.1,12,0,0,0.972
2024-02-05,Facebook,FB_Slots_Video,NG,T3,18151,688,0.0379,18.05,0.026,49,11,0.0712,0.2245,22.0,1.64,21.9,28,0,0,0.966
2024-02-05,Facebook,FB_Slots_Video,CA,T1,20584,929,0.0451,187.86,0.202,81,11,0.0872,0.1358,1000.34,17.08,432.5,14,0,0,0.975
2024-02-05,Facebook,FB_Casino_CreativeA,AU,T1,32098,1065,0.0332,290.95,0.273,125,40,0.1174,0.32,2713.74,7.27,832.7,33,1,0,0.969
2024-02-05,Facebook,FB_Sports_Banner,IN,T3,16944,628,0.0371,23.94,0.038,64,19,0.1019,0.2969,272.66,1.26,1038.9,12,0,0,0.97
2024-02-05,Google_Search,GG_Slots_KW_Generic,DE,T1,26417,1081,0.0409,717.45,0.664,194,54,0.1795,0.2784,5931.18,13.29,726.7,10,0,0,0.991
2024-02-05,Google_Search,GG_Sports_Betting,BR,T2,32305,1095,0.0339,270.0,0.247,193,60,0.1763,0.3109,2788.73,4.5,932.9,10,0,0,0.989
2024-02-05,Google_Search,GG_Casino_KW_Brand,PL,T2,24595,563,0.0229,279.49,0.496,63,20,0.1119,0.3175,1042.95,13.97,273.2,6,0,0,0.988
2024-02-05,Google_Search,GG_Sports_Betting,NG,T3,8101,248,0.0306,21.96,0.089,37,7,0.1492,0.1892,148.8,3.14,577.6,3,0,0,0.988
2024-02-05,Google_Search,GG_Sports_Betting,CA,T1,23418,573,0.0245,559.06,0.976,115,35,0.2007,0.3043,3239.47,15.97,479.4,6,0,0,0.991
2024-02-05,Google_Search,GG_Casino_KW_Brand,AU,T1,5974,260,0.0435,139.11,0.535,38,11,0.1462,0.2895,1010.86,12.65,626.7,3,0,0,0.99
2024-02-05,Google_Search,GG_Sports_Betting,IN,T3,11005,295,0.0268,36.66,0.124,34,13,0.1153,0.3824,432.07,2.82,1078.6,1,0,0,0.99
2024-02-05,Push_Network,Push_iGaming_Broad,DE,T1,8630,168,0.0195,16.51,0.098,7,0,0.0417,0.0,0.0,,-100.0,28,0,0,0.871
2024-02-05,Push_Network,Push_iGaming_Broad,BR,T2,53488,1056,0.0197,31.35,0.03,46,5,0.0436,0.1087,45.77,6.27,46.0,161,2,0,0.835
2024-02-05,Push_Network,Push_Casino_Retarget,PL,T2,25806,588,0.0228,19.99,0.034,29,3,0.0493,0.1034,66.27,6.66,231.5,70,1,0,0.853
2024-02-05,Push_Network,Push_Casino_Retarget,NG,T3,20678,643,0.0311,3.15,0.005,27,4,0.042,0.1481,16.96,0.79,438.4,131,1,0,0.835
2024-02-05,Push_Network,Push_iGaming_Broad,CA,T1,59575,1001,0.0168,83.79,0.084,44,7,0.044,0.1591,202.67,11.97,141.9,200,1,0,0.854
2024-02-05,Push_Network,Push_iGaming_Broad,AU,T1,19490,401,0.0206,25.23,0.063,10,1,0.0249,0.1,36.53,25.23,44.8,31,0,0,0.861
2024-02-05,Push_Network,Push_iGaming_Broad,IN,T3,12597,269,0.0214,2.81,0.01,10,1,0.0372,0.1,10.8,2.81,284.3,31,0,0,0.868
2024-02-05,Native_Ads,Native_Review_Article,DE,T1,48284,1593,0.033,289.96,0.182,127,24,0.0797,0.189,1420.68,12.08,390.0,92,1,0,0.951
2024-02-05,Native_Ads,Native_Bonus_Landing,BR,T2,18927,346,0.0183,33.42,0.097,29,6,0.0838,0.2069,104.14,5.57,211.6,16,0,0,0.95
2024-02-05,Native_Ads,Native_Bonus_Landing,PL,T2,6809,102,0.015,16.35,0.16,6,1,0.0588,0.1667,42.29,16.35,158.7,4,0,0,0.935
2024-02-05,Native_Ads,Native_Review_Article,NG,T3,25410,593,0.0233,11.68,0.02,44,7,0.0742,0.1591,108.18,1.67,826.2,46,0,0,0.948
2024-02-05,Native_Ads,Native_Review_Article,CA,T1,15476,298,0.0193,86.16,0.289,26,6,0.0872,0.2308,438.0,14.36,408.4,10,0,0,0.943
2024-02-05,Native_Ads,Native_Bonus_Landing,AU,T1,18663,438,0.0235,96.32,0.22,32,5,0.0731,0.1562,321.4,19.26,233.7,31,0,0,0.944
2024-02-05,Native_Ads,Native_Bonus_Landing,IN,T3,16086,231,0.0144,12.36,0.054,13,2,0.0563,0.1538,38.54,6.18,211.8,11,0,0,0.942
2024-02-05,TikTok,TT_Casino_UGC,DE,T1,35926,816,0.0227,208.94,0.256,57,12,0.0699,0.2105,522.77,17.41,150.2,43,1,0,0.906
2024-02-05,TikTok,TT_Casino_UGC,BR,T2,9435,179,0.019,17.55,0.098,13,1,0.0726,0.0769,29.48,17.55,68.0,19,0,0,0.905
2024-02-05,TikTok,TT_Casino_UGC,PL,T2,108101,2471,0.0229,333.1,0.135,115,23,0.0465,0.2,570.91,14.48,71.4,105,3,0,0.935
2024-02-05,TikTok,TT_Sports_Short,NG,T3,33532,350,0.0104,20.7,0.059,27,3,0.0771,0.1111,24.78,6.9,19.7,38,0,0,0.907
2024-02-05,TikTok,TT_Casino_UGC,CA,T1,28716,379,0.0132,169.93,0.448,22,2,0.058,0.0909,80.01,84.97,-52.9,22,0,0,0.926
2024-02-05,TikTok,TT_Sports_Short,AU,T1,44188,1054,0.0239,219.09,0.208,40,6,0.038,0.15,296.32,36.52,35.3,84,1,0,0.906
2024-02-05,TikTok,TT_Sports_Short,IN,T3,15248,361,0.0237,14.51,0.04,22,3,0.0609,0.1364,27.98,4.84,92.8,31,0,0,0.914
2024-02-05,Affiliate_SEO,SEO_CasinoReview_DE,DE,T1,20692,298,0.0144,0.0,,20,8,0.0671,0.4,877.39,,,3,0,0,0.979
2024-02-05,Affiliate_SEO,SEO_CasinoReview_DE,BR,T2,3846,64,0.0166,0.0,,13,3,0.2031,0.2308,161.37,,,1,0,0,0.98
2024-02-05,Affiliate_SEO,SEO_CasinoReview_DE,PL,T2,6734,190,0.0282,0.0,,30,15,0.1579,0.5,946.24,,,2,0,0,0.977
2024-02-05,Affiliate_SEO,SEO_CasinoReview_DE,NG,T3,1635,23,0.0141,0.0,,4,0,0.1739,0.0,0.0,,,0,0,0,0.981
2024-02-05,Affiliate_SEO,SEO_CasinoReview_DE,CA,T1,58668,1202,0.0205,0.0,,310,112,0.2579,0.3613,13357.96,,,27,2,0,0.98
2024-02-05,Affiliate_SEO,SEO_BonusGuide_BR,AU,T1,17279,318,0.0184,0.0,,72,25,0.2264,0.3472,2811.89,,,8,0,0,0.984
2024-02-05,Affiliate_SEO,SEO_CasinoReview_DE,IN,T3,2593,67,0.0258,0.0,,15,4,0.2239,0.2667,69.58,,,1,0,0,0.981
2024-02-06,Facebook,FB_Sports_Banner,DE,T1,69646,3164,0.0454,781.76,0.247,295,65,0.0932,0.2203,4851.62,12.03,520.6,66,1,0,0.968
2024-02-06,Facebook,FB_Sports_Banner,BR,T2,20094,891,0.0443,70.34,0.079,73,22,0.0819,0.3014,689.12,3.2,879.7,17,0,0,0.975
2024-02-06,Facebook,FB_Casino_CreativeA,PL,T2,5513,246,0.0446,20.78,0.084,23,5,0.0935,0.2174,188.4,4.16,806.6,8,0,0,0.974
2024-02-06,Facebook,FB_Slots_Video,NG,T3,46579,1139,0.0245,44.31,0.039,108,27,0.0948,0.25,301.35,1.64,580.1,31,0,0,0.974
2024-02-06,Facebook,FB_Sports_Banner,CA,T1,38072,1172,0.0308,307.41,0.262,107,35,0.0913,0.3271,2189.04,8.78,612.1,51,0,0,0.974
2024-02-06,Facebook,FB_Slots_Video,AU,T1,13287,448,0.0337,124.4,0.278,39,9,0.0871,0.2308,595.29,13.82,378.5,19,0,0,0.969
2024-02-06,Facebook,FB_Sports_Banner,IN,T3,16219,645,0.0398,19.26,0.03,74,15,0.1147,0.2027,231.26,1.28,1100.7,21,0,0,0.972
2024-02-06,Google_Search,GG_Slots_KW_Generic,DE,T1,13332,654,0.0491,400.31,0.612,91,26,0.1391,0.2857,2629.33,15.4,556.8,3,0,0,0.988
2024-02-06,Google_Search,GG_Sports_Betting,BR,T2,10768,563,0.0523,98.55,0.175,80,24,0.1421,0.3,1136.78,4.11,1053.5,6,0,0,0.989
2024-02-06,Google_Search,GG_Slots_KW_Generic,PL,T2,31332,1258,0.0402,329.17,0.262,173,48,0.1375,0.2775,3127.5,6.86,850.1,18,0,0,0.988
2024-02-06,Google_Search,GG_Slots_KW_Generic,NG,T3,14374,567,0.0394,34.81,0.061,100,37,0.1764,0.37,737.86,0.94,2019.7,4,0,0,0.989
2024-02-06,Google_Search,GG_Casino_KW_Brand,CA,T1,11001,388,0.0353,241.69,0.623,54,18,0.1392,0.3333,1690.55,13.43,599.5,4,0,0,0.991
2024-02-06,Google_Search,GG_Sports_Betting,AU,T1,16382,832,0.0508,396.06,0.476,97,26,0.1166,0.268,2583.31,15.23,552.3,4,0,0,0.99
2024-02-06,Google_Search,GG_Sports_Betting,IN,T3,45605,1579,0.0346,142.7,0.09,243,76,0.1539,0.3128,2666.03,1.88,1768.3,20,1,0,0.989
2024-02-06,Push_Network,Push_iGaming_Broad,DE,T1,20774,257,0.0124,38.11,0.148,13,1,0.0506,0.0769,48.42,38.11,27.1,32,0,0,0.848
2024-02-06,Push_Network,Push_Casino_Retarget,BR,T2,26286,527,0.02,15.21,0.029,20,2,0.038,0.1,28.37,7.61,86.5,68,0,0,0.838
2024-02-06,Push_Network,Push_Casino_Retarget,PL,T2,17749,297,0.0167,12.03,0.041,13,1,0.0438,0.0769,13.16,12.03,9.4,29,0,0,0.887
2024-02-06,Push_Network,Push_Casino_Retarget,NG,T3,15037,156,0.0104,2.32,0.015,8,0,0.0513,0.0,0.0,,-100.0,23,0,0,0.853
2024-02-06,Push_Network,Push_Casino_Retarget,CA,T1,33712,909,0.027,57.45,0.063,45,6,0.0495,0.1333,144.91,9.58,152.2,70,1,0,0.873
2024-02-06,Push_Network,Push_Casino_Retarget,AU,T1,25725,515,0.02,38.37,0.075,18,1,0.035,0.0556,29.64,38.37,-22.8,104,0,0,0.886
2024-02-06,Push_Network,Push_iGaming_Broad,IN,T3,33427,752,0.0225,7.86,0.01,23,2,0.0306,0.087,14.99,3.93,90.7,64,0,0,0.863
2024-02-06,Native_Ads,Native_Review_Article,DE,T1,38402,783,0.0204,216.5,0.277,38,6,0.0485,0.1579,362.74,36.08,67.5,36,0,0,0.942
2024-02-06,Native_Ads,Native_Review_Article,BR,T2,50253,754,0.015,85.78,0.114,56,9,0.0743,0.1607,167.71,9.53,95.5,49,1,0,0.951
2024-02-06,Native_Ads,Native_Review_Article,PL,T2,21362,462,0.0216,54.96,0.119,24,2,0.0519,0.0833,61.92,27.48,12.7,35,0,0,0.952
2024-02-06,Native_Ads,Native_Review_Article,NG,T3,48050,1313,0.0273,21.91,0.017,91,18,0.0693,0.1978,164.11,1.22,649.0,87,1,0,0.952
2024-02-06,Native_Ads,Native_Bonus_Landing,CA,T1,24266,429,0.0177,116.53,0.272,23,4,0.0536,0.1739,254.75,29.13,118.6,37,0,0,0.951
2024-02-06,Native_Ads,Native_Review_Article,AU,T1,37457,544,0.0145,153.22,0.282,46,11,0.0846,0.2391,691.89,13.93,351.6,39,0,0,0.93
2024-02-06,Native_Ads,Native_Bonus_Landing,IN,T3,9722,263,0.0271,6.54,0.025,14,2,0.0532,0.1429,39.3,3.27,500.9,9,0,0,0.94
2024-02-06,TikTok,TT_Sports_Short,DE,T1,29974,801,0.0267,205.92,0.257,41,5,0.0512,0.122,214.9,41.18,4.4,57,0,0,0.908
2024-02-06,TikTok,TT_Sports_Short,BR,T2,18691,609,0.0326,38.53,0.063,22,3,0.0361,0.1364,7.78,12.84,-79.8,51,0,0,0.933
2024-02-06,TikTok,TT_Sports_Short,PL,T2,26586,424,0.0159,79.23,0.187,22,4,0.0519,0.1818,132.77,19.81,67.6,40,0,0,0.928
2024-02-06,TikTok,TT_Casino_UGC,NG,T3,19351,196,0.0101,11.72,0.06,10,1,0.051,0.1,2.0,11.72,-82.9,20,0,0,0.933
2024-02-06,TikTok,TT_Sports_Short,CA,T1,27265,565,0.0207,184.75,0.327,49,9,0.0867,0.1837,469.15,20.53,153.9,55,1,0,0.916
2024-02-06,TikTok,TT_Casino_UGC,AU,T1,14324,332,0.0232,82.83,0.249,20,3,0.0602,0.15,73.28,27.61,-11.5,23,0,0,0.933
2024-02-06,TikTok,TT_Sports_Short,IN,T3,30615,761,0.0249,29.17,0.038,46,10,0.0604,0.2174,38.54,2.92,32.1,59,0,0,0.934
2024-02-06,Affiliate_SEO,SEO_CasinoReview_DE,DE,T1,15166,327,0.0216,0.0,,53,22,0.1621,0.4151,2935.68,,,5,0,0,0.982
2024-02-06,Affiliate_SEO,SEO_CasinoReview_DE,BR,T2,6356,171,0.0269,0.0,,32,11,0.1871,0.3438,324.45,,,4,0,0,0.977
2024-02-06,Affiliate_SEO,SEO_BonusGuide_BR,PL,T2,11240,171,0.0152,0.0,,32,10,0.1871,0.3125,506.58,,,4,0,0,0.976
2024-02-06,Affiliate_SEO,SEO_BonusGuide_BR,NG,T3,5862,113,0.0193,0.0,,21,9,0.1858,0.4286,320.76,,,1,0,0,0.977
2024-02-06,Affiliate_SEO,SEO_BonusGuide_BR,CA,T1,19707,484,0.0246,0.0,,145,45,0.2996,0.3103,4958.84,,,6,0,0,0.984
2024-02-06,Affiliate_SEO,SEO_CasinoReview_DE,AU,T1,28107,377,0.0134,0.0,,65,28,0.1724,0.4308,2987.62,,,7,0,0,0.977
2024-02-06,Affiliate_SEO,SEO_BonusGuide_BR,IN,T3,1900,24,0.0126,0.0,,6,2,0.25,0.3333,70.07,,,0,0,0,0.983
2024-02-07,Facebook,FB_Sports_Banner,DE,T1,29526,792,0.0268,313.75,0.396,62,15,0.0783,0.2419,1211.84,20.92,286.2,14,0,0,0.973
2024-02-07,Facebook,FB_Sports_Banner,BR,T2,26793,1253,0.0468,74.69,0.06,121,27,0.0966,0.2231,748.73,2.77,902.5,42,1,0,0.969
2024-02-07,Facebook,FB_Casino_CreativeA,PL,T2,33117,1282,0.0387,137.95,0.108,107,21,0.0835,0.1963,1133.59,6.57,721.7,47,0,0,0.968
2024-02-07,Facebook,FB_Slots_Video,NG,T3,35316,1114,0.0315,34.79,0.031,113,33,0.1014,0.292,314.13,1.05,802.9,45,0,0,0.973
2024-02-07,Facebook,FB_Casino_CreativeA,CA,T1,20566,777,0.0378,181.53,0.234,108,14,0.139,0.1296,911.03,12.97,401.9,23,0,0,0.973
2024-02-07,Facebook,FB_Sports_Banner,AU,T1,32578,1081,0.0332,291.93,0.27,88,11,0.0814,0.125,763.6,26.54,161.6,19,0,0,0.97
2024-02-07,Facebook,FB_Casino_CreativeA,IN,T3,26027,890,0.0342,40.17,0.045,79,15,0.0888,0.1899,208.67,2.68,419.5,31,0,0,0.969
2024-02-07,Google_Search,GG_Slots_KW_Generic,DE,T1,91971,4131,0.0449,2599.4,0.629,435,143,0.1053,0.3287,12360.67,18.18,375.5,30,1,0,0.989
2024-02-07,Google_Search,GG_Casino_KW_Brand,BR,T2,7560,263,0.0348,61.29,0.233,50,14,0.1901,0.28,574.79,4.38,837.8,1,0,0,0.99
2024-02-07,Google_Search,GG_Sports_Betting,PL,T2,31340,970,0.031,363.82,0.375,131,23,0.1351,0.1756,1199.23,15.82,229.6,14,0,0,0.988
2024-02-07,Google_Search,GG_Casino_KW_Brand,NG,T3,48787,1148,0.0235,113.39,0.099,207,42,0.1803,0.2029,131.31,2.7,15.8,12,0,0,0.989
2024-02-07,Google_Search,GG_Slots_KW_Generic,CA,T1,15532,560,0.0361,341.61,0.61,113,38,0.2018,0.3363,4152.53,8.99,1115.6,3,0,0,0.991
2024-02-07,Google_Search,GG_Slots_KW_Generic,AU,T1,8115,253,0.0312,157.91,0.624,40,13,0.1581,0.325,1327.8,12.15,740.9,3,0,0,0.989
2024-02-07,Google_Search,GG_Casino_KW_Brand,IN,T3,12594,363,0.0288,46.05,0.127,56,16,0.1543,0.2857,196.76,2.88,327.3,5,0,0,0.989
2024-02-07,Push_Network,Push_iGaming_Broad,DE,T1,25325,486,0.0192,48.16,0.099,18,2,0.037,0.1111,48.07,24.08,-0.2,45,0,0,0.886
2024-02-07,Push_Network,Push_iGaming_Broad,BR,T2,10490,291,0.0277,5.48,0.019,13,1,0.0447,0.0769,9.39,5.48,71.4,50,0,0,0.869
2024-02-07,Push_Network,Push_Casino_Retarget,PL,T2,17763,246,0.0138,14.09,0.057,8,0,0.0325,0.0,0.0,,-100.0,43,0,0,0.864
2024-02-07,Push_Network,Push_Casino_Retarget,NG,T3,50817,1349,0.0265,8.63,0.006,55,6,0.0408,0.1091,43.86,1.44,408.2,281,2,0,0.86
2024-02-07,Push_Network,Push_Casino_Retarget,CA,T1,29543,478,0.0162,44.24,0.093,23,2,0.0481,0.087,69.22,22.12,56.5,60,1,0,0.851
2024-02-07,Push_Network,Push_Casino_Retarget,AU,T1,13621,434,0.0319,22.29,0.051,20,2,0.0461,0.1,40.72,11.14,82.7,58,0,0,0.871
2024-02-07,Push_Network,Push_Casino_Retarget,IN,T3,40814,873,0.0214,9.97,0.011,34,3,0.0389,0.0882,27.39,3.32,174.7,71,1,0,0.88
2024-02-07,Native_Ads,Native_Review_Article,DE,T1,30105,435,0.0144,177.26,0.407,17,3,0.0391,0.1765,172.96,59.09,-2.4,24,0,0,0.942
2024-02-07,Native_Ads,Native_Review_Article,BR,T2,8769,220,0.0251,15.99,0.073,13,2,0.0591,0.1538,97.94,8.0,512.5,19,0,0,0.941
2024-02-07,Native_Ads,Native_Review_Article,PL,T2,29466,735,0.0249,72.86,0.099,59,11,0.0803,0.1864,268.56,6.62,268.6,45,0,0,0.95
2024-02-07,Native_Ads,Native_Bonus_Landing,NG,T3,23616,430,0.0182,12.71,0.03,25,3,0.0581,0.12,6.0,4.24,-52.8,21,0,0,0.932
2024-02-07,Native_Ads,Native_Bonus_Landing,CA,T1,14441,359,0.0249,79.16,0.221,22,3,0.0613,0.1364,199.18,26.39,151.6,20,0,0,0.935
2024-02-07,Native_Ads,Native_Bonus_Landing,AU,T1,26315,589,0.0224,117.34,0.199,44,8,0.0747,0.1818,547.26,14.67,366.4,37,1,0,0.932
2024-02-07,Native_Ads,Native_Bonus_Landing,IN,T3,38284,804,0.021,31.99,0.04,71,13,0.0883,0.1831,118.08,2.46,269.1,45,0,0,0.94
2024-02-07,TikTok,TT_Casino_UGC,DE,T1,28358,528,0.0186,164.39,0.311,24,4,0.0455,0.1667,139.85,41.1,-14.9,61,0,0,0.916
2024-02-07,TikTok,TT_Casino_UGC,BR,T2,17235,384,0.0223,34.36,0.089,20,3,0.0521,0.15,32.09,11.45,-6.6,20,0,0,0.927
2024-02-07,TikTok,TT_Casino_UGC,PL,T2,24986,395,0.0158,64.09,0.162,24,2,0.0608,0.0833,61.53,32.05,-4.0,25,0,0,0.906
2024-02-07,TikTok,TT_Casino_UGC,NG,T3,23884,531,0.0222,14.81,0.028,38,5,0.0716,0.1316,39.84,2.96,169.0,46,0,0,0.915
2024-02-07,TikTok,TT_Casino_UGC,CA,T1,12919,292,0.0226,66.39,0.227,21,4,0.0719,0.1905,163.44,16.6,146.2,12,0,0,0.921
2024-02-07,TikTok,TT_Sports_Short,AU,T1,24064,509,0.0212,146.1,0.287,28,3,0.055,0.1071,125.81,48.7,-13.9,54,0,0,0.918
2024-02-07,TikTok,TT_Casino_UGC,IN,T3,13358,245,0.0183,11.81,0.048,14,3,0.0571,0.2143,6.0,3.94,-49.2,22,0,0,0.926
2024-02-07,Affiliate_SEO,SEO_BonusGuide_BR,DE,T1,20417,321,0.0157,0.0,,66,32,0.2056,0.4848,3696.52,,,6,0,0,0.982
2024-02-07,Affiliate_SEO,SEO_BonusGuide_BR,BR,T2,17553,401,0.0228,0.0,,96,28,0.2394,0.2917,1315.03,,,11,0,0,0.983
2024-02-07,Affiliate_SEO,SEO_CasinoReview_DE,PL,T2,31621,686,0.0217,0.0,,117,32,0.1706,0.2735,1975.85,,,10,0,0,0.982
2024-02-07,Affiliate_SEO,SEO_BonusGuide_BR,NG,T3,2766,39,0.0141,0.0,,7,2,0.1795,0.2857,30.24,,,0,0,0,0.979
2024-02-07,Affiliate_SEO,SEO_CasinoReview_DE,CA,T1,18922,447,0.0236,0.0,,110,40,0.2461,0.3636,4961.78,,,11,0,0,0.977
2024-02-07,Affiliate_SEO,SEO_BonusGuide_BR,AU,T1,21049,481,0.0229,0.0,,97,23,0.2017,0.2371,2615.58,,,12,0,0,0.979
2024-02-07,Affiliate_SEO,SEO_BonusGuide_BR,IN,T3,8826,149,0.0169,0.0,,37,11,0.2483,0.2973,76.66,,,3,0,0,0.984
2024-02-08,Facebook,FB_Casino_CreativeA,DE,T1,14418,595,0.0413,135.87,0.228,44,10,0.0739,0.2273,780.61,13.59,474.5,11,0,0,0.973
2024-02-08,Facebook,FB_Casino_CreativeA,BR,T2,65413,3021,0.0462,220.94,0.073,349,81,0.1155,0.2321,1973.03,2.73,793.0,126,4,0,0.974
2024-02-08,Facebook,FB_Sports_Banner,PL,T2,27856,952,0.0342,119.03,0.125,69,21,0.0725,0.3043,576.47,5.67,384.3,42,0,0,0.971
2024-02-08,Facebook,FB_Casino_CreativeA,NG,T3,37051,1253,0.0338,33.4,0.027,113,27,0.0902,0.2389,54.0,1.24,61.7,46,1,0,0.97
2024-02-08,Facebook,FB_Slots_Video,CA,T1,22981,385,0.0168,206.93,0.537,34,6,0.0883,0.1765,521.95,34.49,152.2,12,0,0,0.966
2024-02-08,Facebook,FB_Casino_CreativeA,AU,T1,25377,805,0.0317,247.11,0.307,84,24,0.1043,0.2857,1717.6,10.3,595.1,13,0,0,0.968
2024-02-08,Facebook,FB_Casino_CreativeA,IN,T3,21065,778,0.0369,29.29,0.038,69,17,0.0887,0.2464,34.0,1.72,16.1,15,0,0,0.972
2024-02-08,Google_Search,GG_Casino_KW_Brand,DE,T1,10051,240,0.0239,298.48,1.244,32,11,0.1333,0.3438,1112.69,27.13,272.8,3,0,0,0.99
2024-02-08,Google_Search,GG_Sports_Betting,BR,T2,12980,437,0.0337,122.0,0.279,84,21,0.1922,0.25,933.86,5.81,665.5,2,0,0,0.99
2024-02-08,Google_Search,GG_Slots_KW_Generic,PL,T2,28728,790,0.0275,309.2,0.391,118,36,0.1494,0.3051,2185.36,8.59,606.8,8,0,0,0.992
2024-02-08,Google_Search,GG_Casino_KW_Brand,NG,T3,36131,894,0.0247,77.55,0.087,109,24,0.1219,0.2202,369.08,3.23,375.9,7,0,0,0.99
2024-02-08,Google_Search,GG_Casino_KW_Brand,CA,T1,13830,473,0.0342,354.58,0.75,73,17,0.1543,0.2329,1837.75,20.86,418.3,5,0,0,0.991
2024-02-08,Google_Search,GG_Slots_KW_Generic,AU,T1,55123,1444,0.0262,1273.9,0.882,311,61,0.2154,0.1961,5694.6,20.88,347.0,21,1,0,0.992
2024-02-08,Google_Search,GG_Slots_KW_Generic,IN,T3,19950,856,0.0429,74.78,0.087,93,25,0.1086,0.2688,707.43,2.99,846.0,9,0,0,0.99
2024-02-08,Push_Network,Push_Casino_Retarget,DE,T1,51813,503,0.0097,93.15,0.185,22,3,0.0437,0.1364,110.76,31.05,18.9,39,0,0,0.841
2024-02-08,Push_Network,Push_Casino_Retarget,BR,T2,43127,842,0.0195,27.65,0.033,27,3,0.0321,0.1111,27.41,9.22,-0.9,84,0,0,0.864
2024-02-08,Push_Network,Push_Casino_Retarget,PL,T2,26521,488,0.0184,18.42,0.038,14,1,0.0287,0.0714,2.87,18.42,-84.4,81,0,0,0.833
2024-02-08,Push_Network,Push_iGaming_Broad,NG,T3,39087,758,0.0194,6.08,0.008,27,3,0.0356,0.1111,6.0,2.03,-1.3,73,1,0,0.837
2024-02-08,Push_Network,Push_Casino_Retarget,CA,T1,9216,138,0.015,12.83,0.093,5,0,0.0362,0.0,0.0,,-100.0,15,0,0,0.86
2024-02-08,Push_Network,Push_iGaming_Broad,AU,T1,28512,708,0.0248,48.78,0.069,28,2,0.0395,0.0714,67.19,24.39,37.7,103,1,0,0.887
2024-02-08,Push_Network,Push_iGaming_Broad,IN,T3,20488,573,0.028,5.2,0.009,28,3,0.0489,0.1071,6.0,1.73,15.4,90,0,0,0.87
2024-02-08,Native_Ads,Native_Review_Article,DE,T1,21046,256,0.0122,105.21,0.411,18,3,0.0703,0.1667,191.1,35.07,81.6,19,0,0,0.943
2024-02-08,Native_Ads,Native_Review_Article,BR,T2,19503,205,0.0105,29.55,0.144,13,2,0.0634,0.1538,37.8,14.78,27.9,13,0,0,0.942
2024-02-08,Native_Ads,Native_Review_Article,PL,T2,29351,737,0.0251,58.79,0.08,33,5,0.0448,0.1515,185.25,11.76,215.1,49,0,0,0.94
2024-02-08,Native_Ads,Native_Review_Article,NG,T3,19518,364,0.0186,8.39,0.023,23,3,0.0632,0.1304,6.0,2.8,-28.5,14,0,0,0.934
2024-02-08,Native_Ads,Native_Review_Article,CA,T1,9967,267,0.0268,50.73,0.19,22,4,0.0824,0.1818,222.64,12.68,338.9,10,0,0,0.93
2024-02-08,Native_Ads,Native_Bonus_Landing,AU,T1,43809,733,0.0167,179.72,0.245,60,12,0.0819,0.2,720.97,14.98,301.2,22,1,0,0.95
2024-02-08,Native_Ads,Native_Review_Article,IN,T3,44250,770,0.0174,33.18,0.043,64,9,0.0831,0.1406,56.95,3.69,71.6,30,1,0,0.939
2024-02-08,TikTok,TT_Sports_Short,DE,T1,11988,107,0.0089,83.11,0.777,8,1,0.0748,0.125,46.92,83.11,-43.5,4,0,0,0.933
2024-02-08,TikTok,TT_Casino_UGC,BR,T2,25584,589,0.023,53.49,0.091,38,7,0.0645,0.1842,247.12,7.64,362.0,64,0,0,0.905
2024-02-08,TikTok,TT_Casino_UGC,PL,T2,15883,291,0.0183,43.77,0.15,19,3,0.0653,0.1579,56.85,14.59,29.9,21,0,0,0.925
2024-02-08,TikTok,TT_Casino_UGC,NG,T3,68763,2018,0.0293,43.39,0.022,171,39,0.0847,0.2281,78.0,1.11,79.8,159,4,0,0.91
2024-02-08,TikTok,TT_Sports_Short,CA,T1,11292,248,0.022,71.35,0.288,17,2,0.0685,0.1176,105.06,35.67,47.2,10,0,0,0.911
2024-02-08,TikTok,TT_Casino_UGC,AU,T1,29835,535,0.0179,162.28,0.303,23,3,0.043,0.1304,81.6,54.09,-49.7,56,0,0,0.933
2024-02-08,TikTok,TT_Casino_UGC,IN,T3,43210,981,0.0227,40.29,0.041,51,8,0.052,0.1569,96.28,5.04,139.0,114,0,0,0.905
2024-02-08,Affiliate_SEO,SEO_BonusGuide_BR,DE,T1,129004,2124,0.0165,0.0,,187,72,0.088,0.385,8761.93,,,29,0,0,0.984
2024-02-08,Affiliate_SEO,SEO_CasinoReview_DE,BR,T2,50828,1650,0.0325,0.0,,247,82,0.1497,0.332,3506.95,,,17,0,0,0.978
2024-02-08,Affiliate_SEO,SEO_BonusGuide_BR,PL,T2,12630,400,0.0317,0.0,,110,42,0.275,0.3818,2685.4,,,5,0,0,0.98
2024-02-08,Affiliate_SEO,SEO_CasinoReview_DE,NG,T3,4784,123,0.0257,0.0,,35,16,0.2846,0.4571,227.46,,,3,0,0,0.981
2024-02-08,Affiliate_SEO,SEO_BonusGuide_BR,CA,T1,40130,1020,0.0254,0.0,,193,54,0.1892,0.2798,6494.28,,,26,0,0,0.978
2024-02-08,Affiliate_SEO,SEO_BonusGuide_BR,AU,T1,14299,466,0.0326,0.0,,110,34,0.2361,0.3091,4334.66,,,8,0,0,0.977
2024-02-08,Affiliate_SEO,SEO_BonusGuide_BR,IN,T3,7657,242,0.0316,0.0,,66,29,0.2727,0.4394,902.01,,,4,0,0,0.982
2024-02-09,Facebook,FB_Casino_CreativeA,DE,T1,21029,411,0.0195,221.22,0.538,34,6,0.0827,0.1765,432.02,36.87,95.3,11,0,0,0.973
2024-02-09,Facebook,FB_Casino_CreativeA,BR,T2,20717,686,0.0331,72.27,0.105,38,9,0.0554,0.2368,312.22,8.03,332.0,27,0,0,0.972
2024-02-09,Facebook,FB_Casino_CreativeA,PL,T2,19703,729,0.037,88.43,0.121,81,13,0.1111,0.1605,646.66,6.8,631.3,29,0,0,0.976
2024-02-09,Facebook,FB_Casino_CreativeA,NG,T3,13889,603,0.0434,13.65,0.023,35,8,0.058,0.2286,173.36,1.71,1170.0,17,0,0,0.974
2024-02-09,Facebook,FB_Sports_Banner,CA,T1,28208,1126,0.0399,242.2,0.215,120,29,0.1066,0.2417,2116.45,8.35,773.8,44,0,0,0.974
2024-02-09,Facebook,FB_Slots_Video,AU,T1,15157,468,0.0309,118.59,0.253,42,11,0.0897,0.2619,796.93,10.78,572.0,14,0,0,0.973
2024-02-09,Facebook,FB_Slots_Video,IN,T3,19313,577,0.0299,28.14,0.049,38,7,0.0659,0.1842,64.99,4.02,131.0,17,0,0,0.972
2024-02-09,Google_Search,GG_Slots_KW_Generic,DE,T1,44200,1363,0.0308,1234.74,0.906,185,63,0.1357,0.3405,5918.24,19.6,379.3,18,0,0,0.99
2024-02-09,Google_Search,GG_Slots_KW_Generic,BR,T2,7508,277,0.0369,58.15,0.21,31,9,0.1119,0.2903,325.88,6.46,460.4,2,0,0,0.988
2024-02-09,Google_Search,GG_Casino_KW_Brand,PL,T2,21618,882,0.0408,209.62,0.238,159,60,0.1803,0.3774,3492.71,3.49,1566.2,8,0,0,0.99
2024-02-09,Google_Search,GG_Slots_KW_Generic,NG,T3,14565,459,0.0315,32.4,0.071,39,10,0.085,0.2564,142.1,3.24,338.6,5,0,0,0.991
2024-02-09,Google_Search,GG_Casino_KW_Brand,CA,T1,25529,959,0.0376,602.33,0.628,161,29,0.1679,0.1801,2632.53,20.77,337.1,7,0,0,0.99
2024-02-09,Google_Search,GG_Slots_KW_Generic,AU,T1,61979,2158,0.0348,1281.69,0.594,408,96,0.1891,0.2353,8654.61,13.35,575.2,13,1,0,0.989
2024-02-09,Google_Search,GG_Sports_Betting,IN,T3,32125,860,0.0268,106.11,0.123,148,50,0.1721,0.3378,797.94,2.12,652.0,5,0,0,0.99
2024-02-09,Push_Network,Push_Casino_Retarget,DE,T1,35587,709,0.0199,66.15,0.093,34,2,0.048,0.0588,56.72,33.08,-14.3,129,0,0,0.835
2024-02-09,Push_Network,Push_iGaming_Broad,BR,T2,77611,2357,0.0304,41.64,0.018,97,12,0.0412,0.1237,255.23,3.47,512.9,425,2,0,0.847
2024-02-09,Push_Network,Push_iGaming_Broad,PL,T2,26088,656,0.0251,20.5,0.031,36,4,0.0549,0.1111,76.46,5.12,273.0,57,1,0,0.839
2024-02-09,Push_Network,Push_Casino_Retarget,NG,T3,16731,331,0.0198,3.02,0.009,17,1,0.0514,0.0588,8.27,3.02,173.8,28,0,0,0.873
2024-02-09,Push_Network,Push_Casino_Retarget,CA,T1,49630,1065,0.0215,88.12,0.083,23,2,0.0216,0.087,47.31,44.06,-46.3,217,1,0,0.863
2024-02-09,Push_Network,Push_iGaming_Broad,AU,T1,21616,121,0.0056,36.66,0.303,4,0,0.0331,0.0,0.0,,-100.0,13,0,0,0.832
2024-02-09,Push_Network,Push_Casino_Retarget,IN,T3,16468,238,0.0145,4.26,0.018,7,0,0.0294,0.0,0.0,,-100.0,28,0,0,0.859
2024-02-09,Native_Ads,Native_Bonus_Landing,DE,T1,15618,440,0.0282,92.99,0.211,29,5,0.0659,0.1724,426.19,18.6,358.3,36,0,0,0.935
2024-02-09,Native_Ads,Native_Review_Article,BR,T2,33538,636,0.019,67.32,0.106,53,11,0.0833,0.2075,334.75,6.12,397.3,50,1,0,0.945
2024-02-09,Native_Ads,Native_Bonus_Landing,PL,T2,15883,443,0.0279,32.54,0.073,22,4,0.0497,0.1818,89.9,8.13,176.3,17,0,0,0.948
2024-02-09,Native_Ads,Native_Bonus_Landing,NG,T3,11511,282,0.0245,6.6,0.023,18,3,0.0638,0.1667,46.38,2.2,602.7,12,0,0,0.945
2024-02-09,Native_Ads,Native_Bonus_Landing,CA,T1,16746,239,0.0143,80.15,0.335,8,2,0.0335,0.25,125.04,40.08,56.0,17,0,0,0.935
2024-02-09,Native_Ads,Native_Review_Article,AU,T1,64191,1178,0.0184,264.55,0.225,89,18,0.0756,0.2022,1309.96,14.7,395.2,98,1,0,0.93
2024-02-09,Native_Ads,Native_Review_Article,IN,T3,22342,452,0.0202,15.23,0.034,23,3,0.0509,0.1304,62.34,5.08,309.3,17,0,0,0.945
2024-02-09,TikTok,TT_Sports_Short,DE,T1,15797,370,0.0234,100.04,0.27,22,3,0.0595,0.1364,183.26,33.35,83.2,25,0,0,0.932
2024-02-09,TikTok,TT_Casino_UGC,BR,T2,28653,721,0.0252,56.16,0.078,44,8,0.061,0.1818,181.75,7.02,223.6,58,1,0,0.913
2024-02-09,TikTok,TT_Sports_Short,PL,T2,53705,1287,0.024,131.13,0.102,96,18,0.0746,0.1875,317.93,7.29,142.5,107,1,0,0.922
2024-02-09,TikTok,TT_Sports_Short,NG,T3,14642,284,0.0194,7.89,0.028,15,2,0.0528,0.1333,4.0,3.94,-49.3,33,0,0,0.915
2024-02-09,TikTok,TT_Sports_Short,CA,T1,22244,450,0.0202,149.74,0.333,27,4,0.06,0.1481,156.11,37.44,4.3,19,0,0,0.905
2024-02-09,TikTok,TT_Sports_Short,AU,T1,55483,1158,0.0209,281.38,0.243,84,11,0.0725,0.131,465.75,25.58,65.5,107,1,0,0.908
2024-02-09,TikTok,TT_Casino_UGC,IN,T3,29104,486,0.0167,26.99,0.056,33,5,0.0679,0.1515,26.31,5.4,-2.5,51,0,0,0.921
2024-02-09,Affiliate_SEO,SEO_BonusGuide_BR,DE,T1,23736,733,0.0309,0.0,,213,75,0.2906,0.3521,9935.15,,,10,1,0,0.977
2024-02-09,Affiliate_SEO,SEO_CasinoReview_DE,BR,T2,37829,980,0.0259,0.0,,218,74,0.2224,0.3394,3066.29,,,26,0,0,0.981
2024-02-09,Affiliate_SEO,SEO_CasinoReview_DE,PL,T2,7702,155,0.0201,0.0,,33,11,0.2129,0.3333,634.6,,,2,0,0,0.982
2024-02-09,Affiliate_SEO,SEO_BonusGuide_BR,NG,T3,2408,45,0.0187,0.0,,12,4,0.2667,0.3333,58.05,,,0,0,0,0.977
2024-02-09,Affiliate_SEO,SEO_BonusGuide_BR,CA,T1,29726,518,0.0174,0.0,,82,22,0.1583,0.2683,2388.77,,,11,0,0,0.979
2024-02-09,Affiliate_SEO,SEO_BonusGuide_BR,AU,T1,40732,714,0.0175,0.0,,145,65,0.2031,0.4483,7078.12,,,16,0,0,0.979
2024-02-09,Affiliate_SEO,SEO_BonusGuide_BR,IN,T3,4482,119,0.0266,0.0,,31,10,0.2605,0.3226,210.75,,,2,0,0,0.979
2024-02-10,Facebook,FB_Casino_CreativeA,DE,T1,30808,1312,0.0426,316.85,0.242,136,31,0.1037,0.2279,2887.62,10.22,811.4,36,1,0,0.969
2024-02-10,Facebook,FB_Slots_Video,BR,T2,30258,1008,0.0333,97.72,0.097,84,21,0.0833,0.25,389.64,4.65,298.7,40,0,0,0.974
2024-02-10,Facebook,FB_Slots_Video,PL,T2,51723,1771,0.0342,185.34,0.105,151,39,0.0853,0.2583,1327.83,4.75,616.4,41,1,0,0.971
2024-02-10,Facebook,FB_Casino_CreativeA,NG,T3,27508,1106,0.0402,25.99,0.023,101,23,0.0913,0.2277,46.0,1.13,77.0,24,0,0,0.976
2024-02-10,Facebook,FB_Slots_Video,CA,T1,13821,337,0.0244,111.38,0.331,31,6,0.092,0.1935,452.08,18.56,305.9,14,0,0,0.971
2024-02-10,Facebook,FB_Slots_Video,AU,T1,23637,914,0.0387,229.33,0.251,82,19,0.0897,0.2317,1283.82,12.07,459.8,25,0,0,0.967
2024-02-10,Facebook,FB_Sports_Banner,IN,T3,18871,624,0.0331,27.64,0.044,67,18,0.1074,0.2687,165.33,1.54,498.2,27,0,0,0.971
2024-02-10,Google_Search,GG_Slots_KW_Generic,DE,T1,34000,1379,0.0406,979.61,0.71,243,70,0.1762,0.2881,7577.32,13.99,673.5,14,1,0,0.99
2024-02-10,Google_Search,GG_Casino_KW_Brand,BR,T2,40837,1068,0.0262,304.83,0.285,173,55,0.162,0.3179,2958.65,5.54,870.6,12,0,0,0.989
2024-02-10,Google_Search,GG_Casino_KW_Brand,PL,T2,49120,1927,0.0392,533.93,0.277,337,81,0.1749,0.2404,4388.74,6.59,722.0,27,0,0,0.99
2024-02-10,Google_Search,GG_Casino_KW_Brand,NG,T3,11049,402,0.0364,29.72,0.074,42,14,0.1045,0.3333,356.15,2.12,1098.4,2,0,0,0.99
2024-02-10,Google_Search,GG_Slots_KW_Generic,CA,T1,55163,1516,0.0275,1217.02,0.803,176,45,0.1161,0.2557,4693.22,27.04,285.6,22,0,0,0.99
2024-02-10,Google_Search,GG_Sports_Betting,AU,T1,30637,1204,0.0393,627.78,0.521,172,54,0.1429,0.314,5304.3,11.63,744.9,7,0,0,0.992
2024-02-10,Google_Search,GG_Sports_Betting,IN,T3,38987,1984,0.0509,144.29,0.073,350,110,0.1764,0.3143,756.27,1.31,424.1,15,1,0,0.989
2024-02-10,Push_Network,Push_iGaming_Broad,DE,T1,31863,379,0.0119,53.49,0.141,16,1,0.0422,0.0625,34.76,53.49,-35.0,70,0,0,0.839
2024-02-10,Push_Network,Push_iGaming_Broad,BR,T2,45514,796,0.0175,24.7,0.031,27,2,0.0339,0.0741,4.0,12.35,-83.8,118,0,0,0.848
2024-02-10,Push_Network,Push_Casino_Retarget,PL,T2,18222,568,0.0312,14.93,0.026,21,2,0.037,0.0952,37.37,7.46,150.3,77,1,0,0.853
2024-02-10,Push_Network,Push_Casino_Retarget,NG,T3,19309,465,0.0241,3.1,0.007,15,1,0.0323,0.0667,9.84,3.1,217.4,53,0,0,0.857
2024-02-10,Push_Network,Push_Casino_Retarget,CA,T1,12668,275,0.0217,21.26,0.077,9,1,0.0327,0.1111,40.57,21.26,90.8,46,0,0,0.858
2024-02-10,Push_Network,Push_Casino_Retarget,AU,T1,18919,313,0.0165,32.44,0.104,11,1,0.0351,0.0909,31.56,32.44,-2.7,51,0,0,0.851
2024-02-10,Push_Network,Push_Casino_Retarget,IN,T3,25033,581,0.0232,6.69,0.012,29,2,0.0499,0.069,38.98,3.35,482.7,71,0,0,0.867
2024-02-10,Native_Ads,Native_Review_Article,DE,T1,30033,451,0.015,179.85,0.399,35,8,0.0776,0.2286,545.08,22.48,203.1,28,0,0,0.935
2024-02-10,Native_Ads,Native_Bonus_Landing,BR,T2,18339,539,0.0294,35.5,0.066,19,3,0.0353,0.1579,83.34,11.83,134.8,16,0,0,0.942
2024-02-10,Native_Ads,Native_Review_Article,PL,T2,13814,126,0.0091,33.33,0.265,7,1,0.0556,0.1429,21.19,33.33,-36.4,10,0,0,0.939
2024-02-10,Native_Ads,Native_Review_Article,NG,T3,65403,794,0.0121,32.37,0.041,52,11,0.0655,0.2115,140.82,2.94,335.0,53,0,0,0.937
2024-02-10,Native_Ads,Native_Bonus_Landing,CA,T1,30723,306,0.01,156.44,0.511,17,3,0.0556,0.1765,174.68,52.15,11.7,24,0,0,0.933
2024-02-10,Native_Ads,Native_Bonus_Landing,AU,T1,42048,392,0.0093,170.73,0.436,23,5,0.0587,0.2174,308.5,34.15,80.7,19,0,0,0.95
2024-02-10,Native_Ads,Native_Review_Article,IN,T3,34831,457,0.0131,28.47,0.062,41,9,0.0897,0.2195,122.65,3.16,330.8,22,0,0,0.929
2024-02-10,TikTok,TT_Sports_Short,DE,T1,9986,225,0.0225,67.41,0.3,17,2,0.0756,0.1176,99.22,33.7,47.2,9,0,0,0.921
2024-02-10,TikTok,TT_Casino_UGC,BR,T2,43675,999,0.0229,103.44,0.104,45,5,0.045,0.1111,89.07,20.69,-13.9,76,0,0,0.929
2024-02-10,TikTok,TT_Sports_Short,PL,T2,43908,1009,0.023,104.35,0.103,46,6,0.0456,0.1304,144.04,17.39,38.0,52,0,0,0.934
2024-02-10,TikTok,TT_Casino_UGC,NG,T3,15962,437,0.0274,9.08,0.021,24,4,0.0549,0.1667,8.0,2.27,-11.9,19,0,0,0.908
2024-02-10,TikTok,TT_Casino_UGC,CA,T1,87769,2614,0.0298,579.4,0.222,89,11,0.034,0.1236,495.72,52.67,-14.4,264,2,0,0.925
2024-02-10,TikTok,TT_Sports_Short,AU,T1,62987,1637,0.026,400.11,0.244,103,19,0.0629,0.1845,937.8,21.06,134.4,166,2,0,0.923
2024-02-10,TikTok,TT_Sports_Short,IN,T3,37361,661,0.0177,36.68,0.055,33,5,0.0499,0.1515,10.0,7.34,-72.7,59,0,0,0.925
2024-02-10,Affiliate_SEO,SEO_CasinoReview_DE,DE,T1,9968,173,0.0174,0.0,,36,13,0.2081,0.3611,1826.54,,,5,0,0,0.976
2024-02-10,Affiliate_SEO,SEO_CasinoReview_DE,BR,T2,4625,59,0.0128,0.0,,12,5,0.2034,0.4167,158.46,,,0,0,0,0.984
2024-02-10,Affiliate_SEO,SEO_CasinoReview_DE,PL,T2,14113,102,0.0072,0.0,,21,8,0.2059,0.381,479.9,,,2,0,0,0.977
2024-02-10,Affiliate_SEO,SEO_BonusGuide_BR,NG,T3,2616,56,0.0214,0.0,,7,1,0.125,0.1429,13.91,,,1,0,0,0.98
2024-02-10,Affiliate_SEO,SEO_BonusGuide_BR,CA,T1,35827,857,0.0239,0.0,,190,49,0.2217,0.2579,5365.1,,,20,0,0,0.981
2024-02-10,Affiliate_SEO,SEO_CasinoReview_DE,AU,T1,46949,906,0.0193,0.0,,211,82,0.2329,0.3886,8441.14,,,12,1,0,0.983
2024-02-10,Affiliate_SEO,SEO_BonusGuide_BR,IN,T3,4882,74,0.0152,0.0,,24,7,0.3243,0.2917,153.31,,,1,0,0,0.979
2024-02-11,Facebook,FB_Sports_Banner,DE,T1,37522,1493,0.0398,354.22,0.237,123,21,0.0824,0.1707,1546.41,16.87,336.6,67,1,0,0.965
2024-02-11,Facebook,FB_Casino_CreativeA,BR,T2,10873,312,0.0287,30.65,0.098,31,8,0.0994,0.2581,322.68,3.83,952.8,8,0,0,0.974
2024-02-11,Facebook,FB_Casino_CreativeA,PL,T2,26715,1565,0.0586,110.45,0.071,210,48,0.1342,0.2286,1994.31,2.3,1705.6,56,1,0,0.965
2024-02-11,Facebook,FB_Sports_Banner,NG,T3,40705,1759,0.0432,38.69,0.022,151,30,0.0858,0.1987,164.03,1.29,324.0,60,0,0,0.965
2024-02-11,Facebook,FB_Slots_Video,CA,T1,30162,1255,0.0416,299.15,0.238,114,26,0.0908,0.2281,1969.47,11.51,558.4,47,0,0,0.972
2024-02-11,Facebook,FB_Slots_Video,AU,T1,33168,736,0.0222,277.05,0.376,82,20,0.1114,0.2439,1547.33,13.85,458.5,32,0,0,0.966
2024-02-11,Facebook,FB_Sports_Banner,IN,T3,17982,634,0.0353,22.41,0.035,37,6,0.0584,0.1622,35.91,3.73,60.2,27,0,0,0.973
2024-02-11,Google_Search,GG_Slots_KW_Generic,DE,T1,13000,360,0.0277,379.11,1.053,36,11,0.1,0.3056,859.31,34.46,126.7,2,0,0,0.991
2024-02-11,Google_Search,GG_Sports_Betting,BR,T2,19712,479,0.0243,147.93,0.309,58,17,0.1211,0.2931,705.49,8.7,376.9,4,0,0,0.989
2024-02-11,Google_Search,GG_Casino_KW_Brand,PL,T2,21563,1035,0.048,262.19,0.253,181,64,0.1749,0.3536,2889.79,4.1,1002.2,13,0,0,0.992
2024-02-11,Google_Search,GG_Sports_Betting,NG,T3,22427,802,0.0358,52.75,0.066,87,23,0.1085,0.2644,593.67,2.29,1025.4,6,0,0,0.989
2024-02-11,Google_Search,GG_Sports_Betting,CA,T1,10044,387,0.0385,212.12,0.548,78,19,0.2016,0.2436,2054.88,11.16,868.7,3,0,0,0.99
2024-02-11,Google_Search,GG_Sports_Betting,AU,T1,38070,1405,0.0369,975.51,0.694,224,79,0.1594,0.3527,8053.55,12.35,725.6,9,0,0,0.99
2024-02-11,Google_Search,GG_Sports_Betting,IN,T3,12555,455,0.0362,39.52,0.087,60,17,0.1319,0.2833,363.43,2.32,819.6,4,0,0,0.991
2024-02-11,Push_Network,Push_Casino_Retarget,DE,T1,24376,516,0.0212,40.69,0.079,18,1,0.0349,0.0556,22.94,40.69,-43.6,69,1,0,0.845
2024-02-11,Push_Network,Push_iGaming_Broad,BR,T2,14948,228,0.0153,7.5,0.033,8,0,0.0351,0.0,0.0,,-100.0,46,0,0,0.867
2024-02-11,Push_Network,Push_iGaming_Broad,PL,T2,48386,683,0.0141,36.11,0.053,29,2,0.0425,0.069,36.84,18.05,2.0,102,0,0,0.844
2024-02-11,Push_Network,Push_Casino_Retarget,NG,T3,9090,45,0.005,1.25,0.028,1,0,0.0222,0.0,0.0,,-100.0,4,0,0,0.85
2024-02-11,Push_Network,Push_Casino_Retarget,CA,T1,10529,236,0.0224,14.43,0.061,9,1,0.0381,0.1111,29.18,14.43,102.2,43,0,0,0.843
2024-02-11,Push_Network,Push_iGaming_Broad,AU,T1,50359,812,0.0161,76.23,0.094,27,3,0.0333,0.1111,86.45,25.41,13.4,71,1,0,0.84
2024-02-11,Push_Network,Push_Casino_Retarget,IN,T3,13778,315,0.0229,3.5,0.011,10,1,0.0317,0.1,14.63,3.5,318.0,33,0,0,0.865
2024-02-11,Native_Ads,Native_Bonus_Landing,DE,T1,16372,405,0.0247,88.12,0.218,30,7,0.0741,0.2333,370.36,12.59,320.3,34,0,0,0.93
2024-02-11,Native_Ads,Native_Review_Article,BR,T2,57164,947,0.0166,97.81,0.103,79,19,0.0834,0.2405,544.49,5.15,456.7,28,0,0,0.934
2024-02-11,Native_Ads,Native_Review_Article,PL,T2,25414,645,0.0254,54.08,0.084,46,8,0.0713,0.1739,219.51,6.76,305.9,41,0,0,0.938
2024-02-11,Native_Ads,Native_Review_Article,NG,T3,34976,192,0.0055,17.99,0.094,13,2,0.0677,0.1538,7.82,8.99,-56.5,16,0,0,0.945
2024-02-11,Native_Ads,Native_Bonus_Landing,CA,T1,21929,109,0.005,110.29,1.012,6,1,0.055,0.1667,74.9,110.29,-32.1,6,0,0,0.931
2024-02-11,Native_Ads,Native_Review_Article,AU,T1,49032,629,0.0128,236.19,0.376,53,14,0.0843,0.2642,772.71,16.87,227.2,42,0,0,0.946
2024-02-11,Native_Ads,Native_Review_Article,IN,T3,10220,351,0.0343,8.03,0.023,32,6,0.0912,0.1875,12.0,1.34,49.4,27,0,0,0.942
2024-02-11,TikTok,TT_Casino_UGC,DE,T1,32875,789,0.024,225.64,0.286,54,8,0.0684,0.1481,338.03,28.2,49.8,35,1,0,0.926
2024-02-11,TikTok,TT_Sports_Short,BR,T2,29630,646,0.0218,57.86,0.09,32,5,0.0495,0.1562,54.45,11.57,-5.9,32,1,0,0.932
2024-02-11,TikTok,TT_Casino_UGC,PL,T2,29764,559,0.0188,92.36,0.165,30,4,0.0537,0.1333,158.41,23.09,71.5,47,1,0,0.924
2024-02-11,TikTok,TT_Casino_UGC,NG,T3,22819,529,0.0232,14.57,0.028,33,6,0.0624,0.1818,30.56,2.43,109.7,41,0,0,0.918
2024-02-11,TikTok,TT_Sports_Short,CA,T1,29395,692,0.0235,153.49,0.222,56,8,0.0809,0.1429,351.56,19.19,129.0,66,1,0,0.907
2024-02-11,TikTok,TT_Casino_UGC,AU,T1,22047,531,0.0241,119.27,0.225,23,3,0.0433,0.1304,129.24,39.76,8.4,43,0,0,0.927
2024-02-11,TikTok,TT_Sports_Short,IN,T3,27396,692,0.0253,22.68,0.033,46,5,0.0665,0.1087,66.42,4.54,192.9,60,1,0,0.913
2024-02-11,Affiliate_SEO,SEO_BonusGuide_BR,DE,T1,23100,325,0.0141,0.0,,58,25,0.1785,0.431,3193.49,,,7,0,0,0.978
2024-02-11,Affiliate_SEO,SEO_CasinoReview_DE,BR,T2,6055,158,0.0261,0.0,,37,11,0.2342,0.2973,499.28,,,2,0,0,0.977
2024-02-11,Affiliate_SEO,SEO_CasinoReview_DE,PL,T2,4761,91,0.0191,0.0,,24,5,0.2637,0.2083,285.93,,,2,0,0,0.978
2024-02-11,Affiliate_SEO,SEO_CasinoReview_DE,NG,T3,1786,8,0.0045,0.0,,1,0,0.125,0.0,0.0,,,0,0,0,0.978
2024-02-11,Affiliate_SEO,SEO_BonusGuide_BR,CA,T1,19367,261,0.0135,0.0,,51,20,0.1954,0.3922,2328.39,,,6,0,0,0.98
2024-02-11,Affiliate_SEO,SEO_CasinoReview_DE,AU,T1,20014,348,0.0174,0.0,,110,48,0.3161,0.4364,5389.49,,,5,0,0,0.983
2024-02-11,Affiliate_SEO,SEO_CasinoReview_DE,IN,T3,2985,39,0.0131,0.0,,9,2,0.2308,0.2222,51.72,,,0,0,0,0.977
2024-02-12,Facebook,FB_Casino_CreativeA,DE,T1,6903,237,0.0343,60.19,0.254,21,4,0.0886,0.1905,380.23,15.05,531.7,9,0,0,0.976
2024-02-12,Facebook,FB_Casino_CreativeA,BR,T2,22014,938,0.0426,64.03,0.068,61,11,0.065,0.1803,440.58,5.82,588.1,36,0,0,0.974
2024-02-12,Facebook,FB_Slots_Video,PL,T2,14209,360,0.0253,63.49,0.176,34,7,0.0944,0.2059,306.79,9.07,383.2,5,0,0,0.975
2024-02-12,Facebook,FB_Slots_Video,NG,T3,9856,217,0.022,9.39,0.043,21,4,0.0968,0.1905,8.0,2.35,-14.8,3,0,0,0.967
2024-02-12,Facebook,FB_Sports_Banner,CA,T1,10243,483,0.0472,88.96,0.184,41,13,0.0849,0.3171,1008.99,6.84,1034.2,8,0,0,0.972
2024-02-12,Facebook,FB_Casino_CreativeA,AU,T1,30467,1203,0.0395,264.78,0.22,84,22,0.0698,0.2619,1531.34,12.04,478.3,25,0,0,0.967
2024-02-12,Facebook,FB_Slots_Video,IN,T3,47759,1356,0.0284,70.2,0.052,124,20,0.0914,0.1613,108.17,3.51,54.1,53,1,0,0.972
2024-02-12,Google_Search,GG_Sports_Betting,DE,T1,27808,1361,0.0489,816.29,0.6,223,69,0.1639,0.3094,6952.73,11.83,751.7,18,0,0,0.989
2024-02-12,Google_Search,GG_Slots_KW_Generic,BR,T2,32507,1054,0.0324,257.02,0.244,126,25,0.1195,0.1984,885.33,10.28,244.5,7,0,0,0.992
2024-02-12,Google_Search,GG_Casino_KW_Brand,PL,T2,24461,706,0.0289,227.12,0.322,119,30,0.1686,0.2521,1719.28,7.57,657.0,9,0,0,0.991
2024-02-12,Google_Search,GG_Sports_Betting,NG,T3,31020,1451,0.0468,77.72,0.054,160,50,0.1103,0.3125,938.42,1.55,1107.4,12,0,0,0.989
2024-02-12,Google_Search,GG_Slots_KW_Generic,CA,T1,28257,1079,0.0382,688.92,0.638,155,42,0.1437,0.271,4019.76,16.4,483.5,10,0,0,0.991
2024-02-12,Google_Search,GG_Sports_Betting,AU,T1,6014,283,0.0471,126.92,0.448,34,8,0.1201,0.2353,781.89,15.87,516.0,4,0,0,0.988
2024-02-12,Google_Search,GG_Casino_KW_Brand,IN,T3,14331,479,0.0334,49.44,0.103,78,21,0.1628,0.2692,109.51,2.35,121.5,6,0,0,0.989
2024-02-12,Push_Network,Push_iGaming_Broad,DE,T1,39206,593,0.0151,64.29,0.108,27,2,0.0455,0.0741,71.03,32.15,10.5,113,0,0,0.859
2024-02-12,Push_Network,Push_iGaming_Broad,BR,T2,19779,267,0.0135,11.66,0.044,7,0,0.0262,0.0,0.0,,-100.0,31,0,0,0.883
2024-02-12,Push_Network,Push_Casino_Retarget,PL,T2,14128,178,0.0126,10.26,0.058,8,1,0.0449,0.125,30.15,10.26,193.9,36,0,0,0.835
2024-02-12,Push_Network,Push_Casino_Retarget,NG,T3,27828,592,0.0213,4.95,0.008,23,3,0.0389,0.1304,8.01,1.65,61.8,43,1,0,0.845
2024-02-12,Push_Network,Push_Casino_Retarget,CA,T1,15375,330,0.0215,21.56,0.065,14,2,0.0424,0.1429,49.1,10.78,127.7,29,0,0,0.861
2024-02-12,Push_Network,Push_Casino_Retarget,AU,T1,28719,435,0.0151,48.06,0.11,19,2,0.0437,0.1053,87.86,24.03,82.8,67,0,0,0.878
2024-02-12,Push_Network,Push_Casino_Retarget,IN,T3,11342,252,0.0222,3.01,0.012,10,1,0.0397,0.1,8.79,3.01,192.0,41,0,0,0.838
2024-02-12,Native_Ads,Native_Bonus_Landing,DE,T1,18820,386,0.0205,113.6,0.294,31,4,0.0803,0.129,285.3,28.4,151.1,32,0,0,0.951
2024-02-12,Native_Ads,Native_Bonus_Landing,BR,T2,9908,80,0.0081,18.17,0.227,4,0,0.05,0.0,0.0,,-100.0,7,0,0,0.935
2024-02-12,Native_Ads,Native_Bonus_Landing,PL,T2,24102,337,0.014,56.73,0.168,20,4,0.0593,0.2,94.33,14.18,66.3,28,0,0,0.934
2024-02-12,Native_Ads,Native_Bonus_Landing,NG,T3,15523,191,0.0123,8.65,0.045,15,3,0.0785,0.2,11.19,2.88,29.4,11,0,0,0.93
2024-02-12,Native_Ads,Native_Bonus_Landing,CA,T1,59099,1379,0.0233,287.73,0.209,62,13,0.045,0.2097,727.77,22.13,152.9,86,1,0,0.93
2024-02-12,Native_Ads,Native_Review_Article,AU,T1,17639,303,0.0172,72.65,0.24,31,7,0.1023,0.2258,283.04,10.38,289.6,24,0,0,0.935
2024-02-12,Native_Ads,Native_Bonus_Landing,IN,T3,15203,143,0.0094,11.84,0.083,7,1,0.049,0.1429,18.88,11.84,59.5,9,0,0,0.94
2024-02-12,TikTok,TT_Sports_Short,DE,T1,21932,504,0.023,166.36,0.33,37,4,0.0734,0.1081,183.42,41.59,10.3,48,0,0,0.925
2024-02-12,TikTok,TT_Sports_Short,BR,T2,35764,1035,0.0289,70.66,0.068,43,5,0.0415,0.1163,63.75,14.13,-9.8,100,1,0,0.905
2024-02-12,TikTok,TT_Casino_UGC,PL,T2,42255,576,0.0136,114.82,0.199,53,8,0.092,0.1509,207.91,14.35,81.1,63,0,0,0.925
2024-02-12,TikTok,TT_Casino_UGC,NG,T3,12997,233,0.0179,7.08,0.03,11,1,0.0472,0.0909,2.0,7.08,-71.8,9,0,0,0.925
2024-02-12,TikTok,TT_Sports_Short,CA,T1,15525,220,0.0142,101.29,0.46,9,1,0.0409,0.1111,51.05,101.29,-49.6,17,0,0,0.929
2024-02-12,TikTok,TT_Sports_Short,AU,T1,21262,233,0.011,115.9,0.497,11,1,0.0472,0.0909,29.98,115.9,-74.1,26,0,0,0.908
2024-02-12,TikTok,TT_Sports_Short,IN,T3,13926,205,0.0147,12.86,0.063,11,1,0.0537,0.0909,20.92,12.86,62.7,21,0,0,0.926
2024-02-12,Affiliate_SEO,SEO_BonusGuide_BR,DE,T1,15722,303,0.0193,0.0,,74,10,0.2442,0.1351,1300.58,,,5,0,0,0.98
2024-02-12,Affiliate_SEO,SEO_CasinoReview_DE,BR,T2,10015,259,0.0259,0.0,,67,22,0.2587,0.3284,973.81,,,4,0,0,0.982
2024-02-12,Affiliate_SEO,SEO_BonusGuide_BR,PL,T2,52386,1668,0.0318,0.0,,424,134,0.2542,0.316,8887.2,,,35,2,0,0.984
2024-02-12,Affiliate_SEO,SEO_BonusGuide_BR,NG,T3,2531,55,0.0217,0.0,,16,4,0.2909,0.25,60.6,,,1,0,0,0.982
2024-02-12,Affiliate_SEO,SEO_CasinoReview_DE,CA,T1,12782,188,0.0147,0.0,,34,10,0.1809,0.2941,1154.01,,,4,0,0,0.98
2024-02-12,Affiliate_SEO,SEO_BonusGuide_BR,AU,T1,12429,325,0.0261,0.0,,47,16,0.1446,0.3404,1780.11,,,8,0,0,0.979
2024-02-12,Affiliate_SEO,SEO_CasinoReview_DE,IN,T3,13546,123,0.0091,0.0,,28,10,0.2276,0.3571,174.19,,,2,0,0,0.982
2024-02-13,Facebook,FB_Sports_Banner,DE,T1,15205,398,0.0262,131.36,0.33,45,5,0.1131,0.1111,416.83,26.27,217.3,11,0,0,0.972
2024-02-13,Facebook,FB_Sports_Banner,BR,T2,18267,605,0.0331,53.64,0.089,50,10,0.0826,0.2,370.96,5.36,591.6,26,0,0,0.975
2024-02-13,Facebook,FB_Casino_CreativeA,PL,T2,29523,885,0.03,120.51,0.136,69,15,0.078,0.2174,583.5,8.03,384.2,36,0,0,0.971
2024-02-13,Facebook,FB_Sports_Banner,NG,T3,18351,732,0.0399,18.61,0.025,63,17,0.0861,0.2698,236.47,1.09,1170.7,12,0,0,0.966
2024-02-13,Facebook,FB_Slots_Video,CA,T1,5122,175,0.0342,41.38,0.236,14,2,0.08,0.1429,143.02,20.69,245.6,2,0,0,0.975
2024-02-13,Facebook,FB_Casino_CreativeA,AU,T1,39640,1240,0.0313,324.11,0.261,122,30,0.0984,0.2459,2209.61,10.8,581.7,19,1,0,0.975
2024-02-13,Facebook,FB_Sports_Banner,IN,T3,46581,1312,0.0282,62.76,0.048,126,32,0.096,0.254,535.93,1.96,753.9,40,0,0,0.975
2024-02-13,Google_Search,GG_Slots_KW_Generic,DE,T1,29095,1120,0.0385,804.78,0.719,169,49,0.1509,0.2899,4915.3,16.42,510.8,11,0,0,0.99
2024-02-13,Google_Search,GG_Casino_KW_Brand,BR,T2,11002,301,0.0274,105.46,0.35,50,7,0.1661,0.14,304.09,15.07,188.3,2,0,0,0.989
2024-02-13,Google_Search,GG_Sports_Betting,PL,T2,7926,401,0.0506,82.2,0.205,78,20,0.1945,0.2564,1019.77,4.11,1140.6,3,0,0,0.991
2024-02-13,Google_Search,GG_Sports_Betting,NG,T3,15985,373,0.0233,34.72,0.093,50,11,0.134,0.22,230.71,3.16,564.5,4,0,0,0.989
2024-02-13,Google_Search,GG_Slots_KW_Generic,CA,T1,10912,386,0.0354,242.68,0.629,46,12,0.1192,0.2609,1255.86,20.22,417.5,2,0,0,0.99
2024-02-13,Google_Search,GG_Sports_Betting,AU,T1,21958,856,0.039,527.78,0.617,113,33,0.132,0.292,3154.81,15.99,497.8,11,0,0,0.989
2024-02-13,Google_Search,GG_Sports_Betting,IN,T3,30132,1054,0.035,118.11,0.112,146,55,0.1385,0.3767,867.25,2.15,634.3,6,0,0,0.989
2024-02-13,Push_Network,Push_Casino_Retarget,DE,T1,26109,807,0.0309,44.6,0.055,42,5,0.052,0.119,142.54,8.92,219.6,125,1,0,0.869
2024-02-13,Push_Network,Push_Casino_Retarget,BR,T2,13934,371,0.0266,7.04,0.019,10,1,0.027,0.1,11.73,7.04,66.6,42,0,0,0.886
2024-02-13,Push_Network,Push_iGaming_Broad,PL,T2,29991,469,0.0156,20.99,0.045,13,1,0.0277,0.0769,7.04,20.99,-66.5,52,0,0,0.867
2024-02-13,Push_Network,Push_Casino_Retarget,NG,T3,18335,163,0.0089,2.78,0.017,5,0,0.0307,0.0,0.0,,-100.0,23,0,0,0.867
2024-02-13,Push_Network,Push_Casino_Retarget,CA,T1,9139,243,0.0266,12.71,0.052,11,1,0.0453,0.0909,33.14,12.71,160.7,40,0,0,0.834
2024-02-13,Push_Network,Push_Casino_Retarget,AU,T1,25661,424,0.0165,35.61,0.084,19,2,0.0448,0.1053,53.77,17.8,51.0,78,0,0,0.842
2024-02-13,Push_Network,Push_Casino_Retarget,IN,T3,18222,334,0.0183,4.63,0.014,12,1,0.0359,0.0833,2.0,4.63,-56.8,28,0,0,0.852
2024-02-13,Native_Ads,Native_Bonus_Landing,DE,T1,9886,153,0.0155,52.81,0.345,14,1,0.0915,0.0714,61.38,52.81,16.2,9,0,0,0.932
2024-02-13,Native_Ads,Native_Bonus_Landing,BR,T2,28131,555,0.0197,46.81,0.084,35,7,0.0631,0.2,149.98,6.69,220.4,39,0,0,0.934
2024-02-13,Native_Ads,Native_Review_Article,PL,T2,22499,568,0.0252,45.3,0.08,40,5,0.0704,0.125,151.68,9.06,234.8,23,0,0,0.949
2024-02-13,Native_Ads,Native_Bonus_Landing,NG,T3,29656,876,0.0295,13.92,0.016,60,14,0.0685,0.2333,183.19,0.99,1216.0,34,1,0,0.934
2024-02-13,Native_Ads,Native_Review_Article,CA,T1,29293,559,0.0191,155.06,0.277,29,5,0.0519,0.1724,342.66,31.01,121.0,20,0,0,0.946
2024-02-13,Native_Ads,Native_Bonus_Landing,AU,T1,22633,556,0.0246,113.65,0.204,41,6,0.0737,0.1463,405.71,18.94,257.0,33,0,0,0.939
2024-02-13,Native_Ads,Native_Bonus_Landing,IN,T3,24936,318,0.0128,18.88,0.059,24,3,0.0755,0.125,67.86,6.29,259.4,18,0,0,0.934
2024-02-13,TikTok,TT_Sports_Short,DE,T1,15521,353,0.0227,107.77,0.305,26,5,0.0737,0.1923,246.47,21.55,128.7,20,0,0,0.921
2024-02-13,TikTok,TT_Sports_Short,BR,T2,6376,181,0.0284,11.49,0.063,12,1,0.0663,0.0833,24.48,11.49,113.1,13,0,0,0.906
2024-02-13,TikTok,TT_Sports_Short,PL,T2,17039,560,0.0329,51.02,0.091,42,6,0.075,0.1429,160.71,8.5,215.0,45,1,0,0.914
2024-02-13,TikTok,TT_Casino_UGC,NG,T3,26683,624,0.0234,15.61,0.025,39,5,0.0625,0.1282,10.0,3.12,-35.9,68,1,0,0.907
2024-02-13,TikTok,TT_Sports_Short,CA,T1,49843,1070,0.0215,326.97,0.306,69,12,0.0645,0.1739,680.04,27.25,108.0,83,2,0,0.909
2024-02-13,TikTok,TT_Sports_Short,AU,T1,10019,278,0.0277,55.87,0.201,14,1,0.0504,0.0714,31.38,55.87,-43.8,16,0,0,0.934
2024-02-13,TikTok,TT_Sports_Short,IN,T3,16064,326,0.0203,13.68,0.042,15,3,0.046,0.2,6.0,4.56,-56.1,21,0,0,0.906
2024-02-13,Affiliate_SEO,SEO_BonusGuide_BR,DE,T1,48451,619,0.0128,0.0,,104,35,0.168,0.3365,4421.28,,,17,0,0,0.983
2024-02-13,Affiliate_SEO,SEO_CasinoReview_DE,BR,T2,14127,247,0.0175,0.0,,64,16,0.2591,0.25,801.83,,,6,0,0,0.976
2024-02-13,Affiliate_SEO,SEO_CasinoReview_DE,PL,T2,9750,92,0.0094,0.0,,23,8,0.25,0.3478,470.82,,,1,0,0,0.978
2024-02-13,Affiliate_SEO,SEO_BonusGuide_BR,NG,T3,7798,163,0.0209,0.0,,34,16,0.2086,0.4706,136.34,,,4,0,0,0.984
2024-02-13,Affiliate_SEO,SEO_BonusGuide_BR,CA,T1,16413,240,0.0146,0.0,,47,16,0.1958,0.3404,1845.89,,,4,0,0,0.98
2024-02-13,Affiliate_SEO,SEO_BonusGuide_BR,AU,T1,23628,485,0.0205,0.0,,93,29,0.1918,0.3118,3556.95,,,13,0,0,0.977
2024-02-13,Affiliate_SEO,SEO_BonusGuide_BR,IN,T3,11506,204,0.0177,0.0,,48,10,0.2353,0.2083,97.08,,,5,0,0,0.979
2024-02-14,Facebook,FB_Casino_CreativeA,DE,T1,56996,2154,0.0378,542.53,0.252,218,33,0.1012,0.1514,2814.39,16.44,418.8,41,1,0,0.967
2024-02-14,Facebook,FB_Slots_Video,BR,T2,23037,310,0.0135,77.32,0.249,32,8,0.1032,0.25,281.97,9.66,264.7,7,0,0,0.964
2024-02-14,Facebook,FB_Casino_CreativeA,PL,T2,11641,318,0.0273,53.92,0.17,27,8,0.0849,0.2963,275.27,6.74,410.5,7,0,0,0.971
2024-02-14,Facebook,FB_Slots_Video,NG,T3,7462,234,0.0314,6.62,0.028,23,5,0.0983,0.2174,92.5,1.32,1297.3,3,0,0,0.975
2024-02-14,Facebook,FB_Casino_CreativeA,CA,T1,14943,569,0.0381,130.86,0.23,39,9,0.0685,0.2308,636.66,14.54,386.5,23,0,0,0.975
2024-02-14,Facebook,FB_Slots_Video,AU,T1,15551,707,0.0455,127.93,0.181,50,8,0.0707,0.16,508.92,15.99,297.8,17,0,0,0.976
2024-02-14,Facebook,FB_Casino_CreativeA,IN,T3,22095,964,0.0436,28.99,0.03,60,10,0.0622,0.1667,88.7,2.9,206.0,17,0,0,0.971
2024-02-14,Google_Search,GG_Sports_Betting,DE,T1,27353,671,0.0245,814.32,1.214,106,29,0.158,0.2736,3264.37,28.08,300.9,8,0,0,0.991
2024-02-14,Google_Search,GG_Casino_KW_Brand,BR,T2,28410,1017,0.0358,255.43,0.251,181,57,0.178,0.3149,2108.49,4.48,725.5,10,0,0,0.992
2024-02-14,Google_Search,GG_Slots_KW_Generic,PL,T2,35115,923,0.0263,420.52,0.456,153,43,0.1658,0.281,2435.61,9.78,479.2,6,0,0,0.989
2024-02-14,Google_Search,GG_Sports_Betting,NG,T3,14144,425,0.03,29.63,0.07,71,19,0.1671,0.2676,199.94,1.56,574.8,3,0,0,0.991
2024-02-14,Google_Search,GG_Casino_KW_Brand,CA,T1,79624,2124,0.0267,2153.01,1.014,471,188,0.2218,0.3992,22057.21,11.45,924.5,30,1,0,0.991
2024-02-14,Google_Search,GG_Sports_Betting,AU,T1,15153,611,0.0403,368.33,0.603,109,30,0.1784,0.2752,2690.37,12.28,630.4,5,0,0,0.989
2024-02-14,Google_Search,GG_Sports_Betting,IN,T3,24363,1081,0.0444,84.33,0.078,222,58,0.2054,0.2613,1702.63,1.45,1919.0,14,0,0,0.989
2024-02-14,Push_Network,Push_iGaming_Broad,DE,T1,13641,344,0.0252,24.36,0.071,15,1,0.0436,0.0667,41.86,24.36,71.8,29,0,0,0.851
2024-02-14,Push_Network,Push_Casino_Retarget,BR,T2,16937,465,0.0275,8.86,0.019,18,1,0.0387,0.0556,16.62,8.86,87.6,86,0,0,0.877
2024-02-14,Push_Network,Push_iGaming_Broad,PL,T2,14591,251,0.0172,9.9,0.039,11,1,0.0438,0.0909,7.32,9.9,-26.1,31,0,0,0.877
2024-02-14,Push_Network,Push_Casino_Retarget,NG,T3,57131,1002,0.0175,9.83,0.01,38,2,0.0379,0.0526,4.0,4.92,-59.3,121,2,0,0.847
2024-02-14,Push_Network,Push_Casino_Retarget,CA,T1,20469,263,0.0128,28.75,0.109,11,1,0.0418,0.0909,35.69,28.75,24.1,28,0,0,0.832
2024-02-14,Push_Network,Push_Casino_Retarget,AU,T1,19717,261,0.0132,33.36,0.128,9,1,0.0345,0.1111,32.93,33.36,-1.3,52,0,0,0.833
2024-02-14,Push_Network,Push_iGaming_Broad,IN,T3,31854,671,0.0211,8.18,0.012,40,5,0.0596,0.125,52.23,1.64,538.5,127,1,0,0.87
2024-02-14,Native_Ads,Native_Bonus_Landing,DE,T1,31066,767,0.0247,172.8,0.225,45,9,0.0587,0.2,623.08,19.2,260.6,66,1,0,0.951
2024-02-14,Native_Ads,Native_Review_Article,BR,T2,16127,410,0.0254,27.84,0.068,30,5,0.0732,0.1667,70.39,5.57,152.8,36,0,0,0.945
2024-02-14,Native_Ads,Native_Bonus_Landing,PL,T2,27804,401,0.0144,63.56,0.159,31,5,0.0773,0.1613,215.74,12.71,239.4,35,0,0,0.944
2024-02-14,Native_Ads,Native_Bonus_Landing,NG,T3,19755,611,0.0309,10.71,0.018,34,7,0.0556,0.2059,180.3,1.53,1583.5,24,0,0,0.932
2024-02-14,Native_Ads,Native_Review_Article,CA,T1,23655,546,0.0231,127.87,0.234,34,6,0.0623,0.1765,397.22,21.31,210.6,30,0,0,0.951
2024-02-14,Native_Ads,Native_Review_Article,AU,T1,21561,529,0.0245,112.54,0.213,30,7,0.0567,0.2333,463.45,16.08,311.8,37,0,0,0.937
2024-02-14,Native_Ads,Native_Bonus_Landing,IN,T3,21078,306,0.0145,16.0,0.052,26,3,0.085,0.1154,41.19,5.33,157.4,14,0,0,0.944
2024-02-14,TikTok,TT_Casino_UGC,DE,T1,36426,281,0.0077,206.54,0.735,23,3,0.0819,0.1304,132.42,68.85,-35.9,18,0,0,0.933
2024-02-14,TikTok,TT_Sports_Short,BR,T2,22987,451,0.0196,45.18,0.1,22,4,0.0488,0.1818,68.31,11.29,51.2,21,0,0,0.913
2024-02-14,TikTok,TT_Sports_Short,PL,T2,25939,682,0.0263,65.05,0.095,49,9,0.0718,0.1837,211.44,7.23,225.0,35,1,0,0.934
2024-02-14,TikTok,TT_Casino_UGC,NG,T3,18050,567,0.0314,9.75,0.017,16,2,0.0282,0.125,34.44,4.88,253.2,40,0,0,0.927
2024-02-14,TikTok,TT_Casino_UGC,CA,T1,27834,440,0.0158,158.33,0.36,18,3,0.0409,0.1667,145.41,52.78,-8.2,37,0,0,0.907
2024-02-14,TikTok,TT_Casino_UGC,AU,T1,28315,529,0.0187,163.06,0.308,31,5,0.0586,0.1613,275.29,32.61,68.8,27,0,0,0.928
2024-02-14,TikTok,TT_Sports_Short,IN,T3,20367,563,0.0276,20.04,0.036,30,3,0.0533,0.1,6.0,6.68,-70.1,24,1,0,0.913
2024-02-14,Affiliate_SEO,SEO_BonusGuide_BR,DE,T1,22940,230,0.01,0.0,,52,21,0.2261,0.4038,2654.8,,,2,0,0,0.977
2024-02-14,Affiliate_SEO,SEO_CasinoReview_DE,BR,T2,9887,239,0.0242,0.0,,39,17,0.1632,0.4359,571.89,,,5,0,0,0.983
2024-02-14,Affiliate_SEO,SEO_BonusGuide_BR,PL,T2,5954,160,0.0269,0.0,,37,13,0.2313,0.3514,967.46,,,4,0,0,0.982
2024-02-14,Affiliate_SEO,SEO_CasinoReview_DE,NG,T3,1836,39,0.0212,0.0,,8,3,0.2051,0.375,64.21,,,0,0,0,0.979
2024-02-14,Affiliate_SEO,SEO_BonusGuide_BR,CA,T1,90203,1315,0.0146,0.0,,248,88,0.1886,0.3548,10389.51,,,13,1,0,0.976
2024-02-14,Affiliate_SEO,SEO_BonusGuide_BR,AU,T1,73346,1565,0.0213,0.0,,247,81,0.1578,0.3279,9165.51,,,22,1,0,0.982
2024-02-14,Affiliate_SEO,SEO_CasinoReview_DE,IN,T3,5018,129,0.0257,0.0,,31,5,0.2403,0.1613,144.5,,,2,0,0,0.979
2024-02-15,Facebook,FB_Casino_CreativeA,DE,T1,26881,828,0.0308,272.66,0.329,70,16,0.0845,0.2286,1257.27,17.04,361.1,31,0,0,0.976
2024-02-15,Facebook,FB_Casino_CreativeA,BR,T2,14910,600,0.0402,49.44,0.082,55,11,0.0917,0.2,355.02,4.49,618.1,25,0,0,0.965
2024-02-15,Facebook,FB_Sports_Banner,PL,T2,22839,698,0.0306,78.69,0.113,75,19,0.1074,0.2533,790.08,4.14,904.0,20,0,0,0.972
2024-02-15,Facebook,FB_Casino_CreativeA,NG,T3,20640,1013,0.0491,16.8,0.017,84,24,0.0829,0.2857,80.49,0.7,379.1,41,0,0,0.967
2024-02-15,Facebook,FB_Sports_Banner,CA,T1,16677,618,0.0371,160.35,0.259,61,10,0.0987,0.1639,628.39,16.04,291.9,21,0,0,0.966
2024-02-15,Facebook,FB_Sports_Banner,AU,T1,46478,1666,0.0358,435.41,0.261,126,31,0.0756,0.246,2686.6,14.05,517.0,45,0,0,0.975
2024-02-15,Facebook,FB_Casino_CreativeA,IN,T3,18051,398,0.022,27.72,0.07,29,8,0.0729,0.2759,50.39,3.46,81.8,8,0,0,0.967
2024-02-15,Google_Search,GG_Casino_KW_Brand,DE,T1,27988,1112,0.0397,680.15,0.612,175,48,0.1574,0.2743,5169.18,14.17,660.0,15,0,0,0.989
2024-02-15,Google_Search,GG_Slots_KW_Generic,BR,T2,21598,900,0.0417,178.64,0.198,140,42,0.1556,0.3,769.48,4.25,330.7,13,0,0,0.99
2024-02-15,Google_Search,GG_Slots_KW_Generic,PL,T2,32584,1388,0.0426,300.91,0.217,138,42,0.0994,0.3043,1968.88,7.16,554.3,11,0,0,0.989
2024-02-15,Google_Search,GG_Sports_Betting,NG,T3,29489,711,0.0241,68.21,0.096,108,28,0.1519,0.2593,804.3,2.44,1079.2,4,0,0,0.991
2024-02-15,Google_Search,GG_Sports_Betting,CA,T1,30445,922,0.0303,789.17,0.856,99,25,0.1074,0.2525,2612.76,31.57,231.1,13,0,0,0.991
2024-02-15,Google_Search,GG_Sports_Betting,AU,T1,36835,1367,0.0371,885.71,0.648,114,31,0.0834,0.2719,2871.44,28.57,224.2,10,0,0,0.99
2024-02-15,Google_Search,GG_Casino_KW_Brand,IN,T3,60732,1656,0.0273,203.43,0.123,271,92,0.1636,0.3395,1875.18,2.21,821.8,12,0,0,0.989
2024-02-15,Push_Network,Push_Casino_Retarget,DE,T1,18958,411,0.0217,35.22,0.086,19,2,0.0462,0.1053,50.07,17.61,42.2,72,0,0,0.845
2024-02-15,Push_Network,Push_Casino_Retarget,BR,T2,34518,1065,0.0309,16.82,0.016,43,5,0.0404,0.1163,85.26,3.36,406.9,112,1,0,0.845
2024-02-15,Push_Network,Push_iGaming_Broad,PL,T2,47402,1271,0.0268,32.18,0.025,56,6,0.0441,0.1071,151.73,5.36,371.5,108,3,0,0.839
2024-02-15,Push_Network,Push_iGaming_Broad,NG,T3,45864,901,0.0196,7.1,0.008,36,4,0.04,0.1111,36.08,1.77,408.2,184,1,0,0.842
2024-02-15,Push_Network,Push_iGaming_Broad,CA,T1,15986,283,0.0177,27.93,0.099,8,1,0.0283,0.125,33.97,27.93,21.6,34,0,0,0.841
2024-02-15,Push_Network,Push_iGaming_Broad,AU,T1,29727,394,0.0133,39.19,0.099,15,1,0.0381,0.0667,40.06,39.19,2.2,70,0,0,0.881
2024-02-15,Push_Network,Push_Casino_Retarget,IN,T3,40257,1009,0.0251,9.55,0.009,43,5,0.0426,0.1163,42.23,1.91,342.2,201,1,0,0.866
2024-02-15,Native_Ads,Native_Review_Article,DE,T1,42150,600,0.0142,226.87,0.378,43,6,0.0717,0.1395,358.02,37.81,57.8,19,0,0,0.944
2024-02-15,Native_Ads,Native_Review_Article,BR,T2,20389,291,0.0143,36.65,0.126,18,3,0.0619,0.1667,57.54,12.22,57.0,16,0,0,0.943
2024-02-15,Native_Ads,Native_Bonus_Landing,PL,T2,16112,210,0.013,39.19,0.187,10,2,0.0476,0.2,59.73,19.59,52.4,9,0,0,0.937
2024-02-15,Native_Ads,Native_Bonus_Landing,NG,T3,27067,215,0.0079,14.8,0.069,12,2,0.0558,0.1667,4.0,7.4,-73.0,13,0,0,0.936
2024-02-15,Native_Ads,Native_Bonus_Landing,CA,T1,22618,456,0.0202,121.9,0.267,38,7,0.0833,0.1842,511.49,17.41,319.6,19,0,0,0.929
2024-02-15,Native_Ads,Native_Review_Article,AU,T1,28780,458,0.0159,120.58,0.263,34,6,0.0742,0.1765,361.88,20.1,200.1,21,0,0,0.937
2024-02-15,Native_Ads,Native_Review_Article,IN,T3,7787,112,0.0144,5.78,0.052,6,1,0.0536,0.1667,11.73,5.78,102.9,9,0,0,0.944
2024-02-15,TikTok,TT_Casino_UGC,DE,T1,18772,451,0.024,122.81,0.272,32,5,0.071,0.1562,273.73,24.56,122.9,35,0,0,0.92
2024-02-15,TikTok,TT_Sports_Short,BR,T2,28720,611,0.0213,68.81,0.113,34,5,0.0556,0.1471,90.59,13.76,31.7,59,0,0,0.913
2024-02-15,TikTok,TT_Casino_UGC,PL,T2,22670,467,0.0206,52.97,0.113,24,4,0.0514,0.1667,36.68,13.24,-30.8,40,0,0,0.913
2024-02-15,TikTok,TT_Sports_Short,NG,T3,21366,308,0.0144,12.62,0.041,12,1,0.039,0.0833,20.73,12.62,64.3,13,0,0,0.911
2024-02-15,TikTok,TT_Sports_Short,CA,T1,21680,317,0.0146,146.3,0.462,18,2,0.0568,0.1111,59.16,73.15,-59.6,22,0,0,0.931
2024-02-15,TikTok,TT_Sports_Short,AU,T1,18140,240,0.0132,89.54,0.373,15,3,0.0625,0.2,115.18,29.85,28.6,18,0,0,0.927
2024-02-15,TikTok,TT_Sports_Short,IN,T3,18725,364,0.0194,18.62,0.051,26,4,0.0714,0.1538,8.66,4.66,-53.5,14,0,0,0.932
2024-02-15,Affiliate_SEO,SEO_BonusGuide_BR,DE,T1,33297,545,0.0164,0.0,,133,31,0.244,0.2331,3639.48,,,14,0,0,0.982
2024-02-15,Affiliate_SEO,SEO_BonusGuide_BR,BR,T2,8961,49,0.0055,0.0,,10,3,0.2041,0.3,146.99,,,1,0,0,0.979
2024-02-15,Affiliate_SEO,SEO_CasinoReview_DE,PL,T2,13127,235,0.0179,0.0,,50,12,0.2128,0.24,611.86,,,4,0,0,0.984
2024-02-15,Affiliate_SEO,SEO_CasinoReview_DE,NG,T3,2822,53,0.0188,0.0,,14,4,0.2642,0.2857,69.23,,,1,0,0,0.976
2024-02-15,Affiliate_SEO,SEO_CasinoReview_DE,CA,T1,21883,705,0.0322,0.0,,199,80,0.2823,0.402,9912.99,,,12,1,0,0.978
2024-02-15,Affiliate_SEO,SEO_BonusGuide_BR,AU,T1,46573,870,0.0187,0.0,,196,88,0.2253,0.449,10285.47,,,18,0,0,0.976
2024-02-15,Affiliate_SEO,SEO_BonusGuide_BR,IN,T3,3402,60,0.0176,0.0,,17,6,0.2833,0.3529,156.6,,,1,0,0,0.982
2024-02-16,Facebook,FB_Sports_Banner,DE,T1,21288,1200,0.0564,239.68,0.2,156,45,0.13,0.2885,3434.33,5.33,1332.9,28,0,0,0.965
2024-02-16,Facebook,FB_Slots_Video,BR,T2,5510,172,0.0312,18.85,0.11,13,4,0.0756,0.3077,98.45,4.71,422.3,5,0,0,0.973
2024-02-16,Facebook,FB_Casino_CreativeA,PL,T2,11762,339,0.0288,51.54,0.152,34,6,0.1003,0.1765,194.04,8.59,276.5,10,0,0,0.967
2024-02-16,Facebook,FB_Slots_Video,NG,T3,24651,933,0.0378,18.93,0.02,97,24,0.104,0.2474,57.98,0.79,206.3,27,0,0,0.966
2024-02-16,Facebook,FB_Slots_Video,CA,T1,22835,601,0.0263,212.96,0.354,70,15,0.1165,0.2143,1003.62,14.2,371.3,17,0,0,0.975
2024-02-16,Facebook,FB_Sports_Banner,AU,T1,26938,1257,0.0467,238.47,0.19,124,32,0.0986,0.2581,2192.17,7.45,819.3,41,0,0,0.974
2024-02-16,Facebook,FB_Casino_CreativeA,IN,T3,21638,597,0.0276,33.11,0.055,47,11,0.0787,0.234,49.48,3.01,49.4,10,0,0,0.973
2024-02-16,Google_Search,GG_Casino_KW_Brand,DE,T1,22145,778,0.0351,585.29,0.752,140,33,0.1799,0.2357,3843.3,17.74,556.6,11,0,0,0.992
2024-02-16,Google_Search,GG_Slots_KW_Generic,BR,T2,28048,406,0.0145,254.69,0.627,42,8,0.1034,0.1905,332.22,31.84,30.4,4,0,0,0.991
2024-02-16,Google_Search,GG_Slots_KW_Generic,PL,T2,14268,513,0.036,155.72,0.304,88,22,0.1715,0.25,732.05,7.08,370.1,5,0,0,0.989
2024-02-16,Google_Search,GG_Slots_KW_Generic,NG,T3,21027,625,0.0297,47.33,0.076,82,26,0.1312,0.3171,514.9,1.82,987.9,8,0,0,0.99
2024-02-16,Google_Search,GG_Slots_KW_Generic,CA,T1,18690,549,0.0294,480.35,0.875,85,21,0.1548,0.2471,2183.81,22.87,354.6,6,0,0,0.991
2024-02-16,Google_Search,GG_Casino_KW_Brand,AU,T1,19219,894,0.0465,411.77,0.461,123,33,0.1376,0.2683,2945.04,12.48,615.2,9,0,0,0.991
2024-02-16,Google_Search,GG_Slots_KW_Generic,IN,T3,19824,712,0.0359,69.53,0.098,154,42,0.2163,0.2727,863.38,1.66,1141.7,4,0,0,0.991
2024-02-16,Push_Network,Push_Casino_Retarget,DE,T1,17868,347,0.0194,28.85,0.083,13,2,0.0375,0.1538,76.98,14.43,166.8,60,0,0,0.87
2024-02-16,Push_Network,Push_Casino_Retarget,BR,T2,18439,400,0.0217,10.0,0.025,15,1,0.0375,0.0667,2.0,10.0,-80.0,81,0,0,0.843
2024-02-16,Push_Network,Push_Casino_Retarget,PL,T2,20989,467,0.0222,16.88,0.036,20,1,0.0428,0.05,14.58,16.88,-13.6,83,0,0,0.835
2024-02-16,Push_Network,Push_Casino_Retarget,NG,T3,9891,166,0.0168,1.66,0.01,4,0,0.0241,0.0,0.0,,-100.0,26,0,0,0.856
2024-02-16,Push_Network,Push_Casino_Retarget,CA,T1,33431,642,0.0192,45.97,0.072,30,3,0.0467,0.1,79.83,15.32,73.7,121,0,0,0.867
2024-02-16,Push_Network,Push_iGaming_Broad,AU,T1,7538,61,0.0081,11.76,0.193,1,0,0.0164,0.0,0.0,,-100.0,8,0,0,0.845
2024-02-16,Push_Network,Push_Casino_Retarget,IN,T3,19003,169,0.0089,4.81,0.028,6,0,0.0355,0.0,0.0,,-100.0,22,0,0,0.847
2024-02-16,Native_Ads,Native_Bonus_Landing,DE,T1,37438,739,0.0197,209.59,0.284,20,2,0.0271,0.1,149.55,104.8,-28.6,52,0,0,0.931
2024-02-16,Native_Ads,Native_Review_Article,BR,T2,16608,350,0.0211,25.03,0.072,23,3,0.0657,0.1304,59.84,8.34,139.1,20,0,0,0.94
2024-02-16,Native_Ads,Native_Review_Article,PL,T2,11555,259,0.0224,27.42,0.106,20,4,0.0772,0.2,132.0,6.86,381.4,9,0,0,0.942
2024-02-16,Native_Ads,Native_Bonus_Landing,NG,T3,25033,581,0.0232,10.7,0.018,27,4,0.0465,0.1481,64.26,2.67,500.6,35,0,0,0.948
2024-02-16,Native_Ads,Native_Review_Article,CA,T1,12471,277,0.0222,70.61,0.255,27,5,0.0975,0.1852,346.32,14.12,390.5,11,0,0,0.944
2024-02-16,Native_Ads,Native_Review_Article,AU,T1,36844,822,0.0223,178.32,0.217,41,8,0.0499,0.1951,491.65,22.29,175.7,44,0,0,0.937
2024-02-16,Native_Ads,Native_Review_Article,IN,T3,27555,461,0.0167,19.2,0.042,38,6,0.0824,0.1579,116.16,3.2,505.0,29,0,0,0.948
2024-02-16,TikTok,TT_Sports_Short,DE,T1,10467,221,0.0211,78.02,0.353,7,1,0.0317,0.1429,54.09,78.02,-30.7,13,0,0,0.91
2024-02-16,TikTok,TT_Sports_Short,BR,T2,43501,937,0.0215,92.1,0.098,29,5,0.0309,0.1724,58.02,18.42,-37.0,104,0,0,0.919
2024-02-16,TikTok,TT_Casino_UGC,PL,T2,11734,274,0.0234,32.94,0.12,20,3,0.073,0.15,40.73,10.98,23.6,12,0,0,0.931
2024-02-16,TikTok,TT_Casino_UGC,NG,T3,32519,360,0.0111,17.5,0.049,25,5,0.0694,0.2,58.56,3.5,234.6,38,0,0,0.918
2024-02-16,TikTok,TT_Sports_Short,CA,T1,32700,628,0.0192,218.14,0.347,28,4,0.0446,0.1429,149.04,54.53,-31.7,36,0,0,0.912
2024-02-16,TikTok,TT_Sports_Short,AU,T1,20633,520,0.0252,134.12,0.258,28,4,0.0538,0.1429,206.98,33.53,54.3,29,0,0,0.935
2024-02-16,TikTok,TT_Casino_UGC,IN,T3,8654,245,0.0283,8.15,0.033,10,1,0.0408,0.1,2.0,8.15,-75.5,27,0,0,0.924
2024-02-16,Affiliate_SEO,SEO_BonusGuide_BR,DE,T1,10811,255,0.0236,0.0,,60,22,0.2353,0.3667,2791.5,,,4,0,0,0.979
2024-02-16,Affiliate_SEO,SEO_BonusGuide_BR,BR,T2,7261,239,0.0329,0.0,,78,30,0.3264,0.3846,1119.41,,,6,0,0,0.984
2024-02-16,Affiliate_SEO,SEO_CasinoReview_DE,PL,T2,15057,368,0.0244,0.0,,84,40,0.2283,0.4762,2558.07,,,9,0,0,0.983
2024-02-16,Affiliate_SEO,SEO_BonusGuide_BR,NG,T3,2284,23,0.0101,0.0,,6,1,0.2609,0.1667,26.31,,,0,0,0,0.983
2024-02-16,Affiliate_SEO,SEO_BonusGuide_BR,CA,T1,43516,1017,0.0234,0.0,,216,87,0.2124,0.4028,8979.67,,,20,1,0,0.983
2024-02-16,Affiliate_SEO,SEO_BonusGuide_BR,AU,T1,29579,550,0.0186,0.0,,128,42,0.2327,0.3281,4930.65,,,8,0,0,0.982
2024-02-16,Affiliate_SEO,SEO_CasinoReview_DE,IN,T3,3403,55,0.0162,0.0,,13,5,0.2364,0.3846,173.06,,,0,0,0,0.983
2024-02-17,Facebook,FB_Casino_CreativeA,DE,T1,18501,354,0.0191,165.2,0.467,26,7,0.0734,0.2692,630.88,23.6,281.9,15,0,0,0.968
2024-02-17,Facebook,FB_Slots_Video,BR,T2,12359,280,0.0227,44.15,0.158,31,10,0.1107,0.3226,275.68,4.42,524.4,6,0,0,0.967
2024-02-17,Facebook,FB_Sports_Banner,PL,T2,48225,2142,0.0444,218.57,0.102,206,43,0.0962,0.2087,1426.75,5.08,552.8,60,2,0,0.968
2024-02-17,Facebook,FB_Sports_Banner,NG,T3,22709,185,0.0081,21.15,0.114,22,3,0.1189,0.1364,63.88,7.05,202.0,6,0,0,0.969
2024-02-17,Facebook,FB_Slots_Video,CA,T1,15628,369,0.0236,129.42,0.351,34,8,0.0921,0.2353,618.95,16.18,378.2,5,0,0,0.975
2024-02-17,Facebook,FB_Sports_Banner,AU,T1,26055,766,0.0294,238.72,0.312,67,16,0.0875,0.2388,1169.92,14.92,390.1,17,0,0,0.969
2024-02-17,Facebook,FB_Sports_Banner,IN,T3,31183,1442,0.0462,48.19,0.033,127,32,0.0881,0.252,463.1,1.51,861.0,32,0,0,0.974
2024-02-17,Google_Search,GG_Casino_KW_Brand,DE,T1,69443,2324,0.0335,1878.25,0.808,455,144,0.1958,0.3165,15341.96,13.04,716.8,18,2,0,0.991
2024-02-17,Google_Search,GG_Casino_KW_Brand,BR,T2,24611,958,0.0389,197.94,0.207,161,60,0.1681,0.3727,3165.4,3.3,1499.2,4,0,0,0.991
2024-02-17,Google_Search,GG_Slots_KW_Generic,PL,T2,33878,1433,0.0423,334.2,0.233,242,79,0.1689,0.3264,5681.12,4.23,1599.9,19,0,0,0.989
2024-02-17,Google_Search,GG_Sports_Betting,NG,T3,24474,540,0.0221,56.16,0.104,90,36,0.1667,0.4,418.15,1.56,644.6,3,0,0,0.992
2024-02-17,Google_Search,GG_Slots_KW_Generic,CA,T1,16896,448,0.0265,344.86,0.77,77,25,0.1719,0.3247,2344.85,13.79,579.9,2,0,0,0.991
2024-02-17,Google_Search,GG_Sports_Betting,AU,T1,41709,1379,0.0331,853.85,0.619,209,41,0.1516,0.1962,3737.02,20.83,337.7,20,0,0,0.988
2024-02-17,Google_Search,GG_Slots_KW_Generic,IN,T3,44133,1076,0.0244,137.27,0.128,155,47,0.1441,0.3032,717.16,2.92,422.4,14,0,0,0.991
2024-02-17,Push_Network,Push_Casino_Retarget,DE,T1,26150,427,0.0163,40.68,0.095,15,1,0.0351,0.0667,44.72,40.68,9.9,44,0,0,0.846
2024-02-17,Push_Network,Push_iGaming_Broad,BR,T2,36975,326,0.0088,23.78,0.073,15,1,0.046,0.0667,10.62,23.78,-55.3,45,0,0,0.839
2024-02-17,Push_Network,Push_Casino_Retarget,PL,T2,25637,428,0.0167,19.58,0.046,21,2,0.0491,0.0952,29.37,9.79,50.0,88,1,0,0.888
2024-02-17,Push_Network,Push_Casino_Retarget,NG,T3,65043,940,0.0145,10.12,0.011,34,4,0.0362,0.1176,58.06,2.53,473.7,86,1,0,0.864
2024-02-17,Push_Network,Push_iGaming_Broad,CA,T1,26393,534,0.0202,44.95,0.084,22,1,0.0412,0.0455,27.62,44.95,-38.6,55,0,0,0.851
2024-02-17,Push_Network,Push_iGaming_Broad,AU,T1,22410,398,0.0178,34.6,0.087,14,1,0.0352,0.0714,34.01,34.6,-1.7,39,0,0,0.839
2024-02-17,Push_Network,Push_Casino_Retarget,IN,T3,9813,217,0.0221,2.63,0.012,9,1,0.0415,0.1111,2.0,2.63,-24.0,18,0,0,0.849
2024-02-17,Native_Ads,Native_Review_Article,DE,T1,16936,382,0.0226,98.97,0.259,31,8,0.0812,0.2581,536.58,12.37,442.2,17,0,0,0.943
2024-02-17,Native_Ads,Native_Review_Article,BR,T2,26146,652,0.0249,51.03,0.078,50,12,0.0767,0.24,182.53,4.25,257.7,49,0,0,0.929
2024-02-17,Native_Ads,Native_Review_Article,PL,T2,14512,130,0.009,27.84,0.214,8,1,0.0615,0.125,21.52,27.84,-22.7,10,0,0,0.94
2024-02-17,Native_Ads,Native_Review_Article,NG,T3,38012,554,0.0146,18.84,0.034,46,10,0.083,0.2174,29.65,1.88,57.4,47,0,0,0.943
2024-02-17,Native_Ads,Native_Review_Article,CA,T1,17755,420,0.0237,80.82,0.192,40,8,0.0952,0.2,477.16,10.1,490.4,21,0,0,0.939
2024-02-17,Native_Ads,Native_Review_Article,AU,T1,63779,966,0.0151,329.21,0.341,87,22,0.0901,0.2529,1160.8,14.96,252.6,79,1,0,0.952
2024-02-17,Native_Ads,Native_Bonus_Landing,IN,T3,75193,1484,0.0197,49.56,0.033,114,25,0.0768,0.2193,250.46,1.98,405.4,121,1,0,0.942
2024-02-17,TikTok,TT_Casino_UGC,DE,T1,43457,567,0.013,309.03,0.545,28,3,0.0494,0.1071,173.55,103.01,-43.8,50,0,0,0.917
2024-02-17,TikTok,TT_Casino_UGC,BR,T2,18584,347,0.0187,39.68,0.114,22,4,0.0634,0.1818,37.78,9.92,-4.8,32,0,0,0.925
2024-02-17,TikTok,TT_Casino_UGC,PL,T2,18990,223,0.0117,45.28,0.203,13,1,0.0583,0.0769,31.44,45.28,-30.6,9,0,0,0.908
2024-02-17,TikTok,TT_Sports_Short,NG,T3,12604,271,0.0215,7.46,0.028,19,3,0.0701,0.1579,42.41,2.49,468.5,31,0,0,0.925
2024-02-17,TikTok,TT_Casino_UGC,CA,T1,29658,561,0.0189,185.98,0.332,30,3,0.0535,0.1,153.37,61.99,-17.5,50,0,0,0.906
2024-02-17,TikTok,TT_Casino_UGC,AU,T1,27539,638,0.0232,172.68,0.271,41,8,0.0643,0.1951,404.47,21.59,134.2,71,0,0,0.932
2024-02-17,TikTok,TT_Casino_UGC,IN,T3,28027,519,0.0185,27.26,0.053,42,6,0.0809,0.1429,12.0,4.54,-56.0,25,1,0,0.917
2024-02-17,Affiliate_SEO,SEO_CasinoReview_DE,DE,T1,18017,439,0.0244,0.0,,147,57,0.3349,0.3878,6581.54,,,12,0,0,0.979
2024-02-17,Affiliate_SEO,SEO_BonusGuide_BR,BR,T2,18964,525,0.0277,0.0,,129,50,0.2457,0.3876,1798.43,,,11,0,0,0.982
2024-02-17,Affiliate_SEO,SEO_BonusGuide_BR,PL,T2,9808,238,0.0243,0.0,,47,19,0.1975,0.4043,1172.53,,,7,0,0,0.983
2024-02-17,Affiliate_SEO,SEO_BonusGuide_BR,NG,T3,1555,32,0.0206,0.0,,6,1,0.1875,0.1667,13.09,,,0,0,0,0.977
2024-02-17,Affiliate_SEO,SEO_CasinoReview_DE,CA,T1,16084,400,0.0249,0.0,,106,43,0.265,0.4057,5439.92,,,4,0,0,0.978
2024-02-17,Affiliate_SEO,SEO_BonusGuide_BR,AU,T1,21918,493,0.0225,0.0,,144,39,0.2921,0.2708,4527.02,,,11,0,0,0.982
2024-02-17,Affiliate_SEO,SEO_BonusGuide_BR,IN,T3,3015,64,0.0212,0.0,,9,3,0.1406,0.3333,50.77,,,1,0,0,0.977
2024-02-18,Facebook,FB_Sports_Banner,DE,T1,29512,1198,0.0406,280.52,0.234,126,26,0.1052,0.2063,1874.46,10.79,568.2,22,1,0,0.968
2024-02-18,Facebook,FB_Sports_Banner,BR,T2,90955,1684,0.0185,275.12,0.163,110,28,0.0653,0.2545,624.88,9.83,127.1,53,1,0,0.973
2024-02-18,Facebook,FB_Sports_Banner,PL,T2,17188,672,0.0391,70.05,0.104,70,11,0.1042,0.1571,597.79,6.37,753.4,12,0,0,0.968
2024-02-18,Facebook,FB_Slots_Video,NG,T3,54559,2354,0.0431,46.88,0.02,179,41,0.076,0.2291,468.21,1.14,898.7,47,0,0,0.965
2024-02-18,Facebook,FB_Slots_Video,CA,T1,19663,734,0.0373,178.46,0.243,67,16,0.0913,0.2388,1315.4,11.15,637.1,14,0,0,0.971
2024-02-18,Facebook,FB_Casino_CreativeA,AU,T1,22406,760,0.0339,169.16,0.223,51,10,0.0671,0.1961,693.23,16.92,309.8,25,0,0,0.972
2024-02-18,Facebook,FB_Slots_Video,IN,T3,47179,1910,0.0405,59.19,0.031,141,24,0.0738,0.1702,166.1,2.47,180.6,66,0,0,0.968
2024-02-18,Google_Search,GG_Sports_Betting,DE,T1,40870,893,0.0218,1151.46,1.289,125,28,0.14,0.224,2999.44,41.12,160.5,11,0,0,0.99
2024-02-18,Google_Search,GG_Slots_KW_Generic,BR,T2,80683,2827,0.035,660.03,0.233,278,68,0.0983,0.2446,1548.38,9.71,134.6,26,0,0,0.99
2024-02-18,Google_Search,GG_Sports_Betting,PL,T2,21965,755,0.0344,207.44,0.275,81,22,0.1073,0.2716,862.96,9.43,316.0,3,0,0,0.992
2024-02-18,Google_Search,GG_Casino_KW_Brand,NG,T3,21779,971,0.0446,51.23,0.053,142,39,0.1462,0.2746,229.0,1.31,347.0,8,0,0,0.99
2024-02-18,Google_Search,GG_Sports_Betting,CA,T1,50446,1796,0.0356,1331.24,0.741,352,136,0.196,0.3864,12264.18,9.79,821.3,16,0,0,0.989
2024-02-18,Google_Search,GG_Casino_KW_Brand,AU,T1,21815,952,0.0436,459.16,0.482,90,27,0.0945,0.3,2345.58,17.01,410.8,10,0,0,0.989
2024-02-18,Google_Search,GG_Sports_Betting,IN,T3,17750,695,0.0392,58.77,0.085,144,43,0.2072,0.2986,806.12,1.37,1271.7,4,0,0,0.989
2024-02-18,Push_Network,Push_Casino_Retarget,DE,T1,22896,406,0.0177,44.74,0.11,11,1,0.0271,0.0909,20.42,44.74,-54.4,29,0,0,0.88
2024-02-18,Push_Network,Push_Casino_Retarget,BR,T2,31002,1012,0.0326,15.84,0.016,14,2,0.0138,0.1429,34.61,7.92,118.5,203,0,0,0.86
2024-02-18,Push_Network,Push_iGaming_Broad,PL,T2,30011,555,0.0185,20.54,0.037,22,2,0.0396,0.0909,51.77,10.27,152.0,89,0,0,0.869
2024-02-18,Push_Network,Push_iGaming_Broad,NG,T3,34369,870,0.0253,6.2,0.007,32,4,0.0368,0.125,24.88,1.55,301.3,95,0,0,0.852
2024-02-18,Push_Network,Push_iGaming_Broad,CA,T1,16713,350,0.0209,24.31,0.069,15,1,0.0429,0.0667,27.62,24.31,13.6,38,0,0,0.882
2024-02-18,Push_Network,Push_Casino_Retarget,AU,T1,23944,506,0.0211,40.43,0.08,24,3,0.0474,0.125,67.46,13.48,66.9,44,1,0,0.854
2024-02-18,Push_Network,Push_iGaming_Broad,IN,T3,13316,351,0.0264,3.65,0.01,12,1,0.0342,0.0833,5.82,3.65,59.5,71,0,0,0.877
2024-02-18,Native_Ads,Native_Bonus_Landing,DE,T1,16729,425,0.0254,80.92,0.19,38,9,0.0894,0.2368,659.96,8.99,715.6,16,0,0,0.95
2024-02-18,Native_Ads,Native_Review_Article,BR,T2,25946,649,0.025,39.35,0.061,67,13,0.1032,0.194,106.99,3.03,171.9,55,1,0,0.945
2024-02-18,Native_Ads,Native_Review_Article,PL,T2,24139,429,0.0178,53.64,0.125,41,5,0.0956,0.122,165.42,10.73,208.4,25,0,0,0.941
2024-02-18,Native_Ads,Native_Bonus_Landing,NG,T3,12999,345,0.0265,6.43,0.019,22,3,0.0638,0.1364,6.0,2.14,-6.7,25,0,0,0.95
2024-02-18,Native_Ads,Native_Review_Article,CA,T1,31501,400,0.0127,165.51,0.414,29,6,0.0725,0.2069,350.63,27.58,111.8,20,0,0,0.941
2024-02-18,Native_Ads,Native_Review_Article,AU,T1,27532,298,0.0108,135.62,0.455,23,5,0.0772,0.2174,269.68,27.12,98.8,26,0,0,0.949
2024-02-18,Native_Ads,Native_Review_Article,IN,T3,21421,514,0.024,16.21,0.032,36,7,0.07,0.1944,53.8,2.32,231.9,24,0,0,0.943
2024-02-18,TikTok,TT_Sports_Short,DE,T1,80456,1546,0.0192,574.48,0.372,85,19,0.055,0.2235,1108.17,30.24,92.9,82,1,0,0.923
2024-02-18,TikTok,TT_Sports_Short,BR,T2,34452,752,0.0218,71.26,0.095,61,10,0.0811,0.1639,229.93,7.13,222.7,88,0,0,0.93
2024-02-18,TikTok,TT_Sports_Short,PL,T2,22901,508,0.0222,55.52,0.109,22,3,0.0433,0.1364,19.72,18.51,-64.5,35,0,0,0.923
2024-02-18,TikTok,TT_Casino_UGC,NG,T3,37287,482,0.0129,21.59,0.045,30,5,0.0622,0.1667,62.07,4.32,187.5,47,0,0,0.934
2024-02-18,TikTok,TT_Casino_UGC,CA,T1,28062,444,0.0158,190.6,0.429,33,3,0.0743,0.0909,167.14,63.53,-12.3,48,1,0,0.91
2024-02-18,TikTok,TT_Sports_Short,AU,T1,63626,1524,0.024,336.06,0.221,117,17,0.0768,0.1453,749.74,19.77,123.1,134,2,0,0.91
2024-02-18,TikTok,TT_Sports_Short,IN,T3,48684,765,0.0157,49.06,0.064,46,7,0.0601,0.1522,107.9,7.01,119.9,87,1,0,0.921
2024-02-18,Affiliate_SEO,SEO_CasinoReview_DE,DE,T1,15837,291,0.0184,0.0,,38,14,0.1306,0.3684,1579.75,,,7,0,0,0.978
2024-02-18,Affiliate_SEO,SEO_BonusGuide_BR,BR,T2,25185,750,0.0298,0.0,,173,68,0.2307,0.3931,2333.0,,,21,1,0,0.982
2024-02-18,Affiliate_SEO,SEO_BonusGuide_BR,PL,T2,18908,363,0.0192,0.0,,86,39,0.2369,0.4535,2445.12,,,10,0,0,0.977
2024-02-18,Affiliate_SEO,SEO_CasinoReview_DE,NG,T3,5022,92,0.0183,0.0,,17,6,0.1848,0.3529,102.88,,,1,0,0,0.982
2024-02-18,Affiliate_SEO,SEO_CasinoReview_DE,CA,T1,36460,966,0.0265,0.0,,219,84,0.2267,0.3836,10039.93,,,16,0,0,0.979
2024-02-18,Affiliate_SEO,SEO_BonusGuide_BR,AU,T1,49576,816,0.0165,0.0,,83,39,0.1017,0.4699,4326.13,,,14,0,0,0.977
2024-02-18,Affiliate_SEO,SEO_CasinoReview_DE,IN,T3,5720,84,0.0147,0.0,,19,6,0.2262,0.3158,237.12,,,2,0,0,0.977
2024-02-19,Facebook,FB_Casino_CreativeA,DE,T1,28259,755,0.0267,265.32,0.351,21,4,0.0278,0.1905,395.39,66.33,49.0,26,0,0,0.965
2024-02-19,Facebook,FB_Sports_Banner,BR,T2,49385,1251,0.0253,178.2,0.142,101,33,0.0807,0.3267,898.63,5.4,404.3,36,1,0,0.964
2024-02-19,Facebook,FB_Slots_Video,PL,T2,40219,1131,0.0281,171.61,0.152,105,16,0.0928,0.1524,637.35,10.73,271.4,27,0,0,0.971
2024-02-19,Facebook,FB_Casino_CreativeA,NG,T3,13752,403,0.0293,12.91,0.032,44,9,0.1092,0.2045,18.0,1.43,39.4,8,0,0,0.971
2024-02-19,Facebook,FB_Slots_Video,CA,T1,12345,361,0.0292,108.56,0.301,36,7,0.0997,0.1944,437.64,15.51,303.1,7,0,0,0.964
2024-02-19,Facebook,FB_Slots_Video,AU,T1,19866,624,0.0314,166.54,0.267,70,14,0.1122,0.2,1186.23,11.9,612.3,26,0,0,0.97
2024-02-19,Facebook,FB_Slots_Video,IN,T3,16848,501,0.0297,20.84,0.042,55,13,0.1098,0.2364,288.37,1.6,1283.7,11,0,0,0.972
2024-02-19,Google_Search,GG_Slots_KW_Generic,DE,T1,21358,922,0.0432,613.97,0.666,135,34,0.1464,0.2519,3471.15,18.06,465.4,9,0,0,0.989
2024-02-19,Google_Search,GG_Slots_KW_Generic,BR,T2,40639,1647,0.0405,290.72,0.177,265,57,0.1609,0.2151,1641.01,5.1,464.5,13,0,0,0.988
2024-02-19,Google_Search,GG_Casino_KW_Brand,PL,T2,14113,542,0.0384,169.14,0.312,89,25,0.1642,0.2809,1336.13,6.77,690.0,4,0,0,0.989
2024-02-19,Google_Search,GG_Casino_KW_Brand,NG,T3,14321,473,0.033,37.32,0.079,79,22,0.167,0.2785,285.15,1.7,664.1,4,0,0,0.992
2024-02-19,Google_Search,GG_Casino_KW_Brand,CA,T1,21886,517,0.0236,489.6,0.947,100,38,0.1934,0.38,3774.06,12.88,670.8,7,0,0,0.99
2024-02-19,Google_Search,GG_Sports_Betting,AU,T1,31692,619,0.0195,688.6,1.112,121,33,0.1955,0.2727,2670.28,20.87,287.8,4,0,0,0.99
2024-02-19,Google_Search,GG_Sports_Betting,IN,T3,34320,1769,0.0515,107.03,0.061,278,101,0.1572,0.3633,1469.83,1.06,1273.3,14,1,0,0.991
2024-02-19,Push_Network,Push_Casino_Retarget,DE,T1,35521,414,0.0117,62.34,0.151,17,1,0.0411,0.0588,26.7,62.34,-57.2,66,0,0,0.844
2024-02-19,Push_Network,Push_Casino_Retarget,BR,T2,13647,192,0.0141,8.64,0.045,6,0,0.0312,0.0,0.0,,-100.0,34,0,0,0.88
2024-02-19,Push_Network,Push_iGaming_Broad,PL,T2,15022,386,0.0257,12.2,0.032,17,1,0.044,0.0588,20.51,12.2,68.1,76,0,0,0.88
2024-02-19,Push_Network,Push_iGaming_Broad,NG,T3,38530,1213,0.0315,6.41,0.005,50,3,0.0412,0.06,40.2,2.14,527.1,97,2,0,0.851
2024-02-19,Push_Network,Push_Casino_Retarget,CA,T1,14202,251,0.0177,25.71,0.102,9,1,0.0359,0.1111,17.89,25.71,-30.4,51,0,0,0.87
2024-02-19,Push_Network,Push_Casino_Retarget,AU,T1,36365,946,0.026,58.2,0.062,42,4,0.0444,0.0952,160.61,14.55,176.0,148,1,0,0.846
2024-02-19,Push_Network,Push_Casino_Retarget,IN,T3,34540,739,0.0214,9.46,0.013,34,4,0.046,0.1176,24.25,2.37,156.3,82,1,0,0.885
2024-02-19,Native_Ads,Native_Bonus_Landing,DE,T1,15603,318,0.0204,91.18,0.287,18,3,0.0566,0.1667,223.41,30.39,145.0,11,0,0,0.945
2024-02-19,Native_Ads,Native_Bonus_Landing,BR,T2,43417,980,0.0226,71.81,0.073,81,11,0.0827,0.1358,247.91,6.53,245.2,37,1,0,0.935
2024-02-19,Native_Ads,Native_Bonus_Landing,PL,T2,34181,489,0.0143,84.7,0.173,39,7,0.0798,0.1795,215.43,12.1,154.3,14,0,0,0.943
2024-02-19,Native_Ads,Native_Review_Article,NG,T3,61124,654,0.0107,31.26,0.048,44,9,0.0673,0.2045,153.27,3.47,390.3,32,0,0,0.938
2024-02-19,Native_Ads,Native_Bonus_Landing,CA,T1,45266,432,0.0095,220.82,0.511,33,8,0.0764,0.2424,472.22,27.6,113.8,26,0,0,0.939
2024-02-19,Native_Ads,Native_Review_Article,AU,T1,22096,547,0.0248,115.64,0.211,46,10,0.0841,0.2174,530.35,11.56,358.6,28,1,0,0.947
2024-02-19,Native_Ads,Native_Review_Article,IN,T3,22799,479,0.021,19.45,0.041,35,9,0.0731,0.2571,203.37,2.16,945.6,38,0,0,0.932
2024-02-19,TikTok,TT_Casino_UGC,DE,T1,38060,500,0.0131,280.12,0.56,32,5,0.064,0.1562,305.23,56.02,9.0,22,0,0,0.934
2024-02-19,TikTok,TT_Sports_Short,BR,T2,14064,244,0.0173,25.66,0.105,12,1,0.0492,0.0833,11.11,25.66,-56.7,20,0,0,0.91
2024-02-19,TikTok,TT_Sports_Short,PL,T2,9145,168,0.0184,27.09,0.161,13,1,0.0774,0.0769,41.51,27.09,53.2,16,0,0,0.909
2024-02-19,TikTok,TT_Casino_UGC,NG,T3,72460,1286,0.0177,37.8,0.029,70,10,0.0544,0.1429,20.0,3.78,-47.1,55,1,0,0.922
2024-02-19,TikTok,TT_Casino_UGC,CA,T1,31129,376,0.0121,192.27,0.511,10,1,0.0266,0.1,35.96,192.27,-81.3,23,0,0,0.935
2024-02-19,TikTok,TT_Casino_UGC,AU,T1,18918,399,0.0211,123.7,0.31,30,4,0.0752,0.1333,122.93,30.93,-0.6,36,0,0,0.916
2024-02-19,TikTok,TT_Sports_Short,IN,T3,21043,567,0.0269,16.15,0.028,19,2,0.0335,0.1053,43.28,8.07,168.0,54,0,0,0.923
2024-02-19,Affiliate_SEO,SEO_CasinoReview_DE,DE,T1,8206,186,0.0227,0.0,,35,8,0.1882,0.2286,1006.99,,,5,0,0,0.982
2024-02-19,Affiliate_SEO,SEO_BonusGuide_BR,BR,T2,7947,164,0.0206,0.0,,54,11,0.3293,0.2037,496.87,,,3,0,0,0.98
2024-02-19,Affiliate_SEO,SEO_BonusGuide_BR,PL,T2,19957,451,0.0226,0.0,,103,24,0.2284,0.233,1478.23,,,8,0,0,0.979
2024-02-19,Affiliate_SEO,SEO_CasinoReview_DE,NG,T3,2890,56,0.0194,0.0,,13,3,0.2321,0.2308,26.62,,,1,0,0,0.983
2024-02-19,Affiliate_SEO,SEO_CasinoReview_DE,CA,T1,16226,293,0.0181,0.0,,75,29,0.256,0.3867,3420.09,,,3,0,0,0.982
2024-02-19,Affiliate_SEO,SEO_BonusGuide_BR,AU,T1,33735,386,0.0114,0.0,,134,51,0.3472,0.3806,6064.74,,,7,1,0,0.984
2024-02-19,Affiliate_SEO,SEO_CasinoReview_DE,IN,T3,6669,182,0.0273,0.0,,31,9,0.1703,0.2903,256.41,,,4,0,0,0.982
2024-02-20,Facebook,FB_Sports_Banner,DE,T1,13152,528,0.0401,130.08,0.246,48,14,0.0909,0.2917,1222.89,9.29,840.1,16,0,0,0.968
2024-02-20,Facebook,FB_Casino_CreativeA,BR,T2,63273,2019,0.0319,187.71,0.093,166,33,0.0822,0.1988,483.74,5.69,157.7,36,1,0,0.964
2024-02-20,Facebook,FB_Casino_CreativeA,PL,T2,27922,1037,0.0371,122.6,0.118,103,28,0.0993,0.2718,1266.18,4.38,932.8,41,0,0,0.965
2024-02-20,Facebook,FB_Slots_Video,NG,T3,32455,1235,0.0381,30.21,0.024,128,32,0.1036,0.25,633.54,0.94,1997.1,32,1,0,0.975
2024-02-20,Facebook,FB_Sports_Banner,CA,T1,22354,653,0.0292,195.53,0.299,80,27,0.1225,0.3375,2111.71,7.24,980.0,24,0,0,0.967
2024-02-20,Facebook,FB_Slots_Video,AU,T1,18248,695,0.0381,144.37,0.208,71,14,0.1022,0.1972,1111.35,10.31,669.8,26,0,0,0.974
2024-02-20,Facebook,FB_Casino_CreativeA,IN,T3,12265,557,0.0454,17.51,0.031,65,18,0.1167,0.2769,303.16,0.97,1631.4,14,0,0,0.969
2024-02-20,Google_Search,GG_Sports_Betting,DE,T1,20426,877,0.0429,499.47,0.57,105,40,0.1197,0.381,3767.52,12.49,654.3,10,0,0,0.989
2024-02-20,Google_Search,GG_Sports_Betting,BR,T2,25500,938,0.0368,241.56,0.258,167,34,0.178,0.2036,1342.46,7.1,455.7,12,0,0,0.991
2024-02-20,Google_Search,GG_Casino_KW_Brand,PL,T2,53796,1768,0.0329,603.53,0.341,209,56,0.1182,0.2679,2855.04,10.78,373.1,16,0,0,0.991
2024-02-20,Google_Search,GG_Sports_Betting,NG,T3,28040,813,0.029,76.59,0.094,67,23,0.0824,0.3433,335.74,3.33,338.4,7,0,0,0.991
2024-02-20,Google_Search,GG_Slots_KW_Generic,CA,T1,21602,841,0.0389,534.7,0.636,90,22,0.107,0.2444,1979.83,24.3,270.3,6,0,0,0.989
2024-02-20,Google_Search,GG_Slots_KW_Generic,AU,T1,34117,1055,0.0309,891.91,0.845,143,52,0.1355,0.3636,4605.31,17.15,416.3,10,0,0,0.989
2024-02-20,Google_Search,GG_Sports_Betting,IN,T3,24332,819,0.0337,94.04,0.115,119,40,0.1453,0.3361,105.63,2.35,12.3,12,0,0,0.992
2024-02-20,Push_Network,Push_iGaming_Broad,DE,T1,52404,840,0.016,84.26,0.1,39,4,0.0464,0.1026,126.16,21.07,49.7,110,1,0,0.86
2024-02-20,Push_Network,Push_iGaming_Broad,BR,T2,21458,362,0.0169,11.53,0.032,17,1,0.047,0.0588,2.93,11.53,-74.6,61,0,0,0.865
2024-02-20,Push_Network,Push_Casino_Retarget,PL,T2,24964,727,0.0291,18.27,0.025,22,2,0.0303,0.0909,6.3,9.13,-65.5,100,1,0,0.888
2024-02-20,Push_Network,Push_iGaming_Broad,NG,T3,24549,419,0.0171,4.34,0.01,15,2,0.0358,0.1333,7.09,2.17,63.4,85,0,0,0.887
2024-02-20,Push_Network,Push_iGaming_Broad,CA,T1,33276,237,0.0071,48.22,0.203,9,1,0.038,0.1111,43.48,48.22,-9.8,44,0,0,0.862
2024-02-20,Push_Network,Push_Casino_Retarget,AU,T1,21690,278,0.0128,32.75,0.118,8,0,0.0288,0.0,0.0,,-100.0,36,0,0,0.885
2024-02-20,Push_Network,Push_Casino_Retarget,IN,T3,15760,237,0.015,4.14,0.017,10,1,0.0422,0.1,11.22,4.14,171.0,16,0,0,0.884
2024-02-20,Native_Ads,Native_Review_Article,DE,T1,31634,695,0.022,184.22,0.265,79,12,0.1137,0.1519,921.29,15.35,400.1,38,1,0,0.948
2024-02-20,Native_Ads,Native_Bonus_Landing,BR,T2,24383,510,0.0209,43.02,0.084,44,10,0.0863,0.2273,225.56,4.3,424.3,43,0,0,0.928
2024-02-20,Native_Ads,Native_Bonus_Landing,PL,T2,42884,924,0.0215,104.15,0.113,69,13,0.0747,0.1884,392.04,8.01,276.4,54,1,0,0.949
2024-02-20,Native_Ads,Native_Bonus_Landing,NG,T3,67981,1762,0.0259,32.53,0.018,126,20,0.0715,0.1587,64.36,1.63,97.8,79,1,0,0.936
2024-02-20,Native_Ads,Native_Bonus_Landing,CA,T1,9260,216,0.0233,49.24,0.228,11,1,0.0509,0.0909,54.08,49.24,9.8,8,0,0,0.951
2024-02-20,Native_Ads,Native_Bonus_Landing,AU,T1,32568,660,0.0203,154.09,0.233,61,12,0.0924,0.1967,710.82,12.84,361.3,43,1,0,0.931
2024-02-20,Native_Ads,Native_Bonus_Landing,IN,T3,26213,507,0.0193,16.78,0.033,54,9,0.1065,0.1667,72.8,1.86,333.8,37,0,0,0.946
2024-02-20,TikTok,TT_Sports_Short,DE,T1,30288,461,0.0152,183.0,0.397,20,2,0.0434,0.1,43.08,91.5,-76.5,41,0,0,0.934
2024-02-20,TikTok,TT_Casino_UGC,BR,T2,18821,398,0.0211,37.68,0.095,25,2,0.0628,0.08,30.77,18.84,-18.3,17,0,0,0.927
2024-02-20,TikTok,TT_Sports_Short,PL,T2,31331,723,0.0231,91.72,0.127,38,5,0.0526,0.1316,127.67,18.34,39.2,36,1,0,0.918
2024-02-20,TikTok,TT_Casino_UGC,NG,T3,75063,2385,0.0318,51.67,0.022,137,21,0.0574,0.1533,194.92,2.46,277.2,174,2,0,0.924
2024-02-20,TikTok,TT_Sports_Short,CA,T1,23190,612,0.0264,138.15,0.226,44,5,0.0719,0.1136,188.63,27.63,36.5,47,0,0,0.909
2024-02-20,TikTok,TT_Sports_Short,AU,T1,33612,805,0.0239,193.4,0.24,42,6,0.0522,0.1429,212.59,32.23,9.9,38,0,0,0.917
2024-02-20,TikTok,TT_Casino_UGC,IN,T3,12889,259,0.0201,12.88,0.05,12,2,0.0463,0.1667,4.0,6.44,-68.9,15,0,0,0.928
2024-02-20,Affiliate_SEO,SEO_CasinoReview_DE,DE,T1,29162,689,0.0236,0.0,,188,70,0.2729,0.3723,7528.36,,,19,1,0,0.978
2024-02-20,Affiliate_SEO,SEO_CasinoReview_DE,BR,T2,10804,236,0.0218,0.0,,58,19,0.2458,0.3276,839.4,,,3,0,0,0.978
2024-02-20,Affiliate_SEO,SEO_CasinoReview_DE,PL,T2,4789,56,0.0117,0.0,,11,4,0.1964,0.3636,236.09,,,1,0,0,0.977
2024-02-20,Affiliate_SEO,SEO_BonusGuide_BR,NG,T3,4739,67,0.0141,0.0,,10,2,0.1493,0.2,43.25,,,1,0,0,0.983
2024-02-20,Affiliate_SEO,SEO_BonusGuide_BR,CA,T1,30770,643,0.0209,0.0,,176,54,0.2737,0.3068,5625.49,,,12,1,0,0.977
2024-02-20,Affiliate_SEO,SEO_CasinoReview_DE,AU,T1,35339,879,0.0249,0.0,,137,50,0.1559,0.365,5563.98,,,22,1,0,0.98
2024-02-20,Affiliate_SEO,SEO_CasinoReview_DE,IN,T3,3839,65,0.0169,0.0,,18,8,0.2769,0.4444,194.21,,,1,0,0,0.978
2024-02-21,Facebook,FB_Slots_Video,DE,T1,11842,223,0.0188,107.6,0.483,17,4,0.0762,0.2353,291.36,26.9,170.8,8,0,0,0.97
2024-02-21,Facebook,FB_Casino_CreativeA,BR,T2,16171,649,0.0401,53.97,0.083,59,11,0.0909,0.1864,263.73,4.91,388.7,26,0,0,0.971
2024-02-21,Facebook,FB_Slots_Video,PL,T2,24410,774,0.0317,109.63,0.142,79,20,0.1021,0.2532,869.33,5.48,693.0,22,0,0,0.97
2024-02-21,Facebook,FB_Sports_Banner,NG,T3,24293,854,0.0352,19.25,0.023,83,21,0.0972,0.253,43.32,0.92,125.0,20,0,0,0.968
2024-02-21,Facebook,FB_Slots_Video,CA,T1,22025,754,0.0342,179.13,0.238,62,13,0.0822,0.2097,958.81,13.78,435.3,23,0,0,0.975
2024-02-21,Facebook,FB_Slots_Video,AU,T1,40466,1374,0.034,364.13,0.265,140,33,0.1019,0.2357,2606.2,11.03,615.7,46,1,0,0.973
2024-02-21,Facebook,FB_Sports_Banner,IN,T3,26081,1111,0.0426,37.54,0.034,128,31,0.1152,0.2422,275.92,1.21,635.0,49,0,0,0.966
2024-02-21,Google_Search,GG_Slots_KW_Generic,DE,T1,16430,663,0.0404,497.38,0.75,129,30,0.1946,0.2326,2888.84,16.58,480.8,9,0,0,0.989
2024-02-21,Google_Search,GG_Sports_Betting,BR,T2,24256,831,0.0343,218.37,0.263,135,58,0.1625,0.4296,1918.7,3.77,778.6,7,0,0,0.989
2024-02-21,Google_Search,GG_Casino_KW_Brand,PL,T2,21878,617,0.0282,233.7,0.379,113,47,0.1831,0.4159,1761.27,4.97,653.6,4,0,0,0.99
2024-02-21,Google_Search,GG_Slots_KW_Generic,NG,T3,9362,373,0.0398,24.49,0.066,48,12,0.1287,0.25,210.75,2.04,760.6,3,0,0,0.99
2024-02-21,Google_Search,GG_Casino_KW_Brand,CA,T1,26327,826,0.0314,583.52,0.706,113,43,0.1368,0.3805,3759.75,13.57,544.3,9,0,0,0.99
2024-02-21,Google_Search,GG_Slots_KW_Generic,AU,T1,23915,972,0.0406,605.84,0.623,176,60,0.1811,0.3409,4721.21,10.1,679.3,5,0,0,0.989
2024-02-21,Google_Search,GG_Sports_Betting,IN,T3,16567,480,0.029,56.45,0.118,43,15,0.0896,0.3488,440.0,3.76,679.5,4,0,0,0.991
2024-02-21,Push_Network,Push_iGaming_Broad,DE,T1,71410,1105,0.0155,108.73,0.098,40,3,0.0362,0.075,133.29,36.24,22.6,207,1,0,0.85
2024-02-21,Push_Network,Push_iGaming_Broad,BR,T2,47291,1096,0.0232,27.08,0.025,45,7,0.0411,0.1556,168.4,3.87,521.9,130,1,0,0.834
2024-02-21,Push_Network,Push_Casino_Retarget,PL,T2,33143,758,0.0229,24.7,0.033,29,2,0.0383,0.069,32.84,12.35,33.0,67,1,0,0.869
2024-02-21,Push_Network,Push_Casino_Retarget,NG,T3,14499,287,0.0198,2.51,0.009,15,1,0.0523,0.0667,15.33,2.51,510.8,49,0,0,0.839
2024-02-21,Push_Network,Push_Casino_Retarget,CA,T1,16464,264,0.016,23.09,0.087,10,1,0.0379,0.1,31.95,23.09,38.4,47,0,0,0.877
2024-02-21,Push_Network,Push_iGaming_Broad,AU,T1,30730,925,0.0301,45.2,0.049,36,3,0.0389,0.0833,70.08,15.07,55.0,105,1,0,0.875
2024-02-21,Push_Network,Push_Casino_Retarget,IN,T3,31607,240,0.0076,8.39,0.035,9,0,0.0375,0.0,0.0,,-100.0,21,0,0,0.856
2024-02-21,Native_Ads,Native_Bonus_Landing,DE,T1,24955,335,0.0134,154.48,0.461,28,5,0.0836,0.1786,288.63,30.9,86.8,20,0,0,0.942
2024-02-21,Native_Ads,Native_Bonus_Landing,BR,T2,45382,857,0.0189,70.61,0.082,53,12,0.0618,0.2264,349.61,5.88,395.1,40,1,0,0.941
2024-02-21,Native_Ads,Native_Bonus_Landing,PL,T2,17075,431,0.0252,33.3,0.077,25,6,0.058,0.24,153.11,5.55,359.8,32,0,0,0.949
2024-02-21,Native_Ads,Native_Bonus_Landing,NG,T3,17739,438,0.0247,8.45,0.019,25,4,0.0571,0.16,8.0,2.11,-5.3,28,0,0,0.949
2024-02-21,Native_Ads,Native_Bonus_Landing,CA,T1,38934,759,0.0195,175.62,0.231,59,12,0.0777,0.2034,745.37,14.63,324.4,38,0,0,0.939
2024-02-21,Native_Ads,Native_Bonus_Landing,AU,T1,23360,455,0.0195,116.84,0.257,33,6,0.0725,0.1818,346.32,19.47,196.4,37,0,0,0.942
2024-02-21,Native_Ads,Native_Review_Article,IN,T3,23351,265,0.0113,16.6,0.063,18,4,0.0679,0.2222,70.03,4.15,321.9,18,0,0,0.944
2024-02-21,TikTok,TT_Sports_Short,DE,T1,13178,187,0.0142,79.59,0.426,11,2,0.0588,0.1818,103.08,39.8,29.5,10,0,0,0.909
2024-02-21,TikTok,TT_Casino_UGC,BR,T2,15586,226,0.0145,29.73,0.132,14,1,0.0619,0.0714,24.02,29.73,-19.2,13,0,0,0.906
2024-02-21,TikTok,TT_Casino_UGC,PL,T2,12683,322,0.0254,35.46,0.11,17,2,0.0528,0.1176,32.11,17.73,-9.4,19,0,0,0.905
2024-02-21,TikTok,TT_Casino_UGC,NG,T3,33621,863,0.0257,18.69,0.022,56,10,0.0649,0.1786,156.51,1.87,737.4,102,0,0,0.914
2024-02-21,TikTok,TT_Sports_Short,CA,T1,23343,219,0.0094,125.81,0.574,15,2,0.0685,0.1333,82.0,62.91,-34.8,17,0,0,0.933
2024-02-21,TikTok,TT_Casino_UGC,AU,T1,24785,788,0.0318,124.88,0.158,66,9,0.0838,0.1364,320.97,13.88,157.0,41,1,0,0.928
2024-02-21,TikTok,TT_Casino_UGC,IN,T3,10223,258,0.0252,8.97,0.035,18,2,0.0698,0.1111,18.61,4.49,107.5,28,0,0,0.918
2024-02-21,Affiliate_SEO,SEO_CasinoReview_DE,DE,T1,89976,1518,0.0169,0.0,,391,141,0.2576,0.3606,16646.39,,,37,2,0,0.979
2024-02-21,Affiliate_SEO,SEO_CasinoReview_DE,BR,T2,5262,112,0.0213,0.0,,18,5,0.1607,0.2778,203.91,,,2,0,0,0.984
2024-02-21,Affiliate_SEO,SEO_BonusGuide_BR,PL,T2,8882,213,0.024,0.0,,39,16,0.1831,0.4103,991.2,,,4,0,0,0.979
2024-02-21,Affiliate_SEO,SEO_BonusGuide_BR,NG,T3,7098,115,0.0162,0.0,,21,9,0.1826,0.4286,135.66,,,2,0,0,0.984
2024-02-21,Affiliate_SEO,SEO_BonusGuide_BR,CA,T1,65043,1742,0.0268,0.0,,494,213,0.2836,0.4312,27517.83,,,44,3,1,0.981
2024-02-21,Affiliate_SEO,SEO_BonusGuide_BR,AU,T1,25204,464,0.0184,0.0,,119,49,0.2565,0.4118,5539.41,,,8,0,0,0.98
2024-02-21,Affiliate_SEO,SEO_BonusGuide_BR,IN,T3,9855,198,0.0201,0.0,,37,13,0.1869,0.3514,384.69,,,5,0,0,0.982
2024-02-22,Facebook,FB_Casino_CreativeA,DE,T1,24856,774,0.0311,221.49,0.286,78,14,0.1008,0.1795,1057.3,15.82,377.4,19,0,0,0.968
2024-02-22,Facebook,FB_Sports_Banner,BR,T2,37084,1454,0.0392,99.3,0.068,132,26,0.0908,0.197,1029.62,3.82,936.9,37,0,0,0.975
2024-02-22,Facebook,FB_Sports_Banner,PL,T2,8426,314,0.0373,36.55,0.116,17,4,0.0541,0.2353,174.35,9.14,377.0,5,0,0,0.969
2024-02-22,Facebook,FB_Sports_Banner,NG,T3,33194,1206,0.0363,34.33,0.028,101,22,0.0837,0.2178,46.73,1.56,36.1,34,0,0,0.967
2024-02-22,Facebook,FB_Casino_CreativeA,CA,T1,65120,2277,0.035,648.27,0.285,226,50,0.0993,0.2212,3551.3,12.97,447.8,41,1,0,0.967
2024-02-22,Facebook,FB_Slots_Video,AU,T1,23910,853,0.0357,231.56,0.271,102,31,0.1196,0.3039,2269.19,7.47,880.0,15,0,0,0.967
2024-02-22,Facebook,FB_Slots_Video,IN,T3,61785,2116,0.0342,95.62,0.045,167,37,0.0789,0.2216,1038.95,2.58,986.5,92,1,0,0.968
2024-02-22,Google_Search,GG_Slots_KW_Generic,DE,T1,34633,1136,0.0328,942.65,0.83,196,50,0.1725,0.2551,5100.69,18.85,441.1,9,0,0,0.989
2024-02-22,Google_Search,GG_Casino_KW_Brand,BR,T2,5753,279,0.0485,41.34,0.148,19,6,0.0681,0.3158,239.16,6.89,478.5,4,0,0,0.991
2024-02-22,Google_Search,GG_Casino_KW_Brand,PL,T2,51090,1805,0.0353,528.94,0.293,278,65,0.154,0.2338,3956.92,8.14,648.1,10,0,0,0.992
2024-02-22,Google_Search,GG_Slots_KW_Generic,NG,T3,9854,468,0.0475,26.38,0.056,79,20,0.1688,0.2532,214.06,1.32,711.4,5,0,0,0.99
2024-02-22,Google_Search,GG_Sports_Betting,CA,T1,37015,1010,0.0273,783.56,0.776,147,56,0.1455,0.381,5391.56,13.99,588.1,8,0,0,0.99
2024-02-22,Google_Search,GG_Slots_KW_Generic,AU,T1,17752,791,0.0446,459.83,0.581,99,34,0.1252,0.3434,2995.05,13.52,551.3,5,0,0,0.989
2024-02-22,Google_Search,GG_Slots_KW_Generic,IN,T3,24616,1035,0.042,88.68,0.086,100,27,0.0966,0.27,436.91,3.28,392.7,9,0,0,0.99
2024-02-22,Push_Network,Push_iGaming_Broad,DE,T1,18050,483,0.0268,29.91,0.062,17,1,0.0352,0.0588,25.6,29.91,-14.4,45,0,0,0.855
2024-02-22,Push_Network,Push_Casino_Retarget,BR,T2,34535,877,0.0254,19.48,0.022,55,7,0.0627,0.1273,67.65,2.78,247.3,98,2,0,0.868
2024-02-22,Push_Network,Push_iGaming_Broad,PL,T2,7539,145,0.0192,6.09,0.042,5,0,0.0345,0.0,0.0,,-100.0,11,0,0,0.844
2024-02-22,Push_Network,Push_Casino_Retarget,NG,T3,40598,856,0.0211,5.64,0.007,49,4,0.0572,0.0816,52.16,1.41,824.8,73,1,0,0.862
2024-02-22,Push_Network,Push_iGaming_Broad,CA,T1,24616,522,0.0212,34.93,0.067,21,3,0.0402,0.1429,124.28,11.64,255.8,53,0,0,0.861
2024-02-22,Push_Network,Push_Casino_Retarget,AU,T1,27419,633,0.0231,42.26,0.067,28,3,0.0442,0.1071,76.98,14.09,82.2,132,0,0,0.866
2024-02-22,Push_Network,Push_iGaming_Broad,IN,T3,56409,791,0.014,13.3,0.017,30,3,0.0379,0.1,44.44,4.43,234.1,67,1,0,0.859
2024-02-22,Native_Ads,Native_Bonus_Landing,DE,T1,21292,468,0.022,110.0,0.235,35,6,0.0748,0.1714,378.87,18.33,244.4,15,0,0,0.942
2024-02-22,Native_Ads,Native_Review_Article,BR,T2,29796,654,0.0219,56.59,0.087,48,6,0.0734,0.125,69.06,9.43,22.0,25,1,0,0.95
2024-02-22,Native_Ads,Native_Bonus_Landing,PL,T2,23623,638,0.027,54.98,0.086,40,10,0.0627,0.25,329.75,5.5,499.8,47,0,0,0.95
2024-02-22,Native_Ads,Native_Review_Article,NG,T3,40948,1122,0.0274,22.0,0.02,85,20,0.0758,0.2353,554.81,1.1,2421.9,69,1,0,0.937
2024-02-22,Native_Ads,Native_Bonus_Landing,CA,T1,41744,762,0.0183,194.75,0.256,61,9,0.0801,0.1475,598.09,21.64,207.1,38,0,0,0.938
2024-02-22,Native_Ads,Native_Bonus_Landing,AU,T1,25893,665,0.0257,129.44,0.195,47,10,0.0707,0.2128,688.64,12.94,432.0,20,0,0,0.949
2024-02-22,Native_Ads,Native_Bonus_Landing,IN,T3,32095,429,0.0134,25.88,0.06,27,6,0.0629,0.2222,48.0,4.31,85.5,15,0,0,0.934
2024-02-22,TikTok,TT_Casino_UGC,DE,T1,32939,905,0.0275,202.75,0.224,55,8,0.0608,0.1455,344.95,25.34,70.1,60,0,0,0.914
2024-02-22,TikTok,TT_Casino_UGC,BR,T2,57937,1246,0.0215,126.18,0.101,87,12,0.0698,0.1379,227.38,10.52,80.2,70,2,0,0.934
2024-02-22,TikTok,TT_Sports_Short,PL,T2,27374,491,0.0179,82.51,0.168,30,3,0.0611,0.1,34.67,27.5,-58.0,39,0,0,0.92
2024-02-22,TikTok,TT_Sports_Short,NG,T3,27346,764,0.0279,18.67,0.024,48,9,0.0628,0.1875,126.95,2.07,580.0,87,1,0,0.93
2024-02-22,TikTok,TT_Casino_UGC,CA,T1,23702,631,0.0266,139.19,0.221,34,5,0.0539,0.1471,215.79,27.84,55.0,52,0,0,0.906
2024-02-22,TikTok,TT_Casino_UGC,AU,T1,19543,562,0.0288,115.66,0.206,27,1,0.048,0.037,36.8,115.66,-68.2,61,0,0,0.921
2024-02-22,TikTok,TT_Sports_Short,IN,T3,11184,146,0.0131,9.32,0.064,7,0,0.0479,0.0,0.0,,-100.0,15,0,0,0.92
2024-02-22,Affiliate_SEO,SEO_BonusGuide_BR,DE,T1,46361,919,0.0198,0.0,,259,88,0.2818,0.3398,10294.93,,,16,1,0,0.982
2024-02-22,Affiliate_SEO,SEO_CasinoReview_DE,BR,T2,9442,205,0.0217,0.0,,38,15,0.1854,0.3947,744.34,,,2,0,0,0.984
2024-02-22,Affiliate_SEO,SEO_CasinoReview_DE,PL,T2,15124,133,0.0088,0.0,,34,12,0.2556,0.3529,760.76,,,3,0,0,0.981
2024-02-22,Affiliate_SEO,SEO_CasinoReview_DE,NG,T3,1940,43,0.0222,0.0,,7,2,0.1628,0.2857,45.83,,,0,0,0,0.977
2024-02-22,Affiliate_SEO,SEO_BonusGuide_BR,CA,T1,22371,375,0.0168,0.0,,62,22,0.1653,0.3548,2531.45,,,6,0,0,0.978
2024-02-22,Affiliate_SEO,SEO_BonusGuide_BR,AU,T1,32793,629,0.0192,0.0,,138,42,0.2194,0.3043,4924.58,,,11,0,0,0.977
2024-02-22,Affiliate_SEO,SEO_BonusGuide_BR,IN,T3,1922,58,0.0302,0.0,,12,4,0.2069,0.3333,68.57,,,1,0,0,0.983
2024-02-23,Facebook,FB_Casino_CreativeA,DE,T1,40841,1756,0.043,361.48,0.206,175,22,0.0997,0.1257,1451.55,16.43,301.6,66,1,0,0.975
2024-02-23,Facebook,FB_Casino_CreativeA,BR,T2,32916,1464,0.0445,90.74,0.062,140,19,0.0956,0.1357,559.55,4.78,516.7,59,1,0,0.967
2024-02-23,Facebook,FB_Casino_CreativeA,PL,T2,22117,527,0.0238,95.78,0.182,34,7,0.0645,0.2059,324.0,13.68,238.3,15,0,0,0.972
2024-02-23,Facebook,FB_Slots_Video,NG,T3,39874,1322,0.0332,31.02,0.023,132,20,0.0998,0.1515,136.81,1.55,341.0,36,0,0,0.972
2024-02-23,Facebook,FB_Casino_CreativeA,CA,T1,13648,551,0.0404,121.15,0.22,55,10,0.0998,0.1818,891.09,12.12,635.5,24,0,0,0.97
2024-02-23,Facebook,FB_Slots_Video,AU,T1,24322,919,0.0378,238.87,0.26,74,20,0.0805,0.2703,1483.24,11.94,520.9,27,0,0,0.968
2024-02-23,Facebook,FB_Sports_Banner,IN,T3,16735,548,0.0327,25.58,0.047,56,13,0.1022,0.2321,171.73,1.97,571.3,13,0,0,0.974
2024-02-23,Google_Search,GG_Casino_KW_Brand,DE,T1,18704,560,0.0299,527.59,0.942,104,33,0.1857,0.3173,3413.87,15.99,547.1,6,0,0,0.989
2024-02-23,Google_Search,GG_Casino_KW_Brand,BR,T2,27908,991,0.0355,256.93,0.259,136,46,0.1372,0.3382,1381.78,5.59,437.8,10,0,0,0.991
2024-02-23,Google_Search,GG_Slots_KW_Generic,PL,T2,24454,930,0.038,243.56,0.262,134,30,0.1441,0.2239,1593.61,8.12,554.3,8,0,0,0.991
2024-02-23,Google_Search,GG_Sports_Betting,NG,T3,45079,1843,0.0409,122.64,0.067,259,75,0.1405,0.2896,1942.99,1.64,1484.3,18,1,0,0.989
2024-02-23,Google_Search,GG_Sports_Betting,CA,T1,30521,1033,0.0338,649.39,0.629,185,54,0.1791,0.2919,5623.83,12.03,766.0,14,0,0,0.989
2024-02-23,Google_Search,GG_Slots_KW_Generic,AU,T1,14731,613,0.0416,384.66,0.628,105,26,0.1713,0.2476,2315.25,14.79,501.9,3,0,0,0.989
2024-02-23,Google_Search,GG_Casino_KW_Brand,IN,T3,20591,537,0.0261,77.15,0.144,114,30,0.2123,0.2632,143.74,2.57,86.3,3,0,0,0.991
2024-02-23,Push_Network,Push_iGaming_Broad,DE,T1,22777,682,0.0299,40.36,0.059,28,4,0.0411,0.1429,118.08,10.09,192.6,93,1,0,0.867
2024-02-23,Push_Network,Push_iGaming_Broad,BR,T2,22013,239,0.0109,10.59,0.044,7,1,0.0293,0.1429,19.55,10.59,84.6,22,0,0,0.879
2024-02-23,Push_Network,Push_iGaming_Broad,PL,T2,33717,762,0.0226,25.92,0.034,33,4,0.0433,0.1212,107.72,6.48,315.6,95,1,0,0.867
2024-02-23,Push_Network,Push_iGaming_Broad,NG,T3,17048,380,0.0223,2.8,0.007,15,1,0.0395,0.0667,2.0,2.8,-28.6,71,0,0,0.858
2024-02-23,Push_Network,Push_iGaming_Broad,CA,T1,28419,540,0.019,42.24,0.078,26,2,0.0481,0.0769,83.27,21.12,97.1,70,1,0,0.87
2024-02-23,Push_Network,Push_iGaming_Broad,AU,T1,50298,1135,0.0226,68.11,0.06,42,5,0.037,0.119,90.16,13.62,32.4,203,1,0,0.863
2024-02-23,Push_Network,Push_Casino_Retarget,IN,T3,59042,1444,0.0245,14.01,0.01,40,5,0.0277,0.125,44.56,2.8,218.1,268,2,0,0.866
2024-02-23,Native_Ads,Native_Review_Article,DE,T1,21497,424,0.0197,100.8,0.238,24,4,0.0566,0.1667,253.79,25.2,151.8,20,0,0,0.93
2024-02-23,Native_Ads,Native_Bonus_Landing,BR,T2,21202,277,0.0131,38.24,0.138,26,4,0.0939,0.1538,83.74,9.56,119.0,8,0,0,0.94
2024-02-23,Native_Ads,Native_Bonus_Landing,PL,T2,6187,74,0.012,12.79,0.173,5,1,0.0676,0.2,40.27,12.79,214.9,4,0,0,0.929
2024-02-23,Native_Ads,Native_Review_Article,NG,T3,26484,370,0.014,14.36,0.039,20,2,0.0541,0.1,21.32,7.18,48.5,13,0,0,0.941
2024-02-23,Native_Ads,Native_Review_Article,CA,T1,19415,474,0.0244,92.36,0.195,35,5,0.0738,0.1429,395.09,18.47,327.8,22,0,0,0.93
2024-02-23,Native_Ads,Native_Review_Article,AU,T1,14130,244,0.0173,72.41,0.297,20,5,0.082,0.25,252.5,14.48,248.7,11,0,0,0.939
2024-02-23,Native_Ads,Native_Review_Article,IN,T3,24140,475,0.0197,16.48,0.035,29,4,0.0611,0.1379,37.97,4.12,130.4,29,0,0,0.938
2024-02-23,TikTok,TT_Sports_Short,DE,T1,24151,618,0.0256,142.51,0.231,41,6,0.0663,0.1463,282.86,23.75,98.5,69,0,0,0.926
2024-02-23,TikTok,TT_Sports_Short,BR,T2,26359,235,0.0089,55.95,0.238,12,1,0.0511,0.0833,14.09,55.95,-74.8,10,0,0,0.907
2024-02-23,TikTok,TT_Casino_UGC,PL,T2,47917,1048,0.0219,122.63,0.117,65,6,0.062,0.0923,74.63,20.44,-39.1,49,1,0,0.926
2024-02-23,TikTok,TT_Casino_UGC,NG,T3,27492,634,0.0231,18.01,0.028,43,5,0.0678,0.1163,104.44,3.6,479.9,54,0,0,0.92
2024-02-23,TikTok,TT_Casino_UGC,CA,T1,25151,690,0.0274,152.34,0.221,54,8,0.0783,0.1481,219.57,19.04,44.1,40,1,0,0.935
2024-02-23,TikTok,TT_Sports_Short,AU,T1,17658,307,0.0174,113.11,0.368,18,2,0.0586,0.1111,92.67,56.55,-18.1,21,0,0,0.917
2024-02-23,TikTok,TT_Casino_UGC,IN,T3,19714,378,0.0192,18.92,0.05,26,5,0.0688,0.1923,102.88,3.78,443.8,32,0,0,0.916
2024-02-23,Affiliate_SEO,SEO_CasinoReview_DE,DE,T1,44897,739,0.0165,0.0,,145,44,0.1962,0.3034,5340.7,,,18,1,0,0.981
2024-02-23,Affiliate_SEO,SEO_CasinoReview_DE,BR,T2,10137,187,0.0184,0.0,,33,10,0.1765,0.303,354.6,,,5,0,0,0.982
2024-02-23,Affiliate_SEO,SEO_CasinoReview_DE,PL,T2,7679,107,0.0139,0.0,,17,5,0.1589,0.2941,245.87,,,1,0,0,0.981
2024-02-23,Affiliate_SEO,SEO_BonusGuide_BR,NG,T3,1054,21,0.0199,0.0,,5,0,0.2381,0.0,0.0,,,0,0,0,0.976
2024-02-23,Affiliate_SEO,SEO_CasinoReview_DE,CA,T1,12683,312,0.0246,0.0,,91,29,0.2917,0.3187,3277.46,,,5,0,0,0.978
2024-02-23,Affiliate_SEO,SEO_CasinoReview_DE,AU,T1,87119,1080,0.0124,0.0,,106,40,0.0981,0.3774,4955.54,,,28,0,0,0.981
2024-02-23,Affiliate_SEO,SEO_BonusGuide_BR,IN,T3,4824,107,0.0222,0.0,,32,9,0.2991,0.2812,208.52,,,1,0,0,0.98
2024-02-24,Facebook,FB_Casino_CreativeA,DE,T1,49737,1292,0.026,540.15,0.418,133,34,0.1029,0.2556,2436.65,15.89,351.1,23,1,0,0.97
2024-02-24,Facebook,FB_Casino_CreativeA,BR,T2,31685,688,0.0217,95.18,0.138,49,8,0.0712,0.1633,304.93,11.9,220.4,30,0,0,0.97
2024-02-24,Facebook,FB_Casino_CreativeA,PL,T2,34375,1074,0.0312,131.57,0.123,129,23,0.1201,0.1783,854.84,5.72,549.7,28,1,0,0.967
2024-02-24,Facebook,FB_Slots_Video,NG,T3,20829,973,0.0467,19.85,0.02,98,17,0.1007,0.1735,279.54,1.17,1308.3,29,0,0,0.964
2024-02-24,Facebook,FB_Sports_Banner,CA,T1,34220,1037,0.0303,307.19,0.296,92,25,0.0887,0.2717,1698.31,12.29,452.9,17,1,0,0.972
2024-02-24,Facebook,FB_Slots_Video,AU,T1,16302,640,0.0393,121.7,0.19,59,7,0.0922,0.1186,443.13,17.39,264.1,19,0,0,0.976
2024-02-24,Facebook,FB_Casino_CreativeA,IN,T3,11583,509,0.0439,14.91,0.029,28,6,0.055,0.2143,126.59,2.48,749.0,17,0,0,0.968
2024-02-24,Google_Search,GG_Slots_KW_Generic,DE,T1,8965,457,0.051,233.79,0.512,71,19,0.1554,0.2676,2095.22,12.3,796.2,6,0,0,0.992
2024-02-24,Google_Search,GG_Sports_Betting,BR,T2,19630,660,0.0336,145.49,0.22,138,30,0.2091,0.2174,1254.48,4.85,762.2,9,0,0,0.988
2024-02-24,Google_Search,GG_Casino_KW_Brand,PL,T2,16425,204,0.0124,190.23,0.932,32,12,0.1569,0.375,618.82,15.85,225.3,1,0,0,0.991
2024-02-24,Google_Search,GG_Slots_KW_Generic,NG,T3,24107,850,0.0353,49.54,0.058,156,45,0.1835,0.2885,567.71,1.1,1046.0,7,0,0,0.992
2024-02-24,Google_Search,GG_Sports_Betting,CA,T1,21007,773,0.0368,496.88,0.643,134,29,0.1734,0.2164,2870.89,17.13,477.8,10,0,0,0.988
2024-02-24,Google_Search,GG_Casino_KW_Brand,AU,T1,16910,479,0.0283,346.01,0.722,74,29,0.1545,0.3919,2691.63,11.93,677.9,7,0,0,0.992
2024-02-24,Google_Search,GG_Sports_Betting,IN,T3,11626,361,0.0311,39.04,0.108,69,24,0.1911,0.3478,899.82,1.63,2204.9,3,0,0,0.992
2024-02-24,Push_Network,Push_Casino_Retarget,DE,T1,12499,190,0.0152,23.36,0.123,7,0,0.0368,0.0,0.0,,-100.0,18,0,0,0.852
2024-02-24,Push_Network,Push_iGaming_Broad,BR,T2,10343,314,0.0304,6.32,0.02,14,1,0.0446,0.0714,8.56,6.32,35.4,37,0,0,0.837
2024-02-24,Push_Network,Push_iGaming_Broad,PL,T2,55043,1797,0.0326,35.57,0.02,98,10,0.0545,0.102,400.67,3.56,1026.4,353,5,0,0.879
2024-02-24,Push_Network,Push_Casino_Retarget,NG,T3,21553,495,0.023,2.96,0.006,16,1,0.0323,0.0625,7.98,2.96,169.6,91,0,0,0.88
2024-02-24,Push_Network,Push_iGaming_Broad,CA,T1,9089,65,0.0072,14.59,0.224,3,0,0.0462,0.0,0.0,,-100.0,13,0,0,0.86
2024-02-24,Push_Network,Push_Casino_Retarget,AU,T1,84960,1886,0.0222,137.66,0.073,98,10,0.052,0.102,190.85,13.77,38.6,347,5,0,0.859
2024-02-24,Push_Network,Push_Casino_Retarget,IN,T3,19114,374,0.0196,4.29,0.011,21,1,0.0561,0.0476,5.88,4.29,37.1,37,0,0,0.85
2024-02-24,Native_Ads,Native_Review_Article,DE,T1,14628,201,0.0137,78.64,0.391,11,2,0.0547,0.1818,137.98,39.32,75.5,12,0,0,0.944
2024-02-24,Native_Ads,Native_Review_Article,BR,T2,36114,702,0.0194,68.01,0.097,44,9,0.0627,0.2045,305.06,7.56,348.6,40,0,0,0.95
2024-02-24,Native_Ads,Native_Review_Article,PL,T2,42626,711,0.0167,82.24,0.116,61,9,0.0858,0.1475,259.32,9.14,215.3,53,1,0,0.946
2024-02-24,Native_Ads,Native_Bonus_Landing,NG,T3,19693,572,0.029,9.59,0.017,35,7,0.0612,0.2,32.39,1.37,237.7,44,0,0,0.934
2024-02-24,Native_Ads,Native_Bonus_Landing,CA,T1,48372,1175,0.0243,244.08,0.208,113,30,0.0962,0.2655,2188.7,8.14,796.7,51,2,0,0.94
2024-02-24,Native_Ads,Native_Bonus_Landing,AU,T1,37662,523,0.0139,177.01,0.338,47,12,0.0899,0.2553,769.66,14.75,334.8,40,0,0,0.933
2024-02-24,Native_Ads,Native_Review_Article,IN,T3,20794,647,0.0311,17.03,0.026,53,9,0.0819,0.1698,212.94,1.89,1150.4,58,1,0,0.931
2024-02-24,TikTok,TT_Casino_UGC,DE,T1,21410,426,0.0199,133.22,0.313,27,4,0.0634,0.1481,172.23,33.3,29.3,45,0,0,0.911
2024-02-24,TikTok,TT_Casino_UGC,BR,T2,24911,305,0.0122,57.32,0.188,17,2,0.0557,0.1176,57.87,28.66,1.0,27,0,0,0.932
2024-02-24,TikTok,TT_Sports_Short,PL,T2,18425,459,0.0249,55.81,0.122,23,2,0.0501,0.087,51.82,27.91,-7.1,52,0,0,0.92
2024-02-24,TikTok,TT_Casino_UGC,NG,T3,37557,993,0.0264,24.53,0.025,71,10,0.0715,0.1408,225.17,2.45,817.9,88,2,0,0.908
2024-02-24,TikTok,TT_Sports_Short,CA,T1,33115,824,0.0249,219.94,0.267,43,6,0.0522,0.1395,233.68,36.66,6.2,62,1,0,0.92
2024-02-24,TikTok,TT_Sports_Short,AU,T1,42362,695,0.0164,238.96,0.344,63,9,0.0906,0.1429,498.86,26.55,108.8,70,1,0,0.933
2024-02-24,TikTok,TT_Casino_UGC,IN,T3,28268,373,0.0132,25.44,0.068,19,2,0.0509,0.1053,20.98,12.72,-17.5,32,0,0,0.932
2024-02-24,Affiliate_SEO,SEO_BonusGuide_BR,DE,T1,15366,359,0.0234,0.0,,68,30,0.1894,0.4412,4011.23,,,8,0,0,0.984
2024-02-24,Affiliate_SEO,SEO_CasinoReview_DE,BR,T2,13592,171,0.0126,0.0,,26,7,0.152,0.2692,444.04,,,3,0,0,0.979
2024-02-24,Affiliate_SEO,SEO_BonusGuide_BR,PL,T2,16149,312,0.0193,0.0,,58,23,0.1859,0.3966,1528.14,,,3,0,0,0.983
2024-02-24,Affiliate_SEO,SEO_CasinoReview_DE,NG,T3,1104,26,0.0236,0.0,,8,2,0.3077,0.25,4.0,,,0,0,0,0.982
2024-02-24,Affiliate_SEO,SEO_BonusGuide_BR,CA,T1,21046,522,0.0248,0.0,,102,35,0.1954,0.3431,3942.5,,,9,0,0,0.981
2024-02-24,Affiliate_SEO,SEO_CasinoReview_DE,AU,T1,19328,697,0.0361,0.0,,149,51,0.2138,0.3423,5374.71,,,19,1,0,0.98
2024-02-24,Affiliate_SEO,SEO_CasinoReview_DE,IN,T3,3746,39,0.0104,0.0,,8,2,0.2051,0.25,45.43,,,0,0,0,0.983
2024-02-25,Facebook,FB_Casino_CreativeA,DE,T1,39342,892,0.0227,337.39,0.378,45,13,0.0504,0.2889,1118.41,25.95,231.5,34,0,0,0.966
2024-02-25,Facebook,FB_Sports_Banner,BR,T2,17827,548,0.0307,56.11,0.102,23,3,0.042,0.1304,103.76,18.7,84.9,19,0,0,0.972
2024-02-25,Facebook,FB_Sports_Banner,PL,T2,50078,1754,0.035,175.86,0.1,189,34,0.1078,0.1799,1948.11,5.17,1007.8,48,1,0,0.974
2024-02-25,Facebook,FB_Slots_Video,NG,T3,27057,509,0.0188,26.38,0.052,59,15,0.1159,0.2542,175.42,1.76,565.0,13,0,0,0.969
2024-02-25,Facebook,FB_Casino_CreativeA,CA,T1,24499,1094,0.0447,246.36,0.225,73,17,0.0667,0.2329,1190.42,14.49,383.2,21,0,0,0.97
2024-02-25,Facebook,FB_Slots_Video,AU,T1,16802,624,0.0371,135.75,0.218,65,16,0.1042,0.2462,1367.03,8.48,907.0,21,0,0,0.967
2024-02-25,Facebook,FB_Sports_Banner,IN,T3,43707,1320,0.0302,54.92,0.042,153,31,0.1159,0.2026,529.4,1.77,863.9,41,1,0,0.969
2024-02-25,Google_Search,GG_Slots_KW_Generic,DE,T1,42668,901,0.0211,1171.4,1.3,140,43,0.1554,0.3071,4927.1,27.24,320.6,6,0,0,0.991
2024-02-25,Google_Search,GG_Sports_Betting,BR,T2,18445,635,0.0344,162.7,0.256,75,15,0.1181,0.2,358.89,10.85,120.6,9,0,0,0.99
2024-02-25,Google_Search,GG_Casino_KW_Brand,PL,T2,24672,945,0.0383,306.08,0.324,141,50,0.1492,0.3546,2605.69,6.12,751.3,8,0,0,0.991
2024-02-25,Google_Search,GG_Sports_Betting,NG,T3,48343,1417,0.0293,121.76,0.086,158,52,0.1115,0.3291,571.22,2.34,369.1,9,0,0,0.992
2024-02-25,Google_Search,GG_Slots_KW_Generic,CA,T1,46178,1905,0.0413,1237.8,0.65,214,61,0.1123,0.285,6258.89,20.29,405.6,27,0,0,0.989
2024-02-25,Google_Search,GG_Slots_KW_Generic,AU,T1,22990,877,0.0381,570.98,0.651,124,28,0.1414,0.2258,2866.11,20.39,402.0,4,0,0,0.991
2024-02-25,Google_Search,GG_Casino_KW_Brand,IN,T3,53901,1224,0.0227,211.52,0.173,187,67,0.1528,0.3583,1663.74,3.16,686.6,11,0,0,0.99
2024-02-25,Push_Network,Push_iGaming_Broad,DE,T1,9546,166,0.0174,17.45,0.105,4,0,0.0241,0.0,0.0,,-100.0,22,0,0,0.875
2024-02-25,Push_Network,Push_Casino_Retarget,BR,T2,18395,485,0.0264,9.77,0.02,14,1,0.0289,0.0714,33.32,9.77,241.0,79,0,0,0.865
2024-02-25,Push_Network,Push_iGaming_Broad,PL,T2,18586,579,0.0312,12.94,0.022,21,2,0.0363,0.0952,31.28,6.47,141.7,77,0,0,0.862
2024-02-25,Push_Network,Push_iGaming_Broad,NG,T3,22294,431,0.0193,3.21,0.007,19,1,0.0441,0.0526,2.0,3.21,-37.7,63,1,0,0.851
2024-02-25,Push_Network,Push_iGaming_Broad,CA,T1,20445,308,0.0151,29.02,0.094,9,1,0.0292,0.1111,42.35,29.02,45.9,60,0,0,0.837
2024-02-25,Push_Network,Push_iGaming_Broad,AU,T1,13198,315,0.0239,21.17,0.067,14,2,0.0444,0.1429,59.82,10.59,182.6,37,0,0,0.862
2024-02-25,Push_Network,Push_Casino_Retarget,IN,T3,23488,379,0.0161,6.12,0.016,12,1,0.0317,0.0833,2.0,6.12,-67.3,56,0,0,0.833
2024-02-25,Native_Ads,Native_Bonus_Landing,DE,T1,16342,398,0.0244,97.69,0.245,29,3,0.0729,0.1034,159.5,32.56,63.3,12,0,0,0.941
2024-02-25,Native_Ads,Native_Bonus_Landing,BR,T2,41556,972,0.0234,66.53,0.068,70,17,0.072,0.2429,459.82,3.91,591.1,62,1,0,0.938
2024-02-25,Native_Ads,Native_Review_Article,PL,T2,33538,698,0.0208,76.86,0.11,60,14,0.086,0.2333,418.34,5.49,444.3,45,1,0,0.933
2024-02-25,Native_Ads,Native_Review_Article,NG,T3,17355,215,0.0124,8.03,0.037,17,3,0.0791,0.1765,63.45,2.68,690.2,10,0,0,0.935
2024-02-25,Native_Ads,Native_Bonus_Landing,CA,T1,46452,782,0.0168,214.42,0.274,49,13,0.0627,0.2653,882.65,16.49,311.6,64,1,0,0.946
2024-02-25,Native_Ads,Native_Review_Article,AU,T1,13431,159,0.0118,60.45,0.38,13,2,0.0818,0.1538,125.96,30.23,108.4,14,0,0,0.947
2024-02-25,Native_Ads,Native_Review_Article,IN,T3,29888,425,0.0142,21.08,0.05,33,6,0.0776,0.1818,27.46,3.51,30.3,12,0,0,0.947
2024-02-25,TikTok,TT_Sports_Short,DE,T1,42438,1253,0.0295,293.94,0.235,65,7,0.0519,0.1077,353.55,41.99,20.3,146,1,0,0.913
2024-02-25,TikTok,TT_Casino_UGC,BR,T2,21965,891,0.0406,46.13,0.052,31,6,0.0348,0.1935,126.82,7.69,174.9,92,0,0,0.923
2024-02-25,TikTok,TT_Sports_Short,PL,T2,31524,398,0.0126,81.93,0.206,22,3,0.0553,0.1364,68.68,27.31,-16.2,31,0,0,0.935
2024-02-25,TikTok,TT_Sports_Short,NG,T3,12376,190,0.0154,8.26,0.043,13,1,0.0684,0.0769,2.0,8.26,-75.8,18,0,0,0.917
2024-02-25,TikTok,TT_Casino_UGC,CA,T1,48171,928,0.0193,331.66,0.357,44,7,0.0474,0.1591,339.34,47.38,2.3,89,1,0,0.931
2024-02-25,TikTok,TT_Casino_UGC,AU,T1,57567,917,0.0159,345.27,0.377,50,7,0.0545,0.14,238.08,49.32,-31.0,93,1,0,0.93
2024-02-25,TikTok,TT_Casino_UGC,IN,T3,14952,354,0.0237,13.78,0.039,16,2,0.0452,0.125,5.5,6.89,-60.1,38,0,0,0.912
2024-02-25,Affiliate_SEO,SEO_CasinoReview_DE,DE,T1,14086,198,0.0141,0.0,,38,17,0.1919,0.4474,2091.76,,,4,0,0,0.983
2024-02-25,Affiliate_SEO,SEO_CasinoReview_DE,BR,T2,9758,272,0.0279,0.0,,60,22,0.2206,0.3667,1037.34,,,7,0,0,0.977
2024-02-25,Affiliate_SEO,SEO_BonusGuide_BR,PL,T2,12118,150,0.0124,0.0,,24,6,0.16,0.25,322.54,,,3,0,0,0.984
2024-02-25,Affiliate_SEO,SEO_CasinoReview_DE,NG,T3,1615,30,0.0186,0.0,,5,1,0.1667,0.2,28.86,,,0,0,0,0.984
2024-02-25,Affiliate_SEO,SEO_CasinoReview_DE,CA,T1,54264,861,0.0159,0.0,,156,58,0.1812,0.3718,7029.07,,,11,1,0,0.982
2024-02-25,Affiliate_SEO,SEO_BonusGuide_BR,AU,T1,24741,332,0.0134,0.0,,74,30,0.2229,0.4054,3552.93,,,8,0,0,0.979
2024-02-25,Affiliate_SEO,SEO_CasinoReview_DE,IN,T3,4047,82,0.0203,0.0,,16,6,0.1951,0.375,43.42,,,1,0,0,0.976
2024-02-26,Facebook,FB_Slots_Video,DE,T1,32346,1512,0.0467,302.98,0.2,159,47,0.1052,0.2956,3382.53,6.45,1016.4,51,1,0,0.973
2024-02-26,Facebook,FB_Slots_Video,BR,T2,25932,687,0.0265,83.77,0.122,51,11,0.0742,0.2157,454.71,7.62,442.8,18,0,0,0.972
2024-02-26,Facebook,FB_Slots_Video,PL,T2,29514,1109,0.0376,123.63,0.111,108,22,0.0974,0.2037,674.93,5.62,445.9,26,0,0,0.964
2024-02-26,Facebook,FB_Slots_Video,NG,T3,43971,1289,0.0293,38.86,0.03,104,23,0.0807,0.2212,632.41,1.69,1527.4,30,0,0,0.964
2024-02-26,Facebook,FB_Sports_Banner,CA,T1,29231,815,0.0279,238.77,0.293,71,14,0.0871,0.1972,871.41,17.05,265.0,15,0,0,0.974
2024-02-26,Facebook,FB_Casino_CreativeA,AU,T1,32227,858,0.0266,234.23,0.273,68,13,0.0793,0.1912,932.28,18.02,298.0,35,0,0,0.965
2024-02-26,Facebook,FB_Slots_Video,IN,T3,25269,1239,0.049,35.29,0.028,108,24,0.0872,0.2222,298.58,1.47,746.1,21,1,0,0.966
2024-02-26,Google_Search,GG_Slots_KW_Generic,DE,T1,17090,784,0.0459,424.91,0.542,114,40,0.1454,0.3509,3681.68,10.62,766.5,10,0,0,0.991
2024-02-26,Google_Search,GG_Sports_Betting,BR,T2,20909,818,0.0391,159.49,0.195,132,40,0.1614,0.303,1908.16,3.99,1096.4,11,0,0,0.989
2024-02-26,Google_Search,GG_Casino_KW_Brand,PL,T2,43094,1696,0.0394,455.0,0.268,300,85,0.1769,0.2833,4816.65,5.35,958.6,11,1,0,0.989
2024-02-26,Google_Search,GG_Sports_Betting,NG,T3,84608,2010,0.0238,179.43,0.089,265,99,0.1318,0.3736,1803.08,1.81,904.9,25,1,0,0.991
2024-02-26,Google_Search,GG_Sports_Betting,CA,T1,5003,173,0.0346,120.5,0.697,17,6,0.0983,0.3529,548.63,20.08,355.3,2,0,0,0.992
2024-02-26,Google_Search,GG_Casino_KW_Brand,AU,T1,23403,1076,0.046,506.62,0.471,130,51,0.1208,0.3923,4113.42,9.93,711.9,8,0,0,0.988
2024-02-26,Google_Search,GG_Casino_KW_Brand,IN,T3,18736,697,0.0372,61.0,0.088,108,37,0.1549,0.3426,192.03,1.65,214.8,5,0,0,0.99
2024-02-26,Push_Network,Push_iGaming_Broad,DE,T1,39460,646,0.0164,62.56,0.097,36,3,0.0557,0.0833,91.55,20.85,46.3,49,1,0,0.873
2024-02-26,Push_Network,Push_Casino_Retarget,BR,T2,24149,417,0.0173,14.0,0.034,14,2,0.0336,0.1429,28.02,7.0,100.1,38,0,0,0.877
2024-02-26,Push_Network,Push_iGaming_Broad,PL,T2,41156,945,0.023,31.24,0.033,27,3,0.0286,0.1111,51.41,10.41,64.6,124,0,0,0.88
2024-02-26,Push_Network,Push_iGaming_Broad,NG,T3,23085,504,0.0218,3.83,0.008,14,1,0.0278,0.0714,18.97,3.83,395.3,49,0,0,0.878
2024-02-26,Push_Network,Push_Casino_Retarget,CA,T1,75421,1768,0.0234,120.79,0.068,93,13,0.0526,0.1398,495.22,9.29,310.0,253,3,0,0.86
2024-02-26,Push_Network,Push_iGaming_Broad,AU,T1,15010,217,0.0145,20.24,0.093,12,1,0.0553,0.0833,24.62,20.24,21.6,23,0,0,0.835
2024-02-26,Push_Network,Push_iGaming_Broad,IN,T3,10465,260,0.0248,2.27,0.009,11,1,0.0423,0.0909,2.46,2.27,8.4,20,0,0,0.838
2024-02-26,Native_Ads,Native_Review_Article,DE,T1,14472,345,0.0238,83.34,0.242,24,6,0.0696,0.25,371.56,13.89,345.8,21,0,0,0.932
2024-02-26,Native_Ads,Native_Review_Article,BR,T2,16562,302,0.0182,28.22,0.093,22,3,0.0728,0.1364,35.54,9.41,25.9,12,0,0,0.938
2024-02-26,Native_Ads,Native_Review_Article,PL,T2,28780,659,0.0229,62.39,0.095,53,13,0.0804,0.2453,330.49,4.8,429.7,56,0,0,0.929
2024-02-26,Native_Ads,Native_Bonus_Landing,NG,T3,26774,368,0.0137,13.52,0.037,19,3,0.0516,0.1579,37.4,4.51,176.6,18,0,0,0.945
2024-02-26,Native_Ads,Native_Review_Article,CA,T1,19702,342,0.0174,111.55,0.326,27,5,0.0789,0.1852,264.34,22.31,137.0,30,0,0,0.942
2024-02-26,Native_Ads,Native_Bonus_Landing,AU,T1,25650,218,0.0085,122.21,0.561,14,3,0.0642,0.2143,147.38,40.74,20.6,13,0,0,0.946
2024-02-26,Native_Ads,Native_Bonus_Landing,IN,T3,16522,325,0.0197,12.62,0.039,25,5,0.0769,0.2,83.46,2.52,561.3,12,0,0,0.944
2024-02-26,TikTok,TT_Sports_Short,DE,T1,13148,248,0.0189,87.51,0.353,14,2,0.0565,0.1429,85.2,43.76,-2.6,14,0,0,0.923
2024-02-26,TikTok,TT_Casino_UGC,BR,T2,19203,522,0.0272,37.46,0.072,32,6,0.0613,0.1875,136.97,6.24,265.6,44,0,0,0.933
2024-02-26,TikTok,TT_Sports_Short,PL,T2,8711,235,0.027,25.0,0.106,16,2,0.0681,0.125,26.17,12.5,4.7,27,0,0,0.916
2024-02-26,TikTok,TT_Casino_UGC,NG,T3,12690,202,0.0159,7.64,0.038,13,1,0.0644,0.0769,4.11,7.64,-46.2,23,0,0,0.921
2024-02-26,TikTok,TT_Casino_UGC,CA,T1,42424,939,0.0221,217.5,0.232,83,16,0.0884,0.1928,703.15,13.59,223.3,97,2,0,0.931
2024-02-26,TikTok,TT_Casino_UGC,AU,T1,9475,155,0.0164,50.15,0.324,9,1,0.0581,0.1111,60.38,50.15,20.4,16,0,0,0.913
2024-02-26,TikTok,TT_Sports_Short,IN,T3,19376,164,0.0085,18.3,0.112,12,2,0.0732,0.1667,30.5,9.15,66.7,15,0,0,0.905
2024-02-26,Affiliate_SEO,SEO_CasinoReview_DE,DE,T1,65582,1589,0.0242,0.0,,453,169,0.2851,0.3731,20862.97,,,28,3,0,0.982
2024-02-26,Affiliate_SEO,SEO_CasinoReview_DE,BR,T2,17916,544,0.0304,0.0,,101,48,0.1857,0.4752,2117.1,,,6,0,0,0.979
2024-02-26,Affiliate_SEO,SEO_CasinoReview_DE,PL,T2,22739,405,0.0178,0.0,,83,36,0.2049,0.4337,1774.7,,,7,0,0,0.976
2024-02-26,Affiliate_SEO,SEO_BonusGuide_BR,NG,T3,3092,52,0.0168,0.0,,10,3,0.1923,0.3,39.23,,,0,0,0,0.98
2024-02-26,Affiliate_SEO,SEO_BonusGuide_BR,CA,T1,11171,111,0.0099,0.0,,24,9,0.2162,0.375,1058.11,,,2,0,0,0.984
2024-02-26,Affiliate_SEO,SEO_BonusGuide_BR,AU,T1,32623,404,0.0124,0.0,,76,23,0.1881,0.3026,2303.88,,,4,0,0,0.977
2024-02-26,Affiliate_SEO,SEO_BonusGuide_BR,IN,T3,3290,87,0.0264,0.0,,18,4,0.2069,0.2222,73.53,,,1,0,0,0.979
2024-02-27,Facebook,FB_Casino_CreativeA,DE,T1,26051,1237,0.0475,283.67,0.229,129,26,0.1043,0.2016,2279.69,10.91,703.6,34,1,0,0.973
2024-02-27,Facebook,FB_Casino_CreativeA,BR,T2,22533,686,0.0304,68.52,0.1,48,10,0.07,0.2083,343.57,6.85,401.4,15,0,0,0.971
2024-02-27,Facebook,FB_Slots_Video,PL,T2,15656,670,0.0428,58.89,0.088,62,16,0.0925,0.2581,563.01,3.68,856.0,15,0,0,0.975
2024-02-27,Facebook,FB_Casino_CreativeA,NG,T3,15552,360,0.0231,15.13,0.042,20,3,0.0556,0.15,20.62,5.04,36.3,7,0,0,0.966
2024-02-27,Facebook,FB_Slots_Video,CA,T1,13507,328,0.0243,138.66,0.423,26,7,0.0793,0.2692,653.94,19.81,371.6,13,0,0,0.968
2024-02-27,Facebook,FB_Sports_Banner,AU,T1,25632,626,0.0244,223.1,0.356,53,13,0.0847,0.2453,875.35,17.16,292.4,14,0,0,0.969
2024-02-27,Facebook,FB_Slots_Video,IN,T3,23385,336,0.0144,34.94,0.104,30,7,0.0893,0.2333,89.89,4.99,157.3,6,0,0,0.966
2024-02-27,Google_Search,GG_Slots_KW_Generic,DE,T1,17986,687,0.0382,425.05,0.619,110,32,0.1601,0.2909,3897.29,13.28,816.9,8,0,0,0.989
2024-02-27,Google_Search,GG_Slots_KW_Generic,BR,T2,26892,558,0.0207,211.95,0.38,72,16,0.129,0.2222,632.76,13.25,198.5,5,0,0,0.991
2024-02-27,Google_Search,GG_Casino_KW_Brand,PL,T2,21921,234,0.0107,228.04,0.975,30,8,0.1282,0.2667,463.63,28.5,103.3,2,0,0,0.99
2024-02-27,Google_Search,GG_Slots_KW_Generic,NG,T3,19815,650,0.0328,42.7,0.066,117,44,0.18,0.3761,876.67,0.97,1953.1,6,0,0,0.989
2024-02-27,Google_Search,GG_Slots_KW_Generic,CA,T1,13142,476,0.0362,301.01,0.632,73,26,0.1534,0.3562,2794.05,11.58,828.2,3,0,0,0.992
2024-02-27,Google_Search,GG_Slots_KW_Generic,AU,T1,31199,1070,0.0343,680.95,0.636,160,45,0.1495,0.2812,4250.04,15.13,524.1,12,0,0,0.991
2024-02-27,Google_Search,GG_Sports_Betting,IN,T3,27546,1102,0.04,109.97,0.1,121,37,0.1098,0.3058,1205.68,2.97,996.4,9,0,0,0.989
2024-02-27,Push_Network,Push_iGaming_Broad,DE,T1,39290,653,0.0166,76.96,0.118,19,1,0.0291,0.0526,48.12,76.96,-37.5,112,0,0,0.864
2024-02-27,Push_Network,Push_Casino_Retarget,BR,T2,15441,216,0.014,8.13,0.038,7,0,0.0324,0.0,0.0,,-100.0,30,0,0,0.878
2024-02-27,Push_Network,Push_iGaming_Broad,PL,T2,9047,130,0.0144,5.82,0.045,3,0,0.0231,0.0,0.0,,-100.0,23,0,0,0.877
2024-02-27,Push_Network,Push_iGaming_Broad,NG,T3,13342,260,0.0195,2.18,0.008,11,0,0.0423,0.0,0.0,,-100.0,47,0,0,0.858
2024-02-27,Push_Network,Push_Casino_Retarget,CA,T1,16716,220,0.0132,28.31,0.129,9,0,0.0409,0.0,0.0,,-100.0,20,0,0,0.877
2024-02-27,Push_Network,Push_iGaming_Broad,AU,T1,18588,375,0.0202,26.47,0.071,16,1,0.0427,0.0625,36.24,26.47,36.9,58,0,0,0.853
2024-02-27,Push_Network,Push_Casino_Retarget,IN,T3,18028,146,0.0081,3.98,0.027,7,1,0.0479,0.1429,15.73,3.98,295.2,22,0,0,0.841
2024-02-27,Native_Ads,Native_Review_Article,DE,T1,21374,446,0.0209,109.58,0.246,29,5,0.065,0.1724,273.36,21.92,149.5,14,0,0,0.93
2024-02-27,Native_Ads,Native_Bonus_Landing,BR,T2,19665,354,0.018,39.03,0.11,26,4,0.0734,0.1538,113.6,9.76,191.1,17,0,0,0.941
2024-02-27,Native_Ads,Native_Bonus_Landing,PL,T2,14995,289,0.0193,33.09,0.114,17,3,0.0588,0.1765,128.26,11.03,287.6,12,0,0,0.938
2024-02-27,Native_Ads,Native_Bonus_Landing,NG,T3,22514,395,0.0175,9.8,0.025,33,8,0.0835,0.2424,16.0,1.23,63.3,16,0,0,0.933
2024-02-27,Native_Ads,Native_Bonus_Landing,CA,T1,18686,367,0.0196,100.38,0.274,30,7,0.0817,0.2333,395.19,14.34,293.7,22,0,0,0.936
2024-02-27,Native_Ads,Native_Review_Article,AU,T1,19377,631,0.0326,99.07,0.157,41,9,0.065,0.2195,587.92,11.01,493.4,20,0,0,0.935
2024-02-27,Native_Ads,Native_Review_Article,IN,T3,27530,931,0.0338,21.83,0.023,75,16,0.0806,0.2133,32.0,1.36,46.6,58,1,0,0.946
2024-02-27,TikTok,TT_Casino_UGC,DE,T1,21371,398,0.0186,155.45,0.391,30,5,0.0754,0.1667,232.26,31.09,49.4,41,0,0,0.918
2024-02-27,TikTok,TT_Sports_Short,BR,T2,36852,804,0.0218,84.62,0.105,52,3,0.0647,0.0577,60.03,28.21,-29.1,68,1,0,0.91
2024-02-27,TikTok,TT_Casino_UGC,PL,T2,31365,684,0.0218,92.53,0.135,51,8,0.0746,0.1569,181.78,11.57,96.5,64,0,0,0.934
2024-02-27,TikTok,TT_Sports_Short,NG,T3,21682,449,0.0207,14.59,0.032,22,5,0.049,0.2273,70.17,2.92,380.9,29,0,0,0.931
2024-02-27,TikTok,TT_Sports_Short,CA,T1,24788,357,0.0144,154.06,0.432,21,2,0.0588,0.0952,106.86,77.03,-30.6,19,0,0,0.917
2024-02-27,TikTok,TT_Sports_Short,AU,T1,39249,939,0.0239,202.69,0.216,39,4,0.0415,0.1026,140.17,50.67,-30.8,58,1,0,0.908
2024-02-27,TikTok,TT_Sports_Short,IN,T3,37584,508,0.0135,36.58,0.072,21,3,0.0413,0.1429,36.42,12.19,-0.4,35,0,0,0.908
2024-02-27,Affiliate_SEO,SEO_BonusGuide_BR,DE,T1,30400,525,0.0173,0.0,,149,57,0.2838,0.3826,6614.8,,,7,1,0,0.983
2024-02-27,Affiliate_SEO,SEO_BonusGuide_BR,BR,T2,6962,94,0.0135,0.0,,22,6,0.234,0.2727,284.99,,,1,0,0,0.98
2024-02-27,Affiliate_SEO,SEO_BonusGuide_BR,PL,T2,23995,517,0.0215,0.0,,83,23,0.1605,0.2771,1370.62,,,15,0,0,0.981
2024-02-27,Affiliate_SEO,SEO_CasinoReview_DE,NG,T3,3574,40,0.0112,0.0,,5,1,0.125,0.2,14.84,,,1,0,0,0.976
2024-02-27,Affiliate_SEO,SEO_BonusGuide_BR,CA,T1,60330,1723,0.0286,0.0,,329,105,0.1909,0.3191,12276.25,,,28,1,0,0.977
2024-02-27,Affiliate_SEO,SEO_CasinoReview_DE,AU,T1,17349,303,0.0175,0.0,,63,21,0.2079,0.3333,2509.55,,,7,0,0,0.984
2024-02-27,Affiliate_SEO,SEO_CasinoReview_DE,IN,T3,1349,43,0.0319,0.0,,8,1,0.186,0.125,13.18,,,0,0,0,0.98
2024-02-28,Facebook,FB_Slots_Video,DE,T1,28015,1272,0.0454,316.1,0.249,118,37,0.0928,0.3136,3047.88,8.54,864.2,48,0,0,0.975
2024-02-28,Facebook,FB_Sports_Banner,BR,T2,54959,2207,0.0402,181.62,0.082,204,50,0.0924,0.2451,741.06,3.63,308.0,57,1,0,0.969
2024-02-28,Facebook,FB_Sports_Banner,PL,T2,24569,739,0.0301,97.25,0.132,48,9,0.065,0.1875,378.18,10.81,288.9,17,0,0,0.971
2024-02-28,Facebook,FB_Casino_CreativeA,NG,T3,29345,1141,0.0389,24.9,0.022,121,19,0.106,0.157,243.99,1.31,879.9,18,0,0,0.971
2024-02-28,Facebook,FB_Sports_Banner,CA,T1,26643,933,0.035,223.46,0.24,70,13,0.075,0.1857,881.17,17.19,294.3,41,0,0,0.972
2024-02-28,Facebook,FB_Sports_Banner,AU,T1,34538,938,0.0272,279.99,0.298,95,35,0.1013,0.3684,2970.41,8.0,960.9,39,0,0,0.974
2024-02-28,Facebook,FB_Casino_CreativeA,IN,T3,39972,1478,0.037,54.51,0.037,139,30,0.094,0.2158,588.31,1.82,979.3,33,0,0,0.975
2024-02-28,Google_Search,GG_Sports_Betting,DE,T1,26444,950,0.0359,715.38,0.753,181,50,0.1905,0.2762,5647.13,14.31,689.4,7,0,0,0.991
2024-02-28,Google_Search,GG_Casino_KW_Brand,BR,T2,26789,1220,0.0455,212.1,0.174,141,42,0.1156,0.2979,1862.13,5.05,777.9,8,0,0,0.99
2024-02-28,Google_Search,GG_Sports_Betting,PL,T2,36865,1568,0.0425,415.32,0.265,215,66,0.1371,0.307,2976.49,6.29,616.7,10,0,0,0.992
2024-02-28,Google_Search,GG_Casino_KW_Brand,NG,T3,31316,1145,0.0366,70.89,0.062,169,52,0.1476,0.3077,1000.73,1.36,1311.7,9,0,0,0.989
2024-02-28,Google_Search,GG_Sports_Betting,CA,T1,79944,2436,0.0305,1739.67,0.714,246,78,0.101,0.3171,8053.39,22.3,362.9,12,0,0,0.991
2024-02-28,Google_Search,GG_Slots_KW_Generic,AU,T1,13665,508,0.0372,351.68,0.692,46,16,0.0906,0.3478,1284.6,21.98,265.3,5,0,0,0.988
2024-02-28,Google_Search,GG_Sports_Betting,IN,T3,15965,577,0.0361,55.91,0.097,52,15,0.0901,0.2885,283.72,3.73,407.5,5,0,0,0.99
2024-02-28,Push_Network,Push_iGaming_Broad,DE,T1,21438,422,0.0197,35.78,0.085,14,1,0.0332,0.0714,39.38,35.78,10.1,59,0,0,0.853
2024-02-28,Push_Network,Push_Casino_Retarget,BR,T2,23983,703,0.0293,13.25,0.019,29,3,0.0413,0.1034,36.93,4.42,178.7,54,1,0,0.86
2024-02-28,Push_Network,Push_Casino_Retarget,PL,T2,36434,1161,0.0319,29.9,0.026,45,5,0.0388,0.1111,57.79,5.98,93.3,233,2,0,0.859
2024-02-28,Push_Network,Push_Casino_Retarget,NG,T3,34000,894,0.0263,5.72,0.006,41,5,0.0459,0.122,10.0,1.14,74.8,73,1,0,0.837
2024-02-28,Push_Network,Push_iGaming_Broad,CA,T1,17465,421,0.0241,31.46,0.075,13,1,0.0309,0.0769,37.29,31.46,18.5,37,0,0,0.843
2024-02-28,Push_Network,Push_iGaming_Broad,AU,T1,52763,1095,0.0208,86.55,0.079,35,3,0.032,0.0857,83.92,28.85,-3.0,154,1,0,0.86
2024-02-28,Push_Network,Push_iGaming_Broad,IN,T3,14220,352,0.0248,2.93,0.008,12,1,0.0341,0.0833,10.45,2.93,256.7,26,0,0,0.868
2024-02-28,Native_Ads,Native_Review_Article,DE,T1,10186,220,0.0216,58.62,0.266,14,3,0.0636,0.2143,213.4,19.54,264.0,13,0,0,0.938
2024-02-28,Native_Ads,Native_Review_Article,BR,T2,28839,613,0.0213,45.65,0.074,42,7,0.0685,0.1667,123.81,6.52,171.2,29,0,0,0.938
2024-02-28,Native_Ads,Native_Review_Article,PL,T2,17132,395,0.0231,37.79,0.096,27,8,0.0684,0.2963,289.24,4.72,665.4,19,0,0,0.951
2024-02-28,Native_Ads,Native_Bonus_Landing,NG,T3,21788,334,0.0153,11.04,0.033,22,5,0.0659,0.2273,85.08,2.21,670.7,14,0,0,0.933
2024-02-28,Native_Ads,Native_Bonus_Landing,CA,T1,19842,254,0.0128,100.94,0.397,15,4,0.0591,0.2667,255.02,25.23,152.6,20,0,0,0.937
2024-02-28,Native_Ads,Native_Bonus_Landing,AU,T1,31913,700,0.0219,157.15,0.225,55,10,0.0786,0.1818,469.41,15.71,198.7,54,1,0,0.936
2024-02-28,Native_Ads,Native_Bonus_Landing,IN,T3,10635,237,0.0223,9.16,0.039,16,3,0.0675,0.1875,65.99,3.05,620.4,16,0,0,0.933
2024-02-28,TikTok,TT_Casino_UGC,DE,T1,32696,229,0.007,223.75,0.977,10,1,0.0437,0.1,42.59,223.75,-81.0,26,0,0,0.911
2024-02-28,TikTok,TT_Sports_Short,BR,T2,29215,284,0.0097,52.45,0.185,15,2,0.0528,0.1333,40.72,26.23,-22.4,19,0,0,0.907
2024-02-28,TikTok,TT_Casino_UGC,PL,T2,33437,621,0.0186,88.51,0.143,37,6,0.0596,0.1622,176.24,14.75,99.1,59,1,0,0.916
2024-02-28,TikTok,TT_Casino_UGC,NG,T3,13447,407,0.0303,8.25,0.02,28,4,0.0688,0.1429,53.35,2.06,546.7,21,0,0,0.907
2024-02-28,TikTok,TT_Casino_UGC,CA,T1,24775,698,0.0282,158.98,0.228,34,5,0.0487,0.1471,245.35,31.8,54.3,70,0,0,0.923
2024-02-28,TikTok,TT_Casino_UGC,AU,T1,23876,569,0.0238,130.92,0.23,45,7,0.0791,0.1556,290.77,18.7,122.1,48,1,0,0.935
2024-02-28,TikTok,TT_Sports_Short,IN,T3,22508,290,0.0129,17.6,0.061,16,2,0.0552,0.125,5.72,8.8,-67.5,21,0,0,0.921
2024-02-28,Affiliate_SEO,SEO_BonusGuide_BR,DE,T1,20306,326,0.0161,0.0,,64,28,0.1963,0.4375,3745.1,,,8,0,0,0.977
2024-02-28,Affiliate_SEO,SEO_CasinoReview_DE,BR,T2,3749,67,0.0179,0.0,,16,7,0.2388,0.4375,317.54,,,1,0,0,0.983
2024-02-28,Affiliate_SEO,SEO_BonusGuide_BR,PL,T2,15756,258,0.0164,0.0,,51,19,0.1977,0.3725,1167.21,,,7,0,0,0.979
2024-02-28,Affiliate_SEO,SEO_CasinoReview_DE,NG,T3,2855,37,0.013,0.0,,8,2,0.2162,0.25,45.85,,,0,0,0,0.983
2024-02-28,Affiliate_SEO,SEO_CasinoReview_DE,CA,T1,41693,965,0.0231,0.0,,205,88,0.2124,0.4293,9271.07,,,25,1,0,0.977
2024-02-28,Affiliate_SEO,SEO_CasinoReview_DE,AU,T1,39592,991,0.025,0.0,,258,115,0.2603,0.4457,12329.47,,,27,1,0,0.982
2024-02-28,Affiliate_SEO,SEO_BonusGuide_BR,IN,T3,1611,35,0.0217,0.0,,6,1,0.1714,0.1667,21.91,,,0,0,0,0.981
2024-02-29,Facebook,FB_Casino_CreativeA,DE,T1,23092,831,0.036,203.25,0.245,54,12,0.065,0.2222,1008.9,16.94,396.4,25,0,0,0.974
2024-02-29,Facebook,FB_Casino_CreativeA,BR,T2,15582,774,0.0497,50.4,0.065,74,15,0.0956,0.2027,460.87,3.36,814.4,34,0,0,0.966
2024-02-29,Facebook,FB_Slots_Video,PL,T2,8315,312,0.0375,36.97,0.118,34,9,0.109,0.2647,203.69,4.11,451.0,12,0,0,0.969
2024-02-29,Facebook,FB_Slots_Video,NG,T3,52423,2424,0.0462,48.52,0.02,219,51,0.0903,0.2329,750.72,0.95,1447.2,50,1,0,0.974
2024-02-29,Facebook,FB_Sports_Banner,CA,T1,13227,556,0.042,108.58,0.195,46,12,0.0827,0.2609,880.93,9.05,711.3,19,0,0,0.974
2024-02-29,Facebook,FB_Sports_Banner,AU,T1,16400,427,0.026,119.99,0.281,29,8,0.0679,0.2759,555.22,15.0,362.7,16,0,0,0.974
2024-02-29,Facebook,FB_Slots_Video,IN,T3,28897,1007,0.0348,33.92,0.034,100,27,0.0993,0.27,343.91,1.26,913.9,31,0,0,0.973
2024-02-29,Google_Search,GG_Casino_KW_Brand,DE,T1,23278,738,0.0317,687.65,0.932,150,48,0.2033,0.32,5243.45,14.33,662.5,9,0,0,0.991
2024-02-29,Google_Search,GG_Casino_KW_Brand,BR,T2,20329,780,0.0384,168.43,0.216,83,23,0.1064,0.2771,682.23,7.32,305.1,9,0,0,0.988
2024-02-29,Google_Search,GG_Sports_Betting,PL,T2,18720,722,0.0386,210.54,0.292,125,39,0.1731,0.312,2038.93,5.4,868.4,4,0,0,0.989
2024-02-29,Google_Search,GG_Casino_KW_Brand,NG,T3,15115,378,0.025,37.89,0.1,62,17,0.164,0.2742,175.18,2.23,362.3,4,0,0,0.989
2024-02-29,Google_Search,GG_Sports_Betting,CA,T1,20605,539,0.0262,520.54,0.966,76,27,0.141,0.3553,2598.66,19.28,399.2,4,0,0,0.991
2024-02-29,Google_Search,GG_Sports_Betting,AU,T1,28075,1203,0.0428,551.66,0.459,138,41,0.1147,0.2971,4189.22,13.46,659.4,12,0,0,0.99
2024-02-29,Google_Search,GG_Slots_KW_Generic,IN,T3,35094,1129,0.0322,134.06,0.119,146,47,0.1293,0.3219,1252.26,2.85,834.1,9,0,0,0.991
2024-02-29,Push_Network,Push_Casino_Retarget,DE,T1,21065,467,0.0222,35.37,0.076,19,1,0.0407,0.0526,44.79,35.37,26.6,81,1,0,0.84
2024-02-29,Push_Network,Push_iGaming_Broad,BR,T2,16076,226,0.0141,8.91,0.039,10,1,0.0442,0.1,25.96,8.91,191.4,20,0,0,0.884
2024-02-29,Push_Network,Push_Casino_Retarget,PL,T2,11435,257,0.0225,8.25,0.032,9,1,0.035,0.1111,2.1,8.25,-74.5,33,0,0,0.88
2024-02-29,Push_Network,Push_iGaming_Broad,NG,T3,10927,140,0.0128,1.95,0.014,3,0,0.0214,0.0,0.0,,-100.0,17,0,0,0.835
2024-02-29,Push_Network,Push_Casino_Retarget,CA,T1,35180,807,0.0229,62.53,0.077,28,4,0.0347,0.1429,121.98,15.63,95.1,70,1,0,0.876
2024-02-29,Push_Network,Push_Casino_Retarget,AU,T1,37990,1110,0.0292,62.41,0.056,23,2,0.0207,0.087,81.19,31.2,30.1,166,1,0,0.863
2024-02-29,Push_Network,Push_Casino_Retarget,IN,T3,12690,235,0.0185,3.31,0.014,10,0,0.0426,0.0,0.0,,-100.0,29,0,0,0.855
2024-02-29,Native_Ads,Native_Bonus_Landing,DE,T1,35780,1002,0.028,175.3,0.175,74,19,0.0739,0.2568,1058.0,9.23,503.5,86,1,0,0.935
2024-02-29,Native_Ads,Native_Review_Article,BR,T2,20846,307,0.0147,36.76,0.12,26,5,0.0847,0.1923,104.14,7.35,183.3,16,0,0,0.931
2024-02-29,Native_Ads,Native_Bonus_Landing,PL,T2,15979,121,0.0076,32.18,0.266,9,2,0.0744,0.2222,62.71,16.09,94.9,8,0,0,0.948
2024-02-29,Native_Ads,Native_Review_Article,NG,T3,29135,730,0.0251,13.61,0.019,60,12,0.0822,0.2,37.53,1.13,175.8,30,1,0,0.952
2024-02-29,Native_Ads,Native_Bonus_Landing,CA,T1,18455,413,0.0224,84.4,0.204,27,7,0.0654,0.2593,463.61,12.06,449.3,16,0,0,0.948
2024-02-29,Native_Ads,Native_Bonus_Landing,AU,T1,11044,229,0.0207,48.0,0.21,18,3,0.0786,0.1667,219.28,16.0,356.8,11,0,0,0.951
2024-02-29,Native_Ads,Native_Bonus_Landing,IN,T3,12873,188,0.0146,9.64,0.051,11,2,0.0585,0.1818,8.35,4.82,-13.4,16,0,0,0.937
2024-02-29,TikTok,TT_Casino_UGC,DE,T1,20793,350,0.0168,136.67,0.39,25,3,0.0714,0.12,177.37,45.56,29.8,26,0,0,0.927
2024-02-29,TikTok,TT_Casino_UGC,BR,T2,27381,288,0.0105,62.55,0.217,15,1,0.0521,0.0667,16.42,62.55,-73.7,25,0,0,0.93
2024-02-29,TikTok,TT_Sports_Short,PL,T2,26563,463,0.0174,70.57,0.152,33,5,0.0713,0.1515,68.55,14.11,-2.9,54,1,0,0.928
2024-02-29,TikTok,TT_Sports_Short,NG,T3,35302,677,0.0192,18.65,0.028,42,8,0.062,0.1905,27.18,2.33,45.7,80,0,0,0.92
2024-02-29,TikTok,TT_Casino_UGC,CA,T1,23347,265,0.0114,133.51,0.504,16,1,0.0604,0.0625,25.32,133.51,-81.0,24,0,0,0.915
2024-02-29,TikTok,TT_Casino_UGC,AU,T1,11716,213,0.0182,57.91,0.272,12,1,0.0563,0.0833,54.37,57.91,-6.1,18,0,0,0.926
2024-02-29,TikTok,TT_Casino_UGC,IN,T3,31492,337,0.0107,29.98,0.089,13,2,0.0386,0.1538,4.0,14.99,-86.7,33,0,0,0.908
2024-02-29,Affiliate_SEO,SEO_BonusGuide_BR,DE,T1,34780,349,0.01,0.0,,96,39,0.2751,0.4062,4600.73,,,6,0,0,0.983
2024-02-29,Affiliate_SEO,SEO_CasinoReview_DE,BR,T2,6817,85,0.0125,0.0,,26,11,0.3059,0.4231,557.54,,,2,0,0,0.979
2024-02-29,Affiliate_SEO,SEO_CasinoReview_DE,PL,T2,19098,311,0.0163,0.0,,83,27,0.2669,0.3253,1486.98,,,7,0,0,0.983
2024-02-29,Affiliate_SEO,SEO_BonusGuide_BR,NG,T3,4533,61,0.0135,0.0,,7,2,0.1148,0.2857,31.22,,,1,0,0,0.978
2024-02-29,Affiliate_SEO,SEO_BonusGuide_BR,CA,T1,22799,467,0.0205,0.0,,111,45,0.2377,0.4054,4891.67,,,6,0,0,0.979
2024-02-29,Affiliate_SEO,SEO_BonusGuide_BR,AU,T1,27059,624,0.0231,0.0,,84,24,0.1346,0.2857,2828.64,,,14,0,0,0.983
2024-02-29,Affiliate_SEO,SEO_CasinoReview_DE,IN,T3,2930,62,0.0212,0.0,,13,4,0.2097,0.3077,78.41,,,1,0,0,0.983
2024-03-01,Facebook,FB_Slots_Video,DE,T1,20690,1091,0.0527,174.49,0.16,98,22,0.0898,0.2245,1811.49,7.93,938.2,34,1,0,0.968
2024-03-01,Facebook,FB_Slots_Video,BR,T2,15725,620,0.0394,46.85,0.076,54,17,0.0871,0.3148,466.72,2.76,896.2,19,0,0,0.965
2024-03-01,Facebook,FB_Casino_CreativeA,PL,T2,55540,2158,0.0389,234.78,0.109,265,78,0.1228,0.2943,3114.55,3.01,1226.6,85,2,0,0.974
2024-03-01,Facebook,FB_Slots_Video,NG,T3,34979,1335,0.0382,29.3,0.022,86,12,0.0644,0.1395,29.83,2.44,1.8,21,0,0,0.967
2024-03-01,Facebook,FB_Slots_Video,CA,T1,23480,1001,0.0426,212.69,0.212,58,14,0.0579,0.2414,1047.7,15.19,392.6,40,0,0,0.965
2024-03-01,Facebook,FB_Sports_Banner,AU,T1,30757,690,0.0224,288.63,0.418,62,17,0.0899,0.2742,1139.84,16.98,294.9,10,0,0,0.968
2024-03-01,Facebook,FB_Casino_CreativeA,IN,T3,23287,747,0.0321,29.02,0.039,55,10,0.0736,0.1818,189.02,2.9,551.3,19,0,0,0.965
2024-03-01,Google_Search,GG_Slots_KW_Generic,DE,T1,35930,1575,0.0438,1080.53,0.686,143,59,0.0908,0.4126,6522.95,18.31,503.7,11,0,0,0.989
2024-03-01,Google_Search,GG_Casino_KW_Brand,BR,T2,21694,295,0.0136,157.56,0.534,35,11,0.1186,0.3143,296.73,14.32,88.3,2,0,0,0.988
2024-03-01,Google_Search,GG_Slots_KW_Generic,PL,T2,21773,397,0.0182,265.03,0.668,72,30,0.1814,0.4167,1550.45,8.83,485.0,3,0,0,0.989
2024-03-01,Google_Search,GG_Sports_Betting,NG,T3,16053,544,0.0339,39.54,0.073,76,23,0.1397,0.3026,477.6,1.72,1107.9,4,0,0,0.992
2024-03-01,Google_Search,GG_Slots_KW_Generic,CA,T1,30145,1233,0.0409,671.25,0.544,181,59,0.1468,0.326,5372.26,11.38,700.3,13,0,0,0.991
2024-03-01,Google_Search,GG_Slots_KW_Generic,AU,T1,23065,1128,0.0489,564.17,0.5,143,43,0.1268,0.3007,4172.44,13.12,639.6,7,0,0,0.991
2024-03-01,Google_Search,GG_Slots_KW_Generic,IN,T3,17399,625,0.0359,66.34,0.106,103,37,0.1648,0.3592,986.38,1.79,1386.9,6,0,0,0.989
2024-03-01,Push_Network,Push_iGaming_Broad,DE,T1,13889,314,0.0226,22.7,0.072,11,1,0.035,0.0909,39.15,22.7,72.5,63,0,0,0.85
2024-03-01,Push_Network,Push_Casino_Retarget,BR,T2,23792,312,0.0131,12.45,0.04,10,1,0.0321,0.1,10.39,12.45,-16.5,39,0,0,0.86
2024-03-01,Push_Network,Push_iGaming_Broad,PL,T2,39570,980,0.0248,32.54,0.033,44,4,0.0449,0.0909,8.0,8.13,-75.4,175,2,0,0.844
2024-03-01,Push_Network,Push_iGaming_Broad,NG,T3,17862,382,0.0214,3.25,0.009,18,2,0.0471,0.1111,5.42,1.62,66.8,69,0,0,0.862
2024-03-01,Push_Network,Push_iGaming_Broad,CA,T1,33532,561,0.0167,59.96,0.107,18,2,0.0321,0.1111,63.59,29.98,6.1,83,0,0,0.859
2024-03-01,Push_Network,Push_iGaming_Broad,AU,T1,33462,576,0.0172,46.38,0.081,20,1,0.0347,0.05,31.91,46.38,-31.2,48,0,0,0.832
2024-03-01,Push_Network,Push_Casino_Retarget,IN,T3,23656,383,0.0162,5.18,0.014,8,1,0.0209,0.125,19.72,5.18,280.7,54,0,0,0.884
2024-03-01,Native_Ads,Native_Bonus_Landing,DE,T1,43626,1221,0.028,243.78,0.2,89,16,0.0729,0.1798,1063.98,15.24,336.5,106,2,0,0.941
2024-03-01,Native_Ads,Native_Review_Article,BR,T2,18992,301,0.0158,33.46,0.111,18,3,0.0598,0.1667,65.69,11.15,96.3,10,0,0,0.945
2024-03-01,Native_Ads,Native_Review_Article,PL,T2,29235,344,0.0118,64.64,0.188,23,4,0.0669,0.1739,78.15,16.16,20.9,16,0,0,0.935
2024-03-01,Native_Ads,Native_Review_Article,NG,T3,41760,670,0.016,21.16,0.032,42,5,0.0627,0.119,74.41,4.23,251.7,35,0,0,0.936
2024-03-01,Native_Ads,Native_Bonus_Landing,CA,T1,45600,1360,0.0298,210.04,0.154,122,24,0.0897,0.1967,1409.62,8.75,571.1,97,3,0,0.94
2024-03-01,Native_Ads,Native_Bonus_Landing,AU,T1,15396,345,0.0224,63.72,0.185,23,3,0.0667,0.1304,191.8,21.24,201.0,20,0,0,0.949
2024-03-01,Native_Ads,Native_Review_Article,IN,T3,19711,487,0.0247,15.02,0.031,45,8,0.0924,0.1778,124.97,1.88,732.0,22,0,0,0.952
2024-03-01,TikTok,TT_Sports_Short,DE,T1,32923,1180,0.0358,209.23,0.177,71,11,0.0602,0.1549,449.83,19.02,115.0,136,2,0,0.93
2024-03-01,TikTok,TT_Sports_Short,BR,T2,40710,738,0.0181,94.01,0.127,57,8,0.0772,0.1404,140.29,11.75,49.2,79,1,0,0.923
2024-03-01,TikTok,TT_Casino_UGC,PL,T2,20794,437,0.021,51.01,0.117,32,5,0.0732,0.1562,135.75,10.2,166.1,39,0,0,0.922
2024-03-01,TikTok,TT_Sports_Short,NG,T3,25810,377,0.0146,15.08,0.04,22,2,0.0584,0.0909,4.0,7.54,-73.5,38,0,0,0.905
2024-03-01,TikTok,TT_Sports_Short,CA,T1,24024,494,0.0206,137.66,0.279,29,4,0.0587,0.1379,179.64,34.41,30.5,49,0,0,0.924
2024-03-01,TikTok,TT_Sports_Short,AU,T1,15079,296,0.0196,91.28,0.308,23,4,0.0777,0.1739,182.9,22.82,100.4,12,0,0,0.91
2024-03-01,TikTok,TT_Sports_Short,IN,T3,11107,133,0.012,10.02,0.075,4,0,0.0301,0.0,0.0,,-100.0,8,0,0,0.931
2024-03-01,Affiliate_SEO,SEO_BonusGuide_BR,DE,T1,12941,144,0.0111,0.0,,27,7,0.1875,0.2593,895.28,,,3,0,0,0.984
2024-03-01,Affiliate_SEO,SEO_BonusGuide_BR,BR,T2,4708,39,0.0083,0.0,,5,1,0.1282,0.2,40.48,,,0,0,0,0.983
2024-03-01,Affiliate_SEO,SEO_BonusGuide_BR,PL,T2,8257,56,0.0068,0.0,,11,4,0.1964,0.3636,248.35,,,0,0,0,0.977
2024-03-01,Affiliate_SEO,SEO_CasinoReview_DE,NG,T3,6228,85,0.0136,0.0,,14,5,0.1647,0.3571,93.83,,,1,0,0,0.978
2024-03-01,Affiliate_SEO,SEO_CasinoReview_DE,CA,T1,76828,1539,0.02,0.0,,354,108,0.23,0.3051,12256.51,,,37,2,0,0.979
2024-03-01,Affiliate_SEO,SEO_CasinoReview_DE,AU,T1,16419,300,0.0183,0.0,,76,32,0.2533,0.4211,3689.19,,,3,0,0,0.981
2024-03-01,Affiliate_SEO,SEO_CasinoReview_DE,IN,T3,10594,208,0.0196,0.0,,20,6,0.0962,0.3,61.16,,,2,0,0,0.978
2024-03-02,Facebook,FB_Casino_CreativeA,DE,T1,37727,1361,0.0361,418.26,0.307,81,13,0.0595,0.1605,1219.47,32.17,191.6,36,0,0,0.965
2024-03-02,Facebook,FB_Sports_Banner,BR,T2,22717,962,0.0423,67.76,0.07,92,21,0.0956,0.2283,681.89,3.23,906.3,39,0,0,0.965
2024-03-02,Facebook,FB_Slots_Video,PL,T2,31082,1133,0.0365,123.96,0.109,111,39,0.098,0.3514,1682.89,3.18,1257.6,30,0,0,0.972
2024-03-02,Facebook,FB_Sports_Banner,NG,T3,26020,762,0.0293,22.59,0.03,53,12,0.0696,0.2264,94.71,1.88,319.3,22,0,0,0.976
2024-03-02,Facebook,FB_Slots_Video,CA,T1,28602,783,0.0274,246.07,0.314,75,22,0.0958,0.2933,1491.57,11.19,506.2,25,0,0,0.97
2024-03-02,Facebook,FB_Sports_Banner,AU,T1,20124,645,0.0321,167.67,0.26,49,12,0.076,0.2449,758.73,13.97,352.5,17,0,0,0.976
2024-03-02,Facebook,FB_Slots_Video,IN,T3,56118,2451,0.0437,66.14,0.027,181,35,0.0738,0.1934,551.77,1.89,734.2,108,1,0,0.973
2024-03-02,Google_Search,GG_Slots_KW_Generic,DE,T1,26126,1130,0.0433,603.66,0.534,193,57,0.1708,0.2953,6428.78,10.59,965.0,9,0,0,0.992
2024-03-02,Google_Search,GG_Slots_KW_Generic,BR,T2,43943,1886,0.0429,363.99,0.193,253,53,0.1341,0.2095,2866.43,6.87,687.5,27,0,0,0.988
2024-03-02,Google_Search,GG_Sports_Betting,PL,T2,29116,1677,0.0576,353.89,0.211,335,130,0.1998,0.3881,7109.32,2.72,1908.9,11,1,0,0.991
2024-03-02,Google_Search,GG_Slots_KW_Generic,NG,T3,60273,2650,0.044,124.95,0.047,468,147,0.1766,0.3141,1417.65,0.85,1034.6,37,1,0,0.991
2024-03-02,Google_Search,GG_Slots_KW_Generic,CA,T1,13593,481,0.0354,349.99,0.728,74,19,0.1538,0.2568,1854.55,18.42,429.9,3,0,0,0.99
2024-03-02,Google_Search,GG_Slots_KW_Generic,AU,T1,29922,991,0.0331,777.74,0.785,123,34,0.1241,0.2764,3014.81,22.87,287.6,5,0,0,0.989
2024-03-02,Google_Search,GG_Casino_KW_Brand,IN,T3,28703,1472,0.0513,104.99,0.071,235,73,0.1596,0.3106,1951.17,1.44,1758.4,13,0,0,0.989
2024-03-02,Push_Network,Push_Casino_Retarget,DE,T1,31101,469,0.0151,54.71,0.117,12,1,0.0256,0.0833,34.01,54.71,-37.8,55,0,0,0.854
2024-03-02,Push_Network,Push_Casino_Retarget,BR,T2,26049,512,0.0197,12.69,0.025,23,3,0.0449,0.1304,36.64,4.23,188.7,83,1,0,0.857
2024-03-02,Push_Network,Push_Casino_Retarget,PL,T2,29410,509,0.0173,21.58,0.042,21,1,0.0413,0.0476,17.4,21.58,-19.4,54,0,0,0.832
2024-03-02,Push_Network,Push_iGaming_Broad,NG,T3,11225,264,0.0235,1.54,0.006,12,1,0.0455,0.0833,2.0,1.54,29.9,19,0,0,0.878
2024-03-02,Push_Network,Push_Casino_Retarget,CA,T1,33863,445,0.0131,62.2,0.14,17,1,0.0382,0.0588,26.06,62.2,-58.1,81,0,0,0.861
2024-03-02,Push_Network,Push_iGaming_Broad,AU,T1,9386,251,0.0267,13.8,0.055,11,1,0.0438,0.0909,35.34,13.8,156.1,30,0,0,0.876
2024-03-02,Push_Network,Push_Casino_Retarget,IN,T3,52719,1373,0.026,13.25,0.01,36,3,0.0262,0.0833,6.0,4.42,-54.7,243,1,0,0.872
2024-03-02,Native_Ads,Native_Review_Article,DE,T1,33778,934,0.0277,205.53,0.22,60,10,0.0642,0.1667,648.9,20.55,215.7,66,0,0,0.948
2024-03-02,Native_Ads,Native_Review_Article,BR,T2,28534,511,0.0179,56.51,0.111,35,8,0.0685,0.2286,153.88,7.06,172.3,37,0,0,0.932
2024-03-02,Native_Ads,Native_Review_Article,PL,T2,68128,1806,0.0265,145.59,0.081,129,28,0.0714,0.2171,619.69,5.2,325.6,147,1,0,0.95
2024-03-02,Native_Ads,Native_Bonus_Landing,NG,T3,54588,823,0.0151,27.77,0.034,60,15,0.0729,0.25,218.47,1.85,686.7,42,1,0,0.948
2024-03-02,Native_Ads,Native_Bonus_Landing,CA,T1,28956,757,0.0261,137.5,0.182,60,11,0.0793,0.1833,878.18,12.5,538.7,56,0,0,0.937
2024-03-02,Native_Ads,Native_Bonus_Landing,AU,T1,18703,313,0.0167,93.03,0.297,22,4,0.0703,0.1818,240.99,23.26,159.0,13,0,0,0.928
2024-03-02,Native_Ads,Native_Bonus_Landing,IN,T3,31925,548,0.0172,20.41,0.037,38,9,0.0693,0.2368,252.9,2.27,1139.1,28,0,0,0.948
2024-03-02,TikTok,TT_Sports_Short,DE,T1,20737,146,0.007,126.82,0.869,9,1,0.0616,0.1111,52.43,126.82,-58.7,13,0,0,0.928
2024-03-02,TikTok,TT_Sports_Short,BR,T2,54819,1063,0.0194,118.97,0.112,69,12,0.0649,0.1739,320.93,9.91,169.8,92,0,0,0.929
2024-03-02,TikTok,TT_Sports_Short,PL,T2,20650,544,0.0263,58.88,0.108,28,3,0.0515,0.1071,50.11,19.63,-14.9,32,1,0,0.922
2024-03-02,TikTok,TT_Casino_UGC,NG,T3,35957,767,0.0213,19.04,0.025,49,8,0.0639,0.1633,20.88,2.38,9.7,45,0,0,0.905
2024-03-02,TikTok,TT_Sports_Short,CA,T1,12981,250,0.0193,82.71,0.331,11,1,0.044,0.0909,49.26,82.71,-40.4,10,0,0,0.914
2024-03-02,TikTok,TT_Sports_Short,AU,T1,19342,443,0.0229,109.84,0.248,27,3,0.0609,0.1111,128.88,36.61,17.3,27,0,0,0.932
2024-03-02,TikTok,TT_Casino_UGC,IN,T3,15624,373,0.0239,12.1,0.032,23,3,0.0617,0.1304,29.89,4.03,147.0,16,0,0,0.933
2024-03-02,Affiliate_SEO,SEO_CasinoReview_DE,DE,T1,14203,243,0.0171,0.0,,64,25,0.2634,0.3906,3294.08,,,4,0,0,0.981
2024-03-02,Affiliate_SEO,SEO_BonusGuide_BR,BR,T2,13878,120,0.0086,0.0,,16,4,0.1333,0.25,202.39,,,2,0,0,0.98
2024-03-02,Affiliate_SEO,SEO_CasinoReview_DE,PL,T2,7291,153,0.021,0.0,,35,13,0.2288,0.3714,984.13,,,2,0,0,0.978
2024-03-02,Affiliate_SEO,SEO_BonusGuide_BR,NG,T3,5577,55,0.0099,0.0,,11,4,0.2,0.3636,114.27,,,0,0,0,0.981
2024-03-02,Affiliate_SEO,SEO_CasinoReview_DE,CA,T1,25006,454,0.0182,0.0,,84,25,0.185,0.2976,2965.03,,,8,0,0,0.982
2024-03-02,Affiliate_SEO,SEO_BonusGuide_BR,AU,T1,19669,295,0.015,0.0,,69,23,0.2339,0.3333,2822.69,,,6,0,0,0.982
2024-03-02,Affiliate_SEO,SEO_CasinoReview_DE,IN,T3,4840,118,0.0244,0.0,,29,10,0.2458,0.3448,164.01,,,3,0,0,0.979
2024-03-03,Facebook,FB_Slots_Video,DE,T1,38713,1554,0.0401,364.31,0.234,145,34,0.0933,0.2345,2938.03,10.71,706.5,64,1,0,0.973
2024-03-03,Facebook,FB_Casino_CreativeA,BR,T2,22605,573,0.0253,63.19,0.11,62,17,0.1082,0.2742,336.99,3.72,433.3,10,0,0,0.966
2024-03-03,Facebook,FB_Sports_Banner,PL,T2,31269,1234,0.0395,121.81,0.099,105,26,0.0851,0.2476,1206.32,4.69,890.3,31,1,0,0.969
2024-03-03,Facebook,FB_Sports_Banner,NG,T3,26430,729,0.0276,22.54,0.031,53,14,0.0727,0.2642,142.11,1.61,530.5,23,0,0,0.966
2024-03-03,Facebook,FB_Slots_Video,CA,T1,15348,579,0.0377,122.87,0.212,57,14,0.0984,0.2456,1011.14,8.78,722.9,22,0,0,0.969
2024-03-03,Facebook,FB_Casino_CreativeA,AU,T1,37228,1180,0.0317,282.29,0.239,128,31,0.1085,0.2422,2619.13,9.11,827.8,46,0,0,0.974
2024-03-03,Facebook,FB_Sports_Banner,IN,T3,18895,539,0.0285,27.08,0.05,59,12,0.1095,0.2034,149.11,2.26,450.6,15,0,0,0.969
2024-03-03,Google_Search,GG_Slots_KW_Generic,DE,T1,19407,615,0.0317,503.65,0.819,110,31,0.1789,0.2818,2927.51,16.25,481.3,6,0,0,0.989
2024-03-03,Google_Search,GG_Sports_Betting,BR,T2,34979,1525,0.0436,263.26,0.173,197,51,0.1292,0.2589,2021.95,5.16,668.0,12,0,0,0.99
2024-03-03,Google_Search,GG_Sports_Betting,PL,T2,19170,451,0.0235,181.8,0.403,60,20,0.133,0.3333,1498.0,9.09,724.0,6,0,0,0.99
2024-03-03,Google_Search,GG_Casino_KW_Brand,NG,T3,36413,1170,0.0321,76.58,0.065,159,49,0.1359,0.3082,1015.76,1.56,1226.4,17,0,0,0.988
2024-03-03,Google_Search,GG_Casino_KW_Brand,CA,T1,36535,1276,0.0349,767.75,0.602,160,43,0.1254,0.2687,3784.57,17.85,392.9,7,0,0,0.991
2024-03-03,Google_Search,GG_Casino_KW_Brand,AU,T1,11034,442,0.0401,268.28,0.607,57,17,0.129,0.2982,1496.53,15.78,457.8,4,0,0,0.988
2024-03-03,Google_Search,GG_Sports_Betting,IN,T3,17088,701,0.041,57.28,0.082,110,34,0.1569,0.3091,926.95,1.68,1518.3,6,0,0,0.988
2024-03-03,Push_Network,Push_iGaming_Broad,DE,T1,13679,323,0.0236,26.5,0.082,13,1,0.0402,0.0769,43.5,26.5,64.2,50,0,0,0.868
2024-03-03,Push_Network,Push_iGaming_Broad,BR,T2,13267,175,0.0132,7.42,0.042,6,0,0.0343,0.0,0.0,,-100.0,24,0,0,0.846
2024-03-03,Push_Network,Push_Casino_Retarget,PL,T2,46671,1122,0.024,35.62,0.032,31,4,0.0276,0.129,75.23,8.9,111.2,100,1,0,0.839
2024-03-03,Push_Network,Push_Casino_Retarget,NG,T3,24842,636,0.0256,3.39,0.005,25,3,0.0393,0.12,20.42,1.13,502.4,133,0,0,0.865
2024-03-03,Push_Network,Push_iGaming_Broad,CA,T1,17172,395,0.023,26.28,0.067,14,1,0.0354,0.0714,35.32,26.28,34.4,57,0,0,0.868
2024-03-03,Push_Network,Push_Casino_Retarget,AU,T1,35913,964,0.0268,49.14,0.051,39,4,0.0405,0.1026,199.08,12.29,305.1,188,2,0,0.878
2024-03-03,Push_Network,Push_Casino_Retarget,IN,T3,20868,406,0.0195,4.29,0.011,15,1,0.0369,0.0667,4.96,4.29,15.6,83,0,0,0.86
2024-03-03,Native_Ads,Native_Bonus_Landing,DE,T1,28754,583,0.0203,137.28,0.235,35,7,0.06,0.2,464.2,19.61,238.1,23,0,0,0.93
2024-03-03,Native_Ads,Native_Bonus_Landing,BR,T2,43802,876,0.02,83.56,0.095,64,16,0.0731,0.25,386.69,5.22,362.8,36,1,0,0.952
2024-03-03,Native_Ads,Native_Review_Article,PL,T2,19533,524,0.0268,46.51,0.089,34,7,0.0649,0.2059,231.3,6.64,397.3,27,0,0,0.935
2024-03-03,Native_Ads,Native_Review_Article,NG,T3,49084,748,0.0152,27.23,0.036,64,15,0.0856,0.2344,30.0,1.82,10.2,36,1,0,0.94
2024-03-03,Native_Ads,Native_Bonus_Landing,CA,T1,64979,1045,0.0161,313.78,0.3,62,15,0.0593,0.2419,963.69,20.92,207.1,56,1,0,0.932
2024-03-03,Native_Ads,Native_Bonus_Landing,AU,T1,16445,276,0.0168,87.53,0.317,23,5,0.0833,0.2174,323.25,17.51,269.3,16,0,0,0.929
2024-03-03,Native_Ads,Native_Bonus_Landing,IN,T3,40918,1074,0.0262,27.27,0.025,67,15,0.0624,0.2239,30.0,1.82,10.0,76,1,0,0.949
2024-03-03,TikTok,TT_Sports_Short,DE,T1,33319,720,0.0216,213.97,0.297,41,8,0.0569,0.1951,407.03,26.75,90.2,63,1,0,0.928
2024-03-03,TikTok,TT_Sports_Short,BR,T2,19435,188,0.0097,41.05,0.218,11,1,0.0585,0.0909,15.8,41.05,-61.5,8,0,0,0.929
2024-03-03,TikTok,TT_Sports_Short,PL,T2,34634,803,0.0232,89.36,0.111,60,7,0.0747,0.1167,85.92,12.77,-3.8,75,1,0,0.932
2024-03-03,TikTok,TT_Sports_Short,NG,T3,25821,501,0.0194,13.94,0.028,31,5,0.0619,0.1613,75.23,2.79,439.7,31,1,0,0.935
2024-03-03,TikTok,TT_Sports_Short,CA,T1,20391,456,0.0224,135.07,0.296,28,3,0.0614,0.1071,111.32,45.02,-17.6,49,0,0,0.917
2024-03-03,TikTok,TT_Sports_Short,AU,T1,26238,764,0.0291,131.18,0.172,59,12,0.0772,0.2034,488.36,10.93,272.3,78,1,0,0.935
2024-03-03,TikTok,TT_Sports_Short,IN,T3,15326,164,0.0107,15.58,0.095,12,1,0.0732,0.0833,2.0,15.58,-87.2,15,0,0,0.912
2024-03-03,Affiliate_SEO,SEO_BonusGuide_BR,DE,T1,16546,384,0.0232,0.0,,91,23,0.237,0.2527,2815.36,,,10,0,0,0.98
2024-03-03,Affiliate_SEO,SEO_BonusGuide_BR,BR,T2,6326,134,0.0212,0.0,,26,10,0.194,0.3846,314.99,,,2,0,0,0.984
2024-03-03,Affiliate_SEO,SEO_BonusGuide_BR,PL,T2,12195,245,0.0201,0.0,,46,14,0.1878,0.3043,886.75,,,3,0,0,0.979
2024-03-03,Affiliate_SEO,SEO_CasinoReview_DE,NG,T3,1650,26,0.0158,0.0,,6,2,0.2308,0.3333,8.82,,,0,0,0,0.978
2024-03-03,Affiliate_SEO,SEO_CasinoReview_DE,CA,T1,14986,379,0.0253,0.0,,79,32,0.2084,0.4051,3821.86,,,5,0,0,0.979
2024-03-03,Affiliate_SEO,SEO_BonusGuide_BR,AU,T1,40976,945,0.0231,0.0,,257,93,0.272,0.3619,9733.09,,,26,1,0,0.984
2024-03-03,Affiliate_SEO,SEO_CasinoReview_DE,IN,T3,1770,41,0.0232,0.0,,8,2,0.1951,0.25,56.16,,,0,0,0,0.98
2024-03-04,Facebook,FB_Slots_Video,DE,T1,15220,608,0.0399,168.93,0.278,42,11,0.0691,0.2619,950.51,15.36,462.7,20,0,0,0.975
2024-03-04,Facebook,FB_Casino_CreativeA,BR,T2,31003,1603,0.0517,96.66,0.06,161,48,0.1004,0.2981,1178.65,2.01,1119.4,54,1,0,0.966
2024-03-04,Facebook,FB_Slots_Video,PL,T2,21041,514,0.0244,88.24,0.172,52,8,0.1012,0.1538,258.99,11.03,193.5,10,0,0,0.97
2024-03-04,Facebook,FB_Sports_Banner,NG,T3,33507,1000,0.0298,32.09,0.032,59,17,0.059,0.2881,289.96,1.89,803.6,28,0,0,0.971
2024-03-04,Facebook,FB_Casino_CreativeA,CA,T1,64510,1992,0.0309,550.84,0.277,113,20,0.0567,0.177,1168.96,27.54,112.2,34,1,0,0.976
2024-03-04,Facebook,FB_Casino_CreativeA,AU,T1,21692,701,0.0323,177.95,0.254,69,19,0.0984,0.2754,1270.0,9.37,613.7,11,0,0,0.966
2024-03-04,Facebook,FB_Casino_CreativeA,IN,T3,24719,1066,0.0431,33.85,0.032,68,19,0.0638,0.2794,475.95,1.78,1306.1,40,0,0,0.969
2024-03-04,Google_Search,GG_Sports_Betting,DE,T1,5829,191,0.0328,175.33,0.918,30,8,0.1571,0.2667,778.22,21.92,343.9,1,0,0,0.988
2024-03-04,Google_Search,GG_Casino_KW_Brand,BR,T2,19294,722,0.0374,156.75,0.217,88,23,0.1219,0.2614,577.08,6.82,268.2,7,0,0,0.989
2024-03-04,Google_Search,GG_Casino_KW_Brand,PL,T2,19976,564,0.0282,231.76,0.411,103,41,0.1826,0.3981,2212.58,5.65,854.7,3,0,0,0.99
2024-03-04,Google_Search,GG_Slots_KW_Generic,NG,T3,26771,1176,0.0439,69.45,0.059,198,45,0.1684,0.2273,775.68,1.54,1016.9,15,0,0,0.989
2024-03-04,Google_Search,GG_Slots_KW_Generic,CA,T1,24096,959,0.0398,565.2,0.589,189,47,0.1971,0.2487,4516.83,12.03,699.2,6,0,0,0.989
2024-03-04,Google_Search,GG_Sports_Betting,AU,T1,13245,408,0.0308,286.98,0.703,81,25,0.1985,0.3086,2429.91,11.48,746.7,4,0,0,0.989
2024-03-04,Google_Search,GG_Slots_KW_Generic,IN,T3,22380,601,0.0269,80.9,0.135,69,25,0.1148,0.3623,331.02,3.24,309.2,6,0,0,0.991
2024-03-04,Push_Network,Push_Casino_Retarget,DE,T1,14163,390,0.0275,25.72,0.066,15,1,0.0385,0.0667,36.19,25.72,40.7,62,0,0,0.836
2024-03-04,Push_Network,Push_Casino_Retarget,BR,T2,27516,458,0.0166,14.88,0.032,8,0,0.0175,0.0,0.0,,-100.0,72,0,0,0.873
2024-03-04,Push_Network,Push_Casino_Retarget,PL,T2,48988,810,0.0165,39.49,0.049,35,4,0.0432,0.1143,54.7,9.87,38.5,119,1,0,0.884
2024-03-04,Push_Network,Push_iGaming_Broad,NG,T3,24684,602,0.0244,3.97,0.007,26,3,0.0432,0.1154,15.15,1.32,281.6,61,1,0,0.856
2024-03-04,Push_Network,Push_iGaming_Broad,CA,T1,29251,719,0.0246,41.27,0.057,26,3,0.0362,0.1154,99.49,13.76,141.1,61,0,0,0.85
2024-03-04,Push_Network,Push_Casino_Retarget,AU,T1,15693,329,0.021,20.49,0.062,7,1,0.0213,0.1429,29.94,20.49,46.1,40,0,0,0.88
2024-03-04,Push_Network,Push_Casino_Retarget,IN,T3,42436,742,0.0175,11.21,0.015,23,1,0.031,0.0435,6.2,11.21,-44.7,87,1,0,0.858
2024-03-04,Native_Ads,Native_Review_Article,DE,T1,17217,249,0.0145,97.24,0.391,21,4,0.0843,0.1905,265.38,24.31,172.9,8,0,0,0.95
2024-03-04,Native_Ads,Native_Review_Article,BR,T2,42066,591,0.014,80.27,0.136,27,6,0.0457,0.2222,115.45,13.38,43.8,46,0,0,0.949
2024-03-04,Native_Ads,Native_Review_Article,PL,T2,35710,362,0.0101,86.97,0.24,23,4,0.0635,0.1739,110.52,21.74,27.1,11,0,0,0.943
2024-03-04,Native_Ads,Native_Review_Article,NG,T3,14316,318,0.0222,7.01,0.022,20,3,0.0629,0.15,22.19,2.34,216.5,25,0,0,0.937
2024-03-04,Native_Ads,Native_Bonus_Landing,CA,T1,30667,773,0.0252,174.9,0.226,59,12,0.0763,0.2034,709.07,14.58,305.4,64,0,0,0.941
2024-03-04,Native_Ads,Native_Bonus_Landing,AU,T1,22985,360,0.0157,96.69,0.269,22,3,0.0611,0.1364,173.53,32.23,79.5,15,0,0,0.948
2024-03-04,Native_Ads,Native_Review_Article,IN,T3,25933,655,0.0253,17.97,0.027,51,14,0.0779,0.2745,98.46,1.28,447.9,45,0,0,0.949
2024-03-04,TikTok,TT_Casino_UGC,DE,T1,24834,416,0.0168,160.31,0.385,21,2,0.0505,0.0952,94.25,80.16,-41.2,28,0,0,0.931
2024-03-04,TikTok,TT_Sports_Short,BR,T2,166879,1626,0.0097,337.21,0.207,105,15,0.0646,0.1429,171.34,22.48,-49.2,137,3,0,0.93
2024-03-04,TikTok,TT_Sports_Short,PL,T2,15518,201,0.013,39.59,0.197,11,1,0.0547,0.0909,16.39,39.59,-58.6,10,0,0,0.928
2024-03-04,TikTok,TT_Casino_UGC,NG,T3,11969,230,0.0192,7.1,0.031,18,3,0.0783,0.1667,43.19,2.37,508.3,27,0,0,0.915
2024-03-04,TikTok,TT_Sports_Short,CA,T1,9171,175,0.0191,62.73,0.358,13,2,0.0743,0.1538,108.16,31.36,72.4,15,0,0,0.919
2024-03-04,TikTok,TT_Casino_UGC,AU,T1,44656,599,0.0134,281.92,0.471,33,5,0.0551,0.1515,230.51,56.38,-18.2,26,0,0,0.914
2024-03-04,TikTok,TT_Casino_UGC,IN,T3,97755,2164,0.0221,94.18,0.044,96,14,0.0444,0.1458,302.12,6.73,220.8,242,2,0,0.923
2024-03-04,Affiliate_SEO,SEO_CasinoReview_DE,DE,T1,27701,449,0.0162,0.0,,89,33,0.1982,0.3708,3885.81,,,4,0,0,0.981
2024-03-04,Affiliate_SEO,SEO_BonusGuide_BR,BR,T2,8937,121,0.0135,0.0,,27,7,0.2231,0.2593,347.9,,,1,0,0,0.977
2024-03-04,Affiliate_SEO,SEO_BonusGuide_BR,PL,T2,10796,150,0.0139,0.0,,28,8,0.1867,0.2857,546.86,,,2,0,0,0.977
2024-03-04,Affiliate_SEO,SEO_BonusGuide_BR,NG,T3,1111,26,0.0234,0.0,,4,1,0.1538,0.25,12.06,,,0,0,0,0.978
2024-03-04,Affiliate_SEO,SEO_BonusGuide_BR,CA,T1,119608,2092,0.0175,0.0,,409,129,0.1955,0.3154,15317.35,,,42,1,0,0.982
2024-03-04,Affiliate_SEO,SEO_CasinoReview_DE,AU,T1,31669,676,0.0213,0.0,,149,35,0.2204,0.2349,3559.39,,,8,0,0,0.977
2024-03-04,Affiliate_SEO,SEO_CasinoReview_DE,IN,T3,5011,164,0.0327,0.0,,40,17,0.2439,0.425,247.92,,,3,0,0,0.982
2024-03-05,Facebook,FB_Sports_Banner,DE,T1,10620,457,0.043,118.9,0.26,41,9,0.0897,0.2195,736.15,13.21,519.1,8,0,0,0.966
2024-03-05,Facebook,FB_Slots_Video,BR,T2,21438,845,0.0394,64.75,0.077,70,19,0.0828,0.2714,602.38,3.41,830.3,17,0,0,0.975
2024-03-05,Facebook,FB_Sports_Banner,PL,T2,21611,591,0.0273,79.12,0.134,61,17,0.1032,0.2787,470.91,4.65,495.2,22,0,0,0.967
2024-03-05,Facebook,FB_Slots_Video,NG,T3,36327,1212,0.0334,34.05,0.028,116,25,0.0957,0.2155,373.6,1.36,997.2,20,0,0,0.967
2024-03-05,Facebook,FB_Casino_CreativeA,CA,T1,27513,1033,0.0375,234.2,0.227,85,22,0.0823,0.2588,1919.82,10.65,719.7,43,0,0,0.97
2024-03-05,Facebook,FB_Slots_Video,AU,T1,49935,2148,0.043,405.71,0.189,236,55,0.1099,0.2331,4578.91,7.38,1028.6,75,1,0,0.966
2024-03-05,Facebook,FB_Sports_Banner,IN,T3,28149,706,0.0251,41.5,0.059,79,14,0.1119,0.1772,140.27,2.96,238.0,31,0,0,0.967
2024-03-05,Google_Search,GG_Casino_KW_Brand,DE,T1,18283,650,0.0356,498.23,0.767,89,29,0.1369,0.3258,3147.77,17.18,531.8,7,0,0,0.988
2024-03-05,Google_Search,GG_Slots_KW_Generic,BR,T2,13760,572,0.0416,119.51,0.209,96,30,0.1678,0.3125,1036.35,3.98,767.2,8,0,0,0.988
2024-03-05,Google_Search,GG_Slots_KW_Generic,PL,T2,32436,1495,0.0461,400.66,0.268,151,52,0.101,0.3444,2261.09,7.71,464.3,8,0,0,0.99
2024-03-05,Google_Search,GG_Sports_Betting,NG,T3,16395,706,0.0431,42.47,0.06,67,21,0.0949,0.3134,567.75,2.02,1236.8,6,0,0,0.99
2024-03-05,Google_Search,GG_Slots_KW_Generic,CA,T1,36690,1011,0.0276,1000.12,0.989,178,50,0.1761,0.2809,4324.99,20.0,332.4,12,0,0,0.99
2024-03-05,Google_Search,GG_Casino_KW_Brand,AU,T1,22146,807,0.0364,513.25,0.636,96,20,0.119,0.2083,2023.8,25.66,294.3,11,0,0,0.988
2024-03-05,Google_Search,GG_Casino_KW_Brand,IN,T3,19618,601,0.0306,78.92,0.131,95,28,0.1581,0.2947,322.65,2.82,308.8,3,0,0,0.991
2024-03-05,Push_Network,Push_iGaming_Broad,DE,T1,26894,472,0.0176,41.38,0.088,17,2,0.036,0.1176,39.93,20.69,-3.5,64,0,0,0.851
2024-03-05,Push_Network,Push_iGaming_Broad,BR,T2,22855,485,0.0212,12.06,0.025,13,1,0.0268,0.0769,10.97,12.06,-9.0,98,0,0,0.84
2024-03-05,Push_Network,Push_Casino_Retarget,PL,T2,29326,851,0.029,22.92,0.027,24,2,0.0282,0.0833,31.71,11.46,38.4,169,0,0,0.848
2024-03-05,Push_Network,Push_Casino_Retarget,NG,T3,14057,291,0.0207,2.11,0.007,11,1,0.0378,0.0909,2.0,2.11,-5.2,21,0,0,0.86
2024-03-05,Push_Network,Push_iGaming_Broad,CA,T1,16103,189,0.0117,29.53,0.156,6,0,0.0317,0.0,0.0,,-100.0,34,0,0,0.857
2024-03-05,Push_Network,Push_Casino_Retarget,AU,T1,25978,686,0.0264,45.09,0.066,31,3,0.0452,0.0968,57.55,15.03,27.6,105,0,0,0.882
2024-03-05,Push_Network,Push_Casino_Retarget,IN,T3,15639,364,0.0233,3.7,0.01,13,1,0.0357,0.0769,13.15,3.7,255.4,73,0,0,0.836
2024-03-05,Native_Ads,Native_Review_Article,DE,T1,21633,680,0.0314,111.31,0.164,43,6,0.0632,0.1395,375.64,18.55,237.5,56,0,0,0.948
2024-03-05,Native_Ads,Native_Review_Article,BR,T2,32371,720,0.0222,49.28,0.068,52,9,0.0722,0.1731,341.62,5.48,593.2,48,0,0,0.945
2024-03-05,Native_Ads,Native_Bonus_Landing,PL,T2,22507,496,0.022,50.0,0.101,31,6,0.0625,0.1935,214.14,8.33,328.3,43,0,0,0.95
2024-03-05,Native_Ads,Native_Bonus_Landing,NG,T3,24216,479,0.0198,11.76,0.025,29,5,0.0605,0.1724,67.36,2.35,472.8,33,0,0,0.945
2024-03-05,Native_Ads,Native_Bonus_Landing,CA,T1,34661,737,0.0213,159.35,0.216,49,10,0.0665,0.2041,497.65,15.93,212.3,36,0,0,0.945
2024-03-05,Native_Ads,Native_Review_Article,AU,T1,38591,408,0.0106,161.27,0.395,16,2,0.0392,0.125,119.99,80.64,-25.6,23,0,0,0.941
2024-03-05,Native_Ads,Native_Bonus_Landing,IN,T3,17525,332,0.0189,11.97,0.036,18,2,0.0542,0.1111,4.0,5.99,-66.6,14,0,0,0.937
2024-03-05,TikTok,TT_Casino_UGC,DE,T1,15475,399,0.0258,87.64,0.22,29,2,0.0727,0.069,73.21,43.82,-16.5,45,0,0,0.917
2024-03-05,TikTok,TT_Sports_Short,BR,T2,33557,447,0.0133,60.29,0.135,22,3,0.0492,0.1364,32.61,20.1,-45.9,44,0,0,0.922
2024-03-05,TikTok,TT_Casino_UGC,PL,T2,23467,572,0.0244,62.82,0.11,20,3,0.035,0.15,94.68,20.94,50.7,56,0,0,0.916
2024-03-05,TikTok,TT_Sports_Short,NG,T3,22764,549,0.0241,12.85,0.023,34,4,0.0619,0.1176,101.23,3.21,687.8,25,0,0,0.913
2024-03-05,TikTok,TT_Sports_Short,CA,T1,29528,576,0.0195,158.18,0.275,29,5,0.0503,0.1724,217.25,31.64,37.3,68,0,0,0.935
2024-03-05,TikTok,TT_Sports_Short,AU,T1,24395,414,0.017,148.21,0.358,21,3,0.0507,0.1429,107.56,49.4,-27.4,43,0,0,0.925
2024-03-05,TikTok,TT_Casino_UGC,IN,T3,28865,503,0.0174,27.99,0.056,13,1,0.0258,0.0769,11.0,27.99,-60.7,30,0,0,0.935
2024-03-05,Affiliate_SEO,SEO_BonusGuide_BR,DE,T1,14240,169,0.0119,0.0,,22,7,0.1302,0.3182,914.27,,,2,0,0,0.982
2024-03-05,Affiliate_SEO,SEO_CasinoReview_DE,BR,T2,7502,155,0.0207,0.0,,32,8,0.2065,0.25,380.32,,,2,0,0,0.98
2024-03-05,Affiliate_SEO,SEO_BonusGuide_BR,PL,T2,11143,244,0.0219,0.0,,66,13,0.2705,0.197,739.05,,,4,0,0,0.983
2024-03-05,Affiliate_SEO,SEO_BonusGuide_BR,NG,T3,3630,90,0.0248,0.0,,15,7,0.1667,0.4667,99.98,,,1,0,0,0.98
2024-03-05,Affiliate_SEO,SEO_CasinoReview_DE,CA,T1,29300,519,0.0177,0.0,,126,47,0.2428,0.373,5268.66,,,10,0,0,0.982
2024-03-05,Affiliate_SEO,SEO_BonusGuide_BR,AU,T1,23527,117,0.005,0.0,,21,8,0.1795,0.381,958.33,,,2,0,0,0.982
2024-03-05,Affiliate_SEO,SEO_CasinoReview_DE,IN,T3,1453,28,0.0193,0.0,,7,2,0.25,0.2857,24.52,,,0,0,0,0.982
2024-03-06,Facebook,FB_Sports_Banner,DE,T1,8573,341,0.0398,75.15,0.22,27,7,0.0792,0.2593,598.4,10.74,696.3,7,0,0,0.967
2024-03-06,Facebook,FB_Slots_Video,BR,T2,30498,928,0.0304,101.54,0.109,88,13,0.0948,0.1477,443.29,7.81,336.6,16,0,0,0.972
2024-03-06,Facebook,FB_Casino_CreativeA,PL,T2,16217,596,0.0368,63.82,0.107,69,17,0.1158,0.2464,690.46,3.75,981.9,20,0,0,0.976
2024-03-06,Facebook,FB_Sports_Banner,NG,T3,16588,765,0.0461,17.05,0.022,59,15,0.0771,0.2542,400.24,1.14,2247.4,14,0,0,0.971
2024-03-06,Facebook,FB_Slots_Video,CA,T1,19870,663,0.0334,204.74,0.309,70,15,0.1056,0.2143,1145.41,13.65,459.4,13,0,0,0.971
2024-03-06,Facebook,FB_Slots_Video,AU,T1,32077,1422,0.0443,286.99,0.202,134,51,0.0942,0.3806,3703.52,5.63,1190.5,40,0,0,0.966
2024-03-06,Facebook,FB_Sports_Banner,IN,T3,31725,1239,0.0391,43.93,0.035,72,12,0.0581,0.1667,170.02,3.66,287.0,46,0,0,0.973
2024-03-06,Google_Search,GG_Sports_Betting,DE,T1,22881,1018,0.0445,537.55,0.528,195,72,0.1916,0.3692,7978.72,7.47,1384.3,13,0,0,0.991
2024-03-06,Google_Search,GG_Slots_KW_Generic,BR,T2,13587,341,0.0251,117.3,0.344,57,23,0.1672,0.4035,853.75,5.1,627.8,3,0,0,0.991
2024-03-06,Google_Search,GG_Casino_KW_Brand,PL,T2,6309,164,0.026,68.04,0.415,21,7,0.128,0.3333,351.9,9.72,417.2,2,0,0,0.99
2024-03-06,Google_Search,GG_Sports_Betting,NG,T3,30560,975,0.0319,75.64,0.078,131,38,0.1344,0.2901,76.0,1.99,0.5,5,0,0,0.989
2024-03-06,Google_Search,GG_Sports_Betting,CA,T1,21299,620,0.0291,512.91,0.827,106,26,0.171,0.2453,2400.34,19.73,368.0,8,0,0,0.991
2024-03-06,Google_Search,GG_Casino_KW_Brand,AU,T1,13828,463,0.0335,303.41,0.655,58,11,0.1253,0.1897,1056.36,27.58,248.2,3,0,0,0.988
2024-03-06,Google_Search,GG_Sports_Betting,IN,T3,29154,1077,0.0369,104.96,0.097,90,19,0.0836,0.2111,363.27,5.52,246.1,14,0,0,0.989
2024-03-06,Push_Network,Push_iGaming_Broad,DE,T1,17428,324,0.0186,30.97,0.096,16,1,0.0494,0.0625,28.14,30.97,-9.1,54,0,0,0.877
2024-03-06,Push_Network,Push_iGaming_Broad,BR,T2,14724,91,0.0062,8.89,0.098,2,0,0.022,0.0,0.0,,-100.0,7,0,0,0.85
2024-03-06,Push_Network,Push_Casino_Retarget,PL,T2,26796,707,0.0264,18.36,0.026,25,2,0.0354,0.08,18.33,9.18,-0.2,75,0,0,0.845
2024-03-06,Push_Network,Push_iGaming_Broad,NG,T3,20062,120,0.006,2.99,0.025,3,0,0.025,0.0,0.0,,-100.0,24,0,0,0.874
2024-03-06,Push_Network,Push_Casino_Retarget,CA,T1,14974,252,0.0168,25.36,0.101,8,0,0.0317,0.0,0.0,,-100.0,30,0,0,0.859
2024-03-06,Push_Network,Push_Casino_Retarget,AU,T1,20398,440,0.0216,26.8,0.061,16,2,0.0364,0.125,73.91,13.4,175.8,64,0,0,0.851
2024-03-06,Push_Network,Push_Casino_Retarget,IN,T3,30630,153,0.005,6.82,0.045,5,0,0.0327,0.0,0.0,,-100.0,31,0,0,0.86
2024-03-06,Native_Ads,Native_Bonus_Landing,DE,T1,39707,485,0.0122,217.94,0.449,27,6,0.0557,0.2222,384.28,36.32,76.3,16,0,0,0.946
2024-03-06,Native_Ads,Native_Bonus_Landing,BR,T2,19608,338,0.0172,36.56,0.108,28,5,0.0828,0.1786,98.31,7.31,168.9,17,0,0,0.949
2024-03-06,Native_Ads,Native_Bonus_Landing,PL,T2,10901,194,0.0178,26.16,0.135,13,2,0.067,0.1538,86.59,13.08,231.0,11,0,0,0.95
2024-03-06,Native_Ads,Native_Review_Article,NG,T3,9959,77,0.0077,5.36,0.07,4,0,0.0519,0.0,0.0,,-100.0,4,0,0,0.945
2024-03-06,Native_Ads,Native_Review_Article,CA,T1,17419,460,0.0264,85.2,0.185,36,6,0.0783,0.1667,399.39,14.2,368.8,34,0,0,0.948
2024-03-06,Native_Ads,Native_Review_Article,AU,T1,27048,911,0.0337,121.88,0.134,52,10,0.0571,0.1923,553.05,12.19,353.8,34,0,0,0.928
2024-03-06,Native_Ads,Native_Bonus_Landing,IN,T3,17997,283,0.0157,12.55,0.044,21,4,0.0742,0.1905,8.27,3.14,-34.1,12,0,0,0.936
2024-03-06,TikTok,TT_Casino_UGC,DE,T1,26607,492,0.0185,197.17,0.401,21,3,0.0427,0.1429,125.18,65.72,-36.5,32,0,0,0.905
2024-03-06,TikTok,TT_Casino_UGC,BR,T2,14033,202,0.0144,28.6,0.142,10,2,0.0495,0.2,39.95,14.3,39.7,23,0,0,0.911
2024-03-06,TikTok,TT_Sports_Short,PL,T2,21501,289,0.0134,49.74,0.172,8,1,0.0277,0.125,25.81,49.74,-48.1,14,0,0,0.917
2024-03-06,TikTok,TT_Sports_Short,NG,T3,26108,451,0.0173,15.77,0.035,26,4,0.0576,0.1538,8.0,3.94,-49.3,49,0,0,0.907
2024-03-06,TikTok,TT_Casino_UGC,CA,T1,16353,294,0.018,108.63,0.369,18,3,0.0612,0.1667,169.85,36.21,56.4,30,0,0,0.92
2024-03-06,TikTok,TT_Casino_UGC,AU,T1,20058,479,0.0239,100.31,0.209,30,4,0.0626,0.1333,194.75,25.08,94.1,38,0,0,0.927
2024-03-06,TikTok,TT_Sports_Short,IN,T3,48758,1018,0.0209,37.85,0.037,59,8,0.058,0.1356,68.66,4.73,81.4,58,1,0,0.905
2024-03-06,Affiliate_SEO,SEO_CasinoReview_DE,DE,T1,44295,1224,0.0276,0.0,,322,111,0.2631,0.3447,13487.75,,,36,0,0,0.977
2024-03-06,Affiliate_SEO,SEO_CasinoReview_DE,BR,T2,8860,227,0.0256,0.0,,46,18,0.2026,0.3913,914.46,,,3,0,0,0.979
2024-03-06,Affiliate_SEO,SEO_BonusGuide_BR,PL,T2,7527,178,0.0236,0.0,,44,14,0.2472,0.3182,894.35,,,1,0,0,0.982
2024-03-06,Affiliate_SEO,SEO_BonusGuide_BR,NG,T3,2080,55,0.0264,0.0,,14,4,0.2545,0.2857,52.98,,,0,0,0,0.982
2024-03-06,Affiliate_SEO,SEO_CasinoReview_DE,CA,T1,9089,152,0.0167,0.0,,28,8,0.1842,0.2857,987.36,,,3,0,0,0.978
2024-03-06,Affiliate_SEO,SEO_BonusGuide_BR,AU,T1,69206,1401,0.0202,0.0,,367,185,0.262,0.5041,20142.49,,,39,2,0,0.978
2024-03-06,Affiliate_SEO,SEO_CasinoReview_DE,IN,T3,2000,31,0.0155,0.0,,6,1,0.1935,0.1667,13.31,,,0,0,0,0.978
2024-03-07,Facebook,FB_Slots_Video,DE,T1,25521,503,0.0197,241.51,0.48,37,7,0.0736,0.1892,609.34,34.5,152.3,14,0,0,0.97
2024-03-07,Facebook,FB_Sports_Banner,BR,T2,17061,581,0.0341,61.52,0.106,65,18,0.1119,0.2769,415.12,3.42,574.8,22,0,0,0.968
2024-03-07,Facebook,FB_Slots_Video,PL,T2,18204,695,0.0382,84.08,0.121,69,19,0.0993,0.2754,965.46,4.43,1048.3,13,0,0,0.973
2024-03-07,Facebook,FB_Sports_Banner,NG,T3,26536,975,0.0367,26.46,0.027,84,20,0.0862,0.2381,40.0,1.32,51.2,19,0,0,0.975
2024-03-07,Facebook,FB_Sports_Banner,CA,T1,18274,675,0.0369,171.01,0.253,44,7,0.0652,0.1591,583.83,24.43,241.4,12,0,0,0.969
2024-03-07,Facebook,FB_Slots_Video,AU,T1,24116,673,0.0279,184.88,0.275,52,13,0.0773,0.25,914.53,14.22,394.7,20,0,0,0.969
2024-03-07,Facebook,FB_Casino_CreativeA,IN,T3,23767,888,0.0374,27.91,0.031,94,30,0.1059,0.3191,589.88,0.93,2013.5,28,1,0,0.976
2024-03-07,Google_Search,GG_Slots_KW_Generic,DE,T1,16219,477,0.0294,435.69,0.913,65,15,0.1363,0.2308,1671.03,29.05,283.5,3,0,0,0.99
2024-03-07,Google_Search,GG_Casino_KW_Brand,BR,T2,26513,1257,0.0474,215.63,0.172,174,57,0.1384,0.3276,1825.65,3.78,746.7,16,0,0,0.989
2024-03-07,Google_Search,GG_Casino_KW_Brand,PL,T2,69538,1436,0.0207,839.02,0.584,212,89,0.1476,0.4198,4207.44,9.43,401.5,7,0,0,0.989
2024-03-07,Google_Search,GG_Casino_KW_Brand,NG,T3,60773,1743,0.0287,125.43,0.072,268,59,0.1538,0.2201,503.36,2.13,301.3,10,0,0,0.99
2024-03-07,Google_Search,GG_Slots_KW_Generic,CA,T1,25058,783,0.0312,567.72,0.725,138,34,0.1762,0.2464,3918.34,16.7,590.2,5,0,0,0.988
2024-03-07,Google_Search,GG_Casino_KW_Brand,AU,T1,25972,1655,0.0637,594.42,0.359,270,69,0.1631,0.2556,7420.36,8.61,1148.3,15,0,0,0.99
2024-03-07,Google_Search,GG_Slots_KW_Generic,IN,T3,10769,524,0.0487,39.74,0.076,80,17,0.1527,0.2125,380.12,2.34,856.5,6,0,0,0.991
2024-03-07,Push_Network,Push_Casino_Retarget,DE,T1,13382,272,0.0203,20.9,0.077,11,0,0.0404,0.0,0.0,,-100.0,48,0,0,0.839
2024-03-07,Push_Network,Push_Casino_Retarget,BR,T2,44249,1028,0.0232,25.95,0.025,52,6,0.0506,0.1154,67.06,4.33,158.4,205,1,0,0.861
2024-03-07,Push_Network,Push_Casino_Retarget,PL,T2,37768,514,0.0136,25.57,0.05,24,3,0.0467,0.125,22.26,8.52,-12.9,52,0,0,0.836
2024-03-07,Push_Network,Push_Casino_Retarget,NG,T3,24764,523,0.0211,3.99,0.008,23,3,0.044,0.1304,12.13,1.33,204.0,106,0,0,0.876
2024-03-07,Push_Network,Push_iGaming_Broad,CA,T1,14666,349,0.0238,22.04,0.063,15,1,0.043,0.0667,16.62,22.04,-24.6,65,0,0,0.863
2024-03-07,Push_Network,Push_iGaming_Broad,AU,T1,37073,1059,0.0286,62.84,0.059,46,3,0.0434,0.0652,69.27,20.95,10.2,124,1,0,0.843
2024-03-07,Push_Network,Push_Casino_Retarget,IN,T3,16416,525,0.032,3.51,0.007,17,2,0.0324,0.1176,9.6,1.75,173.5,95,0,0,0.852
2024-03-07,Native_Ads,Native_Review_Article,DE,T1,16215,381,0.0235,91.18,0.239,33,7,0.0866,0.2121,458.51,13.03,402.9,14,0,0,0.934
2024-03-07,Native_Ads,Native_Review_Article,BR,T2,27175,221,0.0081,42.24,0.191,13,1,0.0588,0.0769,23.95,42.24,-43.3,8,0,0,0.948
2024-03-07,Native_Ads,Native_Bonus_Landing,PL,T2,37927,865,0.0228,92.86,0.107,81,10,0.0936,0.1235,213.73,9.29,130.2,58,1,0,0.929
2024-03-07,Native_Ads,Native_Review_Article,NG,T3,35244,580,0.0165,16.97,0.029,43,8,0.0741,0.186,16.0,2.12,-5.7,36,0,0,0.938
2024-03-07,Native_Ads,Native_Review_Article,CA,T1,47129,1266,0.0269,258.33,0.204,83,19,0.0656,0.2289,1235.79,13.6,378.4,113,1,0,0.94
2024-03-07,Native_Ads,Native_Bonus_Landing,AU,T1,16736,511,0.0305,76.61,0.15,28,5,0.0548,0.1786,283.06,15.32,269.5,24,0,0,0.942
2024-03-07,Native_Ads,Native_Bonus_Landing,IN,T3,38869,1392,0.0358,27.19,0.02,125,23,0.0898,0.184,344.93,1.18,1168.6,108,1,0,0.939
2024-03-07,TikTok,TT_Casino_UGC,DE,T1,20343,531,0.0261,135.25,0.255,31,3,0.0584,0.0968,139.26,45.08,3.0,43,0,0,0.91
2024-03-07,TikTok,TT_Sports_Short,BR,T2,14041,254,0.0181,33.75,0.133,11,2,0.0433,0.1818,54.65,16.88,61.9,13,0,0,0.904
2024-03-07,TikTok,TT_Casino_UGC,PL,T2,26446,348,0.0132,65.59,0.188,15,2,0.0431,0.1333,22.06,32.8,-66.4,20,0,0,0.932
2024-03-07,TikTok,TT_Sports_Short,NG,T3,25427,788,0.031,14.03,0.018,45,6,0.0571,0.1333,28.04,2.34,99.9,42,0,0,0.911
2024-03-07,TikTok,TT_Sports_Short,CA,T1,7617,141,0.0185,50.59,0.359,8,0,0.0567,0.0,0.0,,-100.0,12,0,0,0.919
2024-03-07,TikTok,TT_Sports_Short,AU,T1,42050,567,0.0135,259.9,0.458,40,6,0.0705,0.15,271.42,43.32,4.4,28,1,0,0.925
2024-03-07,TikTok,TT_Casino_UGC,IN,T3,42253,1071,0.0253,40.93,0.038,59,12,0.0551,0.2034,24.0,3.41,-41.4,128,0,0,0.904
2024-03-07,Affiliate_SEO,SEO_CasinoReview_DE,DE,T1,18294,392,0.0214,0.0,,96,41,0.2449,0.4271,5487.65,,,9,0,0,0.98
2024-03-07,Affiliate_SEO,SEO_BonusGuide_BR,BR,T2,15420,324,0.021,0.0,,84,29,0.2593,0.3452,1482.74,,,5,0,0,0.979
2024-03-07,Affiliate_SEO,SEO_BonusGuide_BR,PL,T2,11365,225,0.0198,0.0,,68,24,0.3022,0.3529,1749.94,,,6,0,0,0.979
2024-03-07,Affiliate_SEO,SEO_BonusGuide_BR,NG,T3,1347,32,0.0238,0.0,,5,1,0.1562,0.2,17.46,,,0,0,0,0.977
2024-03-07,Affiliate_SEO,SEO_CasinoReview_DE,CA,T1,13196,173,0.0131,0.0,,38,14,0.2197,0.3684,1436.38,,,3,0,0,0.982
2024-03-07,Affiliate_SEO,SEO_CasinoReview_DE,AU,T1,27115,579,0.0214,0.0,,129,52,0.2228,0.4031,6258.89,,,17,0,0,0.984
2024-03-07,Affiliate_SEO,SEO_BonusGuide_BR,IN,T3,3483,61,0.0175,0.0,,12,4,0.1967,0.3333,81.5,,,0,0,0,0.982
2024-03-08,Facebook,FB_Sports_Banner,DE,T1,18144,445,0.0245,181.88,0.409,53,13,0.1191,0.2453,987.05,13.99,442.7,15,0,0,0.969
2024-03-08,Facebook,FB_Casino_CreativeA,BR,T2,21579,973,0.0451,69.35,0.071,106,28,0.1089,0.2642,1387.57,2.48,1900.8,36,0,0,0.969
2024-03-08,Facebook,FB_Sports_Banner,PL,T2,13416,481,0.0359,57.61,0.12,47,13,0.0977,0.2766,668.06,4.43,1059.6,20,0,0,0.964
2024-03-08,Facebook,FB_Casino_CreativeA,NG,T3,17427,685,0.0393,14.44,0.021,66,17,0.0964,0.2576,295.2,0.85,1944.3,11,0,0,0.97
2024-03-08,Facebook,FB_Casino_CreativeA,CA,T1,9938,257,0.0259,95.79,0.373,20,2,0.0778,0.1,123.27,47.9,28.7,10,0,0,0.973
2024-03-08,Facebook,FB_Casino_CreativeA,AU,T1,25068,1285,0.0513,199.2,0.155,105,26,0.0817,0.2476,2321.36,7.66,1065.3,37,0,0,0.969
2024-03-08,Facebook,FB_Casino_CreativeA,IN,T3,33469,786,0.0235,42.99,0.055,73,15,0.0929,0.2055,158.06,2.87,267.7,22,0,0,0.969
2024-03-08,Google_Search,GG_Casino_KW_Brand,DE,T1,28522,1216,0.0426,731.82,0.602,132,38,0.1086,0.2879,4187.14,19.26,472.2,9,0,0,0.988
2024-03-08,Google_Search,GG_Slots_KW_Generic,BR,T2,15126,647,0.0428,129.25,0.2,68,28,0.1051,0.4118,1258.2,4.62,873.5,4,0,0,0.991
2024-03-08,Google_Search,GG_Casino_KW_Brand,PL,T2,55082,1821,0.0331,589.38,0.324,263,89,0.1444,0.3384,4680.95,6.62,694.2,25,0,0,0.99
2024-03-08,Google_Search,GG_Sports_Betting,NG,T3,13668,520,0.038,36.97,0.071,44,14,0.0846,0.3182,391.01,2.64,957.6,6,0,0,0.989
2024-03-08,Google_Search,GG_Slots_KW_Generic,CA,T1,74032,3385,0.0457,1569.38,0.464,367,120,0.1084,0.327,11242.29,13.08,616.4,41,1,0,0.992
2024-03-08,Google_Search,GG_Sports_Betting,AU,T1,16449,399,0.0243,368.11,0.923,57,19,0.1429,0.3333,1611.42,19.37,337.8,5,0,0,0.988
2024-03-08,Google_Search,GG_Sports_Betting,IN,T3,17916,691,0.0386,64.04,0.093,127,37,0.1838,0.2913,467.5,1.73,630.0,5,0,0,0.989
2024-03-08,Push_Network,Push_Casino_Retarget,DE,T1,28732,754,0.0262,46.14,0.061,28,3,0.0371,0.1071,109.4,15.38,137.1,133,1,0,0.848
2024-03-08,Push_Network,Push_Casino_Retarget,BR,T2,17704,312,0.0176,11.11,0.036,7,1,0.0224,0.1429,15.86,11.11,42.8,58,0,0,0.844
2024-03-08,Push_Network,Push_Casino_Retarget,PL,T2,15179,342,0.0225,10.11,0.03,10,1,0.0292,0.1,11.49,10.11,13.6,63,0,0,0.88
2024-03-08,Push_Network,Push_Casino_Retarget,NG,T3,26795,480,0.0179,4.59,0.01,15,1,0.0312,0.0667,2.0,4.59,-56.4,82,0,0,0.852
2024-03-08,Push_Network,Push_iGaming_Broad,CA,T1,22241,408,0.0183,37.22,0.091,7,0,0.0172,0.0,0.0,,-100.0,35,0,0,0.878
2024-03-08,Push_Network,Push_Casino_Retarget,AU,T1,35656,378,0.0106,59.69,0.158,14,1,0.037,0.0714,29.0,59.69,-51.4,75,0,0,0.878
2024-03-08,Push_Network,Push_Casino_Retarget,IN,T3,16468,545,0.0331,4.16,0.008,22,2,0.0404,0.0909,4.0,2.08,-3.8,65,1,0,0.852
2024-03-08,Native_Ads,Native_Review_Article,DE,T1,36200,1014,0.028,213.51,0.211,59,12,0.0582,0.2034,671.3,17.79,214.4,52,1,0,0.937
2024-03-08,Native_Ads,Native_Bonus_Landing,BR,T2,65816,1488,0.0226,125.43,0.084,87,20,0.0585,0.2299,727.1,6.27,479.7,113,1,0,0.945
2024-03-08,Native_Ads,Native_Review_Article,PL,T2,36012,180,0.005,89.73,0.498,10,2,0.0556,0.2,66.72,44.87,-25.6,5,0,0,0.936
2024-03-08,Native_Ads,Native_Bonus_Landing,NG,T3,15754,339,0.0215,8.94,0.026,23,5,0.0678,0.2174,28.59,1.79,219.8,29,0,0,0.94
2024-03-08,Native_Ads,Native_Review_Article,CA,T1,22846,529,0.0232,112.9,0.213,31,5,0.0586,0.1613,314.31,22.58,178.4,44,0,0,0.931
2024-03-08,Native_Ads,Native_Bonus_Landing,AU,T1,47228,793,0.0168,231.15,0.291,45,10,0.0567,0.2222,575.96,23.12,149.2,31,0,0,0.932
2024-03-08,Native_Ads,Native_Bonus_Landing,IN,T3,14041,334,0.0238,10.56,0.032,28,3,0.0838,0.1071,25.74,3.52,143.7,10,0,0,0.947
2024-03-08,TikTok,TT_Sports_Short,DE,T1,10455,72,0.0069,67.79,0.942,3,0,0.0417,0.0,0.0,,-100.0,5,0,0,0.926
2024-03-08,TikTok,TT_Sports_Short,BR,T2,13592,355,0.0261,28.37,0.08,16,3,0.0451,0.1875,50.72,9.46,78.8,29,0,0,0.931
2024-03-08,TikTok,TT_Casino_UGC,PL,T2,49215,1388,0.0282,118.54,0.085,77,14,0.0555,0.1818,485.95,8.47,309.9,140,1,0,0.915
2024-03-08,TikTok,TT_Sports_Short,NG,T3,34046,727,0.0214,22.66,0.031,35,5,0.0481,0.1429,44.53,4.53,96.5,36,0,0,0.914
2024-03-08,TikTok,TT_Casino_UGC,CA,T1,26288,709,0.027,159.16,0.224,41,9,0.0578,0.2195,498.5,17.68,213.2,37,1,0,0.909
2024-03-08,TikTok,TT_Sports_Short,AU,T1,48395,1201,0.0248,250.16,0.208,57,6,0.0475,0.1053,313.46,41.69,25.3,93,1,0,0.916
2024-03-08,TikTok,TT_Sports_Short,IN,T3,14010,330,0.0236,12.98,0.039,20,3,0.0606,0.15,37.56,4.33,189.4,19,0,0,0.934
2024-03-08,Affiliate_SEO,SEO_BonusGuide_BR,DE,T1,21817,185,0.0085,0.0,,39,14,0.2108,0.359,1739.31,,,4,0,0,0.98
2024-03-08,Affiliate_SEO,SEO_CasinoReview_DE,BR,T2,13041,325,0.0249,0.0,,57,21,0.1754,0.3684,953.75,,,5,0,0,0.98
2024-03-08,Affiliate_SEO,SEO_CasinoReview_DE,PL,T2,18984,427,0.0225,0.0,,135,38,0.3162,0.2815,2312.96,,,5,0,0,0.977
2024-03-08,Affiliate_SEO,SEO_CasinoReview_DE,NG,T3,2652,49,0.0185,0.0,,13,4,0.2653,0.3077,56.49,,,0,0,0,0.98
2024-03-08,Affiliate_SEO,SEO_CasinoReview_DE,CA,T1,50177,1179,0.0235,0.0,,264,100,0.2239,0.3788,10315.44,,,30,1,0,0.979
2024-03-08,Affiliate_SEO,SEO_BonusGuide_BR,AU,T1,23210,640,0.0276,0.0,,155,54,0.2422,0.3484,5947.27,,,18,0,0,0.98
2024-03-08,Affiliate_SEO,SEO_CasinoReview_DE,IN,T3,4760,81,0.017,0.0,,17,5,0.2099,0.2941,70.97,,,1,0,0,0.976
2024-03-09,Facebook,FB_Casino_CreativeA,DE,T1,23832,780,0.0327,206.35,0.265,75,17,0.0962,0.2267,1359.19,12.14,558.7,15,0,0,0.97
2024-03-09,Facebook,FB_Sports_Banner,BR,T2,20582,696,0.0338,55.56,0.08,63,9,0.0905,0.1429,326.42,6.17,487.5,27,0,0,0.969
2024-03-09,Facebook,FB_Slots_Video,PL,T2,15261,555,0.0364,62.17,0.112,42,10,0.0757,0.2381,387.36,6.22,523.1,12,0,0,0.968
2024-03-09,Facebook,FB_Slots_Video,NG,T3,19604,491,0.025,15.25,0.031,41,11,0.0835,0.2683,189.57,1.39,1143.1,21,0,0,0.972
2024-03-09,Facebook,FB_Sports_Banner,CA,T1,22969,845,0.0368,237.07,0.281,71,23,0.084,0.3239,2051.84,10.31,765.5,16,0,0,0.969
2024-03-09,Facebook,FB_Sports_Banner,AU,T1,20385,589,0.0289,170.71,0.29,74,15,0.1256,0.2027,1238.02,11.38,625.2,9,0,0,0.974
2024-03-09,Facebook,FB_Sports_Banner,IN,T3,11115,406,0.0365,14.83,0.037,29,6,0.0714,0.2069,88.53,2.47,497.0,10,0,0,0.97
2024-03-09,Google_Search,GG_Slots_KW_Generic,DE,T1,28097,678,0.0241,636.22,0.938,87,31,0.1283,0.3563,3421.3,20.52,437.8,3,0,0,0.991
2024-03-09,Google_Search,GG_Casino_KW_Brand,BR,T2,19190,624,0.0325,140.93,0.226,95,31,0.1522,0.3263,1236.86,4.55,777.6,8,0,0,0.989
2024-03-09,Google_Search,GG_Sports_Betting,PL,T2,8937,326,0.0365,110.22,0.338,45,17,0.138,0.3778,866.85,6.48,686.5,4,0,0,0.989
2024-03-09,Google_Search,GG_Casino_KW_Brand,NG,T3,45906,1686,0.0367,111.85,0.066,274,93,0.1625,0.3394,1241.73,1.2,1010.2,9,1,0,0.989
2024-03-09,Google_Search,GG_Casino_KW_Brand,CA,T1,11317,382,0.0338,292.72,0.766,53,19,0.1387,0.3585,2007.26,15.41,585.7,4,0,0,0.989
2024-03-09,Google_Search,GG_Casino_KW_Brand,AU,T1,27875,796,0.0286,639.71,0.804,156,34,0.196,0.2179,3353.68,18.82,424.3,8,0,0,0.992
2024-03-09,Google_Search,GG_Casino_KW_Brand,IN,T3,18547,942,0.0508,70.14,0.074,146,33,0.155,0.226,304.32,2.13,333.9,5,0,0,0.989
2024-03-09,Push_Network,Push_iGaming_Broad,DE,T1,32155,981,0.0305,49.84,0.051,52,6,0.053,0.1154,196.64,8.31,294.5,192,2,0,0.86
2024-03-09,Push_Network,Push_Casino_Retarget,BR,T2,36880,1075,0.0291,19.05,0.018,38,4,0.0353,0.1053,90.2,4.76,373.5,134,1,0,0.846
2024-03-09,Push_Network,Push_Casino_Retarget,PL,T2,11467,248,0.0216,9.08,0.037,11,1,0.0444,0.0909,8.41,9.08,-7.4,30,0,0,0.873
2024-03-09,Push_Network,Push_iGaming_Broad,NG,T3,28054,516,0.0184,4.26,0.008,26,3,0.0504,0.1154,38.61,1.42,806.3,87,0,0,0.87
2024-03-09,Push_Network,Push_iGaming_Broad,CA,T1,52000,1520,0.0292,74.33,0.049,42,5,0.0276,0.119,63.89,14.87,-14.0,280,0,0,0.88
2024-03-09,Push_Network,Push_Casino_Retarget,AU,T1,40900,719,0.0176,62.51,0.087,22,3,0.0306,0.1364,52.83,20.84,-15.5,61,0,0,0.869
2024-03-09,Push_Network,Push_Casino_Retarget,IN,T3,18127,425,0.0234,3.84,0.009,21,1,0.0494,0.0476,5.56,3.84,44.8,35,0,0,0.839
2024-03-09,Native_Ads,Native_Bonus_Landing,DE,T1,19790,250,0.0126,92.91,0.372,13,2,0.052,0.1538,118.76,46.45,27.8,20,0,0,0.932
2024-03-09,Native_Ads,Native_Review_Article,BR,T2,33055,703,0.0213,65.29,0.093,43,7,0.0612,0.1628,134.3,9.33,105.7,58,0,0,0.93
2024-03-09,Native_Ads,Native_Bonus_Landing,PL,T2,20139,348,0.0173,49.45,0.142,21,3,0.0603,0.1429,91.04,16.48,84.1,12,0,0,0.933
2024-03-09,Native_Ads,Native_Bonus_Landing,NG,T3,32501,594,0.0183,14.21,0.024,45,6,0.0758,0.1333,55.49,2.37,290.5,19,0,0,0.935
2024-03-09,Native_Ads,Native_Review_Article,CA,T1,22247,431,0.0194,108.33,0.251,24,3,0.0557,0.125,155.31,36.11,43.4,22,0,0,0.948
2024-03-09,Native_Ads,Native_Review_Article,AU,T1,25094,336,0.0134,130.51,0.388,23,3,0.0685,0.1304,173.79,43.5,33.2,10,0,0,0.932
2024-03-09,Native_Ads,Native_Bonus_Landing,IN,T3,26518,454,0.0171,17.98,0.04,25,7,0.0551,0.28,14.0,2.57,-22.1,20,0,0,0.944
2024-03-09,TikTok,TT_Sports_Short,DE,T1,28259,483,0.0171,178.44,0.369,21,3,0.0435,0.1429,147.38,59.48,-17.4,30,0,0,0.909
2024-03-09,TikTok,TT_Sports_Short,BR,T2,33817,1131,0.0334,76.67,0.068,69,12,0.061,0.1739,249.7,6.39,225.7,49,1,0,0.922
2024-03-09,TikTok,TT_Casino_UGC,PL,T2,17033,316,0.0186,51.86,0.164,22,3,0.0696,0.1364,77.7,17.29,49.8,28,0,0,0.929
2024-03-09,TikTok,TT_Casino_UGC,NG,T3,19987,490,0.0245,10.94,0.022,25,4,0.051,0.16,8.0,2.73,-26.9,27,0,0,0.933
2024-03-09,TikTok,TT_Sports_Short,CA,T1,33265,834,0.0251,200.82,0.241,53,9,0.0635,0.1698,403.7,22.31,101.0,44,1,0,0.934
2024-03-09,TikTok,TT_Sports_Short,AU,T1,26173,600,0.0229,140.65,0.234,47,8,0.0783,0.1702,472.11,17.58,235.7,66,0,0,0.933
2024-03-09,TikTok,TT_Casino_UGC,IN,T3,24966,576,0.0231,23.29,0.04,26,4,0.0451,0.1538,8.0,5.82,-65.7,55,0,0,0.928
2024-03-09,Affiliate_SEO,SEO_CasinoReview_DE,DE,T1,63431,1304,0.0206,0.0,,253,81,0.194,0.3202,10480.54,,,34,1,0,0.983
2024-03-09,Affiliate_SEO,SEO_BonusGuide_BR,BR,T2,11375,221,0.0194,0.0,,52,15,0.2353,0.2885,773.06,,,6,0,0,0.984
2024-03-09,Affiliate_SEO,SEO_CasinoReview_DE,PL,T2,12976,236,0.0182,0.0,,44,11,0.1864,0.25,722.96,,,3,0,0,0.98
2024-03-09,Affiliate_SEO,SEO_BonusGuide_BR,NG,T3,4456,111,0.0249,0.0,,36,15,0.3243,0.4167,302.85,,,3,0,0,0.982
2024-03-09,Affiliate_SEO,SEO_CasinoReview_DE,CA,T1,18528,342,0.0185,0.0,,29,9,0.0848,0.3103,1049.82,,,9,0,0,0.98
2024-03-09,Affiliate_SEO,SEO_CasinoReview_DE,AU,T1,62757,2015,0.0321,0.0,,546,217,0.271,0.3974,22514.1,,,57,4,0,0.981
2024-03-09,Affiliate_SEO,SEO_CasinoReview_DE,IN,T3,3281,23,0.007,0.0,,5,1,0.2174,0.2,24.92,,,0,0,0,0.979
2024-03-10,Facebook,FB_Slots_Video,DE,T1,15243,736,0.0483,145.74,0.198,63,13,0.0856,0.2063,1186.19,11.21,713.9,17,0,0,0.964
2024-03-10,Facebook,FB_Casino_CreativeA,BR,T2,44639,1629,0.0365,142.07,0.087,163,43,0.1001,0.2638,1376.1,3.3,868.6,61,0,0,0.975
2024-03-10,Facebook,FB_Casino_CreativeA,PL,T2,13737,521,0.0379,60.5,0.116,57,10,0.1094,0.1754,434.33,6.05,617.9,13,0,0,0.967
2024-03-10,Facebook,FB_Sports_Banner,NG,T3,20741,761,0.0367,16.16,0.021,71,21,0.0933,0.2958,252.93,0.77,1465.2,20,0,0,0.969
2024-03-10,Facebook,FB_Slots_Video,CA,T1,42629,1408,0.033,364.71,0.259,137,34,0.0973,0.2482,2471.98,10.73,577.8,47,0,0,0.965
2024-03-10,Facebook,FB_Slots_Video,AU,T1,16229,276,0.017,136.04,0.493,29,7,0.1051,0.2414,567.97,19.43,317.5,9,0,0,0.967
2024-03-10,Facebook,FB_Casino_CreativeA,IN,T3,25325,1201,0.0474,38.95,0.032,102,25,0.0849,0.2451,625.07,1.56,1504.8,49,0,0,0.97
2024-03-10,Google_Search,GG_Casino_KW_Brand,DE,T1,48947,1880,0.0384,1411.11,0.751,277,94,0.1473,0.3394,10142.52,15.01,618.8,12,0,0,0.988
2024-03-10,Google_Search,GG_Slots_KW_Generic,BR,T2,39891,1962,0.0492,372.94,0.19,310,104,0.158,0.3355,4863.31,3.59,1204.0,16,1,0,0.991
2024-03-10,Google_Search,GG_Casino_KW_Brand,PL,T2,27164,934,0.0344,276.14,0.296,134,35,0.1435,0.2612,1347.08,7.89,387.8,13,0,0,0.992
2024-03-10,Google_Search,GG_Slots_KW_Generic,NG,T3,18252,733,0.0402,38.88,0.053,110,39,0.1501,0.3545,533.39,1.0,1271.9,10,0,0,0.992
2024-03-10,Google_Search,GG_Casino_KW_Brand,CA,T1,20537,844,0.0411,498.11,0.59,148,26,0.1754,0.1757,2540.64,19.16,410.1,5,0,0,0.989
2024-03-10,Google_Search,GG_Slots_KW_Generic,AU,T1,54177,2176,0.0402,1239.9,0.57,448,135,0.2059,0.3013,12752.64,9.18,928.5,27,1,0,0.99
2024-03-10,Google_Search,GG_Sports_Betting,IN,T3,17780,518,0.0291,63.68,0.123,48,14,0.0927,0.2917,251.24,4.55,294.5,3,0,0,0.991
2024-03-10,Push_Network,Push_Casino_Retarget,DE,T1,17795,374,0.021,28.21,0.075,18,2,0.0481,0.1111,66.32,14.11,135.1,32,0,0,0.862
2024-03-10,Push_Network,Push_Casino_Retarget,BR,T2,19073,416,0.0218,12.19,0.029,16,1,0.0385,0.0625,2.0,12.19,-83.6,39,0,0,0.884
2024-03-10,Push_Network,Push_iGaming_Broad,PL,T2,42908,914,0.0213,32.24,0.035,46,6,0.0503,0.1304,227.65,5.37,606.1,79,2,0,0.888
2024-03-10,Push_Network,Push_iGaming_Broad,NG,T3,33326,504,0.0151,4.65,0.009,18,2,0.0357,0.1111,4.0,2.33,-14.0,44,0,0,0.853
2024-03-10,Push_Network,Push_Casino_Retarget,CA,T1,29313,421,0.0144,42.03,0.1,18,2,0.0428,0.1111,83.89,21.02,99.6,57,0,0,0.841
2024-03-10,Push_Network,Push_iGaming_Broad,AU,T1,30085,150,0.005,41.53,0.277,5,0,0.0333,0.0,0.0,,-100.0,17,0,0,0.877
2024-03-10,Push_Network,Push_iGaming_Broad,IN,T3,38192,553,0.0145,9.23,0.017,25,2,0.0452,0.08,4.0,4.62,-56.7,77,1,0,0.882
2024-03-10,Native_Ads,Native_Review_Article,DE,T1,32360,675,0.0209,180.06,0.267,45,6,0.0667,0.1333,357.23,30.01,98.4,41,0,0,0.948
2024-03-10,Native_Ads,Native_Review_Article,BR,T2,24012,473,0.0197,40.65,0.086,36,5,0.0761,0.1389,193.58,8.13,376.2,23,0,0,0.937
2024-03-10,Native_Ads,Native_Bonus_Landing,PL,T2,10575,93,0.0088,25.65,0.276,9,2,0.0968,0.2222,42.29,12.82,64.9,7,0,0,0.942
2024-03-10,Native_Ads,Native_Bonus_Landing,NG,T3,28700,393,0.0137,15.02,0.038,20,4,0.0509,0.2,69.52,3.75,362.8,12,0,0,0.938
2024-03-10,Native_Ads,Native_Bonus_Landing,CA,T1,28005,207,0.0074,148.47,0.717,14,2,0.0676,0.1429,122.83,74.23,-17.3,8,0,0,0.951
2024-03-10,Native_Ads,Native_Bonus_Landing,AU,T1,22096,399,0.0181,94.82,0.238,25,7,0.0627,0.28,433.51,13.55,357.2,23,0,0,0.941
2024-03-10,Native_Ads,Native_Bonus_Landing,IN,T3,35983,624,0.0173,29.53,0.047,53,11,0.0849,0.2075,111.63,2.68,278.0,44,1,0,0.944
2024-03-10,TikTok,TT_Casino_UGC,DE,T1,26391,554,0.021,148.74,0.268,43,7,0.0776,0.1628,272.18,21.25,83.0,59,1,0,0.904
2024-03-10,TikTok,TT_Casino_UGC,BR,T2,35747,683,0.0191,83.78,0.123,39,7,0.0571,0.1795,227.77,11.97,171.9,46,0,0,0.907
2024-03-10,TikTok,TT_Casino_UGC,PL,T2,26695,458,0.0172,81.76,0.179,30,5,0.0655,0.1667,100.44,16.35,22.8,35,0,0,0.926
2024-03-10,TikTok,TT_Casino_UGC,NG,T3,57616,546,0.0095,31.44,0.058,30,3,0.0549,0.1,31.07,10.48,-1.2,51,1,0,0.904
2024-03-10,TikTok,TT_Sports_Short,CA,T1,9208,191,0.0207,60.34,0.316,13,1,0.0681,0.0769,60.5,60.34,0.3,14,0,0,0.932
2024-03-10,TikTok,TT_Casino_UGC,AU,T1,29189,728,0.0249,158.45,0.218,50,9,0.0687,0.18,363.83,17.61,129.6,51,0,0,0.933
2024-03-10,TikTok,TT_Sports_Short,IN,T3,14409,273,0.0189,11.45,0.042,22,2,0.0806,0.0909,26.56,5.72,132.0,27,0,0,0.908
2024-03-10,Affiliate_SEO,SEO_BonusGuide_BR,DE,T1,43959,1152,0.0262,0.0,,303,98,0.263,0.3234,12527.06,,,15,1,0,0.984
2024-03-10,Affiliate_SEO,SEO_CasinoReview_DE,BR,T2,18438,404,0.0219,0.0,,80,40,0.198,0.5,1743.35,,,11,0,0,0.976
2024-03-10,Affiliate_SEO,SEO_CasinoReview_DE,PL,T2,6570,168,0.0256,0.0,,52,19,0.3095,0.3654,1316.63,,,4,0,0,0.978
2024-03-10,Affiliate_SEO,SEO_CasinoReview_DE,NG,T3,4625,69,0.0149,0.0,,15,8,0.2174,0.5333,254.83,,,1,0,0,0.979
2024-03-10,Affiliate_SEO,SEO_BonusGuide_BR,CA,T1,40980,896,0.0219,0.0,,144,65,0.1607,0.4514,6779.05,,,9,1,0,0.978
2024-03-10,Affiliate_SEO,SEO_BonusGuide_BR,AU,T1,10628,94,0.0088,0.0,,20,6,0.2128,0.3,649.63,,,2,0,0,0.982
2024-03-10,Affiliate_SEO,SEO_CasinoReview_DE,IN,T3,1073,36,0.0336,0.0,,8,2,0.2222,0.25,9.05,,,0,0,0,0.983
2024-03-11,Facebook,FB_Casino_CreativeA,DE,T1,13836,515,0.0372,155.03,0.301,40,4,0.0777,0.1,276.73,38.76,78.5,15,0,0,0.975
2024-03-11,Facebook,FB_Sports_Banner,BR,T2,16709,499,0.0299,52.02,0.104,67,14,0.1343,0.209,213.77,3.72,310.9,12,0,0,0.975
2024-03-11,Facebook,FB_Sports_Banner,PL,T2,27039,622,0.023,109.34,0.176,63,13,0.1013,0.2063,500.1,8.41,357.4,19,0,0,0.975
2024-03-11,Facebook,FB_Sports_Banner,NG,T3,13998,572,0.0409,12.55,0.022,35,6,0.0612,0.1714,102.59,2.09,717.5,25,0,0,0.965
2024-03-11,Facebook,FB_Slots_Video,CA,T1,11738,392,0.0334,120.9,0.308,43,12,0.1097,0.2791,883.61,10.08,630.9,6,0,0,0.965
2024-03-11,Facebook,FB_Casino_CreativeA,AU,T1,32996,1293,0.0392,264.62,0.205,121,30,0.0936,0.2479,1998.65,8.82,655.3,33,0,0,0.971
2024-03-11,Facebook,FB_Slots_Video,IN,T3,32947,1414,0.0429,44.81,0.032,145,27,0.1025,0.1862,506.74,1.66,1030.9,51,1,0,0.968
2024-03-11,Google_Search,GG_Casino_KW_Brand,DE,T1,21250,517,0.0243,509.31,0.985,92,17,0.1779,0.1848,1978.92,29.96,288.5,7,0,0,0.99
2024-03-11,Google_Search,GG_Casino_KW_Brand,BR,T2,26378,871,0.033,237.29,0.272,88,22,0.101,0.25,928.23,10.79,291.2,12,0,0,0.989
2024-03-11,Google_Search,GG_Casino_KW_Brand,PL,T2,21984,800,0.0364,252.3,0.315,114,42,0.1425,0.3684,2174.16,6.01,761.7,7,0,0,0.989
2024-03-11,Google_Search,GG_Casino_KW_Brand,NG,T3,30237,1267,0.0419,64.36,0.051,187,55,0.1476,0.2941,517.33,1.17,703.8,7,0,0,0.992
2024-03-11,Google_Search,GG_Slots_KW_Generic,CA,T1,11874,358,0.0301,302.75,0.846,74,22,0.2067,0.2973,1882.88,13.76,521.9,4,0,0,0.989
2024-03-11,Google_Search,GG_Casino_KW_Brand,AU,T1,20082,761,0.0379,413.82,0.544,125,51,0.1643,0.408,3783.72,8.11,814.3,6,0,0,0.988
2024-03-11,Google_Search,GG_Casino_KW_Brand,IN,T3,12802,370,0.0289,51.85,0.14,64,17,0.173,0.2656,283.5,3.05,446.8,4,0,0,0.992
2024-03-11,Push_Network,Push_Casino_Retarget,DE,T1,19298,501,0.026,29.79,0.059,25,2,0.0499,0.08,83.25,14.89,179.5,67,1,0,0.88
2024-03-11,Push_Network,Push_iGaming_Broad,BR,T2,25992,667,0.0257,16.59,0.025,31,3,0.0465,0.0968,11.56,5.53,-30.3,80,1,0,0.878
2024-03-11,Push_Network,Push_iGaming_Broad,PL,T2,41510,945,0.0228,30.86,0.033,43,2,0.0455,0.0465,48.76,15.43,58.0,171,2,0,0.86
2024-03-11,Push_Network,Push_iGaming_Broad,NG,T3,28361,522,0.0184,4.65,0.009,22,2,0.0421,0.0909,4.0,2.33,-14.0,52,0,0,0.836
2024-03-11,Push_Network,Push_iGaming_Broad,CA,T1,28454,547,0.0192,41.54,0.076,18,2,0.0329,0.1111,51.97,20.77,25.1,54,0,0,0.847
2024-03-11,Push_Network,Push_Casino_Retarget,AU,T1,19400,331,0.0171,28.7,0.087,14,1,0.0423,0.0714,27.6,28.7,-3.8,31,0,0,0.876
2024-03-11,Push_Network,Push_iGaming_Broad,IN,T3,27807,423,0.0152,7.05,0.017,19,2,0.0449,0.1053,12.0,3.52,70.2,68,0,0,0.853
2024-03-11,Native_Ads,Native_Review_Article,DE,T1,17038,366,0.0215,94.5,0.258,31,6,0.0847,0.1935,372.23,15.75,293.9,23,0,0,0.93
2024-03-11,Native_Ads,Native_Review_Article,BR,T2,21778,295,0.0135,32.96,0.112,21,3,0.0712,0.1429,55.79,10.99,69.3,11,0,0,0.949
2024-03-11,Native_Ads,Native_Bonus_Landing,PL,T2,66982,2060,0.0308,168.43,0.082,168,37,0.0816,0.2202,952.49,4.55,465.5,76,3,0,0.929
2024-03-11,Native_Ads,Native_Bonus_Landing,NG,T3,27412,392,0.0143,11.66,0.03,24,3,0.0612,0.125,44.26,3.89,279.6,19,0,0,0.949
2024-03-11,Native_Ads,Native_Bonus_Landing,CA,T1,16609,152,0.0092,78.4,0.516,9,2,0.0592,0.2222,129.92,39.2,65.7,12,0,0,0.929
2024-03-11,Native_Ads,Native_Bonus_Landing,AU,T1,29031,570,0.0196,145.95,0.256,47,8,0.0825,0.1702,515.11,18.24,252.9,20,0,0,0.941
2024-03-11,Native_Ads,Native_Review_Article,IN,T3,30530,930,0.0305,21.58,0.023,61,6,0.0656,0.0984,92.78,3.6,329.9,80,1,0,0.947
2024-03-11,TikTok,TT_Sports_Short,DE,T1,32518,814,0.025,211.18,0.259,67,9,0.0823,0.1343,498.92,23.46,136.3,59,1,0,0.924
2024-03-11,TikTok,TT_Casino_UGC,BR,T2,24859,721,0.029,53.76,0.075,54,8,0.0749,0.1481,79.42,6.72,47.7,47,1,0,0.92
2024-03-11,TikTok,TT_Casino_UGC,PL,T2,28690,756,0.0264,80.32,0.106,45,8,0.0595,0.1778,196.42,10.04,144.5,62,0,0,0.931
2024-03-11,TikTok,TT_Casino_UGC,NG,T3,18427,473,0.0257,11.84,0.025,24,3,0.0507,0.125,6.0,3.95,-49.3,21,0,0,0.916
2024-03-11,TikTok,TT_Casino_UGC,CA,T1,23444,409,0.0174,139.01,0.34,25,3,0.0611,0.12,161.35,46.34,16.1,20,0,0,0.917
2024-03-11,TikTok,TT_Casino_UGC,AU,T1,19000,300,0.0158,95.36,0.318,22,4,0.0733,0.1818,190.92,23.84,100.2,25,0,0,0.914
2024-03-11,TikTok,TT_Casino_UGC,IN,T3,68823,941,0.0137,67.67,0.072,61,5,0.0648,0.082,70.83,13.53,4.7,42,0,0,0.913
2024-03-11,Affiliate_SEO,SEO_CasinoReview_DE,DE,T1,39001,706,0.0181,0.0,,190,67,0.2691,0.3526,9210.1,,,18,0,0,0.981
2024-03-11,Affiliate_SEO,SEO_CasinoReview_DE,BR,T2,21498,460,0.0214,0.0,,106,39,0.2304,0.3679,1526.17,,,5,0,0,0.984
2024-03-11,Affiliate_SEO,SEO_CasinoReview_DE,PL,T2,8108,106,0.0131,0.0,,15,5,0.1415,0.3333,307.1,,,1,0,0,0.981
2024-03-11,Affiliate_SEO,SEO_BonusGuide_BR,NG,T3,8702,205,0.0236,0.0,,60,20,0.2927,0.3333,508.14,,,5,0,0,0.977
2024-03-11,Affiliate_SEO,SEO_BonusGuide_BR,CA,T1,23974,489,0.0204,0.0,,118,46,0.2413,0.3898,5379.89,,,10,0,0,0.981
2024-03-11,Affiliate_SEO,SEO_BonusGuide_BR,AU,T1,12258,289,0.0236,0.0,,68,24,0.2353,0.3529,2832.06,,,7,0,0,0.982
2024-03-11,Affiliate_SEO,SEO_CasinoReview_DE,IN,T3,2007,63,0.0314,0.0,,13,4,0.2063,0.3077,110.38,,,0,0,0,0.981
2024-03-12,Facebook,FB_Slots_Video,DE,T1,38753,1612,0.0416,403.93,0.251,147,40,0.0912,0.2721,3572.95,10.1,784.5,39,1,0,0.967
2024-03-12,Facebook,FB_Sports_Banner,BR,T2,18859,559,0.0296,56.37,0.101,59,12,0.1055,0.2034,511.4,4.7,807.2,8,0,0,0.969
2024-03-12,Facebook,FB_Casino_CreativeA,PL,T2,17784,681,0.0383,75.98,0.112,57,14,0.0837,0.2456,548.99,5.43,622.5,30,0,0,0.966
2024-03-12,Facebook,FB_Sports_Banner,NG,T3,26948,735,0.0273,25.25,0.034,61,14,0.083,0.2295,255.02,1.8,910.0,21,0,0,0.974
2024-03-12,Facebook,FB_Sports_Banner,CA,T1,27367,1091,0.0399,234.95,0.215,89,22,0.0816,0.2472,1852.22,10.68,688.3,38,0,0,0.972
2024-03-12,Facebook,FB_Sports_Banner,AU,T1,33091,1231,0.0372,308.76,0.251,116,25,0.0942,0.2155,2030.02,12.35,557.5,43,1,0,0.972
2024-03-12,Facebook,FB_Sports_Banner,IN,T3,46741,2042,0.0437,56.21,0.028,195,67,0.0955,0.3436,437.24,0.84,677.9,63,1,0,0.974
2024-03-12,Google_Search,GG_Casino_KW_Brand,DE,T1,47204,1996,0.0423,1342.84,0.673,341,96,0.1708,0.2815,10988.96,13.99,718.3,13,1,0,0.991
2024-03-12,Google_Search,GG_Slots_KW_Generic,BR,T2,32428,1620,0.05,309.87,0.191,243,75,0.15,0.3086,1866.25,4.13,502.3,14,0,0,0.99
2024-03-12,Google_Search,GG_Casino_KW_Brand,PL,T2,27062,1021,0.0377,261.03,0.256,121,37,0.1185,0.3058,1765.44,7.05,576.3,14,0,0,0.988
2024-03-12,Google_Search,GG_Sports_Betting,NG,T3,8955,462,0.0516,18.74,0.041,68,20,0.1472,0.2941,350.51,0.94,1770.4,3,0,0,0.991
2024-03-12,Google_Search,GG_Casino_KW_Brand,CA,T1,11655,396,0.034,307.55,0.777,76,25,0.1919,0.3289,2433.61,12.3,691.3,3,0,0,0.992
2024-03-12,Google_Search,GG_Slots_KW_Generic,AU,T1,33687,1246,0.037,687.06,0.551,247,89,0.1982,0.3603,7436.42,7.72,982.4,9,0,0,0.991
2024-03-12,Google_Search,GG_Sports_Betting,IN,T3,24609,969,0.0394,92.5,0.095,129,33,0.1331,0.2558,201.88,2.8,118.2,9,0,0,0.991
2024-03-12,Push_Network,Push_iGaming_Broad,DE,T1,24076,187,0.0078,36.31,0.194,6,0,0.0321,0.0,0.0,,-100.0,22,0,0,0.874
2024-03-12,Push_Network,Push_iGaming_Broad,BR,T2,32120,770,0.024,17.47,0.023,26,2,0.0338,0.0769,23.06,8.73,32.0,72,1,0,0.879
2024-03-12,Push_Network,Push_Casino_Retarget,PL,T2,23413,188,0.008,16.41,0.087,6,1,0.0319,0.1667,15.16,16.41,-7.6,15,0,0,0.833
2024-03-12,Push_Network,Push_Casino_Retarget,NG,T3,23229,261,0.0112,4.13,0.016,8,1,0.0307,0.125,6.73,4.13,63.0,49,0,0,0.847
2024-03-12,Push_Network,Push_iGaming_Broad,CA,T1,18868,260,0.0138,30.27,0.116,8,0,0.0308,0.0,0.0,,-100.0,52,0,0,0.844
2024-03-12,Push_Network,Push_Casino_Retarget,AU,T1,23476,758,0.0323,38.67,0.051,38,2,0.0501,0.0526,27.98,19.34,-27.6,105,1,0,0.841
2024-03-12,Push_Network,Push_Casino_Retarget,IN,T3,41536,740,0.0178,10.0,0.014,20,2,0.027,0.1,4.0,5.0,-60.0,108,0,0,0.879
2024-03-12,Native_Ads,Native_Bonus_Landing,DE,T1,14345,260,0.0181,81.62,0.314,17,3,0.0654,0.1765,214.16,27.21,162.4,16,0,0,0.929
2024-03-12,Native_Ads,Native_Bonus_Landing,BR,T2,33483,814,0.0243,56.29,0.069,50,7,0.0614,0.14,170.25,8.04,202.5,27,1,0,0.933
2024-03-12,Native_Ads,Native_Review_Article,PL,T2,23451,421,0.018,60.14,0.143,16,3,0.038,0.1875,111.33,20.05,85.1,27,0,0,0.939
2024-03-12,Native_Ads,Native_Review_Article,NG,T3,49066,1283,0.0261,26.6,0.021,87,20,0.0678,0.2299,40.65,1.33,52.8,80,1,0,0.929
2024-03-12,Native_Ads,Native_Bonus_Landing,CA,T1,12089,257,0.0213,62.65,0.244,19,2,0.0739,0.1053,133.07,31.32,112.4,11,0,0,0.943
2024-03-12,Native_Ads,Native_Bonus_Landing,AU,T1,22529,543,0.0241,100.87,0.186,54,10,0.0994,0.1852,626.29,10.09,520.9,23,1,0,0.94
2024-03-12,Native_Ads,Native_Bonus_Landing,IN,T3,21609,359,0.0166,16.38,0.046,18,3,0.0501,0.1667,23.92,5.46,46.0,29,0,0,0.949
2024-03-12,TikTok,TT_Casino_UGC,DE,T1,12158,285,0.0234,71.98,0.253,13,1,0.0456,0.0769,57.17,71.98,-20.6,25,0,0,0.916
2024-03-12,TikTok,TT_Sports_Short,BR,T2,63676,1328,0.0209,133.21,0.1,80,16,0.0602,0.2,275.23,8.33,106.6,81,1,0,0.927
2024-03-12,TikTok,TT_Casino_UGC,PL,T2,28303,826,0.0292,66.53,0.081,47,7,0.0569,0.1489,182.33,9.5,174.1,77,1,0,0.932
2024-03-12,TikTok,TT_Sports_Short,NG,T3,20670,375,0.0181,13.4,0.036,9,1,0.024,0.1111,11.13,13.4,-16.9,37,0,0,0.928
2024-03-12,TikTok,TT_Casino_UGC,CA,T1,15155,118,0.0078,84.89,0.719,3,0,0.0254,0.0,0.0,,-100.0,9,0,0,0.916
2024-03-12,TikTok,TT_Casino_UGC,AU,T1,42201,878,0.0208,224.54,0.256,48,7,0.0547,0.1458,269.34,32.08,20.0,78,1,0,0.926
2024-03-12,TikTok,TT_Sports_Short,IN,T3,38373,664,0.0173,36.98,0.056,56,10,0.0843,0.1786,117.06,3.7,216.5,58,1,0,0.914
2024-03-12,Affiliate_SEO,SEO_CasinoReview_DE,DE,T1,31718,1053,0.0332,0.0,,248,72,0.2355,0.2903,9236.24,,,17,1,0,0.983
2024-03-12,Affiliate_SEO,SEO_BonusGuide_BR,BR,T2,9682,246,0.0254,0.0,,37,11,0.1504,0.2973,422.84,,,3,0,0,0.982
2024-03-12,Affiliate_SEO,SEO_BonusGuide_BR,PL,T2,17012,242,0.0142,0.0,,49,19,0.2025,0.3878,912.51,,,3,0,0,0.982
2024-03-12,Affiliate_SEO,SEO_BonusGuide_BR,NG,T3,9482,206,0.0217,0.0,,32,10,0.1553,0.3125,164.6,,,4,0,0,0.981
2024-03-12,Affiliate_SEO,SEO_BonusGuide_BR,CA,T1,13143,373,0.0284,0.0,,86,34,0.2306,0.3953,3930.18,,,7,0,0,0.983
2024-03-12,Affiliate_SEO,SEO_BonusGuide_BR,AU,T1,50586,811,0.016,0.0,,197,78,0.2429,0.3959,9176.1,,,18,1,0,0.984
2024-03-12,Affiliate_SEO,SEO_CasinoReview_DE,IN,T3,7460,106,0.0142,0.0,,21,5,0.1981,0.2381,176.0,,,2,0,0,0.982
2024-03-13,Facebook,FB_Sports_Banner,DE,T1,15814,525,0.0332,170.79,0.325,56,14,0.1067,0.25,1124.99,12.2,558.7,11,0,0,0.976
2024-03-13,Facebook,FB_Sports_Banner,BR,T2,60174,2290,0.0381,171.5,0.075,192,30,0.0838,0.1562,1267.18,5.72,638.9,79,1,0,0.966
2024-03-13,Facebook,FB_Slots_Video,PL,T2,24156,912,0.0378,89.58,0.098,78,18,0.0855,0.2308,1008.71,4.98,1026.0,24,0,0,0.967
2024-03-13,Facebook,FB_Casino_CreativeA,NG,T3,16690,595,0.0357,14.84,0.025,58,13,0.0975,0.2241,152.42,1.14,927.1,9,0,0,0.967
2024-03-13,Facebook,FB_Casino_CreativeA,CA,T1,38378,1301,0.0339,337.19,0.259,120,21,0.0922,0.175,1667.95,16.06,394.7,34,0,0,0.975
2024-03-13,Facebook,FB_Casino_CreativeA,AU,T1,16597,546,0.0329,159.33,0.292,45,9,0.0824,0.2,817.59,17.7,413.1,10,0,0,0.964
2024-03-13,Facebook,FB_Casino_CreativeA,IN,T3,15972,636,0.0398,24.04,0.038,48,11,0.0755,0.2292,122.44,2.19,409.3,28,0,0,0.968
2024-03-13,Google_Search,GG_Slots_KW_Generic,DE,T1,7252,157,0.0216,205.51,1.309,33,9,0.2102,0.2727,1039.0,22.83,405.6,2,0,0,0.991
2024-03-13,Google_Search,GG_Slots_KW_Generic,BR,T2,16119,807,0.0501,129.22,0.16,99,28,0.1227,0.2828,490.4,4.62,279.5,6,0,0,0.99
2024-03-13,Google_Search,GG_Slots_KW_Generic,PL,T2,25266,1299,0.0514,308.22,0.237,220,51,0.1694,0.2318,2665.19,6.04,764.7,12,0,0,0.988
2024-03-13,Google_Search,GG_Casino_KW_Brand,NG,T3,65278,2552,0.0391,137.35,0.054,367,110,0.1438,0.2997,2640.61,1.25,1822.5,34,0,0,0.988
2024-03-13,Google_Search,GG_Sports_Betting,CA,T1,15269,584,0.0382,347.47,0.595,98,36,0.1678,0.3673,3321.6,9.65,855.9,8,0,0,0.99
2024-03-13,Google_Search,GG_Slots_KW_Generic,AU,T1,13470,436,0.0324,312.34,0.716,67,31,0.1537,0.4627,2773.96,10.08,788.1,5,0,0,0.991
2024-03-13,Google_Search,GG_Slots_KW_Generic,IN,T3,35589,1455,0.0409,137.32,0.094,225,70,0.1546,0.3111,636.19,1.96,363.3,14,0,0,0.99
2024-03-13,Push_Network,Push_iGaming_Broad,DE,T1,35031,823,0.0235,61.07,0.074,41,5,0.0498,0.122,195.14,12.21,219.5,61,1,0,0.843
2024-03-13,Push_Network,Push_iGaming_Broad,BR,T2,26018,276,0.0106,15.53,0.056,10,1,0.0362,0.1,13.53,15.53,-12.9,23,0,0,0.855
2024-03-13,Push_Network,Push_iGaming_Broad,PL,T2,15142,406,0.0268,10.98,0.027,14,1,0.0345,0.0714,20.45,10.98,86.2,44,0,0,0.855
2024-03-13,Push_Network,Push_Casino_Retarget,NG,T3,27604,655,0.0237,4.91,0.007,23,3,0.0351,0.1304,27.53,1.64,460.7,87,1,0,0.851
2024-03-13,Push_Network,Push_Casino_Retarget,CA,T1,33916,855,0.0252,58.72,0.069,41,4,0.048,0.0976,133.18,14.68,126.8,102,1,0,0.84
2024-03-13,Push_Network,Push_iGaming_Broad,AU,T1,15877,194,0.0122,23.04,0.119,9,0,0.0464,0.0,0.0,,-100.0,19,0,0,0.839
2024-03-13,Push_Network,Push_Casino_Retarget,IN,T3,57278,1415,0.0247,13.78,0.01,43,5,0.0304,0.1163,39.84,2.76,189.1,155,2,0,0.841
2024-03-13,Native_Ads,Native_Review_Article,DE,T1,7865,172,0.0219,43.39,0.252,11,2,0.064,0.1818,125.11,21.7,188.3,13,0,0,0.931
2024-03-13,Native_Ads,Native_Review_Article,BR,T2,19908,425,0.0213,35.07,0.083,33,7,0.0776,0.2121,207.26,5.01,491.0,35,0,0,0.94
2024-03-13,Native_Ads,Native_Review_Article,PL,T2,22779,572,0.0251,47.49,0.083,48,10,0.0839,0.2083,249.53,4.75,425.4,17,0,0,0.942
2024-03-13,Native_Ads,Native_Review_Article,NG,T3,26546,521,0.0196,11.67,0.022,41,10,0.0787,0.2439,118.6,1.17,916.3,22,0,0,0.934
2024-03-13,Native_Ads,Native_Bonus_Landing,CA,T1,71504,1046,0.0146,336.67,0.322,77,15,0.0736,0.1948,1059.17,22.44,214.6,81,0,0,0.933
2024-03-13,Native_Ads,Native_Bonus_Landing,AU,T1,47629,529,0.0111,194.63,0.368,26,4,0.0491,0.1538,250.39,48.66,28.6,34,0,0,0.945
2024-03-13,Native_Ads,Native_Review_Article,IN,T3,15332,203,0.0132,11.19,0.055,11,2,0.0542,0.1818,27.79,5.59,148.3,16,0,0,0.939
2024-03-13,TikTok,TT_Sports_Short,DE,T1,27190,326,0.012,156.91,0.481,15,2,0.046,0.1333,110.69,78.45,-29.5,37,0,0,0.917
2024-03-13,TikTok,TT_Sports_Short,BR,T2,15482,269,0.0174,34.7,0.129,14,2,0.052,0.1429,19.66,17.35,-43.3,17,0,0,0.926
2024-03-13,TikTok,TT_Casino_UGC,PL,T2,21135,617,0.0292,48.78,0.079,32,6,0.0519,0.1875,63.17,8.13,29.5,53,0,0,0.926
2024-03-13,TikTok,TT_Sports_Short,NG,T3,62077,1331,0.0214,34.62,0.026,115,18,0.0864,0.1565,36.0,1.92,4.0,69,4,0,0.93
2024-03-13,TikTok,TT_Casino_UGC,CA,T1,20877,349,0.0167,112.98,0.324,22,4,0.063,0.1818,216.14,28.25,91.3,19,0,0,0.917
2024-03-13,TikTok,TT_Sports_Short,AU,T1,36672,780,0.0213,192.17,0.246,27,4,0.0346,0.1481,176.83,48.04,-8.0,90,0,0,0.924
2024-03-13,TikTok,TT_Sports_Short,IN,T3,26508,566,0.0214,22.99,0.041,38,6,0.0671,0.1579,57.58,3.83,150.5,33,0,0,0.934
2024-03-13,Affiliate_SEO,SEO_CasinoReview_DE,DE,T1,13848,310,0.0224,0.0,,65,20,0.2097,0.3077,2468.97,,,8,0,0,0.983
2024-03-13,Affiliate_SEO,SEO_BonusGuide_BR,BR,T2,10384,332,0.032,0.0,,81,32,0.244,0.3951,1193.77,,,5,0,0,0.98
2024-03-13,Affiliate_SEO,SEO_BonusGuide_BR,PL,T2,18322,383,0.0209,0.0,,76,20,0.1984,0.2632,1204.05,,,7,0,0,0.983
2024-03-13,Affiliate_SEO,SEO_CasinoReview_DE,NG,T3,3213,16,0.005,0.0,,2,0,0.125,0.0,0.0,,,0,0,0,0.983
2024-03-13,Affiliate_SEO,SEO_CasinoReview_DE,CA,T1,8900,200,0.0225,0.0,,48,17,0.24,0.3542,1956.05,,,3,0,0,0.98
2024-03-13,Affiliate_SEO,SEO_CasinoReview_DE,AU,T1,30877,788,0.0255,0.0,,192,50,0.2437,0.2604,5688.78,,,13,1,0,0.98
2024-03-13,Affiliate_SEO,SEO_CasinoReview_DE,IN,T3,5109,63,0.0123,0.0,,10,2,0.1587,0.2,39.13,,,0,0,0,0.981
2024-03-14,Facebook,FB_Sports_Banner,DE,T1,37562,1472,0.0392,324.44,0.22,119,34,0.0808,0.2857,3207.2,9.54,888.5,45,1,0,0.973
2024-03-14,Facebook,FB_Sports_Banner,BR,T2,33368,1562,0.0468,110.59,0.071,138,32,0.0883,0.2319,500.3,3.46,352.4,29,1,0,0.971
2024-03-14,Facebook,FB_Slots_Video,PL,T2,26754,902,0.0337,113.9,0.126,39,7,0.0432,0.1795,334.33,16.27,193.5,29,0,0,0.974
2024-03-14,Facebook,FB_Casino_CreativeA,NG,T3,26875,1172,0.0436,27.65,0.024,99,25,0.0845,0.2525,497.7,1.11,1700.0,40,0,0,0.975
2024-03-14,Facebook,FB_Slots_Video,CA,T1,16312,799,0.049,158.53,0.198,67,13,0.0839,0.194,822.59,12.19,418.9,34,0,0,0.97
2024-03-14,Facebook,FB_Slots_Video,AU,T1,16412,478,0.0291,148.62,0.311,38,9,0.0795,0.2368,535.36,16.51,260.2,19,0,0,0.971
2024-03-14,Facebook,FB_Sports_Banner,IN,T3,14489,372,0.0257,18.7,0.05,27,5,0.0726,0.1852,10.0,3.74,-46.5,7,0,0,0.965
2024-03-14,Google_Search,GG_Sports_Betting,DE,T1,20660,461,0.0223,470.06,1.02,49,15,0.1063,0.3061,1507.79,31.34,220.8,2,0,0,0.99
2024-03-14,Google_Search,GG_Casino_KW_Brand,BR,T2,43864,1122,0.0256,373.26,0.333,177,38,0.1578,0.2147,907.3,9.82,143.1,12,0,0,0.989
2024-03-14,Google_Search,GG_Slots_KW_Generic,PL,T2,29793,880,0.0295,305.0,0.347,153,50,0.1739,0.3268,2232.46,6.1,632.0,9,0,0,0.989
2024-03-14,Google_Search,GG_Slots_KW_Generic,NG,T3,10873,297,0.0273,22.65,0.076,41,13,0.138,0.3171,180.63,1.74,697.5,3,0,0,0.991
2024-03-14,Google_Search,GG_Sports_Betting,CA,T1,16627,799,0.0481,364.58,0.456,106,32,0.1327,0.3019,3004.46,11.39,724.1,11,0,0,0.989
2024-03-14,Google_Search,GG_Sports_Betting,AU,T1,10002,376,0.0376,247.61,0.659,46,16,0.1223,0.3478,1378.77,15.48,456.8,2,0,0,0.989
2024-03-14,Google_Search,GG_Casino_KW_Brand,IN,T3,17321,605,0.0349,60.4,0.1,81,34,0.1339,0.4198,515.45,1.78,753.4,3,0,0,0.99
2024-03-14,Push_Network,Push_iGaming_Broad,DE,T1,17840,327,0.0183,32.98,0.101,14,2,0.0428,0.1429,92.53,16.49,180.6,55,0,0,0.876
2024-03-14,Push_Network,Push_iGaming_Broad,BR,T2,13231,230,0.0174,6.39,0.028,9,0,0.0391,0.0,0.0,,-100.0,34,0,0,0.878
2024-03-14,Push_Network,Push_Casino_Retarget,PL,T2,39201,817,0.0208,27.63,0.034,36,3,0.0441,0.0833,66.62,9.21,141.1,145,1,0,0.888
2024-03-14,Push_Network,Push_iGaming_Broad,NG,T3,42831,731,0.0171,6.99,0.01,22,2,0.0301,0.0909,18.89,3.5,170.2,120,0,0,0.86
2024-03-14,Push_Network,Push_Casino_Retarget,CA,T1,11909,198,0.0166,21.21,0.107,6,0,0.0303,0.0,0.0,,-100.0,31,0,0,0.863
2024-03-14,Push_Network,Push_Casino_Retarget,AU,T1,18353,429,0.0234,30.73,0.072,15,1,0.035,0.0667,24.78,30.73,-19.4,85,0,0,0.858
2024-03-14,Push_Network,Push_Casino_Retarget,IN,T3,30242,524,0.0173,8.17,0.016,17,1,0.0324,0.0588,10.93,8.17,33.8,98,0,0,0.853
2024-03-14,Native_Ads,Native_Review_Article,DE,T1,20208,390,0.0193,127.65,0.327,22,2,0.0564,0.0909,154.74,63.83,21.2,17,0,0,0.935
2024-03-14,Native_Ads,Native_Bonus_Landing,BR,T2,34226,529,0.0155,57.69,0.109,41,7,0.0775,0.1707,266.47,8.24,361.9,24,0,0,0.937
2024-03-14,Native_Ads,Native_Bonus_Landing,PL,T2,70560,1132,0.016,182.34,0.161,51,11,0.0451,0.2157,276.64,16.58,51.7,73,0,0,0.938
2024-03-14,Native_Ads,Native_Review_Article,NG,T3,37891,633,0.0167,17.19,0.027,42,8,0.0664,0.1905,156.65,2.15,811.3,56,0,0,0.941
2024-03-14,Native_Ads,Native_Review_Article,CA,T1,50693,994,0.0196,271.83,0.273,65,11,0.0654,0.1692,650.95,24.71,139.5,53,0,0,0.93
2024-03-14,Native_Ads,Native_Bonus_Landing,AU,T1,22147,120,0.0054,100.07,0.834,9,1,0.075,0.1111,70.4,100.07,-29.6,4,0,0,0.948
2024-03-14,Native_Ads,Native_Review_Article,IN,T3,139218,2832,0.0203,96.43,0.034,156,26,0.0551,0.1667,164.57,3.71,70.7,237,4,0,0.947
2024-03-14,TikTok,TT_Sports_Short,DE,T1,23094,589,0.0255,129.98,0.221,42,5,0.0713,0.119,229.49,26.0,76.6,69,0,0,0.927
2024-03-14,TikTok,TT_Casino_UGC,BR,T2,49408,1212,0.0245,104.36,0.086,57,11,0.047,0.193,282.97,9.49,171.1,81,1,0,0.932
2024-03-14,TikTok,TT_Casino_UGC,PL,T2,13258,432,0.0326,34.03,0.079,27,4,0.0625,0.1481,112.14,8.51,229.5,22,0,0,0.911
2024-03-14,TikTok,TT_Sports_Short,NG,T3,20203,641,0.0317,10.85,0.017,44,6,0.0686,0.1364,31.0,1.81,185.7,28,1,0,0.92
2024-03-14,TikTok,TT_Casino_UGC,CA,T1,26821,799,0.0298,183.75,0.23,45,9,0.0563,0.2,417.78,20.42,127.4,74,0,0,0.911
2024-03-14,TikTok,TT_Sports_Short,AU,T1,41939,1026,0.0245,258.71,0.252,15,1,0.0146,0.0667,45.62,258.71,-82.4,93,0,0,0.924
2024-03-14,TikTok,TT_Sports_Short,IN,T3,30579,796,0.026,30.62,0.038,51,8,0.0641,0.1569,37.21,3.83,21.5,33,1,0,0.915
2024-03-14,Affiliate_SEO,SEO_CasinoReview_DE,DE,T1,30752,384,0.0125,0.0,,81,25,0.2109,0.3086,2697.21,,,10,0,0,0.982
2024-03-14,Affiliate_SEO,SEO_CasinoReview_DE,BR,T2,11956,305,0.0255,0.0,,79,28,0.259,0.3544,1025.25,,,5,0,0,0.982
2024-03-14,Affiliate_SEO,SEO_BonusGuide_BR,PL,T2,13235,174,0.0131,0.0,,31,7,0.1782,0.2258,521.46,,,3,0,0,0.983
2024-03-14,Affiliate_SEO,SEO_CasinoReview_DE,NG,T3,3195,90,0.0282,0.0,,24,10,0.2667,0.4167,211.35,,,1,0,0,0.983
2024-03-14,Affiliate_SEO,SEO_CasinoReview_DE,CA,T1,57656,1042,0.0181,0.0,,206,75,0.1977,0.3641,8609.27,,,10,1,0,0.981
2024-03-14,Affiliate_SEO,SEO_CasinoReview_DE,AU,T1,13690,278,0.0203,0.0,,64,23,0.2302,0.3594,2914.48,,,3,0,0,0.979
2024-03-14,Affiliate_SEO,SEO_CasinoReview_DE,IN,T3,14227,391,0.0275,0.0,,71,20,0.1816,0.2817,276.44,,,9,0,0,0.976
2024-03-15,Facebook,FB_Casino_CreativeA,DE,T1,33249,1063,0.032,366.92,0.345,101,20,0.095,0.198,1742.25,18.35,374.8,40,0,0,0.975
2024-03-15,Facebook,FB_Casino_CreativeA,BR,T2,13146,420,0.0319,37.08,0.088,54,15,0.1286,0.2778,593.78,2.47,1501.3,14,0,0,0.976
2024-03-15,Facebook,FB_Slots_Video,PL,T2,33424,750,0.0224,126.26,0.168,59,20,0.0787,0.339,557.57,6.31,341.6,30,0,0,0.973
2024-03-15,Facebook,FB_Sports_Banner,NG,T3,15641,443,0.0283,14.72,0.033,37,5,0.0835,0.1351,12.79,2.94,-13.1,14,0,0,0.974
2024-03-15,Facebook,FB_Sports_Banner,CA,T1,22498,768,0.0341,181.26,0.236,76,13,0.099,0.1711,1078.05,13.94,494.8,21,0,0,0.971
2024-03-15,Facebook,FB_Sports_Banner,AU,T1,18487,650,0.0352,151.35,0.233,68,18,0.1046,0.2647,1202.58,8.41,694.6,11,0,0,0.969
2024-03-15,Facebook,FB_Sports_Banner,IN,T3,7394,256,0.0346,11.47,0.045,21,4,0.082,0.1905,61.67,2.87,437.7,7,0,0,0.976
2024-03-15,Google_Search,GG_Slots_KW_Generic,DE,T1,17786,733,0.0412,481.36,0.657,112,38,0.1528,0.3393,3942.02,12.67,718.9,4,0,0,0.991
2024-03-15,Google_Search,GG_Sports_Betting,BR,T2,30445,1227,0.0403,238.82,0.195,182,62,0.1483,0.3407,3786.65,3.85,1485.6,12,0,0,0.989
2024-03-15,Google_Search,GG_Sports_Betting,PL,T2,18749,282,0.015,227.24,0.806,63,24,0.2234,0.381,1008.31,9.47,343.7,1,0,0,0.989
2024-03-15,Google_Search,GG_Slots_KW_Generic,NG,T3,12836,435,0.0339,34.34,0.079,78,24,0.1793,0.3077,48.0,1.43,39.8,3,0,0,0.991
2024-03-15,Google_Search,GG_Sports_Betting,CA,T1,14136,408,0.0289,309.48,0.759,71,14,0.174,0.1972,1295.71,22.11,318.7,5,0,0,0.99
2024-03-15,Google_Search,GG_Slots_KW_Generic,AU,T1,14686,479,0.0326,348.96,0.729,59,10,0.1232,0.1695,949.93,34.9,172.2,4,0,0,0.989
2024-03-15,Google_Search,GG_Slots_KW_Generic,IN,T3,15668,344,0.022,55.7,0.162,60,18,0.1744,0.3,395.57,3.09,610.2,4,0,0,0.989
2024-03-15,Push_Network,Push_Casino_Retarget,DE,T1,62838,1107,0.0176,114.31,0.103,37,4,0.0334,0.1081,133.61,28.58,16.9,119,1,0,0.855
2024-03-15,Push_Network,Push_iGaming_Broad,BR,T2,13101,300,0.0229,8.2,0.027,14,1,0.0467,0.0714,13.74,8.2,67.6,41,0,0,0.851
2024-03-15,Push_Network,Push_Casino_Retarget,PL,T2,12758,288,0.0226,9.75,0.034,8,0,0.0278,0.0,0.0,,-100.0,34,0,0,0.886
2024-03-15,Push_Network,Push_Casino_Retarget,NG,T3,71139,764,0.0107,12.59,0.016,28,4,0.0366,0.1429,40.03,3.15,218.0,104,1,0,0.879
2024-03-15,Push_Network,Push_Casino_Retarget,CA,T1,37188,378,0.0102,64.39,0.17,16,2,0.0423,0.125,85.19,32.2,32.3,76,0,0,0.857
2024-03-15,Push_Network,Push_Casino_Retarget,AU,T1,13862,268,0.0193,18.91,0.071,9,1,0.0336,0.1111,32.74,18.91,73.1,49,0,0,0.878
2024-03-15,Push_Network,Push_Casino_Retarget,IN,T3,31410,561,0.0179,7.61,0.014,19,3,0.0339,0.1579,6.84,2.54,-10.1,89,0,0,0.882
2024-03-15,Native_Ads,Native_Review_Article,DE,T1,37782,680,0.018,226.28,0.333,34,6,0.05,0.1765,395.72,37.71,74.9,38,0,0,0.939
2024-03-15,Native_Ads,Native_Bonus_Landing,BR,T2,31644,596,0.0188,59.34,0.1,48,8,0.0805,0.1667,55.04,7.42,-7.2,47,0,0,0.951
2024-03-15,Native_Ads,Native_Review_Article,PL,T2,32077,404,0.0126,62.79,0.155,32,5,0.0792,0.1562,142.4,12.56,126.8,14,0,0,0.93
2024-03-15,Native_Ads,Native_Bonus_Landing,NG,T3,24744,615,0.0249,11.85,0.019,44,6,0.0715,0.1364,78.72,1.97,564.3,40,0,0,0.943
2024-03-15,Native_Ads,Native_Review_Article,CA,T1,64792,1181,0.0182,343.57,0.291,87,14,0.0737,0.1609,804.93,24.54,134.3,70,0,0,0.949
2024-03-15,Native_Ads,Native_Review_Article,AU,T1,55997,758,0.0135,285.5,0.377,40,7,0.0528,0.175,433.13,40.79,51.7,27,0,0,0.945
2024-03-15,Native_Ads,Native_Review_Article,IN,T3,24421,826,0.0338,17.69,0.021,51,12,0.0617,0.2353,190.43,1.47,976.5,29,0,0,0.95
2024-03-15,TikTok,TT_Sports_Short,DE,T1,53862,1150,0.0214,339.36,0.295,70,9,0.0609,0.1286,475.29,37.71,40.1,134,1,0,0.925
2024-03-15,TikTok,TT_Sports_Short,BR,T2,50078,675,0.0135,115.59,0.171,45,6,0.0667,0.1333,50.46,19.27,-56.3,56,1,0,0.931
2024-03-15,TikTok,TT_Sports_Short,PL,T2,58969,1072,0.0182,150.26,0.14,76,10,0.0709,0.1316,192.61,15.03,28.2,102,2,0,0.934
2024-03-15,TikTok,TT_Casino_UGC,NG,T3,43829,1164,0.0266,22.86,0.02,62,8,0.0533,0.129,16.0,2.86,-30.0,71,2,0,0.928
2024-03-15,TikTok,TT_Sports_Short,CA,T1,30971,792,0.0256,186.67,0.236,41,7,0.0518,0.1707,414.67,26.67,122.1,72,1,0,0.909
2024-03-15,TikTok,TT_Casino_UGC,AU,T1,21151,452,0.0214,124.28,0.275,27,5,0.0597,0.1852,229.94,24.86,85.0,41,0,0,0.925
2024-03-15,TikTok,TT_Casino_UGC,IN,T3,13277,408,0.0307,10.9,0.027,22,4,0.0539,0.1818,33.88,2.73,210.8,40,0,0,0.934
2024-03-15,Affiliate_SEO,SEO_CasinoReview_DE,DE,T1,29022,521,0.018,0.0,,65,26,0.1248,0.4,3222.88,,,14,0,0,0.982
2024-03-15,Affiliate_SEO,SEO_CasinoReview_DE,BR,T2,8128,188,0.0231,0.0,,36,15,0.1915,0.4167,561.96,,,2,0,0,0.979
2024-03-15,Affiliate_SEO,SEO_CasinoReview_DE,PL,T2,7282,160,0.022,0.0,,38,16,0.2375,0.4211,986.77,,,3,0,0,0.983
2024-03-15,Affiliate_SEO,SEO_BonusGuide_BR,NG,T3,4073,160,0.0393,0.0,,30,10,0.1875,0.3333,188.9,,,3,0,0,0.98
2024-03-15,Affiliate_SEO,SEO_BonusGuide_BR,CA,T1,8909,142,0.0159,0.0,,43,7,0.3028,0.1628,806.46,,,3,0,0,0.98
2024-03-15,Affiliate_SEO,SEO_BonusGuide_BR,AU,T1,109326,1907,0.0174,0.0,,335,140,0.1757,0.4179,15640.75,,,26,1,0,0.978
2024-03-15,Affiliate_SEO,SEO_CasinoReview_DE,IN,T3,1607,35,0.0218,0.0,,5,1,0.1429,0.2,20.4,,,0,0,0,0.984
2024-03-16,Facebook,FB_Slots_Video,DE,T1,10357,564,0.0545,98.17,0.174,51,14,0.0904,0.2745,1131.9,7.01,1053.0,16,0,0,0.969
2024-03-16,Facebook,FB_Slots_Video,BR,T2,17853,590,0.033,52.31,0.089,54,11,0.0915,0.2037,345.41,4.76,560.3,16,0,0,0.973
2024-03-16,Facebook,FB_Sports_Banner,PL,T2,35135,1794,0.0511,148.19,0.083,181,53,0.1009,0.2928,1984.78,2.8,1239.3,27,0,0,0.971
2024-03-16,Facebook,FB_Slots_Video,NG,T3,31762,1083,0.0341,28.93,0.027,104,18,0.096,0.1731,313.31,1.61,983.0,38,0,0,0.965
2024-03-16,Facebook,FB_Casino_CreativeA,CA,T1,22366,615,0.0275,186.89,0.304,73,18,0.1187,0.2466,1326.59,10.38,609.8,10,0,0,0.975
2024-03-16,Facebook,FB_Sports_Banner,AU,T1,43041,983,0.0228,344.06,0.35,83,19,0.0844,0.2289,1285.24,18.11,273.6,18,0,0,0.975
2024-03-16,Facebook,FB_Casino_CreativeA,IN,T3,55678,1716,0.0308,85.83,0.05,136,35,0.0793,0.2574,716.5,2.45,734.8,36,1,0,0.971
2024-03-16,Google_Search,GG_Sports_Betting,DE,T1,21092,888,0.0421,483.29,0.544,133,56,0.1498,0.4211,5621.22,8.63,1063.1,6,0,0,0.99
2024-03-16,Google_Search,GG_Casino_KW_Brand,BR,T2,31582,827,0.0262,260.01,0.314,79,18,0.0955,0.2278,737.59,14.45,183.7,5,0,0,0.992
2024-03-16,Google_Search,GG_Sports_Betting,PL,T2,36004,1117,0.031,412.51,0.369,160,57,0.1432,0.3563,2507.79,7.24,507.9,16,0,0,0.991
2024-03-16,Google_Search,GG_Casino_KW_Brand,NG,T3,29866,959,0.0321,81.94,0.085,149,61,0.1554,0.4094,774.64,1.34,845.4,6,0,0,0.992
2024-03-16,Google_Search,GG_Slots_KW_Generic,CA,T1,27186,798,0.0294,587.93,0.737,139,33,0.1742,0.2374,3391.21,17.82,476.8,7,0,0,0.989
2024-03-16,Google_Search,GG_Casino_KW_Brand,AU,T1,20104,468,0.0233,412.47,0.881,68,28,0.1453,0.4118,2486.65,14.73,502.9,5,0,0,0.988
2024-03-16,Google_Search,GG_Slots_KW_Generic,IN,T3,37673,1602,0.0425,120.45,0.075,202,48,0.1261,0.2376,965.69,2.51,701.7,14,0,0,0.991
2024-03-16,Push_Network,Push_Casino_Retarget,DE,T1,10124,186,0.0184,16.95,0.091,7,1,0.0376,0.1429,36.29,16.95,114.1,33,0,0,0.863
2024-03-16,Push_Network,Push_Casino_Retarget,BR,T2,60794,1500,0.0247,30.99,0.021,70,6,0.0467,0.0857,58.87,5.17,90.0,287,3,0,0.86
2024-03-16,Push_Network,Push_iGaming_Broad,PL,T2,19861,242,0.0122,15.48,0.064,9,1,0.0372,0.1111,5.05,15.48,-67.4,18,0,0,0.838
2024-03-16,Push_Network,Push_Casino_Retarget,NG,T3,31492,541,0.0172,5.19,0.01,21,2,0.0388,0.0952,4.0,2.6,-22.9,84,0,0,0.854
2024-03-16,Push_Network,Push_iGaming_Broad,CA,T1,20477,363,0.0177,28.78,0.079,11,1,0.0303,0.0909,45.95,28.78,59.7,63,0,0,0.834
2024-03-16,Push_Network,Push_iGaming_Broad,AU,T1,27001,899,0.0333,34.98,0.039,26,2,0.0289,0.0769,61.9,17.49,77.0,88,0,0,0.87
2024-03-16,Push_Network,Push_iGaming_Broad,IN,T3,5616,107,0.0191,1.35,0.013,4,0,0.0374,0.0,0.0,,-100.0,19,0,0,0.852
2024-03-16,Native_Ads,Native_Review_Article,DE,T1,24750,334,0.0135,153.7,0.46,22,2,0.0659,0.0909,164.05,76.85,6.7,10,0,0,0.938
2024-03-16,Native_Ads,Native_Review_Article,BR,T2,28526,466,0.0163,52.64,0.113,28,5,0.0601,0.1786,106.72,10.53,102.7,38,0,0,0.932
2024-03-16,Native_Ads,Native_Review_Article,PL,T2,21316,392,0.0184,48.81,0.125,33,10,0.0842,0.303,254.87,4.88,422.2,23,0,0,0.936
2024-03-16,Native_Ads,Native_Bonus_Landing,NG,T3,51319,1093,0.0213,28.56,0.026,74,16,0.0677,0.2162,36.6,1.78,28.2,38,1,0,0.947
2024-03-16,Native_Ads,Native_Bonus_Landing,CA,T1,34632,714,0.0206,181.38,0.254,53,9,0.0742,0.1698,530.36,20.15,192.4,39,1,0,0.947
2024-03-16,Native_Ads,Native_Review_Article,AU,T1,45924,540,0.0118,250.15,0.463,46,11,0.0852,0.2391,589.9,22.74,135.8,36,0,0,0.944
2024-03-16,Native_Ads,Native_Bonus_Landing,IN,T3,33897,757,0.0223,27.89,0.037,57,10,0.0753,0.1754,214.98,2.79,670.8,46,0,0,0.929
2024-03-16,TikTok,TT_Sports_Short,DE,T1,36070,791,0.0219,252.38,0.319,38,6,0.048,0.1579,273.12,42.06,8.2,75,0,0,0.923
2024-03-16,TikTok,TT_Sports_Short,BR,T2,23401,413,0.0176,45.22,0.109,20,3,0.0484,0.15,68.94,15.07,52.5,28,0,0,0.911
2024-03-16,TikTok,TT_Casino_UGC,PL,T2,12463,327,0.0262,31.86,0.097,23,3,0.0703,0.1304,64.44,10.62,102.3,19,0,0,0.914
2024-03-16,TikTok,TT_Casino_UGC,NG,T3,30596,1014,0.0331,20.33,0.02,50,5,0.0493,0.1,25.09,4.07,23.4,53,0,0,0.926
2024-03-16,TikTok,TT_Casino_UGC,CA,T1,26413,340,0.0129,159.95,0.47,21,3,0.0618,0.1429,147.98,53.32,-7.5,37,0,0,0.919
2024-03-16,TikTok,TT_Sports_Short,AU,T1,68998,958,0.0139,417.78,0.436,39,6,0.0407,0.1538,208.13,69.63,-50.2,72,0,0,0.929
2024-03-16,TikTok,TT_Casino_UGC,IN,T3,32507,795,0.0245,32.86,0.041,52,7,0.0654,0.1346,31.48,4.69,-4.2,36,1,0,0.919
2024-03-16,Affiliate_SEO,SEO_BonusGuide_BR,DE,T1,52837,1278,0.0242,0.0,,320,74,0.2504,0.2313,8760.34,,,22,2,0,0.981
2024-03-16,Affiliate_SEO,SEO_BonusGuide_BR,BR,T2,10839,190,0.0175,0.0,,41,18,0.2158,0.439,900.38,,,4,0,0,0.981
2024-03-16,Affiliate_SEO,SEO_BonusGuide_BR,PL,T2,3197,47,0.0147,0.0,,11,2,0.234,0.1818,114.78,,,1,0,0,0.98
2024-03-16,Affiliate_SEO,SEO_BonusGuide_BR,NG,T3,1199,13,0.0108,0.0,,2,0,0.1538,0.0,0.0,,,0,0,0,0.977
2024-03-16,Affiliate_SEO,SEO_BonusGuide_BR,CA,T1,35590,732,0.0206,0.0,,141,48,0.1926,0.3404,5111.28,,,17,0,0,0.977
2024-03-16,Affiliate_SEO,SEO_CasinoReview_DE,AU,T1,23617,479,0.0203,0.0,,83,25,0.1733,0.3012,3067.87,,,5,0,0,0.982
2024-03-16,Affiliate_SEO,SEO_BonusGuide_BR,IN,T3,2230,28,0.0126,0.0,,6,2,0.2143,0.3333,26.57,,,0,0,0,0.983
2024-03-17,Facebook,FB_Sports_Banner,DE,T1,14253,692,0.0486,142.21,0.206,56,20,0.0809,0.3571,1535.6,7.11,979.8,27,0,0,0.971
2024-03-17,Facebook,FB_Slots_Video,BR,T2,11293,299,0.0265,30.96,0.104,29,5,0.097,0.1724,173.73,6.19,461.1,12,0,0,0.969
2024-03-17,Facebook,FB_Sports_Banner,PL,T2,55211,2818,0.051,219.56,0.078,218,50,0.0774,0.2294,2678.21,4.39,1119.8,109,2,0,0.968
2024-03-17,Facebook,FB_Casino_CreativeA,NG,T3,22364,741,0.0331,22.53,0.03,73,20,0.0985,0.274,577.93,1.13,2465.2,26,0,0,0.973
2024-03-17,Facebook,FB_Slots_Video,CA,T1,38177,1739,0.0456,295.95,0.17,156,25,0.0897,0.1603,1964.16,11.84,563.7,26,1,0,0.973
2024-03-17,Facebook,FB_Casino_CreativeA,AU,T1,30881,1229,0.0398,256.93,0.209,73,19,0.0594,0.2603,1843.19,13.52,617.4,53,0,0,0.974
2024-03-17,Facebook,FB_Casino_CreativeA,IN,T3,13057,379,0.029,18.27,0.048,21,5,0.0554,0.2381,87.56,3.65,379.3,11,0,0,0.968
2024-03-17,Google_Search,GG_Slots_KW_Generic,DE,T1,30810,1038,0.0337,933.86,0.9,177,77,0.1705,0.435,7445.1,12.13,697.2,11,0,0,0.989
2024-03-17,Google_Search,GG_Casino_KW_Brand,BR,T2,30247,729,0.0241,251.27,0.345,101,31,0.1385,0.3069,1235.72,8.11,391.8,5,0,0,0.989
2024-03-17,Google_Search,GG_Slots_KW_Generic,PL,T2,21254,467,0.022,248.07,0.531,83,26,0.1777,0.3133,1287.89,9.54,419.2,2,0,0,0.989
2024-03-17,Google_Search,GG_Sports_Betting,NG,T3,17693,420,0.0237,40.32,0.096,63,20,0.15,0.3175,192.66,2.02,377.8,3,0,0,0.99
2024-03-17,Google_Search,GG_Slots_KW_Generic,CA,T1,27680,797,0.0288,614.1,0.771,142,39,0.1782,0.2746,3113.03,15.75,406.9,6,0,0,0.989
2024-03-17,Google_Search,GG_Slots_KW_Generic,AU,T1,23835,616,0.0258,559.19,0.908,107,33,0.1737,0.3084,3298.93,16.95,489.9,8,0,0,0.991
2024-03-17,Google_Search,GG_Sports_Betting,IN,T3,24083,811,0.0337,95.35,0.118,143,47,0.1763,0.3287,357.74,2.03,275.2,5,0,0,0.989
2024-03-17,Push_Network,Push_iGaming_Broad,DE,T1,23592,689,0.0292,41.36,0.06,38,2,0.0552,0.0526,81.69,20.68,97.5,140,1,0,0.888
2024-03-17,Push_Network,Push_Casino_Retarget,BR,T2,34214,677,0.0198,16.92,0.025,33,3,0.0487,0.0909,34.8,5.64,105.7,80,0,0,0.866
2024-03-17,Push_Network,Push_iGaming_Broad,PL,T2,25354,367,0.0145,18.0,0.049,17,1,0.0463,0.0588,15.88,18.0,-11.8,53,0,0,0.846
2024-03-17,Push_Network,Push_Casino_Retarget,NG,T3,31919,401,0.0126,4.4,0.011,17,1,0.0424,0.0588,2.0,4.4,-54.5,30,0,0,0.886
2024-03-17,Push_Network,Push_iGaming_Broad,CA,T1,12042,160,0.0133,17.15,0.107,5,0,0.0312,0.0,0.0,,-100.0,24,0,0,0.841
2024-03-17,Push_Network,Push_iGaming_Broad,AU,T1,12153,279,0.023,16.74,0.06,13,1,0.0466,0.0769,28.7,16.74,71.4,45,0,0,0.888
2024-03-17,Push_Network,Push_iGaming_Broad,IN,T3,19105,455,0.0238,5.08,0.011,21,1,0.0462,0.0476,5.91,5.08,16.3,38,1,0,0.874
2024-03-17,Native_Ads,Native_Review_Article,DE,T1,40768,808,0.0198,218.05,0.27,47,9,0.0582,0.1915,605.31,24.23,177.6,55,1,0,0.947
2024-03-17,Native_Ads,Native_Bonus_Landing,BR,T2,13903,240,0.0173,25.73,0.107,16,4,0.0667,0.25,110.23,6.43,328.4,17,0,0,0.947
2024-03-17,Native_Ads,Native_Bonus_Landing,PL,T2,8376,185,0.0221,21.53,0.116,8,1,0.0432,0.125,29.58,21.53,37.4,7,0,0,0.942
2024-03-17,Native_Ads,Native_Bonus_Landing,NG,T3,27469,834,0.0304,11.67,0.014,56,8,0.0671,0.1429,117.52,1.46,907.0,49,1,0,0.929
2024-03-17,Native_Ads,Native_Bonus_Landing,CA,T1,11261,114,0.0101,56.73,0.498,10,2,0.0877,0.2,137.12,28.36,141.7,6,0,0,0.938
2024-03-17,Native_Ads,Native_Review_Article,AU,T1,48007,416,0.0087,235.12,0.565,31,5,0.0745,0.1613,308.28,47.02,31.1,31,0,0,0.948
2024-03-17,Native_Ads,Native_Review_Article,IN,T3,19310,534,0.0277,12.72,0.024,41,9,0.0768,0.2195,93.15,1.41,632.3,36,1,0,0.933
2024-03-17,TikTok,TT_Sports_Short,DE,T1,26441,630,0.0238,153.04,0.243,23,3,0.0365,0.1304,103.85,51.01,-32.1,73,0,0,0.92
2024-03-17,TikTok,TT_Casino_UGC,BR,T2,21554,218,0.0101,45.19,0.207,8,1,0.0367,0.125,9.9,45.19,-78.1,25,0,0,0.911
2024-03-17,TikTok,TT_Casino_UGC,PL,T2,40060,844,0.0211,100.58,0.119,45,7,0.0533,0.1556,264.46,14.37,162.9,47,0,0,0.905
2024-03-17,TikTok,TT_Sports_Short,NG,T3,88877,2369,0.0267,52.07,0.022,132,20,0.0557,0.1515,40.0,2.6,-23.2,102,3,0,0.932
2024-03-17,TikTok,TT_Casino_UGC,CA,T1,30508,524,0.0172,201.81,0.385,37,4,0.0706,0.1081,147.96,50.45,-26.7,27,0,0,0.905
2024-03-17,TikTok,TT_Sports_Short,AU,T1,31981,159,0.005,177.39,1.116,9,1,0.0566,0.1111,42.14,177.39,-76.2,12,0,0,0.929
2024-03-17,TikTok,TT_Sports_Short,IN,T3,15258,273,0.0179,15.5,0.057,10,1,0.0366,0.1,9.91,15.5,-36.1,25,0,0,0.932
2024-03-17,Affiliate_SEO,SEO_BonusGuide_BR,DE,T1,31425,542,0.0172,0.0,,137,53,0.2528,0.3869,6254.71,,,14,0,0,0.983
2024-03-17,Affiliate_SEO,SEO_BonusGuide_BR,BR,T2,4401,137,0.0311,0.0,,38,12,0.2774,0.3158,615.26,,,2,0,0,0.98
2024-03-17,Affiliate_SEO,SEO_BonusGuide_BR,PL,T2,20794,349,0.0168,0.0,,78,29,0.2235,0.3718,1907.3,,,5,0,0,0.979
2024-03-17,Affiliate_SEO,SEO_BonusGuide_BR,NG,T3,7791,242,0.0311,0.0,,54,20,0.2231,0.3704,351.61,,,5,0,0,0.976
2024-03-17,Affiliate_SEO,SEO_BonusGuide_BR,CA,T1,21145,336,0.0159,0.0,,85,30,0.253,0.3529,3490.32,,,6,0,0,0.979
2024-03-17,Affiliate_SEO,SEO_CasinoReview_DE,AU,T1,43114,455,0.0106,0.0,,133,55,0.2923,0.4135,6307.17,,,5,0,0,0.983
2024-03-17,Affiliate_SEO,SEO_BonusGuide_BR,IN,T3,1871,49,0.0262,0.0,,13,4,0.2653,0.3077,106.67,,,1,0,0,0.979
2024-03-18,Facebook,FB_Sports_Banner,DE,T1,31088,1272,0.0409,297.21,0.234,83,20,0.0653,0.241,1887.32,14.86,535.0,28,0,0,0.968
2024-03-18,Facebook,FB_Slots_Video,BR,T2,25316,971,0.0384,90.08,0.093,77,19,0.0793,0.2468,666.6,4.74,640.0,21,0,0,0.966
2024-03-18,Facebook,FB_Slots_Video,PL,T2,18202,529,0.0291,67.22,0.127,56,17,0.1059,0.3036,535.03,3.95,695.9,17,0,0,0.967
2024-03-18,Facebook,FB_Sports_Banner,NG,T3,20296,978,0.0482,16.63,0.017,87,25,0.089,0.2874,333.42,0.67,1904.9,30,0,0,0.965
2024-03-18,Facebook,FB_Slots_Video,CA,T1,15733,380,0.0242,139.01,0.366,41,9,0.1079,0.2195,648.22,15.45,366.3,8,0,0,0.965
2024-03-18,Facebook,FB_Casino_CreativeA,AU,T1,22254,987,0.0444,185.36,0.188,87,18,0.0881,0.2069,1523.8,10.3,722.1,29,0,0,0.972
2024-03-18,Facebook,FB_Slots_Video,IN,T3,13304,445,0.0334,17.81,0.04,49,10,0.1101,0.2041,52.44,1.78,194.4,18,0,0,0.973
2024-03-18,Google_Search,GG_Slots_KW_Generic,DE,T1,32778,1708,0.0521,864.13,0.506,298,114,0.1745,0.3826,13035.53,7.58,1408.5,14,0,0,0.99
2024-03-18,Google_Search,GG_Slots_KW_Generic,BR,T2,8937,403,0.0451,80.71,0.2,67,21,0.1663,0.3134,825.17,3.84,922.4,3,0,0,0.989
2024-03-18,Google_Search,GG_Slots_KW_Generic,PL,T2,43128,2016,0.0467,493.43,0.245,314,111,0.1558,0.3535,5284.28,4.45,970.9,23,0,0,0.991
2024-03-18,Google_Search,GG_Sports_Betting,NG,T3,37976,1117,0.0294,87.83,0.079,135,45,0.1209,0.3333,470.46,1.95,435.6,9,0,0,0.99
2024-03-18,Google_Search,GG_Sports_Betting,CA,T1,18253,625,0.0342,442.92,0.709,57,19,0.0912,0.3333,2074.2,23.31,368.3,9,0,0,0.991
2024-03-18,Google_Search,GG_Sports_Betting,AU,T1,18468,716,0.0388,371.78,0.519,96,29,0.1341,0.3021,2531.72,12.82,581.0,6,0,0,0.99
2024-03-18,Google_Search,GG_Slots_KW_Generic,IN,T3,12892,581,0.0451,42.1,0.072,85,26,0.1463,0.3059,448.03,1.62,964.2,5,0,0,0.991
2024-03-18,Push_Network,Push_Casino_Retarget,DE,T1,35989,546,0.0152,63.23,0.116,25,2,0.0458,0.08,69.3,31.61,9.6,101,1,0,0.849
2024-03-18,Push_Network,Push_Casino_Retarget,BR,T2,30128,618,0.0205,16.15,0.026,20,2,0.0324,0.1,7.95,8.07,-50.8,115,0,0,0.845
2024-03-18,Push_Network,Push_Casino_Retarget,PL,T2,36754,304,0.0083,26.65,0.088,15,2,0.0493,0.1333,22.69,13.32,-14.9,55,0,0,0.881
2024-03-18,Push_Network,Push_iGaming_Broad,NG,T3,9780,355,0.0363,1.68,0.005,14,2,0.0394,0.1429,13.04,0.84,676.2,54,0,0,0.876
2024-03-18,Push_Network,Push_iGaming_Broad,CA,T1,21416,493,0.023,36.44,0.074,16,1,0.0325,0.0625,34.29,36.44,-5.9,82,0,0,0.862
2024-03-18,Push_Network,Push_iGaming_Broad,AU,T1,26213,506,0.0193,45.39,0.09,18,2,0.0356,0.1111,61.27,22.7,35.0,89,1,0,0.887
2024-03-18,Push_Network,Push_Casino_Retarget,IN,T3,25303,553,0.0219,6.17,0.011,25,2,0.0452,0.08,10.6,3.08,71.8,83,0,0,0.853
2024-03-18,Native_Ads,Native_Review_Article,DE,T1,12321,256,0.0208,69.69,0.272,23,3,0.0898,0.1304,210.42,23.23,201.9,18,0,0,0.936
2024-03-18,Native_Ads,Native_Review_Article,BR,T2,21510,618,0.0287,33.12,0.054,42,8,0.068,0.1905,75.47,4.14,127.9,38,0,0,0.932
2024-03-18,Native_Ads,Native_Review_Article,PL,T2,19317,325,0.0168,42.5,0.131,29,7,0.0892,0.2414,350.07,6.07,723.7,26,0,0,0.945
2024-03-18,Native_Ads,Native_Review_Article,NG,T3,18688,387,0.0207,8.15,0.021,19,4,0.0491,0.2105,42.1,2.04,416.6,11,0,0,0.933
2024-03-18,Native_Ads,Native_Bonus_Landing,CA,T1,40953,599,0.0146,183.48,0.306,53,10,0.0885,0.1887,718.91,18.35,291.8,49,1,0,0.929
2024-03-18,Native_Ads,Native_Bonus_Landing,AU,T1,27679,616,0.0223,125.07,0.203,35,7,0.0568,0.2,434.31,17.87,247.3,43,0,0,0.946
2024-03-18,Native_Ads,Native_Review_Article,IN,T3,48770,960,0.0197,34.67,0.036,23,4,0.024,0.1739,37.05,8.67,6.9,53,0,0,0.938
2024-03-18,TikTok,TT_Sports_Short,DE,T1,38358,1220,0.0318,271.76,0.223,71,8,0.0582,0.1127,365.69,33.97,34.6,91,1,0,0.913
2024-03-18,TikTok,TT_Sports_Short,BR,T2,18603,382,0.0205,44.25,0.116,25,3,0.0654,0.12,34.81,14.75,-21.3,26,0,0,0.917
2024-03-18,TikTok,TT_Sports_Short,PL,T2,9953,164,0.0165,26.68,0.163,12,2,0.0732,0.1667,40.2,13.34,50.7,14,0,0,0.926
2024-03-18,TikTok,TT_Sports_Short,NG,T3,29721,639,0.0215,17.08,0.027,43,7,0.0673,0.1628,111.63,2.44,553.6,33,0,0,0.922
2024-03-18,TikTok,TT_Sports_Short,CA,T1,24832,585,0.0236,135.46,0.232,32,4,0.0547,0.125,137.72,33.87,1.7,65,0,0,0.932
2024-03-18,TikTok,TT_Sports_Short,AU,T1,33171,734,0.0221,183.88,0.251,41,7,0.0559,0.1707,291.4,26.27,58.5,77,1,0,0.922
2024-03-18,TikTok,TT_Casino_UGC,IN,T3,7464,114,0.0153,6.53,0.057,6,1,0.0526,0.1667,5.37,6.53,-17.8,5,0,0,0.923
2024-03-18,Affiliate_SEO,SEO_BonusGuide_BR,DE,T1,36209,865,0.0239,0.0,,227,98,0.2624,0.4317,13065.98,,,20,0,0,0.983
2024-03-18,Affiliate_SEO,SEO_BonusGuide_BR,BR,T2,13845,249,0.018,0.0,,58,16,0.2329,0.2759,736.1,,,5,0,0,0.983
2024-03-18,Affiliate_SEO,SEO_CasinoReview_DE,PL,T2,14936,190,0.0127,0.0,,61,18,0.3211,0.2951,858.74,,,4,0,0,0.979
2024-03-18,Affiliate_SEO,SEO_BonusGuide_BR,NG,T3,4482,48,0.0107,0.0,,10,4,0.2083,0.4,111.8,,,0,0,0,0.983
2024-03-18,Affiliate_SEO,SEO_CasinoReview_DE,CA,T1,27596,696,0.0252,0.0,,151,47,0.217,0.3113,5296.24,,,8,0,0,0.98
2024-03-18,Affiliate_SEO,SEO_BonusGuide_BR,AU,T1,17526,442,0.0252,0.0,,91,22,0.2059,0.2418,2464.17,,,9,0,0,0.98
2024-03-18,Affiliate_SEO,SEO_CasinoReview_DE,IN,T3,3072,46,0.015,0.0,,9,3,0.1957,0.3333,81.71,,,1,0,0,0.976
2024-03-19,Facebook,FB_Sports_Banner,DE,T1,33048,1074,0.0325,354.28,0.33,117,29,0.1089,0.2479,2732.18,12.22,671.2,38,1,0,0.972
2024-03-19,Facebook,FB_Sports_Banner,BR,T2,14071,634,0.0451,48.8,0.077,63,18,0.0994,0.2857,533.32,2.71,992.9,22,0,0,0.968
2024-03-19,Facebook,FB_Casino_CreativeA,PL,T2,24385,1126,0.0462,95.98,0.085,79,17,0.0702,0.2152,572.95,5.65,496.9,33,0,0,0.976
2024-03-19,Facebook,FB_Casino_CreativeA,NG,T3,17070,440,0.0258,14.06,0.032,40,7,0.0909,0.175,123.91,2.01,781.3,14,0,0,0.974
2024-03-19,Facebook,FB_Sports_Banner,CA,T1,16251,667,0.041,160.2,0.24,64,15,0.096,0.2344,799.38,10.68,399.0,10,0,0,0.965
2024-03-19,Facebook,FB_Casino_CreativeA,AU,T1,37791,965,0.0255,303.92,0.315,74,12,0.0767,0.1622,865.11,25.33,184.7,34,0,0,0.966
2024-03-19,Facebook,FB_Sports_Banner,IN,T3,15923,411,0.0258,22.14,0.054,41,10,0.0998,0.2439,185.87,2.21,739.5,12,0,0,0.971
2024-03-19,Google_Search,GG_Casino_KW_Brand,DE,T1,41505,1871,0.0451,956.44,0.511,283,80,0.1513,0.2827,7322.45,11.96,665.6,19,1,0,0.991
2024-03-19,Google_Search,GG_Sports_Betting,BR,T2,31995,1345,0.042,296.55,0.22,311,73,0.2312,0.2347,2471.92,4.06,733.6,17,0,0,0.99
2024-03-19,Google_Search,GG_Sports_Betting,PL,T2,55840,2424,0.0434,661.57,0.273,355,71,0.1465,0.2,2939.49,9.32,344.3,18,1,0,0.989
2024-03-19,Google_Search,GG_Casino_KW_Brand,NG,T3,23819,1034,0.0434,64.75,0.063,115,33,0.1112,0.287,798.52,1.96,1133.2,9,0,0,0.991
2024-03-19,Google_Search,GG_Slots_KW_Generic,CA,T1,12337,500,0.0405,277.62,0.555,68,15,0.136,0.2206,1415.16,18.51,409.7,5,0,0,0.989
2024-03-19,Google_Search,GG_Sports_Betting,AU,T1,110208,2807,0.0255,2316.93,0.825,533,148,0.1899,0.2777,15881.51,15.65,585.5,22,2,0,0.99
2024-03-19,Google_Search,GG_Slots_KW_Generic,IN,T3,16394,542,0.0331,50.98,0.094,72,17,0.1328,0.2361,380.72,3.0,646.8,8,0,0,0.991
2024-03-19,Push_Network,Push_iGaming_Broad,DE,T1,40806,849,0.0208,79.07,0.093,35,5,0.0412,0.1429,230.29,15.81,191.2,118,2,0,0.874
2024-03-19,Push_Network,Push_iGaming_Broad,BR,T2,17179,269,0.0157,9.79,0.036,10,0,0.0372,0.0,0.0,,-100.0,41,0,0,0.85
2024-03-19,Push_Network,Push_iGaming_Broad,PL,T2,24841,441,0.0178,15.52,0.035,20,1,0.0454,0.05,23.8,15.52,53.4,89,0,0,0.842
2024-03-19,Push_Network,Push_iGaming_Broad,NG,T3,15749,400,0.0254,2.23,0.006,18,2,0.045,0.1111,4.0,1.11,79.4,33,0,0,0.873
2024-03-19,Push_Network,Push_Casino_Retarget,CA,T1,16625,417,0.0251,27.57,0.066,18,2,0.0432,0.1111,75.61,13.79,174.2,82,1,0,0.835
2024-03-19,Push_Network,Push_Casino_Retarget,AU,T1,17794,324,0.0182,26.25,0.081,13,1,0.0401,0.0769,19.0,26.25,-27.6,26,0,0,0.845
2024-03-19,Push_Network,Push_iGaming_Broad,IN,T3,24156,578,0.0239,5.5,0.01,13,1,0.0225,0.0769,2.0,5.5,-63.6,90,0,0,0.881
2024-03-19,Native_Ads,Native_Bonus_Landing,DE,T1,13880,260,0.0187,77.64,0.299,14,2,0.0538,0.1429,150.92,38.82,94.4,19,0,0,0.932
2024-03-19,Native_Ads,Native_Bonus_Landing,BR,T2,31579,466,0.0148,61.64,0.132,33,5,0.0708,0.1515,119.03,12.33,93.1,37,0,0,0.932
2024-03-19,Native_Ads,Native_Review_Article,PL,T2,28640,477,0.0167,65.67,0.138,36,7,0.0755,0.1944,233.32,9.38,255.3,39,0,0,0.928
2024-03-19,Native_Ads,Native_Bonus_Landing,NG,T3,15774,364,0.0231,6.72,0.018,26,5,0.0714,0.1923,33.86,1.34,403.9,22,0,0,0.936
2024-03-19,Native_Ads,Native_Bonus_Landing,CA,T1,10045,157,0.0156,51.18,0.326,11,2,0.0701,0.1818,125.61,25.59,145.4,6,0,0,0.933
2024-03-19,Native_Ads,Native_Bonus_Landing,AU,T1,12393,261,0.0211,55.72,0.213,18,3,0.069,0.1667,134.66,18.57,141.7,11,0,0,0.945
2024-03-19,Native_Ads,Native_Review_Article,IN,T3,54445,902,0.0166,36.52,0.04,52,10,0.0576,0.1923,218.01,3.65,497.0,58,0,0,0.932
2024-03-19,TikTok,TT_Casino_UGC,DE,T1,17329,215,0.0124,121.95,0.567,11,1,0.0512,0.0909,44.59,121.95,-63.4,22,0,0,0.932
2024-03-19,TikTok,TT_Sports_Short,BR,T2,32322,627,0.0194,70.56,0.113,39,5,0.0622,0.1282,17.3,14.11,-75.5,40,0,0,0.933
2024-03-19,TikTok,TT_Sports_Short,PL,T2,60000,1228,0.0205,172.03,0.14,64,9,0.0521,0.1406,196.79,19.11,14.4,57,2,0,0.917
2024-03-19,TikTok,TT_Casino_UGC,NG,T3,30455,867,0.0285,18.01,0.021,43,7,0.0496,0.1628,14.0,2.57,-22.3,67,1,0,0.911
2024-03-19,TikTok,TT_Casino_UGC,CA,T1,25357,694,0.0274,130.72,0.188,45,7,0.0648,0.1556,300.51,18.67,129.9,43,0,0,0.91
2024-03-19,TikTok,TT_Casino_UGC,AU,T1,15808,469,0.0297,84.2,0.18,34,6,0.0725,0.1765,243.58,14.03,189.3,23,1,0,0.92
2024-03-19,TikTok,TT_Sports_Short,IN,T3,11180,182,0.0163,11.47,0.063,9,1,0.0495,0.1111,15.23,11.47,32.8,11,0,0,0.919
2024-03-19,Affiliate_SEO,SEO_BonusGuide_BR,DE,T1,27650,580,0.021,0.0,,127,55,0.219,0.4331,6290.32,,,11,0,0,0.976
2024-03-19,Affiliate_SEO,SEO_CasinoReview_DE,BR,T2,5647,109,0.0193,0.0,,28,8,0.2569,0.2857,323.9,,,1,0,0,0.979
2024-03-19,Affiliate_SEO,SEO_CasinoReview_DE,PL,T2,16167,164,0.0101,0.0,,25,4,0.1524,0.16,212.59,,,2,0,0,0.98
2024-03-19,Affiliate_SEO,SEO_BonusGuide_BR,NG,T3,2287,28,0.0122,0.0,,6,2,0.2143,0.3333,19.98,,,0,0,0,0.983
2024-03-19,Affiliate_SEO,SEO_BonusGuide_BR,CA,T1,40853,928,0.0227,0.0,,215,51,0.2317,0.2372,5940.64,,,10,1,0,0.982
2024-03-19,Affiliate_SEO,SEO_BonusGuide_BR,AU,T1,20174,379,0.0188,0.0,,87,40,0.2296,0.4598,4669.85,,,10,0,0,0.978
2024-03-19,Affiliate_SEO,SEO_BonusGuide_BR,IN,T3,2947,68,0.0231,0.0,,21,6,0.3088,0.2857,202.25,,,1,0,0,0.982
2024-03-20,Facebook,FB_Sports_Banner,DE,T1,23829,721,0.0303,219.79,0.305,76,18,0.1054,0.2368,1569.43,12.21,614.1,29,0,0,0.967
2024-03-20,Facebook,FB_Sports_Banner,BR,T2,13661,385,0.0282,48.25,0.125,34,8,0.0883,0.2353,309.08,6.03,540.6,11,0,0,0.969
2024-03-20,Facebook,FB_Slots_Video,PL,T2,47217,1886,0.0399,208.73,0.111,90,16,0.0477,0.1778,838.18,13.05,301.6,53,0,0,0.971
2024-03-20,Facebook,FB_Casino_CreativeA,NG,T3,38305,849,0.0222,29.68,0.035,45,9,0.053,0.2,155.52,3.3,424.0,24,0,0,0.966
2024-03-20,Facebook,FB_Slots_Video,CA,T1,24049,728,0.0303,231.48,0.318,69,12,0.0948,0.1739,804.21,19.29,247.4,13,0,0,0.967
2024-03-20,Facebook,FB_Sports_Banner,AU,T1,21653,663,0.0306,185.54,0.28,58,11,0.0875,0.1897,856.01,16.87,361.4,26,0,0,0.965
2024-03-20,Facebook,FB_Slots_Video,IN,T3,42123,1469,0.0349,63.09,0.043,162,42,0.1103,0.2593,844.64,1.5,1238.8,62,1,0,0.972
2024-03-20,Google_Search,GG_Sports_Betting,DE,T1,22826,641,0.0281,563.83,0.88,116,37,0.181,0.319,3990.35,15.24,607.7,7,0,0,0.992
2024-03-20,Google_Search,GG_Casino_KW_Brand,BR,T2,41741,1440,0.0345,373.86,0.26,235,80,0.1632,0.3404,3674.22,4.67,882.8,9,0,0,0.992
2024-03-20,Google_Search,GG_Casino_KW_Brand,PL,T2,61504,2126,0.0346,705.01,0.332,256,67,0.1204,0.2617,3453.81,10.52,389.9,26,0,0,0.99
2024-03-20,Google_Search,GG_Slots_KW_Generic,NG,T3,16093,668,0.0415,35.0,0.052,86,23,0.1287,0.2674,148.74,1.52,325.0,7,0,0,0.988
2024-03-20,Google_Search,GG_Sports_Betting,CA,T1,18195,512,0.0281,375.23,0.733,100,28,0.1953,0.28,3329.06,13.4,787.2,7,0,0,0.992
2024-03-20,Google_Search,GG_Casino_KW_Brand,AU,T1,25852,757,0.0293,552.91,0.73,115,25,0.1519,0.2174,2291.21,22.12,314.4,8,0,0,0.99
2024-03-20,Google_Search,GG_Casino_KW_Brand,IN,T3,23422,817,0.0349,83.97,0.103,111,24,0.1359,0.2162,765.71,3.5,811.9,5,0,0,0.989
2024-03-20,Push_Network,Push_iGaming_Broad,DE,T1,6447,179,0.0278,10.86,0.061,6,0,0.0335,0.0,0.0,,-100.0,12,0,0,0.85
2024-03-20,Push_Network,Push_Casino_Retarget,BR,T2,27109,268,0.0099,16.89,0.063,11,1,0.041,0.0909,5.01,16.89,-70.3,33,0,0,0.868
2024-03-20,Push_Network,Push_iGaming_Broad,PL,T2,25546,426,0.0167,18.9,0.044,12,1,0.0282,0.0833,21.99,18.9,16.3,36,0,0,0.881
2024-03-20,Push_Network,Push_Casino_Retarget,NG,T3,26279,462,0.0176,3.76,0.008,23,3,0.0498,0.1304,45.84,1.25,1119.1,42,0,0,0.875
2024-03-20,Push_Network,Push_iGaming_Broad,CA,T1,12501,187,0.015,18.88,0.101,9,1,0.0481,0.1111,15.22,18.88,-19.4,26,0,0,0.868
2024-03-20,Push_Network,Push_Casino_Retarget,AU,T1,16172,351,0.0217,26.68,0.076,14,2,0.0399,0.1429,62.14,13.34,132.9,52,0,0,0.881
2024-03-20,Push_Network,Push_iGaming_Broad,IN,T3,7945,86,0.0108,2.01,0.023,3,0,0.0349,0.0,0.0,,-100.0,14,0,0,0.835
2024-03-20,Native_Ads,Native_Bonus_Landing,DE,T1,20704,620,0.0299,97.16,0.157,57,8,0.0919,0.1404,390.83,12.14,302.3,43,0,0,0.931
2024-03-20,Native_Ads,Native_Review_Article,BR,T2,42444,371,0.0087,72.47,0.195,31,4,0.0836,0.129,29.61,18.12,-59.1,28,0,0,0.94
2024-03-20,Native_Ads,Native_Review_Article,PL,T2,32122,548,0.0171,80.09,0.146,37,8,0.0675,0.2162,184.74,10.01,130.7,23,0,0,0.947
2024-03-20,Native_Ads,Native_Review_Article,NG,T3,28272,685,0.0242,15.23,0.022,44,7,0.0642,0.1591,70.98,2.18,366.1,37,0,0,0.932
2024-03-20,Native_Ads,Native_Bonus_Landing,CA,T1,33447,866,0.0259,188.28,0.217,79,16,0.0912,0.2025,759.5,11.77,303.4,51,1,0,0.936
2024-03-20,Native_Ads,Native_Review_Article,AU,T1,48595,865,0.0178,239.68,0.277,44,9,0.0509,0.2045,535.53,26.63,123.4,42,1,0,0.95
2024-03-20,Native_Ads,Native_Bonus_Landing,IN,T3,25162,454,0.018,20.12,0.044,39,6,0.0859,0.1538,117.72,3.35,485.1,16,1,0,0.939
2024-03-20,TikTok,TT_Casino_UGC,DE,T1,16349,383,0.0234,91.89,0.24,17,2,0.0444,0.1176,117.34,45.95,27.7,38,0,0,0.911
2024-03-20,TikTok,TT_Casino_UGC,BR,T2,29722,708,0.0238,62.16,0.088,48,7,0.0678,0.1458,150.92,8.88,142.8,75,0,0,0.927
2024-03-20,TikTok,TT_Sports_Short,PL,T2,14138,250,0.0177,43.85,0.175,13,1,0.052,0.0769,23.65,43.85,-46.1,26,0,0,0.905
2024-03-20,TikTok,TT_Casino_UGC,NG,T3,15183,233,0.0153,9.45,0.041,16,1,0.0687,0.0625,2.0,9.45,-78.8,25,0,0,0.912
2024-03-20,TikTok,TT_Casino_UGC,CA,T1,39594,769,0.0194,242.99,0.316,53,5,0.0689,0.0943,286.98,48.6,18.1,65,1,0,0.933
2024-03-20,TikTok,TT_Casino_UGC,AU,T1,17013,400,0.0235,110.78,0.277,22,3,0.055,0.1364,84.84,36.93,-23.4,16,0,0,0.935
2024-03-20,TikTok,TT_Casino_UGC,IN,T3,24199,451,0.0186,20.14,0.045,27,4,0.0599,0.1481,85.12,5.04,322.6,40,0,0,0.931
2024-03-20,Affiliate_SEO,SEO_BonusGuide_BR,DE,T1,87612,1669,0.019,0.0,,251,101,0.1504,0.4024,13244.82,,,23,1,0,0.978
2024-03-20,Affiliate_SEO,SEO_CasinoReview_DE,BR,T2,12307,149,0.0121,0.0,,34,13,0.2282,0.3824,580.44,,,3,0,0,0.977
2024-03-20,Affiliate_SEO,SEO_BonusGuide_BR,PL,T2,10764,289,0.0268,0.0,,63,23,0.218,0.3651,1317.83,,,4,0,0,0.978
2024-03-20,Affiliate_SEO,SEO_CasinoReview_DE,NG,T3,6025,86,0.0143,0.0,,24,4,0.2791,0.1667,8.0,,,1,0,0,0.983
2024-03-20,Affiliate_SEO,SEO_BonusGuide_BR,CA,T1,11323,238,0.021,0.0,,48,16,0.2017,0.3333,1840.48,,,2,0,0,0.977
2024-03-20,Affiliate_SEO,SEO_CasinoReview_DE,AU,T1,42001,747,0.0178,0.0,,119,45,0.1593,0.3782,5513.85,,,22,0,0,0.977
2024-03-20,Affiliate_SEO,SEO_BonusGuide_BR,IN,T3,2353,29,0.0123,0.0,,5,1,0.1724,0.2,23.48,,,0,0,0,0.981
2024-03-21,Facebook,FB_Slots_Video,DE,T1,15834,720,0.0455,159.1,0.221,93,21,0.1292,0.2258,1797.09,7.58,1029.5,15,1,0,0.968
2024-03-21,Facebook,FB_Casino_CreativeA,BR,T2,14275,445,0.0312,45.45,0.102,42,5,0.0944,0.119,177.28,9.09,290.1,14,0,0,0.965
2024-03-21,Facebook,FB_Casino_CreativeA,PL,T2,12531,483,0.0385,54.9,0.114,46,10,0.0952,0.2174,369.27,5.49,572.6,19,0,0,0.97
2024-03-21,Facebook,FB_Slots_Video,NG,T3,27494,988,0.0359,24.79,0.025,87,20,0.0881,0.2299,316.63,1.24,1177.2,21,0,0,0.969
2024-03-21,Facebook,FB_Sports_Banner,CA,T1,29229,1027,0.0351,242.76,0.236,48,10,0.0467,0.2083,620.49,24.28,155.6,44,0,0,0.974
2024-03-21,Facebook,FB_Slots_Video,AU,T1,16190,317,0.0196,149.86,0.473,31,8,0.0978,0.2581,586.58,18.73,291.4,7,0,0,0.969
2024-03-21,Facebook,FB_Casino_CreativeA,IN,T3,36306,1566,0.0431,46.84,0.03,197,40,0.1258,0.203,1126.25,1.17,2304.5,59,1,0,0.973
2024-03-21,Google_Search,GG_Sports_Betting,DE,T1,27329,772,0.0282,824.24,1.068,136,53,0.1762,0.3897,4888.02,15.55,493.0,10,0,0,0.989
2024-03-21,Google_Search,GG_Sports_Betting,BR,T2,30338,1069,0.0352,251.81,0.236,146,51,0.1366,0.3493,1758.25,4.94,598.2,6,0,0,0.992
2024-03-21,Google_Search,GG_Sports_Betting,PL,T2,21354,282,0.0132,205.14,0.727,37,9,0.1312,0.2432,511.82,22.79,149.5,3,0,0,0.988
2024-03-21,Google_Search,GG_Slots_KW_Generic,NG,T3,7582,208,0.0274,16.75,0.081,38,8,0.1827,0.2105,131.51,2.09,685.1,1,0,0,0.991
2024-03-21,Google_Search,GG_Sports_Betting,CA,T1,24856,513,0.0206,521.07,1.016,61,12,0.1189,0.1967,1062.72,43.42,103.9,3,0,0,0.991
2024-03-21,Google_Search,GG_Slots_KW_Generic,AU,T1,37233,1224,0.0329,881.15,0.72,159,51,0.1299,0.3208,4385.65,17.28,397.7,12,0,0,0.988
2024-03-21,Google_Search,GG_Sports_Betting,IN,T3,13516,336,0.0249,50.01,0.149,48,13,0.1429,0.2708,287.73,3.85,475.3,4,0,0,0.991
2024-03-21,Push_Network,Push_Casino_Retarget,DE,T1,25369,281,0.0111,49.44,0.176,10,0,0.0356,0.0,0.0,,-100.0,38,0,0,0.866
2024-03-21,Push_Network,Push_iGaming_Broad,BR,T2,16101,498,0.0309,9.64,0.019,17,1,0.0341,0.0588,18.07,9.64,87.4,79,0,0,0.848
2024-03-21,Push_Network,Push_iGaming_Broad,PL,T2,10779,274,0.0254,8.67,0.032,11,1,0.0401,0.0909,14.57,8.67,68.1,50,0,0,0.868
2024-03-21,Push_Network,Push_Casino_Retarget,NG,T3,17837,488,0.0274,3.15,0.006,20,2,0.041,0.1,4.0,1.57,27.0,40,0,0,0.866
2024-03-21,Push_Network,Push_Casino_Retarget,CA,T1,24606,497,0.0202,41.2,0.083,22,2,0.0443,0.0909,51.38,20.6,24.7,44,1,0,0.885
2024-03-21,Push_Network,Push_iGaming_Broad,AU,T1,88939,2008,0.0226,146.45,0.073,40,4,0.0199,0.1,182.44,36.61,24.6,364,1,0,0.87
2024-03-21,Push_Network,Push_iGaming_Broad,IN,T3,31752,477,0.015,6.84,0.014,22,2,0.0461,0.0909,14.43,3.42,111.0,59,1,0,0.843
2024-03-21,Native_Ads,Native_Bonus_Landing,DE,T1,17948,334,0.0186,103.71,0.311,27,7,0.0808,0.2593,379.51,14.82,265.9,19,0,0,0.943
2024-03-21,Native_Ads,Native_Review_Article,BR,T2,41983,1358,0.0323,84.13,0.062,119,21,0.0876,0.1765,419.75,4.01,398.9,49,2,0,0.948
2024-03-21,Native_Ads,Native_Bonus_Landing,PL,T2,24865,238,0.0096,55.54,0.233,17,2,0.0714,0.1176,72.25,27.77,30.1,8,0,0,0.935
2024-03-21,Native_Ads,Native_Review_Article,NG,T3,21619,519,0.024,9.86,0.019,35,7,0.0674,0.2,142.04,1.41,1340.6,25,0,0,0.934
2024-03-21,Native_Ads,Native_Review_Article,CA,T1,14146,210,0.0148,81.18,0.387,17,2,0.081,0.1176,155.9,40.59,92.0,10,0,0,0.945
2024-03-21,Native_Ads,Native_Review_Article,AU,T1,34829,645,0.0185,155.17,0.241,50,10,0.0775,0.2,472.98,15.52,204.8,27,1,0,0.936
2024-03-21,Native_Ads,Native_Bonus_Landing,IN,T3,33033,510,0.0154,28.09,0.055,33,5,0.0647,0.1515,35.07,5.62,24.8,18,0,0,0.94
2024-03-21,TikTok,TT_Casino_UGC,DE,T1,32189,821,0.0255,190.56,0.232,54,11,0.0658,0.2037,563.46,17.32,195.7,78,1,0,0.904
2024-03-21,TikTok,TT_Casino_UGC,BR,T2,27822,779,0.028,61.78,0.079,43,9,0.0552,0.2093,137.13,6.86,122.0,52,0,0,0.921
2024-03-21,TikTok,TT_Casino_UGC,PL,T2,37363,687,0.0184,100.44,0.146,38,5,0.0553,0.1316,89.34,20.09,-11.1,72,0,0,0.922
2024-03-21,TikTok,TT_Casino_UGC,NG,T3,30981,647,0.0209,15.93,0.025,41,6,0.0634,0.1463,73.89,2.65,363.8,33,1,0,0.907
2024-03-21,TikTok,TT_Sports_Short,CA,T1,34051,514,0.0151,174.61,0.34,22,3,0.0428,0.1364,128.0,58.2,-26.7,60,0,0,0.934
2024-03-21,TikTok,TT_Casino_UGC,AU,T1,24653,398,0.0161,153.16,0.385,19,3,0.0477,0.1579,93.01,51.05,-39.3,17,0,0,0.916
2024-03-21,TikTok,TT_Sports_Short,IN,T3,47640,900,0.0189,46.0,0.051,53,8,0.0589,0.1509,25.3,5.75,-45.0,90,1,0,0.924
2024-03-21,Affiliate_SEO,SEO_CasinoReview_DE,DE,T1,20452,404,0.0198,0.0,,75,25,0.1856,0.3333,2892.47,,,10,0,0,0.982
2024-03-21,Affiliate_SEO,SEO_CasinoReview_DE,BR,T2,20928,426,0.0204,0.0,,107,38,0.2512,0.3551,1556.74,,,9,0,0,0.978
2024-03-21,Affiliate_SEO,SEO_CasinoReview_DE,PL,T2,17930,483,0.0269,0.0,,108,41,0.2236,0.3796,2723.46,,,6,0,0,0.981
2024-03-21,Affiliate_SEO,SEO_BonusGuide_BR,NG,T3,1442,20,0.0139,0.0,,5,1,0.25,0.2,12.35,,,0,0,0,0.981
2024-03-21,Affiliate_SEO,SEO_BonusGuide_BR,CA,T1,48347,549,0.0114,0.0,,152,53,0.2769,0.3487,6449.96,,,14,0,0,0.979
2024-03-21,Affiliate_SEO,SEO_CasinoReview_DE,AU,T1,29309,532,0.0182,0.0,,73,26,0.1372,0.3562,2973.72,,,15,0,0,0.977
2024-03-21,Affiliate_SEO,SEO_BonusGuide_BR,IN,T3,5433,87,0.016,0.0,,23,6,0.2644,0.2609,171.24,,,1,0,0,0.982
2024-03-22,Facebook,FB_Sports_Banner,DE,T1,31532,876,0.0278,273.5,0.312,82,19,0.0936,0.2317,1417.28,14.39,418.2,20,0,0,0.974
2024-03-22,Facebook,FB_Sports_Banner,BR,T2,21925,959,0.0437,60.72,0.063,70,14,0.073,0.2,343.71,4.34,466.1,22,0,0,0.972
2024-03-22,Facebook,FB_Casino_CreativeA,PL,T2,38093,1551,0.0407,156.85,0.101,131,27,0.0845,0.2061,1093.45,5.81,597.1,54,0,0,0.964
2024-03-22,Facebook,FB_Sports_Banner,NG,T3,21695,768,0.0354,22.23,0.029,84,15,0.1094,0.1786,170.33,1.48,666.2,16,0,0,0.97
2024-03-22,Facebook,FB_Slots_Video,CA,T1,34532,1586,0.0459,356.05,0.224,136,32,0.0858,0.2353,2584.84,11.13,626.0,53,1,0,0.974
2024-03-22,Facebook,FB_Slots_Video,AU,T1,22300,886,0.0397,182.38,0.206,93,24,0.105,0.2581,1734.53,7.6,851.1,27,0,0,0.976
2024-03-22,Facebook,FB_Sports_Banner,IN,T3,42149,1065,0.0253,60.96,0.057,103,20,0.0967,0.1942,471.16,3.05,672.9,30,0,0,0.975
2024-03-22,Google_Search,GG_Casino_KW_Brand,DE,T1,26650,1075,0.0403,780.94,0.726,82,27,0.0763,0.3293,2689.7,28.92,244.4,7,0,0,0.989
2024-03-22,Google_Search,GG_Sports_Betting,BR,T2,25516,960,0.0376,203.17,0.212,189,54,0.1969,0.2857,1838.1,3.76,804.7,9,0,0,0.992
2024-03-22,Google_Search,GG_Casino_KW_Brand,PL,T2,16578,699,0.0422,160.68,0.23,120,39,0.1717,0.325,2254.3,4.12,1303.0,4,0,0,0.989
2024-03-22,Google_Search,GG_Casino_KW_Brand,NG,T3,24913,776,0.0311,60.57,0.078,96,40,0.1237,0.4167,495.42,1.51,717.9,11,0,0,0.988
2024-03-22,Google_Search,GG_Slots_KW_Generic,CA,T1,18735,379,0.0202,454.29,1.199,51,15,0.1346,0.2941,1544.56,30.29,240.0,2,0,0,0.988
2024-03-22,Google_Search,GG_Slots_KW_Generic,AU,T1,35494,1178,0.0332,693.64,0.589,223,71,0.1893,0.3184,7542.92,9.77,987.4,7,0,0,0.991
2024-03-22,Google_Search,GG_Sports_Betting,IN,T3,8702,229,0.0263,28.16,0.123,37,9,0.1616,0.2432,111.92,3.13,297.4,1,0,0,0.992
2024-03-22,Push_Network,Push_Casino_Retarget,DE,T1,18734,287,0.0153,34.05,0.119,11,1,0.0383,0.0909,50.75,34.05,49.0,52,0,0,0.833
2024-03-22,Push_Network,Push_Casino_Retarget,BR,T2,26275,546,0.0208,15.15,0.028,19,2,0.0348,0.1053,20.71,7.58,36.7,84,0,0,0.862
2024-03-22,Push_Network,Push_Casino_Retarget,PL,T2,51182,580,0.0113,40.8,0.07,28,4,0.0483,0.1429,66.97,10.2,64.1,62,1,0,0.888
2024-03-22,Push_Network,Push_Casino_Retarget,NG,T3,52630,1553,0.0295,8.83,0.006,91,7,0.0586,0.0769,14.0,1.26,58.6,145,1,0,0.871
2024-03-22,Push_Network,Push_iGaming_Broad,CA,T1,21556,479,0.0222,34.15,0.071,17,1,0.0355,0.0588,27.22,34.15,-20.3,39,0,0,0.852
2024-03-22,Push_Network,Push_Casino_Retarget,AU,T1,27109,624,0.023,37.13,0.06,23,3,0.0369,0.1304,107.96,12.38,190.8,107,0,0,0.886
2024-03-22,Push_Network,Push_iGaming_Broad,IN,T3,26460,727,0.0275,6.65,0.009,36,4,0.0495,0.1111,27.5,1.66,313.5,112,0,0,0.859
2024-03-22,Native_Ads,Native_Bonus_Landing,DE,T1,22735,276,0.0121,117.54,0.426,15,2,0.0543,0.1333,130.56,58.77,11.1,21,0,0,0.95
2024-03-22,Native_Ads,Native_Review_Article,BR,T2,8906,125,0.014,13.25,0.106,9,2,0.072,0.2222,45.4,6.62,242.6,4,0,0,0.95
2024-03-22,Native_Ads,Native_Bonus_Landing,PL,T2,23182,670,0.0289,56.21,0.084,32,6,0.0478,0.1875,160.27,9.37,185.1,25,0,0,0.94
2024-03-22,Native_Ads,Native_Review_Article,NG,T3,30059,524,0.0174,15.98,0.03,26,4,0.0496,0.1538,49.87,4.0,212.1,23,0,0,0.951
2024-03-22,Native_Ads,Native_Bonus_Landing,CA,T1,15404,430,0.0279,70.75,0.165,29,6,0.0674,0.2069,326.16,11.79,361.0,27,0,0,0.939
2024-03-22,Native_Ads,Native_Bonus_Landing,AU,T1,26886,638,0.0237,109.6,0.172,34,7,0.0533,0.2059,388.29,15.66,254.3,28,0,0,0.948
2024-03-22,Native_Ads,Native_Bonus_Landing,IN,T3,18333,280,0.0153,13.67,0.049,17,2,0.0607,0.1176,23.05,6.83,68.6,15,0,0,0.945
2024-03-22,TikTok,TT_Casino_UGC,DE,T1,34232,750,0.0219,249.51,0.333,55,6,0.0733,0.1091,197.07,41.59,-21.0,78,0,0,0.932
2024-03-22,TikTok,TT_Casino_UGC,BR,T2,20526,432,0.021,43.16,0.1,31,5,0.0718,0.1613,40.82,8.63,-5.4,26,0,0,0.913
2024-03-22,TikTok,TT_Sports_Short,PL,T2,37472,1163,0.031,106.18,0.091,69,13,0.0593,0.1884,202.73,8.17,90.9,132,2,0,0.912
2024-03-22,TikTok,TT_Sports_Short,NG,T3,13086,280,0.0214,7.79,0.028,18,2,0.0643,0.1111,6.03,3.9,-22.6,23,0,0,0.935
2024-03-22,TikTok,TT_Casino_UGC,CA,T1,33102,555,0.0168,189.3,0.341,36,5,0.0649,0.1389,201.86,37.86,6.6,63,0,0,0.934
2024-03-22,TikTok,TT_Casino_UGC,AU,T1,33019,821,0.0249,182.23,0.222,44,5,0.0536,0.1136,185.55,36.45,1.8,73,0,0,0.927
2024-03-22,TikTok,TT_Sports_Short,IN,T3,23329,347,0.0149,18.79,0.054,18,2,0.0519,0.1111,10.6,9.39,-43.6,36,0,0,0.927
2024-03-22,Affiliate_SEO,SEO_CasinoReview_DE,DE,T1,34032,683,0.0201,0.0,,166,84,0.243,0.506,10352.67,,,13,1,0,0.98
2024-03-22,Affiliate_SEO,SEO_BonusGuide_BR,BR,T2,14195,255,0.018,0.0,,57,18,0.2235,0.3158,1038.01,,,5,0,0,0.98
2024-03-22,Affiliate_SEO,SEO_BonusGuide_BR,PL,T2,11107,123,0.0111,0.0,,28,9,0.2276,0.3214,583.73,,,2,0,0,0.979
2024-03-22,Affiliate_SEO,SEO_CasinoReview_DE,NG,T3,1475,37,0.0251,0.0,,5,1,0.1351,0.2,4.12,,,0,0,0,0.983
2024-03-22,Affiliate_SEO,SEO_CasinoReview_DE,CA,T1,17867,322,0.018,0.0,,58,22,0.1801,0.3793,2440.02,,,8,0,0,0.98
2024-03-22,Affiliate_SEO,SEO_CasinoReview_DE,AU,T1,29422,403,0.0137,0.0,,74,27,0.1836,0.3649,2647.27,,,8,0,0,0.979
2024-03-22,Affiliate_SEO,SEO_BonusGuide_BR,IN,T3,1757,29,0.0165,0.0,,4,2,0.1379,0.5,46.25,,,0,0,0,0.983
2024-03-23,Facebook,FB_Slots_Video,DE,T1,30326,1110,0.0366,341.63,0.308,95,16,0.0856,0.1684,1053.24,21.35,208.3,23,1,0,0.97
2024-03-23,Facebook,FB_Slots_Video,BR,T2,14649,610,0.0416,41.65,0.068,53,11,0.0869,0.2075,283.2,3.79,580.0,17,0,0,0.976
2024-03-23,Facebook,FB_Casino_CreativeA,PL,T2,24453,605,0.0247,99.12,0.164,78,21,0.1289,0.2692,900.95,4.72,808.9,17,0,0,0.969
2024-03-23,Facebook,FB_Casino_CreativeA,NG,T3,55087,2102,0.0382,45.98,0.022,146,35,0.0695,0.2397,705.68,1.31,1434.8,85,0,0,0.971
2024-03-23,Facebook,FB_Casino_CreativeA,CA,T1,54882,2388,0.0435,460.72,0.193,177,33,0.0741,0.1864,2267.47,13.96,392.2,106,0,0,0.966
2024-03-23,Facebook,FB_Casino_CreativeA,AU,T1,34500,1247,0.0361,318.83,0.256,142,31,0.1139,0.2183,2181.58,10.28,584.2,51,1,0,0.972
2024-03-23,Facebook,FB_Casino_CreativeA,IN,T3,29429,1274,0.0433,35.57,0.028,106,25,0.0832,0.2358,409.83,1.42,1052.2,25,1,0,0.972
2024-03-23,Google_Search,GG_Slots_KW_Generic,DE,T1,27382,1043,0.0381,642.67,0.616,115,39,0.1103,0.3391,4353.34,16.48,577.4,11,0,0,0.991
2024-03-23,Google_Search,GG_Sports_Betting,BR,T2,13923,632,0.0454,101.84,0.161,84,27,0.1329,0.3214,1483.56,3.77,1356.8,6,0,0,0.988
2024-03-23,Google_Search,GG_Sports_Betting,PL,T2,17358,651,0.0375,208.48,0.32,102,25,0.1567,0.2451,1571.61,8.34,653.8,7,0,0,0.991
2024-03-23,Google_Search,GG_Casino_KW_Brand,NG,T3,17085,96,0.0056,38.82,0.404,15,5,0.1562,0.3333,90.08,7.76,132.0,0,0,0,0.989
2024-03-23,Google_Search,GG_Sports_Betting,CA,T1,61253,1310,0.0214,1282.83,0.979,228,89,0.174,0.3904,8459.95,14.41,559.5,19,0,0,0.99
2024-03-23,Google_Search,GG_Sports_Betting,AU,T1,27921,1093,0.0391,581.27,0.532,149,62,0.1363,0.4161,5952.43,9.38,924.0,9,0,0,0.988
2024-03-23,Google_Search,GG_Slots_KW_Generic,IN,T3,42096,1696,0.0403,160.7,0.095,277,80,0.1633,0.2888,1131.54,2.01,604.1,15,1,0,0.989
2024-03-23,Push_Network,Push_Casino_Retarget,DE,T1,11528,267,0.0232,21.39,0.08,10,1,0.0375,0.1,42.35,21.39,98.0,46,0,0,0.857
2024-03-23,Push_Network,Push_iGaming_Broad,BR,T2,11068,334,0.0302,5.53,0.017,11,1,0.0329,0.0909,5.09,5.53,-8.0,45,0,0,0.834
2024-03-23,Push_Network,Push_Casino_Retarget,PL,T2,13754,286,0.0208,8.91,0.031,7,0,0.0245,0.0,0.0,,-100.0,48,0,0,0.873
2024-03-23,Push_Network,Push_iGaming_Broad,NG,T3,83299,1852,0.0222,11.72,0.006,79,10,0.0427,0.1266,20.0,1.17,70.6,193,2,0,0.875
2024-03-23,Push_Network,Push_iGaming_Broad,CA,T1,51162,1362,0.0266,91.51,0.067,71,7,0.0521,0.0986,263.44,13.07,187.9,128,3,0,0.879
2024-03-23,Push_Network,Push_Casino_Retarget,AU,T1,38880,1075,0.0276,66.55,0.062,64,5,0.0595,0.0781,146.26,13.31,119.8,117,2,0,0.88
2024-03-23,Push_Network,Push_Casino_Retarget,IN,T3,16539,435,0.0263,4.01,0.009,16,2,0.0368,0.125,9.64,2.0,140.4,30,0,0,0.839
2024-03-23,Native_Ads,Native_Review_Article,DE,T1,32389,311,0.0096,202.02,0.65,23,4,0.074,0.1739,241.45,50.51,19.5,23,0,0,0.93
2024-03-23,Native_Ads,Native_Bonus_Landing,BR,T2,36059,369,0.0102,68.39,0.185,24,3,0.065,0.125,79.06,22.8,15.6,28,0,0,0.951
2024-03-23,Native_Ads,Native_Bonus_Landing,PL,T2,84906,2071,0.0244,202.42,0.098,196,45,0.0946,0.2296,1618.48,4.5,699.6,67,4,0,0.945
2024-03-23,Native_Ads,Native_Review_Article,NG,T3,30319,481,0.0159,15.63,0.032,20,3,0.0416,0.15,40.0,5.21,155.9,18,0,0,0.94
2024-03-23,Native_Ads,Native_Review_Article,CA,T1,110966,2031,0.0183,536.06,0.264,146,33,0.0719,0.226,2310.56,16.24,331.0,181,1,0,0.95
2024-03-23,Native_Ads,Native_Bonus_Landing,AU,T1,18036,304,0.0169,83.6,0.275,30,5,0.0987,0.1667,314.8,16.72,276.6,14,0,0,0.936
2024-03-23,Native_Ads,Native_Review_Article,IN,T3,18148,277,0.0153,14.31,0.052,24,5,0.0866,0.2083,23.73,2.86,65.8,12,0,0,0.938
2024-03-23,TikTok,TT_Sports_Short,DE,T1,18720,549,0.0293,138.89,0.253,30,5,0.0546,0.1667,244.19,27.78,75.8,62,0,0,0.928
2024-03-23,TikTok,TT_Casino_UGC,BR,T2,36218,746,0.0206,79.5,0.107,32,5,0.0429,0.1562,133.18,15.9,67.5,62,1,0,0.927
2024-03-23,TikTok,TT_Sports_Short,PL,T2,30126,720,0.0239,80.79,0.112,41,6,0.0569,0.1463,134.52,13.47,66.5,52,1,0,0.921
2024-03-23,TikTok,TT_Sports_Short,NG,T3,17995,396,0.022,9.72,0.025,27,5,0.0682,0.1852,49.16,1.94,405.8,22,0,0,0.911
2024-03-23,TikTok,TT_Sports_Short,CA,T1,23514,714,0.0304,134.37,0.188,57,11,0.0798,0.193,493.17,12.22,267.0,38,1,0,0.905
2024-03-23,TikTok,TT_Sports_Short,AU,T1,36910,601,0.0163,240.85,0.401,35,7,0.0582,0.2,417.39,34.41,73.3,55,0,0,0.917
2024-03-23,TikTok,TT_Casino_UGC,IN,T3,15993,394,0.0246,14.11,0.036,24,4,0.0609,0.1667,39.02,3.53,176.5,29,0,0,0.908
2024-03-23,Affiliate_SEO,SEO_BonusGuide_BR,DE,T1,56620,1318,0.0233,0.0,,288,124,0.2185,0.4306,15517.52,,,19,0,0,0.976
2024-03-23,Affiliate_SEO,SEO_BonusGuide_BR,BR,T2,9538,47,0.0049,0.0,,12,4,0.2553,0.3333,243.63,,,0,0,0,0.977
2024-03-23,Affiliate_SEO,SEO_BonusGuide_BR,PL,T2,7662,107,0.014,0.0,,25,5,0.2336,0.2,289.64,,,2,0,0,0.98
2024-03-23,Affiliate_SEO,SEO_CasinoReview_DE,NG,T3,1696,39,0.023,0.0,,8,2,0.2051,0.25,41.82,,,1,0,0,0.983
2024-03-23,Affiliate_SEO,SEO_CasinoReview_DE,CA,T1,58071,1261,0.0217,0.0,,377,146,0.299,0.3873,14481.49,,,30,3,0,0.983
2024-03-23,Affiliate_SEO,SEO_BonusGuide_BR,AU,T1,10455,174,0.0166,0.0,,38,14,0.2184,0.3684,1462.18,,,2,0,0,0.981
2024-03-23,Affiliate_SEO,SEO_CasinoReview_DE,IN,T3,1802,45,0.025,0.0,,7,2,0.1556,0.2857,60.37,,,1,0,0,0.981
2024-03-24,Facebook,FB_Sports_Banner,DE,T1,35319,1564,0.0443,332.58,0.213,167,37,0.1068,0.2216,3136.61,8.99,843.1,63,1,0,0.968
2024-03-24,Facebook,FB_Casino_CreativeA,BR,T2,64088,2275,0.0355,216.6,0.095,224,42,0.0985,0.1875,761.17,5.16,251.4,76,2,0,0.967
2024-03-24,Facebook,FB_Slots_Video,PL,T2,35160,970,0.0276,129.05,0.133,120,21,0.1237,0.175,625.31,6.15,384.5,27,1,0,0.97
2024-03-24,Facebook,FB_Sports_Banner,NG,T3,38064,1030,0.0271,37.87,0.037,102,27,0.099,0.2647,310.26,1.4,719.3,24,1,0,0.975
2024-03-24,Facebook,FB_Casino_CreativeA,CA,T1,30555,897,0.0294,264.3,0.295,78,17,0.087,0.2179,1230.86,15.55,365.7,40,0,0,0.975
2024-03-24,Facebook,FB_Slots_Video,AU,T1,30162,928,0.0308,292.69,0.315,65,12,0.07,0.1846,977.99,24.39,234.1,16,0,0,0.973
2024-03-24,Facebook,FB_Slots_Video,IN,T3,41258,1357,0.0329,53.02,0.039,117,31,0.0862,0.265,345.48,1.71,551.6,55,1,0,0.965
2024-03-24,Google_Search,GG_Slots_KW_Generic,DE,T1,23072,749,0.0325,594.12,0.793,132,32,0.1762,0.2424,3424.94,18.57,476.5,4,0,0,0.991
2024-03-24,Google_Search,GG_Casino_KW_Brand,BR,T2,28928,1423,0.0492,251.54,0.177,163,44,0.1145,0.2699,2023.43,5.72,704.4,9,0,0,0.989
2024-03-24,Google_Search,GG_Sports_Betting,PL,T2,28995,1189,0.041,317.89,0.267,134,43,0.1127,0.3209,2560.57,7.39,705.5,15,0,0,0.99
2024-03-24,Google_Search,GG_Slots_KW_Generic,NG,T3,43863,1923,0.0438,98.59,0.051,228,78,0.1186,0.3421,802.54,1.26,714.0,16,0,0,0.989
2024-03-24,Google_Search,GG_Slots_KW_Generic,CA,T1,16790,415,0.0247,402.61,0.97,54,20,0.1301,0.3704,2013.75,20.13,400.2,2,0,0,0.988
2024-03-24,Google_Search,GG_Slots_KW_Generic,AU,T1,33629,913,0.0271,669.72,0.734,130,32,0.1424,0.2462,3265.88,20.93,387.6,4,0,0,0.992
2024-03-24,Google_Search,GG_Sports_Betting,IN,T3,45431,1573,0.0346,159.67,0.102,226,75,0.1437,0.3319,1357.16,2.13,750.0,21,0,0,0.99
2024-03-24,Push_Network,Push_iGaming_Broad,DE,T1,22288,284,0.0127,34.45,0.121,12,1,0.0423,0.0833,24.42,34.45,-29.1,39,0,0,0.879
2024-03-24,Push_Network,Push_iGaming_Broad,BR,T2,73002,1557,0.0213,43.52,0.028,76,8,0.0488,0.1053,220.91,5.44,407.6,192,3,0,0.843
2024-03-24,Push_Network,Push_iGaming_Broad,PL,T2,16025,309,0.0193,12.78,0.041,13,2,0.0421,0.1538,48.37,6.39,278.5,60,0,0,0.845
2024-03-24,Push_Network,Push_Casino_Retarget,NG,T3,29894,526,0.0176,4.59,0.009,25,2,0.0475,0.08,19.82,2.29,331.8,84,0,0,0.884
2024-03-24,Push_Network,Push_Casino_Retarget,CA,T1,43925,576,0.0131,77.98,0.135,30,3,0.0521,0.1,115.61,25.99,48.3,44,1,0,0.846
2024-03-24,Push_Network,Push_Casino_Retarget,AU,T1,41485,1009,0.0243,60.34,0.06,38,3,0.0377,0.0789,122.44,20.11,102.9,173,2,0,0.87
2024-03-24,Push_Network,Push_iGaming_Broad,IN,T3,30421,672,0.0221,6.69,0.01,30,4,0.0446,0.1333,34.26,1.67,412.1,54,1,0,0.883
2024-03-24,Native_Ads,Native_Bonus_Landing,DE,T1,18676,375,0.0201,103.99,0.277,23,4,0.0613,0.1739,206.49,26.0,98.6,22,0,0,0.931
2024-03-24,Native_Ads,Native_Bonus_Landing,BR,T2,30635,860,0.0281,58.12,0.068,75,12,0.0872,0.16,140.82,4.84,142.3,53,1,0,0.932
2024-03-24,Native_Ads,Native_Review_Article,PL,T2,54982,1176,0.0214,120.69,0.103,77,20,0.0655,0.2597,729.82,6.03,504.7,67,1,0,0.943
2024-03-24,Native_Ads,Native_Review_Article,NG,T3,25570,556,0.0217,12.9,0.023,47,8,0.0845,0.1702,78.6,1.61,509.3,49,0,0,0.949
2024-03-24,Native_Ads,Native_Review_Article,CA,T1,22102,429,0.0194,123.43,0.288,29,5,0.0676,0.1724,323.81,24.69,162.3,27,0,0,0.945
2024-03-24,Native_Ads,Native_Review_Article,AU,T1,31590,504,0.016,145.36,0.288,27,5,0.0536,0.1852,292.39,29.07,101.1,25,0,0,0.937
2024-03-24,Native_Ads,Native_Bonus_Landing,IN,T3,82452,1763,0.0214,61.92,0.035,143,27,0.0811,0.1888,538.09,2.29,769.0,66,1,0,0.951
2024-03-24,TikTok,TT_Casino_UGC,DE,T1,22496,247,0.011,149.72,0.606,14,1,0.0567,0.0714,43.26,149.72,-71.1,27,0,0,0.931
2024-03-24,TikTok,TT_Sports_Short,BR,T2,14092,197,0.014,33.0,0.168,9,1,0.0457,0.1111,2.0,33.0,-93.9,20,0,0,0.914
2024-03-24,TikTok,TT_Sports_Short,PL,T2,33583,1103,0.0328,101.89,0.092,46,3,0.0417,0.0652,87.1,33.96,-14.5,115,0,0,0.914
2024-03-24,TikTok,TT_Casino_UGC,NG,T3,54119,1523,0.0281,29.87,0.02,96,14,0.063,0.1458,85.79,2.13,187.2,65,2,0,0.924
2024-03-24,TikTok,TT_Sports_Short,CA,T1,22439,452,0.0201,140.95,0.312,21,3,0.0465,0.1429,138.2,46.98,-2.0,38,0,0,0.906
2024-03-24,TikTok,TT_Casino_UGC,AU,T1,19556,387,0.0198,114.77,0.297,27,5,0.0698,0.1852,292.5,22.95,154.9,33,0,0,0.917
2024-03-24,TikTok,TT_Sports_Short,IN,T3,15964,410,0.0257,12.82,0.031,29,5,0.0707,0.1724,61.61,2.56,380.6,45,0,0,0.918
2024-03-24,Affiliate_SEO,SEO_CasinoReview_DE,DE,T1,48781,868,0.0178,0.0,,210,50,0.2419,0.2381,6370.22,,,14,1,0,0.977
2024-03-24,Affiliate_SEO,SEO_BonusGuide_BR,BR,T2,18476,529,0.0286,0.0,,76,28,0.1437,0.3684,1136.6,,,8,0,0,0.977
2024-03-24,Affiliate_SEO,SEO_BonusGuide_BR,PL,T2,14326,266,0.0186,0.0,,56,13,0.2105,0.2321,794.11,,,7,0,0,0.977
2024-03-24,Affiliate_SEO,SEO_CasinoReview_DE,NG,T3,2232,59,0.0264,0.0,,14,2,0.2373,0.1429,53.23,,,1,0,0,0.977
2024-03-24,Affiliate_SEO,SEO_CasinoReview_DE,CA,T1,31427,658,0.0209,0.0,,189,65,0.2872,0.3439,7451.05,,,12,1,0,0.982
2024-03-24,Affiliate_SEO,SEO_CasinoReview_DE,AU,T1,29647,650,0.0219,0.0,,172,47,0.2646,0.2733,5581.91,,,19,0,0,0.981
2024-03-24,Affiliate_SEO,SEO_BonusGuide_BR,IN,T3,3948,65,0.0165,0.0,,16,8,0.2462,0.5,90.0,,,1,0,0,0.983
2024-03-25,Facebook,FB_Slots_Video,DE,T1,33194,1674,0.0504,357.56,0.214,167,23,0.0998,0.1377,1536.85,15.55,329.8,33,1,0,0.974
2024-03-25,Facebook,FB_Sports_Banner,BR,T2,25468,726,0.0285,69.76,0.096,73,17,0.1006,0.2329,547.45,4.1,684.8,21,0,0,0.966
2024-03-25,Facebook,FB_Sports_Banner,PL,T2,14294,543,0.038,54.78,0.101,34,7,0.0626,0.2059,137.15,7.83,150.4,19,0,0,0.97
2024-03-25,Facebook,FB_Casino_CreativeA,NG,T3,33342,1149,0.0345,33.71,0.029,97,24,0.0844,0.2474,367.58,1.4,990.4,19,0,0,0.974
2024-03-25,Facebook,FB_Slots_Video,CA,T1,52419,2245,0.0428,440.82,0.196,188,49,0.0837,0.2606,3259.87,9.0,639.5,89,1,0,0.97
2024-03-25,Facebook,FB_Casino_CreativeA,AU,T1,27143,986,0.0363,249.99,0.254,87,13,0.0882,0.1494,855.9,19.23,242.4,20,0,0,0.975
2024-03-25,Facebook,FB_Slots_Video,IN,T3,12206,374,0.0306,17.06,0.046,33,7,0.0882,0.2121,156.56,2.44,817.7,9,0,0,0.971
2024-03-25,Google_Search,GG_Casino_KW_Brand,DE,T1,39369,1315,0.0334,952.25,0.724,126,32,0.0958,0.254,3395.28,29.76,256.6,7,0,0,0.992
2024-03-25,Google_Search,GG_Slots_KW_Generic,BR,T2,13024,512,0.0393,99.36,0.194,67,14,0.1309,0.209,631.16,7.1,535.2,6,0,0,0.99
2024-03-25,Google_Search,GG_Casino_KW_Brand,PL,T2,32642,1204,0.0369,399.58,0.332,211,52,0.1752,0.2464,3573.89,7.68,794.4,12,0,0,0.988
2024-03-25,Google_Search,GG_Casino_KW_Brand,NG,T3,17767,509,0.0286,39.92,0.078,72,19,0.1415,0.2639,176.72,2.1,342.7,6,0,0,0.992
2024-03-25,Google_Search,GG_Casino_KW_Brand,CA,T1,22362,660,0.0295,555.48,0.842,130,47,0.197,0.3615,4649.72,11.82,737.1,4,0,0,0.991
2024-03-25,Google_Search,GG_Slots_KW_Generic,AU,T1,33792,1190,0.0352,797.74,0.67,129,35,0.1084,0.2713,3326.28,22.79,317.0,17,0,0,0.99
2024-03-25,Google_Search,GG_Slots_KW_Generic,IN,T3,32204,1026,0.0319,125.6,0.122,165,49,0.1608,0.297,300.99,2.56,139.6,9,0,0,0.99
2024-03-25,Push_Network,Push_iGaming_Broad,DE,T1,17067,361,0.0212,28.48,0.079,14,1,0.0388,0.0714,29.47,28.48,3.5,53,0,0,0.848
2024-03-25,Push_Network,Push_Casino_Retarget,BR,T2,22368,326,0.0146,13.79,0.042,12,1,0.0368,0.0833,12.93,13.79,-6.2,45,0,0,0.887
2024-03-25,Push_Network,Push_Casino_Retarget,PL,T2,41738,910,0.0218,31.92,0.035,32,5,0.0352,0.1562,68.14,6.38,113.5,181,1,0,0.848
2024-03-25,Push_Network,Push_Casino_Retarget,NG,T3,60424,669,0.0111,10.98,0.016,27,2,0.0404,0.0741,4.0,5.49,-63.6,58,1,0,0.888
2024-03-25,Push_Network,Push_Casino_Retarget,CA,T1,8166,127,0.0156,11.53,0.091,4,0,0.0315,0.0,0.0,,-100.0,13,0,0,0.834
2024-03-25,Push_Network,Push_iGaming_Broad,AU,T1,69045,1132,0.0164,120.58,0.107,45,6,0.0398,0.1333,246.45,20.1,104.4,232,1,0,0.884
2024-03-25,Push_Network,Push_Casino_Retarget,IN,T3,41001,830,0.0202,11.3,0.014,23,2,0.0277,0.087,37.12,5.65,228.5,163,0,0,0.879
2024-03-25,Native_Ads,Native_Review_Article,DE,T1,10479,252,0.024,61.74,0.245,16,2,0.0635,0.125,83.73,30.87,35.6,20,0,0,0.939
2024-03-25,Native_Ads,Native_Review_Article,BR,T2,60831,1524,0.0251,112.49,0.074,62,9,0.0407,0.1452,33.06,12.5,-70.6,123,1,0,0.951
2024-03-25,Native_Ads,Native_Review_Article,PL,T2,8745,224,0.0256,18.53,0.083,23,3,0.1027,0.1304,80.47,6.18,334.3,12,0,0,0.935
2024-03-25,Native_Ads,Native_Review_Article,NG,T3,15092,233,0.0154,7.51,0.032,22,4,0.0944,0.1818,100.78,1.88,1241.9,8,0,0,0.938
2024-03-25,Native_Ads,Native_Review_Article,CA,T1,14962,402,0.0269,79.94,0.199,25,4,0.0622,0.16,263.67,19.98,229.8,27,0,0,0.949
2024-03-25,Native_Ads,Native_Review_Article,AU,T1,21106,299,0.0142,109.14,0.365,19,4,0.0635,0.2105,227.21,27.29,108.2,22,0,0,0.945
2024-03-25,Native_Ads,Native_Review_Article,IN,T3,43726,562,0.0129,36.47,0.065,51,11,0.0907,0.2157,22.0,3.32,-39.7,40,0,0,0.929
2024-03-25,TikTok,TT_Casino_UGC,DE,T1,55843,468,0.0084,397.39,0.849,28,4,0.0598,0.1429,152.37,99.35,-61.7,50,0,0,0.907
2024-03-25,TikTok,TT_Sports_Short,BR,T2,16801,318,0.0189,35.6,0.112,21,4,0.066,0.1905,104.35,8.9,193.1,27,0,0,0.908
2024-03-25,TikTok,TT_Casino_UGC,PL,T2,17002,344,0.0202,44.28,0.129,21,3,0.061,0.1429,57.46,14.76,29.8,29,0,0,0.908
2024-03-25,TikTok,TT_Casino_UGC,NG,T3,21816,370,0.017,11.58,0.031,20,3,0.0541,0.15,6.0,3.86,-48.2,31,0,0,0.917
2024-03-25,TikTok,TT_Sports_Short,CA,T1,11726,225,0.0192,60.01,0.267,12,2,0.0533,0.1667,100.59,30.0,67.6,13,0,0,0.918
2024-03-25,TikTok,TT_Sports_Short,AU,T1,10997,239,0.0217,60.02,0.251,14,2,0.0586,0.1429,109.06,30.01,81.7,14,0,0,0.905
2024-03-25,TikTok,TT_Casino_UGC,IN,T3,30189,941,0.0312,30.09,0.032,70,15,0.0744,0.2143,136.87,2.01,354.9,109,1,0,0.909
2024-03-25,Affiliate_SEO,SEO_BonusGuide_BR,DE,T1,37894,878,0.0232,0.0,,202,51,0.2301,0.2525,6961.39,,,19,1,0,0.982
2024-03-25,Affiliate_SEO,SEO_BonusGuide_BR,BR,T2,6882,188,0.0273,0.0,,28,8,0.1489,0.2857,396.32,,,2,0,0,0.977
2024-03-25,Affiliate_SEO,SEO_CasinoReview_DE,PL,T2,21905,446,0.0204,0.0,,65,26,0.1457,0.4,1615.65,,,5,0,0,0.977
2024-03-25,Affiliate_SEO,SEO_CasinoReview_DE,NG,T3,1900,45,0.0237,0.0,,10,3,0.2222,0.3,84.32,,,0,0,0,0.976
2024-03-25,Affiliate_SEO,SEO_CasinoReview_DE,CA,T1,116813,2723,0.0233,0.0,,595,298,0.2185,0.5008,32189.2,,,41,3,1,0.977
2024-03-25,Affiliate_SEO,SEO_CasinoReview_DE,AU,T1,16637,441,0.0265,0.0,,50,16,0.1134,0.32,2086.99,,,4,0,0,0.977
2024-03-25,Affiliate_SEO,SEO_BonusGuide_BR,IN,T3,3850,47,0.0122,0.0,,10,3,0.2128,0.3,58.72,,,1,0,0,0.977
2024-03-26,Facebook,FB_Casino_CreativeA,DE,T1,20333,553,0.0272,209.28,0.378,68,15,0.123,0.2206,1290.27,13.95,516.5,10,0,0,0.965
2024-03-26,Facebook,FB_Casino_CreativeA,BR,T2,33039,1095,0.0331,110.12,0.101,100,26,0.0913,0.26,624.92,4.24,467.5,35,1,0,0.966
2024-03-26,Facebook,FB_Casino_CreativeA,PL,T2,28762,888,0.0309,105.37,0.119,74,15,0.0833,0.2027,429.11,7.02,307.2,32,0,0,0.972
2024-03-26,Facebook,FB_Slots_Video,NG,T3,31210,931,0.0298,26.14,0.028,53,15,0.0569,0.283,238.48,1.74,812.3,38,0,0,0.966
2024-03-26,Facebook,FB_Sports_Banner,CA,T1,28377,1158,0.0408,262.59,0.227,132,25,0.114,0.1894,1605.54,10.5,511.4,37,1,0,0.973
2024-03-26,Facebook,FB_Slots_Video,AU,T1,16958,644,0.038,147.08,0.228,64,16,0.0994,0.25,1129.72,9.19,668.1,23,0,0,0.976
2024-03-26,Facebook,FB_Sports_Banner,IN,T3,21368,752,0.0352,31.51,0.042,78,15,0.1037,0.1923,222.57,2.1,606.3,20,0,0,0.964
2024-03-26,Google_Search,GG_Casino_KW_Brand,DE,T1,31673,1131,0.0357,823.42,0.728,153,48,0.1353,0.3137,5121.02,17.15,521.9,8,0,0,0.991
2024-03-26,Google_Search,GG_Slots_KW_Generic,BR,T2,19328,864,0.0447,147.07,0.17,162,71,0.1875,0.4383,3263.17,2.07,2118.8,6,0,0,0.988
2024-03-26,Google_Search,GG_Slots_KW_Generic,PL,T2,17580,770,0.0438,214.33,0.278,171,38,0.2221,0.2222,2007.48,5.64,836.6,4,0,0,0.988
2024-03-26,Google_Search,GG_Casino_KW_Brand,NG,T3,64967,1986,0.0306,158.31,0.08,267,75,0.1344,0.2809,573.81,2.11,262.5,22,0,0,0.989
2024-03-26,Google_Search,GG_Sports_Betting,CA,T1,23411,827,0.0353,565.41,0.684,128,52,0.1548,0.4062,5573.67,10.87,885.8,12,0,0,0.992
2024-03-26,Google_Search,GG_Sports_Betting,AU,T1,32565,814,0.025,767.19,0.942,92,23,0.113,0.25,2369.86,33.36,208.9,5,0,0,0.989
2024-03-26,Google_Search,GG_Slots_KW_Generic,IN,T3,37613,1506,0.04,130.06,0.086,211,31,0.1401,0.1469,369.39,4.2,184.0,7,0,0,0.989
2024-03-26,Push_Network,Push_iGaming_Broad,DE,T1,11149,197,0.0177,20.24,0.103,8,0,0.0406,0.0,0.0,,-100.0,25,0,0,0.888
2024-03-26,Push_Network,Push_iGaming_Broad,BR,T2,21353,377,0.0177,11.2,0.03,14,1,0.0371,0.0714,11.73,11.2,4.7,54,0,0,0.859
2024-03-26,Push_Network,Push_iGaming_Broad,PL,T2,13328,264,0.0198,10.97,0.042,10,1,0.0379,0.1,30.24,10.97,175.7,23,0,0,0.845
2024-03-26,Push_Network,Push_Casino_Retarget,NG,T3,19079,364,0.0191,3.38,0.009,13,1,0.0357,0.0769,7.47,3.38,121.0,33,0,0,0.874
2024-03-26,Push_Network,Push_Casino_Retarget,CA,T1,34737,922,0.0265,57.65,0.063,40,5,0.0434,0.125,167.21,11.53,190.0,153,1,0,0.877
2024-03-26,Push_Network,Push_iGaming_Broad,AU,T1,33937,616,0.0182,55.13,0.089,19,2,0.0308,0.1053,108.73,27.57,97.2,75,0,0,0.855
2024-03-26,Push_Network,Push_Casino_Retarget,IN,T3,18353,350,0.0191,4.74,0.014,13,1,0.0371,0.0769,25.86,4.74,445.6,56,0,0,0.878
2024-03-26,Native_Ads,Native_Bonus_Landing,DE,T1,18650,224,0.012,88.05,0.393,16,2,0.0714,0.125,120.82,44.02,37.2,18,0,0,0.95
2024-03-26,Native_Ads,Native_Bonus_Landing,BR,T2,29559,731,0.0247,47.02,0.064,53,6,0.0725,0.1132,263.98,7.84,461.4,59,0,0,0.939
2024-03-26,Native_Ads,Native_Review_Article,PL,T2,10552,247,0.0234,25.43,0.103,22,4,0.0891,0.1818,190.37,6.36,648.6,13,0,0,0.94
2024-03-26,Native_Ads,Native_Review_Article,NG,T3,36589,919,0.0251,16.41,0.018,68,13,0.074,0.1912,62.1,1.26,278.4,46,0,0,0.929
2024-03-26,Native_Ads,Native_Bonus_Landing,CA,T1,20741,476,0.0229,117.93,0.248,38,6,0.0798,0.1579,348.2,19.66,195.3,24,0,0,0.947
2024-03-26,Native_Ads,Native_Bonus_Landing,AU,T1,29332,481,0.0164,137.96,0.287,31,8,0.0644,0.2581,553.57,17.25,301.3,42,0,0,0.932
2024-03-26,Native_Ads,Native_Bonus_Landing,IN,T3,40265,1149,0.0285,29.51,0.026,119,23,0.1036,0.1933,200.67,1.28,580.0,99,2,0,0.935
2024-03-26,TikTok,TT_Sports_Short,DE,T1,53474,959,0.0179,301.59,0.314,70,13,0.073,0.1857,694.82,23.2,130.4,74,2,0,0.911
2024-03-26,TikTok,TT_Casino_UGC,BR,T2,49265,1427,0.029,93.96,0.066,72,12,0.0505,0.1667,157.8,7.83,67.9,72,2,0,0.923
2024-03-26,TikTok,TT_Sports_Short,PL,T2,30439,881,0.0289,80.27,0.091,63,9,0.0715,0.1429,155.89,8.92,94.2,74,1,0,0.922
2024-03-26,TikTok,TT_Sports_Short,NG,T3,40432,878,0.0217,26.05,0.03,55,8,0.0626,0.1455,43.58,3.26,67.3,58,1,0,0.915
2024-03-26,TikTok,TT_Casino_UGC,CA,T1,15733,290,0.0184,84.88,0.293,12,1,0.0414,0.0833,43.11,84.88,-49.2,34,0,0,0.922
2024-03-26,TikTok,TT_Sports_Short,AU,T1,18144,290,0.016,93.39,0.322,18,3,0.0621,0.1667,108.79,31.13,16.5,13,0,0,0.925
2024-03-26,TikTok,TT_Sports_Short,IN,T3,25106,515,0.0205,25.41,0.049,35,4,0.068,0.1143,17.77,6.35,-30.1,31,1,0,0.931
2024-03-26,Affiliate_SEO,SEO_CasinoReview_DE,DE,T1,22784,407,0.0179,0.0,,101,35,0.2482,0.3465,4162.61,,,6,0,0,0.977
2024-03-26,Affiliate_SEO,SEO_BonusGuide_BR,BR,T2,15967,216,0.0135,0.0,,51,17,0.2361,0.3333,948.01,,,3,0,0,0.982
2024-03-26,Affiliate_SEO,SEO_BonusGuide_BR,PL,T2,4207,38,0.009,0.0,,7,2,0.1842,0.2857,132.71,,,0,0,0,0.98
2024-03-26,Affiliate_SEO,SEO_BonusGuide_BR,NG,T3,1727,32,0.0185,0.0,,5,1,0.1562,0.2,10.79,,,0,0,0,0.982
2024-03-26,Affiliate_SEO,SEO_BonusGuide_BR,CA,T1,41876,997,0.0238,0.0,,263,82,0.2638,0.3118,9772.81,,,16,1,0,0.979
2024-03-26,Affiliate_SEO,SEO_CasinoReview_DE,AU,T1,44594,984,0.0221,0.0,,192,58,0.1951,0.3021,5905.53,,,16,0,0,0.98
2024-03-26,Affiliate_SEO,SEO_CasinoReview_DE,IN,T3,4577,139,0.0304,0.0,,31,12,0.223,0.3871,119.24,,,3,0,0,0.981
2024-03-27,Facebook,FB_Casino_CreativeA,DE,T1,27056,1165,0.0431,233.67,0.201,102,24,0.0876,0.2353,1740.67,9.74,644.9,27,0,0,0.975
2024-03-27,Facebook,FB_Slots_Video,BR,T2,44816,1974,0.044,126.24,0.064,132,23,0.0669,0.1742,794.69,5.49,529.5,81,1,0,0.969
2024-03-27,Facebook,FB_Slots_Video,PL,T2,39290,1054,0.0268,177.69,0.169,60,12,0.0569,0.2,288.95,14.81,62.6,30,0,0,0.971
2024-03-27,Facebook,FB_Casino_CreativeA,NG,T3,22280,1162,0.0522,21.06,0.018,109,20,0.0938,0.1835,669.85,1.05,3080.7,33,0,0,0.972
2024-03-27,Facebook,FB_Sports_Banner,CA,T1,27039,830,0.0307,228.62,0.275,72,23,0.0867,0.3194,1971.08,9.94,762.2,27,0,0,0.97
2024-03-27,Facebook,FB_Slots_Video,AU,T1,32392,1400,0.0432,253.71,0.181,69,18,0.0493,0.2609,1338.97,14.1,427.8,52,0,0,0.974
2024-03-27,Facebook,FB_Slots_Video,IN,T3,14582,474,0.0325,21.95,0.046,45,11,0.0949,0.2444,147.44,2.0,571.7,15,0,0,0.973
2024-03-27,Google_Search,GG_Sports_Betting,DE,T1,12035,548,0.0455,294.71,0.538,93,23,0.1697,0.2473,2246.45,12.81,662.3,3,0,0,0.988
2024-03-27,Google_Search,GG_Slots_KW_Generic,BR,T2,14250,718,0.0504,107.99,0.15,79,20,0.11,0.2532,740.99,5.4,586.2,9,0,0,0.989
2024-03-27,Google_Search,GG_Casino_KW_Brand,PL,T2,48023,1844,0.0384,463.16,0.251,333,144,0.1806,0.4324,8134.81,3.22,1656.4,19,0,0,0.989
2024-03-27,Google_Search,GG_Casino_KW_Brand,NG,T3,18392,651,0.0354,45.75,0.07,43,15,0.0661,0.3488,248.27,3.05,442.7,7,0,0,0.99
2024-03-27,Google_Search,GG_Sports_Betting,CA,T1,21277,761,0.0358,454.0,0.597,93,24,0.1222,0.2581,2625.21,18.92,478.2,6,0,0,0.99
2024-03-27,Google_Search,GG_Slots_KW_Generic,AU,T1,81115,2675,0.033,1731.43,0.647,240,78,0.0897,0.325,7378.26,22.2,326.1,21,0,0,0.99
2024-03-27,Google_Search,GG_Casino_KW_Brand,IN,T3,25695,596,0.0232,80.14,0.134,79,30,0.1326,0.3797,681.93,2.67,750.9,3,0,0,0.988
2024-03-27,Push_Network,Push_iGaming_Broad,DE,T1,73300,1350,0.0184,117.89,0.087,42,4,0.0311,0.0952,159.11,29.47,35.0,258,1,0,0.858
2024-03-27,Push_Network,Push_Casino_Retarget,BR,T2,21257,492,0.0231,10.15,0.021,19,3,0.0386,0.1579,11.97,3.38,17.9,43,0,0,0.855
2024-03-27,Push_Network,Push_iGaming_Broad,PL,T2,30876,717,0.0232,19.97,0.028,24,3,0.0335,0.125,45.15,6.66,126.1,85,0,0,0.883
2024-03-27,Push_Network,Push_Casino_Retarget,NG,T3,13138,357,0.0272,1.88,0.005,17,2,0.0476,0.1176,25.91,0.94,1278.2,65,0,0,0.839
2024-03-27,Push_Network,Push_Casino_Retarget,CA,T1,28069,647,0.0231,41.43,0.064,27,2,0.0417,0.0741,31.87,20.71,-23.1,84,0,0,0.849
2024-03-27,Push_Network,Push_iGaming_Broad,AU,T1,28361,603,0.0213,46.0,0.076,17,2,0.0282,0.1176,62.93,23.0,36.8,110,0,0,0.872
2024-03-27,Push_Network,Push_iGaming_Broad,IN,T3,15432,245,0.0159,3.71,0.015,9,1,0.0367,0.1111,2.0,3.71,-46.1,45,0,0,0.87
2024-03-27,Native_Ads,Native_Review_Article,DE,T1,31375,739,0.0236,176.5,0.239,45,10,0.0609,0.2222,657.96,17.65,272.8,50,1,0,0.939
2024-03-27,Native_Ads,Native_Review_Article,BR,T2,50803,928,0.0183,85.62,0.092,51,9,0.055,0.1765,297.84,9.51,247.9,34,1,0,0.937
2024-03-27,Native_Ads,Native_Review_Article,PL,T2,12399,230,0.0185,27.94,0.121,19,3,0.0826,0.1579,102.49,9.31,266.8,10,0,0,0.948
2024-03-27,Native_Ads,Native_Review_Article,NG,T3,19812,652,0.0329,11.06,0.017,47,8,0.0721,0.1702,85.93,1.38,676.9,36,1,0,0.93
2024-03-27,Native_Ads,Native_Bonus_Landing,CA,T1,15204,366,0.0241,80.42,0.22,34,6,0.0929,0.1765,360.5,13.4,348.3,16,0,0,0.942
2024-03-27,Native_Ads,Native_Bonus_Landing,AU,T1,19747,265,0.0134,92.46,0.349,17,3,0.0642,0.1765,172.94,30.82,87.0,22,0,0,0.931
2024-03-27,Native_Ads,Native_Bonus_Landing,IN,T3,22583,264,0.0117,18.48,0.07,21,2,0.0795,0.0952,17.94,9.24,-2.9,17,0,0,0.937
2024-03-27,TikTok,TT_Sports_Short,DE,T1,23625,396,0.0168,144.42,0.365,18,2,0.0455,0.1111,96.68,72.21,-33.1,28,0,0,0.925
2024-03-27,TikTok,TT_Casino_UGC,BR,T2,24313,458,0.0188,54.23,0.118,33,4,0.0721,0.1212,140.4,13.56,158.9,19,0,0,0.922
2024-03-27,TikTok,TT_Sports_Short,PL,T2,46632,483,0.0104,114.61,0.237,27,5,0.0559,0.1852,159.74,22.92,39.4,25,0,0,0.913
2024-03-27,TikTok,TT_Casino_UGC,NG,T3,21823,365,0.0167,14.4,0.039,20,2,0.0548,0.1,20.2,7.2,40.3,23,0,0,0.924
2024-03-27,TikTok,TT_Casino_UGC,CA,T1,25806,437,0.0169,162.61,0.372,27,5,0.0618,0.1852,250.76,32.52,54.2,29,0,0,0.928
2024-03-27,TikTok,TT_Casino_UGC,AU,T1,19646,272,0.0138,109.94,0.404,24,2,0.0882,0.0833,89.07,54.97,-19.0,17,0,0,0.934
2024-03-27,TikTok,TT_Sports_Short,IN,T3,36305,274,0.0075,30.67,0.112,12,1,0.0438,0.0833,2.56,30.67,-91.7,11,0,0,0.929
2024-03-27,Affiliate_SEO,SEO_BonusGuide_BR,DE,T1,30172,707,0.0234,0.0,,113,37,0.1598,0.3274,4756.14,,,20,0,0,0.98
2024-03-27,Affiliate_SEO,SEO_CasinoReview_DE,BR,T2,4493,96,0.0214,0.0,,21,5,0.2188,0.2381,249.6,,,2,0,0,0.984
2024-03-27,Affiliate_SEO,SEO_BonusGuide_BR,PL,T2,18676,559,0.0299,0.0,,164,78,0.2934,0.4756,3808.3,,,15,1,0,0.983
2024-03-27,Affiliate_SEO,SEO_CasinoReview_DE,NG,T3,2426,50,0.0206,0.0,,5,1,0.1,0.2,28.91,,,0,0,0,0.977
2024-03-27,Affiliate_SEO,SEO_CasinoReview_DE,CA,T1,20019,422,0.0211,0.0,,82,30,0.1943,0.3659,3735.78,,,4,0,0,0.981
2024-03-27,Affiliate_SEO,SEO_BonusGuide_BR,AU,T1,20422,366,0.0179,0.0,,78,31,0.2131,0.3974,3366.89,,,5,0,0,0.982
2024-03-27,Affiliate_SEO,SEO_CasinoReview_DE,IN,T3,12541,225,0.0179,0.0,,62,24,0.2756,0.3871,377.73,,,6,0,0,0.98
2024-03-28,Facebook,FB_Sports_Banner,DE,T1,13614,439,0.0322,129.96,0.296,48,12,0.1093,0.25,914.85,10.83,603.9,6,0,0,0.969
2024-03-28,Facebook,FB_Casino_CreativeA,BR,T2,27231,916,0.0336,93.19,0.102,82,21,0.0895,0.2561,550.68,4.44,490.9,16,1,0,0.972
2024-03-28,Facebook,FB_Slots_Video,PL,T2,76379,3457,0.0453,313.04,0.091,279,80,0.0807,0.2867,2030.74,3.91,548.7,99,2,0,0.971
2024-03-28,Facebook,FB_Slots_Video,NG,T3,29833,198,0.0066,25.84,0.131,18,4,0.0909,0.2222,36.38,6.46,40.8,5,0,0,0.966
2024-03-28,Facebook,FB_Slots_Video,CA,T1,17768,780,0.0439,149.64,0.192,87,18,0.1115,0.2069,1438.61,8.31,861.4,33,0,0,0.967
2024-03-28,Facebook,FB_Casino_CreativeA,AU,T1,69014,2247,0.0326,566.05,0.252,213,48,0.0948,0.2254,3287.01,11.79,480.7,72,2,0,0.969
2024-03-28,Facebook,FB_Casino_CreativeA,IN,T3,31556,1077,0.0341,45.12,0.042,86,21,0.0799,0.2442,325.69,2.15,621.8,22,1,0,0.966
2024-03-28,Google_Search,GG_Sports_Betting,DE,T1,17426,770,0.0442,489.67,0.636,133,47,0.1727,0.3534,5039.34,10.42,929.1,7,0,0,0.989
2024-03-28,Google_Search,GG_Slots_KW_Generic,BR,T2,16729,525,0.0314,124.2,0.237,78,27,0.1486,0.3462,1062.79,4.6,755.7,3,0,0,0.991
2024-03-28,Google_Search,GG_Sports_Betting,PL,T2,16796,444,0.0264,176.64,0.398,74,17,0.1667,0.2297,938.18,10.39,431.1,5,0,0,0.992
2024-03-28,Google_Search,GG_Sports_Betting,NG,T3,21201,528,0.0249,49.67,0.094,74,24,0.1402,0.3243,472.97,2.07,852.2,7,0,0,0.988
2024-03-28,Google_Search,GG_Slots_KW_Generic,CA,T1,26221,315,0.012,653.38,2.074,68,23,0.2159,0.3382,2150.79,28.41,229.2,2,0,0,0.991
2024-03-28,Google_Search,GG_Casino_KW_Brand,AU,T1,22670,1014,0.0447,523.9,0.517,150,35,0.1479,0.2333,3386.15,14.97,546.3,6,0,0,0.99
2024-03-28,Google_Search,GG_Casino_KW_Brand,IN,T3,37290,1315,0.0353,125.19,0.095,187,50,0.1422,0.2674,711.54,2.5,468.4,9,0,0,0.992
2024-03-28,Push_Network,Push_Casino_Retarget,DE,T1,97051,2025,0.0209,163.06,0.081,79,7,0.039,0.0886,254.44,23.29,56.0,352,1,0,0.885
2024-03-28,Push_Network,Push_Casino_Retarget,BR,T2,28489,683,0.024,15.38,0.023,35,4,0.0512,0.1143,76.14,3.85,395.1,137,1,0,0.884
2024-03-28,Push_Network,Push_iGaming_Broad,PL,T2,41605,781,0.0188,28.34,0.036,24,2,0.0307,0.0833,51.49,14.17,81.7,62,1,0,0.863
2024-03-28,Push_Network,Push_iGaming_Broad,NG,T3,15865,421,0.0265,2.57,0.006,11,1,0.0261,0.0909,3.62,2.57,40.9,41,0,0,0.862
2024-03-28,Push_Network,Push_iGaming_Broad,CA,T1,17404,288,0.0165,25.4,0.088,7,0,0.0243,0.0,0.0,,-100.0,23,0,0,0.863
2024-03-28,Push_Network,Push_Casino_Retarget,AU,T1,16123,356,0.0221,20.97,0.059,14,1,0.0393,0.0714,20.36,20.97,-2.9,67,0,0,0.843
2024-03-28,Push_Network,Push_Casino_Retarget,IN,T3,20935,345,0.0165,5.32,0.015,10,1,0.029,0.1,2.0,5.32,-62.4,34,0,0,0.851
2024-03-28,Native_Ads,Native_Review_Article,DE,T1,51928,906,0.0174,293.39,0.324,80,18,0.0883,0.225,1094.98,16.3,273.2,51,1,0,0.943
2024-03-28,Native_Ads,Native_Review_Article,BR,T2,22675,448,0.0198,43.09,0.096,36,6,0.0804,0.1667,169.33,7.18,293.0,33,0,0,0.944
2024-03-28,Native_Ads,Native_Bonus_Landing,PL,T2,21815,508,0.0233,44.88,0.088,19,4,0.0374,0.2105,190.32,11.22,324.1,26,0,0,0.937
2024-03-28,Native_Ads,Native_Bonus_Landing,NG,T3,37085,512,0.0138,18.57,0.036,33,3,0.0645,0.0909,46.59,6.19,150.9,40,0,0,0.934
2024-03-28,Native_Ads,Native_Review_Article,CA,T1,27448,520,0.0189,137.59,0.265,37,7,0.0712,0.1892,387.37,19.66,181.5,43,0,0,0.948
2024-03-28,Native_Ads,Native_Review_Article,AU,T1,12041,132,0.011,50.26,0.381,8,1,0.0606,0.125,49.95,50.26,-0.6,8,0,0,0.936
2024-03-28,Native_Ads,Native_Bonus_Landing,IN,T3,34564,989,0.0286,28.65,0.029,74,9,0.0748,0.1216,164.46,3.18,474.0,61,0,0,0.946
2024-03-28,TikTok,TT_Sports_Short,DE,T1,24330,475,0.0195,162.24,0.342,19,2,0.04,0.1053,112.33,81.12,-30.8,47,0,0,0.92
2024-03-28,TikTok,TT_Casino_UGC,BR,T2,16992,451,0.0265,30.51,0.068,17,3,0.0377,0.1765,53.76,10.17,76.2,36,0,0,0.916
2024-03-28,TikTok,TT_Sports_Short,PL,T2,44310,939,0.0212,136.65,0.146,51,8,0.0543,0.1569,142.02,17.08,3.9,75,0,0,0.923
2024-03-28,TikTok,TT_Casino_UGC,NG,T3,30110,224,0.0074,16.06,0.072,15,2,0.067,0.1333,49.87,8.03,210.5,26,0,0,0.919
2024-03-28,TikTok,TT_Sports_Short,CA,T1,10371,281,0.0271,56.76,0.202,17,2,0.0605,0.1176,86.53,28.38,52.4,26,0,0,0.904
2024-03-28,TikTok,TT_Sports_Short,AU,T1,15883,402,0.0253,94.85,0.236,20,3,0.0498,0.15,150.35,31.62,58.5,20,0,0,0.912
2024-03-28,TikTok,TT_Sports_Short,IN,T3,20806,438,0.0211,19.4,0.044,22,3,0.0502,0.1364,34.33,6.47,77.0,47,0,0,0.915
2024-03-28,Affiliate_SEO,SEO_CasinoReview_DE,DE,T1,22849,310,0.0136,0.0,,73,22,0.2355,0.3014,2643.94,,,3,0,0,0.98
2024-03-28,Affiliate_SEO,SEO_BonusGuide_BR,BR,T2,5621,116,0.0206,0.0,,22,7,0.1897,0.3182,314.16,,,1,0,0,0.984
2024-03-28,Affiliate_SEO,SEO_BonusGuide_BR,PL,T2,14827,303,0.0204,0.0,,59,18,0.1947,0.3051,903.54,,,4,0,0,0.984
2024-03-28,Affiliate_SEO,SEO_BonusGuide_BR,NG,T3,899,21,0.0234,0.0,,3,1,0.1429,0.3333,15.8,,,0,0,0,0.98
2024-03-28,Affiliate_SEO,SEO_BonusGuide_BR,CA,T1,71450,1093,0.0153,0.0,,248,71,0.2269,0.2863,8499.69,,,16,0,0,0.976
2024-03-28,Affiliate_SEO,SEO_BonusGuide_BR,AU,T1,18453,249,0.0135,0.0,,48,15,0.1928,0.3125,1662.45,,,4,0,0,0.976
2024-03-28,Affiliate_SEO,SEO_CasinoReview_DE,IN,T3,4468,145,0.0325,0.0,,27,11,0.1862,0.4074,367.05,,,2,0,0,0.978
2024-03-29,Facebook,FB_Casino_CreativeA,DE,T1,39751,1245,0.0313,387.7,0.311,98,22,0.0787,0.2245,1760.03,17.62,354.0,41,0,0,0.971
2024-03-29,Facebook,FB_Slots_Video,BR,T2,16998,359,0.0211,57.32,0.16,33,5,0.0919,0.1515,157.97,11.46,175.6,8,0,0,0.974
2024-03-29,Facebook,FB_Sports_Banner,PL,T2,28198,737,0.0261,117.02,0.159,38,8,0.0516,0.2105,246.8,14.63,110.9,20,0,0,0.969
2024-03-29,Facebook,FB_Sports_Banner,NG,T3,22208,452,0.0204,17.04,0.038,49,10,0.1084,0.2041,84.68,1.7,396.9,19,0,0,0.976
2024-03-29,Facebook,FB_Slots_Video,CA,T1,10700,427,0.0399,92.88,0.218,34,7,0.0796,0.2059,569.56,13.27,513.2,18,0,0,0.969
2024-03-29,Facebook,FB_Sports_Banner,AU,T1,33979,1278,0.0376,260.81,0.204,99,28,0.0775,0.2828,1690.38,9.31,548.1,22,0,0,0.968
2024-03-29,Facebook,FB_Slots_Video,IN,T3,31400,881,0.0281,42.63,0.048,70,19,0.0795,0.2714,136.19,2.24,219.5,23,0,0,0.976
2024-03-29,Google_Search,GG_Sports_Betting,DE,T1,16102,791,0.0491,483.43,0.611,127,61,0.1606,0.4803,6734.47,7.93,1293.1,4,0,0,0.988
2024-03-29,Google_Search,GG_Sports_Betting,BR,T2,23450,538,0.0229,204.01,0.379,118,44,0.2193,0.3729,2254.36,4.64,1005.0,7,0,0,0.989
2024-03-29,Google_Search,GG_Sports_Betting,PL,T2,13278,460,0.0346,163.19,0.355,67,20,0.1457,0.2985,1055.73,8.16,546.9,2,0,0,0.991
2024-03-29,Google_Search,GG_Casino_KW_Brand,NG,T3,17188,437,0.0254,43.96,0.101,77,19,0.1762,0.2468,373.49,2.31,749.6,3,0,0,0.99
2024-03-29,Google_Search,GG_Slots_KW_Generic,CA,T1,17363,632,0.0364,415.4,0.657,80,27,0.1266,0.3375,2395.14,15.39,476.6,4,0,0,0.988
2024-03-29,Google_Search,GG_Sports_Betting,AU,T1,18459,879,0.0476,473.89,0.539,146,37,0.1661,0.2534,3515.89,12.81,641.9,8,0,0,0.991
2024-03-29,Google_Search,GG_Casino_KW_Brand,IN,T3,30773,1193,0.0388,99.7,0.084,253,63,0.2121,0.249,1716.31,1.58,1621.5,13,1,0,0.989
2024-03-29,Push_Network,Push_iGaming_Broad,DE,T1,13124,274,0.0209,21.6,0.079,12,1,0.0438,0.0833,40.31,21.6,86.6,31,0,0,0.859
2024-03-29,Push_Network,Push_iGaming_Broad,BR,T2,19641,492,0.025,10.65,0.022,21,2,0.0427,0.0952,12.93,5.33,21.4,45,1,0,0.859
2024-03-29,Push_Network,Push_Casino_Retarget,PL,T2,19310,391,0.0202,12.02,0.031,15,1,0.0384,0.0667,23.2,12.02,93.0,61,0,0,0.846
2024-03-29,Push_Network,Push_Casino_Retarget,NG,T3,61528,1142,0.0186,9.52,0.008,52,5,0.0455,0.0962,12.47,1.9,31.0,198,3,0,0.846
2024-03-29,Push_Network,Push_Casino_Retarget,CA,T1,34791,409,0.0118,50.02,0.122,10,1,0.0244,0.1,23.73,50.02,-52.6,68,0,0,0.882
2024-03-29,Push_Network,Push_iGaming_Broad,AU,T1,22773,636,0.0279,34.79,0.055,21,2,0.033,0.0952,77.71,17.39,123.4,79,0,0,0.836
2024-03-29,Push_Network,Push_iGaming_Broad,IN,T3,32083,440,0.0137,7.84,0.018,13,1,0.0295,0.0769,6.45,7.84,-17.7,90,0,0,0.874
2024-03-29,Native_Ads,Native_Review_Article,DE,T1,14426,218,0.0151,76.12,0.349,11,2,0.0505,0.1818,147.3,38.06,93.5,12,0,0,0.936
2024-03-29,Native_Ads,Native_Review_Article,BR,T2,35168,715,0.0203,67.42,0.094,44,9,0.0615,0.2045,131.4,7.49,94.9,51,0,0,0.934
2024-03-29,Native_Ads,Native_Review_Article,PL,T2,36570,995,0.0272,82.34,0.083,62,16,0.0623,0.2581,453.18,5.15,450.4,41,0,0,0.928
2024-03-29,Native_Ads,Native_Bonus_Landing,NG,T3,30923,276,0.0089,16.87,0.061,21,2,0.0761,0.0952,21.73,8.44,28.8,11,0,0,0.944
2024-03-29,Native_Ads,Native_Review_Article,CA,T1,30322,371,0.0122,173.14,0.467,25,4,0.0674,0.16,257.12,43.28,48.5,18,0,0,0.948
2024-03-29,Native_Ads,Native_Bonus_Landing,AU,T1,5661,128,0.0226,23.44,0.183,8,1,0.0625,0.125,63.64,23.44,171.5,6,0,0,0.949
2024-03-29,Native_Ads,Native_Bonus_Landing,IN,T3,65806,1483,0.0225,49.14,0.033,131,15,0.0883,0.1145,293.95,3.28,498.2,73,2,0,0.951
2024-03-29,TikTok,TT_Sports_Short,DE,T1,13858,258,0.0186,80.47,0.312,10,1,0.0388,0.1,38.72,80.47,-51.9,23,0,0,0.924
2024-03-29,TikTok,TT_Casino_UGC,BR,T2,22278,557,0.025,45.93,0.082,38,4,0.0682,0.1053,22.16,11.48,-51.8,37,0,0,0.907
2024-03-29,TikTok,TT_Sports_Short,PL,T2,36451,466,0.0128,98.77,0.212,38,5,0.0815,0.1316,180.83,19.75,83.1,55,1,0,0.928
2024-03-29,TikTok,TT_Sports_Short,NG,T3,10111,185,0.0183,6.1,0.033,13,2,0.0703,0.1538,18.53,3.05,203.8,18,0,0,0.908
2024-03-29,TikTok,TT_Casino_UGC,CA,T1,30313,198,0.0065,182.92,0.924,11,2,0.0556,0.1818,87.83,91.46,-52.0,12,0,0,0.935
2024-03-29,TikTok,TT_Sports_Short,AU,T1,60505,1545,0.0255,355.2,0.23,91,18,0.0589,0.1978,674.2,19.73,89.8,114,1,0,0.931
2024-03-29,TikTok,TT_Casino_UGC,IN,T3,45146,541,0.012,43.64,0.081,24,4,0.0444,0.1667,21.94,10.91,-49.7,31,0,0,0.935
2024-03-29,Affiliate_SEO,SEO_CasinoReview_DE,DE,T1,21549,335,0.0155,0.0,,96,26,0.2866,0.2708,2997.14,,,4,0,0,0.981
2024-03-29,Affiliate_SEO,SEO_CasinoReview_DE,BR,T2,10377,95,0.0092,0.0,,25,5,0.2632,0.2,228.3,,,2,0,0,0.978
2024-03-29,Affiliate_SEO,SEO_CasinoReview_DE,PL,T2,23875,736,0.0308,0.0,,213,73,0.2894,0.3427,4221.68,,,14,0,0,0.981
2024-03-29,Affiliate_SEO,SEO_BonusGuide_BR,NG,T3,5674,114,0.0201,0.0,,31,14,0.2719,0.4516,88.68,,,2,0,0,0.983
2024-03-29,Affiliate_SEO,SEO_CasinoReview_DE,CA,T1,19123,494,0.0258,0.0,,134,40,0.2713,0.2985,4644.46,,,8,0,0,0.979
2024-03-29,Affiliate_SEO,SEO_BonusGuide_BR,AU,T1,27895,721,0.0258,0.0,,163,70,0.2261,0.4294,8614.28,,,19,0,0,0.984
2024-03-29,Affiliate_SEO,SEO_CasinoReview_DE,IN,T3,2117,42,0.0198,0.0,,11,3,0.2619,0.2727,83.58,,,0,0,0,0.978
2024-03-30,Facebook,FB_Sports_Banner,DE,T1,16326,341,0.0209,182.68,0.536,33,10,0.0968,0.303,728.53,18.27,298.8,12,0,0,0.966
2024-03-30,Facebook,FB_Casino_CreativeA,BR,T2,15037,389,0.0259,48.52,0.125,40,11,0.1028,0.275,342.77,4.41,606.5,15,0,0,0.967
2024-03-30,Facebook,FB_Slots_Video,PL,T2,16838,450,0.0267,72.55,0.161,43,8,0.0956,0.186,296.1,9.07,308.1,19,0,0,0.973
2024-03-30,Facebook,FB_Casino_CreativeA,NG,T3,10002,383,0.0383,7.75,0.02,32,9,0.0836,0.2812,141.51,0.86,1725.9,16,0,0,0.968
2024-03-30,Facebook,FB_Sports_Banner,CA,T1,19558,589,0.0301,197.55,0.335,64,19,0.1087,0.2969,1443.12,10.4,630.5,21,0,0,0.976
2024-03-30,Facebook,FB_Sports_Banner,AU,T1,47084,1654,0.0351,414.26,0.25,150,30,0.0907,0.2,1928.04,13.81,365.4,39,1,0,0.971
2024-03-30,Facebook,FB_Casino_CreativeA,IN,T3,39429,1183,0.03,50.99,0.043,101,26,0.0854,0.2574,153.48,1.96,201.0,28,0,0,0.966
2024-03-30,Google_Search,GG_Sports_Betting,DE,T1,27631,1059,0.0383,657.73,0.621,177,70,0.1671,0.3955,7401.56,9.4,1025.3,6,0,0,0.99
2024-03-30,Google_Search,GG_Sports_Betting,BR,T2,26977,927,0.0344,231.71,0.25,124,45,0.1338,0.3629,1695.08,5.15,631.6,13,0,0,0.989
2024-03-30,Google_Search,GG_Casino_KW_Brand,PL,T2,71312,3129,0.0439,665.75,0.213,415,121,0.1326,0.2916,6029.56,5.5,805.7,46,0,0,0.988
2024-03-30,Google_Search,GG_Sports_Betting,NG,T3,14069,518,0.0368,34.34,0.066,107,30,0.2066,0.2804,217.93,1.14,534.6,5,0,0,0.991
2024-03-30,Google_Search,GG_Slots_KW_Generic,CA,T1,41995,1493,0.0356,1127.9,0.755,233,78,0.1561,0.3348,6671.6,14.46,491.5,21,0,0,0.989
2024-03-30,Google_Search,GG_Slots_KW_Generic,AU,T1,41591,1404,0.0338,972.71,0.693,120,29,0.0855,0.2417,2721.54,33.54,179.8,20,0,0,0.99
2024-03-30,Google_Search,GG_Slots_KW_Generic,IN,T3,27962,849,0.0304,95.58,0.113,110,31,0.1296,0.2818,623.87,3.08,552.7,8,0,0,0.99
2024-03-30,Push_Network,Push_Casino_Retarget,DE,T1,24298,605,0.0249,42.01,0.069,27,3,0.0446,0.1111,112.22,14.0,167.1,59,1,0,0.87
2024-03-30,Push_Network,Push_Casino_Retarget,BR,T2,51066,1060,0.0208,31.95,0.03,35,5,0.033,0.1429,61.78,6.39,93.4,208,2,0,0.867
2024-03-30,Push_Network,Push_Casino_Retarget,PL,T2,30116,300,0.01,19.83,0.066,14,2,0.0467,0.1429,17.1,9.91,-13.8,29,0,0,0.838
2024-03-30,Push_Network,Push_Casino_Retarget,NG,T3,35939,762,0.0212,6.55,0.009,25,3,0.0328,0.12,15.87,2.18,142.3,115,1,0,0.868
2024-03-30,Push_Network,Push_iGaming_Broad,CA,T1,24810,263,0.0106,44.94,0.171,7,0,0.0266,0.0,0.0,,-100.0,40,0,0,0.852
2024-03-30,Push_Network,Push_iGaming_Broad,AU,T1,13883,160,0.0115,18.54,0.116,7,0,0.0437,0.0,0.0,,-100.0,12,0,0,0.872
2024-03-30,Push_Network,Push_Casino_Retarget,IN,T3,58397,1521,0.026,13.42,0.009,97,8,0.0638,0.0825,57.78,1.68,330.6,195,4,0,0.834
2024-03-30,Native_Ads,Native_Review_Article,DE,T1,22128,328,0.0148,126.8,0.387,18,2,0.0549,0.1111,128.51,63.4,1.3,26,0,0,0.935
2024-03-30,Native_Ads,Native_Bonus_Landing,BR,T2,32091,797,0.0248,50.8,0.064,34,4,0.0427,0.1176,81.38,12.7,60.2,65,0,0,0.948
2024-03-30,Native_Ads,Native_Bonus_Landing,PL,T2,15251,492,0.0323,38.74,0.079,37,7,0.0752,0.1892,212.78,5.53,449.3,25,0,0,0.932
2024-03-30,Native_Ads,Native_Bonus_Landing,NG,T3,24355,369,0.0152,12.07,0.033,33,5,0.0894,0.1515,78.43,2.41,549.8,21,0,0,0.929
2024-03-30,Native_Ads,Native_Bonus_Landing,CA,T1,25403,488,0.0192,125.51,0.257,25,5,0.0512,0.2,375.84,25.1,199.5,24,0,0,0.95
2024-03-30,Native_Ads,Native_Bonus_Landing,AU,T1,51352,1372,0.0267,228.85,0.167,63,14,0.0459,0.2222,1087.98,16.35,375.4,74,1,0,0.935
2024-03-30,Native_Ads,Native_Bonus_Landing,IN,T3,11755,311,0.0265,7.51,0.024,13,2,0.0418,0.1538,9.82,3.75,30.8,22,0,0,0.939
2024-03-30,TikTok,TT_Casino_UGC,DE,T1,13312,376,0.0282,98.87,0.263,18,2,0.0479,0.1111,96.9,49.44,-2.0,38,0,0,0.919
2024-03-30,TikTok,TT_Casino_UGC,BR,T2,37134,853,0.023,78.26,0.092,57,9,0.0668,0.1579,143.42,8.7,83.3,91,0,0,0.909
2024-03-30,TikTok,TT_Casino_UGC,PL,T2,26481,688,0.026,71.21,0.104,32,4,0.0465,0.125,141.45,17.8,98.6,44,1,0,0.921
2024-03-30,TikTok,TT_Casino_UGC,NG,T3,24687,430,0.0174,14.4,0.033,32,3,0.0744,0.0938,27.79,4.8,93.0,29,0,0,0.905
2024-03-30,TikTok,TT_Sports_Short,CA,T1,23422,256,0.0109,156.42,0.611,13,2,0.0508,0.1538,96.14,78.21,-38.5,23,0,0,0.927
2024-03-30,TikTok,TT_Casino_UGC,AU,T1,36140,780,0.0216,210.72,0.27,64,9,0.0821,0.1406,503.12,23.41,138.8,63,0,0,0.925
2024-03-30,TikTok,TT_Sports_Short,IN,T3,62026,1426,0.023,52.83,0.037,95,16,0.0666,0.1684,135.42,3.3,156.3,128,2,0,0.909
2024-03-30,Affiliate_SEO,SEO_CasinoReview_DE,DE,T1,27537,634,0.023,0.0,,113,31,0.1782,0.2743,3369.15,,,18,0,0,0.981
2024-03-30,Affiliate_SEO,SEO_CasinoReview_DE,BR,T2,2455,36,0.0147,0.0,,5,1,0.1389,0.2,41.12,,,0,0,0,0.983
2024-03-30,Affiliate_SEO,SEO_BonusGuide_BR,PL,T2,21561,566,0.0263,0.0,,67,20,0.1184,0.2985,1148.09,,,6,0,0,0.981
2024-03-30,Affiliate_SEO,SEO_BonusGuide_BR,NG,T3,1179,28,0.0237,0.0,,5,1,0.1786,0.2,23.76,,,0,0,0,0.978
2024-03-30,Affiliate_SEO,SEO_BonusGuide_BR,CA,T1,8945,212,0.0237,0.0,,38,13,0.1792,0.3421,1695.12,,,6,0,0,0.984
2024-03-30,Affiliate_SEO,SEO_BonusGuide_BR,AU,T1,10127,228,0.0225,0.0,,55,18,0.2412,0.3273,2293.61,,,3,0,0,0.982
2024-03-30,Affiliate_SEO,SEO_BonusGuide_BR,IN,T3,4805,108,0.0225,0.0,,19,6,0.1759,0.3158,170.14,,,1,0,0,0.976
2024-03-31,Facebook,FB_Sports_Banner,DE,T1,36429,1114,0.0306,358.05,0.321,83,24,0.0745,0.2892,2005.87,14.92,460.2,49,0,0,0.969
2024-03-31,Facebook,FB_Slots_Video,BR,T2,35184,1149,0.0327,98.75,0.086,123,25,0.107,0.2033,743.55,3.95,653.0,25,0,0,0.97
2024-03-31,Facebook,FB_Sports_Banner,PL,T2,35112,1342,0.0382,121.98,0.091,127,29,0.0946,0.2283,1342.54,4.21,1000.6,53,1,0,0.965
2024-03-31,Facebook,FB_Casino_CreativeA,NG,T3,46030,2111,0.0459,44.93,0.021,223,58,0.1056,0.2601,931.75,0.77,1973.8,90,2,0,0.966
2024-03-31,Facebook,FB_Casino_CreativeA,CA,T1,33616,1434,0.0427,259.07,0.181,67,17,0.0467,0.2537,1076.82,15.24,315.6,46,0,0,0.971
2024-03-31,Facebook,FB_Slots_Video,AU,T1,29035,1025,0.0353,211.67,0.207,128,29,0.1249,0.2266,1742.22,7.3,723.1,25,1,0,0.974
2024-03-31,Facebook,FB_Casino_CreativeA,IN,T3,15872,406,0.0256,22.5,0.055,35,6,0.0862,0.1714,116.37,3.75,417.2,14,0,0,0.969
2024-03-31,Google_Search,GG_Slots_KW_Generic,DE,T1,22162,703,0.0317,532.05,0.757,98,21,0.1394,0.2143,2307.39,25.34,333.7,3,0,0,0.991
2024-03-31,Google_Search,GG_Slots_KW_Generic,BR,T2,30112,1010,0.0335,248.32,0.246,252,77,0.2495,0.3056,1986.93,3.22,700.1,6,0,0,0.989
2024-03-31,Google_Search,GG_Slots_KW_Generic,PL,T2,28468,1214,0.0426,274.85,0.226,227,56,0.187,0.2467,2616.67,4.91,852.0,14,0,0,0.988
2024-03-31,Google_Search,GG_Sports_Betting,NG,T3,31163,1204,0.0386,76.48,0.064,195,46,0.162,0.2359,92.0,1.66,20.3,12,0,0,0.991
2024-03-31,Google_Search,GG_Sports_Betting,CA,T1,70954,3033,0.0427,1561.99,0.515,477,107,0.1573,0.2243,10046.37,14.6,543.2,39,1,0,0.991
2024-03-31,Google_Search,GG_Casino_KW_Brand,AU,T1,24114,1077,0.0447,508.58,0.472,192,78,0.1783,0.4062,8294.83,6.52,1531.0,9,0,0,0.992
2024-03-31,Google_Search,GG_Casino_KW_Brand,IN,T3,20018,672,0.0336,76.55,0.114,108,30,0.1607,0.2778,716.34,2.55,835.8,7,0,0,0.989
2024-03-31,Push_Network,Push_Casino_Retarget,DE,T1,34501,412,0.0119,59.34,0.144,18,2,0.0437,0.1111,68.02,29.67,14.6,66,1,0,0.858
2024-03-31,Push_Network,Push_iGaming_Broad,BR,T2,43080,632,0.0147,22.71,0.036,22,3,0.0348,0.1364,70.58,7.57,210.8,71,0,0,0.843
2024-03-31,Push_Network,Push_iGaming_Broad,PL,T2,24684,318,0.0129,19.62,0.062,12,1,0.0377,0.0833,20.18,19.62,2.9,25,0,0,0.877
2024-03-31,Push_Network,Push_Casino_Retarget,NG,T3,22995,466,0.0203,3.99,0.009,18,1,0.0386,0.0556,15.85,3.99,297.2,91,0,0,0.873
2024-03-31,Push_Network,Push_iGaming_Broad,CA,T1,24077,514,0.0213,33.82,0.066,16,1,0.0311,0.0625,20.76,33.82,-38.6,90,0,0,0.835
2024-03-31,Push_Network,Push_iGaming_Broad,AU,T1,52871,507,0.0096,76.05,0.15,24,2,0.0473,0.0833,61.41,38.02,-19.3,58,1,0,0.847
2024-03-31,Push_Network,Push_Casino_Retarget,IN,T3,34561,1124,0.0325,7.58,0.007,26,2,0.0231,0.0769,11.86,3.79,56.5,218,0,0,0.86
2024-03-31,Native_Ads,Native_Review_Article,DE,T1,44726,1086,0.0243,258.66,0.238,49,10,0.0451,0.2041,662.56,25.87,156.2,69,1,0,0.946
2024-03-31,Native_Ads,Native_Review_Article,BR,T2,16921,462,0.0273,32.72,0.071,33,6,0.0714,0.1818,132.08,5.45,303.7,36,0,0,0.95
2024-03-31,Native_Ads,Native_Review_Article,PL,T2,24630,334,0.0136,57.46,0.172,20,5,0.0599,0.25,209.47,11.49,264.5,20,0,0,0.928
2024-03-31,Native_Ads,Native_Bonus_Landing,NG,T3,61858,1544,0.025,33.91,0.022,128,27,0.0829,0.2109,56.86,1.26,67.7,131,1,0,0.934
2024-03-31,Native_Ads,Native_Bonus_Landing,CA,T1,29417,648,0.022,147.92,0.228,42,6,0.0648,0.1429,359.3,24.65,142.9,39,0,0,0.95
2024-03-31,Native_Ads,Native_Bonus_Landing,AU,T1,20307,449,0.0221,99.55,0.222,29,5,0.0646,0.1724,296.18,19.91,197.5,34,0,0,0.93
2024-03-31,Native_Ads,Native_Bonus_Landing,IN,T3,16524,193,0.0117,11.07,0.057,16,2,0.0829,0.125,4.0,5.54,-63.9,13,0,0,0.941
2024-03-31,TikTok,TT_Sports_Short,DE,T1,39949,1059,0.0265,298.02,0.281,41,5,0.0387,0.122,249.82,59.6,-16.2,48,0,0,0.935
2024-03-31,TikTok,TT_Sports_Short,BR,T2,33959,570,0.0168,74.21,0.13,32,5,0.0561,0.1562,59.54,14.84,-19.8,30,0,0,0.924
2024-03-31,TikTok,TT_Sports_Short,PL,T2,19883,315,0.0158,52.42,0.166,18,3,0.0571,0.1667,38.21,17.47,-27.1,34,0,0,0.912
2024-03-31,TikTok,TT_Casino_UGC,NG,T3,21565,487,0.0226,12.06,0.025,13,2,0.0267,0.1538,19.3,6.03,60.0,53,0,0,0.936
2024-03-31,TikTok,TT_Casino_UGC,CA,T1,9175,72,0.0078,62.78,0.872,3,0,0.0417,0.0,0.0,,-100.0,8,0,0,0.909
2024-03-31,TikTok,TT_Sports_Short,AU,T1,19444,442,0.0227,123.7,0.28,29,5,0.0656,0.1724,199.64,24.74,61.4,22,0,0,0.924
2024-03-31,TikTok,TT_Casino_UGC,IN,T3,61843,1658,0.0268,56.6,0.034,111,17,0.0669,0.1532,98.8,3.33,74.6,93,1,0,0.93
2024-03-31,Affiliate_SEO,SEO_BonusGuide_BR,DE,T1,44874,704,0.0157,0.0,,121,41,0.1719,0.3388,5004.17,,,18,0,0,0.978
2024-03-31,Affiliate_SEO,SEO_CasinoReview_DE,BR,T2,14371,252,0.0175,0.0,,51,15,0.2024,0.2941,790.25,,,5,0,0,0.984
2024-03-31,Affiliate_SEO,SEO_CasinoReview_DE,PL,T2,9578,123,0.0128,0.0,,27,9,0.2195,0.3333,483.97,,,1,0,0,0.983
2024-03-31,Affiliate_SEO,SEO_BonusGuide_BR,NG,T3,9601,255,0.0266,0.0,,63,22,0.2471,0.3492,227.32,,,6,0,0,0.982
2024-03-31,Affiliate_SEO,SEO_CasinoReview_DE,CA,T1,14169,279,0.0197,0.0,,57,26,0.2043,0.4561,2907.91,,,4,0,0,0.98
2024-03-31,Affiliate_SEO,SEO_CasinoReview_DE,AU,T1,51250,1055,0.0206,0.0,,262,109,0.2483,0.416,12694.27,,,16,0,0,0.983
2024-03-31,Affiliate_SEO,SEO_CasinoReview_DE,IN,T3,4195,50,0.0119,0.0,,11,4,0.22,0.3636,90.06,,,0,0,0,0.979
2024-04-01,Facebook,FB_Slots_Video,DE,T1,13625,355,0.0261,127.44,0.359,28,8,0.0789,0.2857,602.1,15.93,372.5,15,0,0,0.965
2024-04-01,Facebook,FB_Sports_Banner,BR,T2,17868,871,0.0487,54.03,0.062,76,23,0.0873,0.3026,639.76,2.35,1084.1,17,0,0,0.975
2024-04-01,Facebook,FB_Sports_Banner,PL,T2,29007,1071,0.0369,102.24,0.095,87,25,0.0812,0.2874,902.3,4.09,782.5,40,0,0,0.969
2024-04-01,Facebook,FB_Casino_CreativeA,NG,T3,19780,676,0.0342,18.84,0.028,59,10,0.0873,0.1695,44.58,1.88,136.6,19,0,0,0.972
2024-04-01,Facebook,FB_Sports_Banner,CA,T1,28325,1155,0.0408,264.22,0.229,110,29,0.0952,0.2636,2042.86,9.11,673.2,29,0,0,0.97
2024-04-01,Facebook,FB_Slots_Video,AU,T1,118340,3179,0.0269,1093.43,0.344,319,105,0.1003,0.3292,7653.52,10.41,600.0,90,2,0,0.976
2024-04-01,Facebook,FB_Casino_CreativeA,IN,T3,38558,1514,0.0393,49.33,0.033,138,40,0.0911,0.2899,705.66,1.23,1330.5,61,1,0,0.964
2024-04-01,Google_Search,GG_Slots_KW_Generic,DE,T1,8488,336,0.0396,233.0,0.693,49,20,0.1458,0.4082,2175.83,11.65,833.8,1,0,0,0.991
2024-04-01,Google_Search,GG_Sports_Betting,BR,T2,20572,809,0.0393,149.09,0.184,111,32,0.1372,0.2883,1255.86,4.66,742.4,8,0,0,0.988
2024-04-01,Google_Search,GG_Slots_KW_Generic,PL,T2,16109,562,0.0349,165.76,0.295,80,24,0.1423,0.3,1219.26,6.91,635.6,4,0,0,0.991
2024-04-01,Google_Search,GG_Sports_Betting,NG,T3,20716,738,0.0356,42.98,0.058,122,37,0.1653,0.3033,633.39,1.16,1373.7,4,0,0,0.99
2024-04-01,Google_Search,GG_Slots_KW_Generic,CA,T1,40825,1212,0.0297,1117.44,0.922,188,63,0.1551,0.3351,5152.27,17.74,361.1,6,0,0,0.99
2024-04-01,Google_Search,GG_Casino_KW_Brand,AU,T1,10309,569,0.0552,265.8,0.467,71,22,0.1248,0.3099,2195.18,12.08,725.9,3,0,0,0.99
2024-04-01,Google_Search,GG_Casino_KW_Brand,IN,T3,13903,370,0.0266,45.96,0.124,39,14,0.1054,0.359,211.75,3.28,360.7,5,0,0,0.99
2024-04-01,Push_Network,Push_iGaming_Broad,DE,T1,57888,983,0.017,113.38,0.115,46,6,0.0468,0.1304,210.75,18.9,85.9,77,1,0,0.873
2024-04-01,Push_Network,Push_iGaming_Broad,BR,T2,23244,413,0.0178,12.75,0.031,11,1,0.0266,0.0909,14.24,12.75,11.7,81,0,0,0.835
2024-04-01,Push_Network,Push_Casino_Retarget,PL,T2,24763,456,0.0184,17.6,0.039,16,1,0.0351,0.0625,13.28,17.6,-24.5,38,0,0,0.846
2024-04-01,Push_Network,Push_Casino_Retarget,NG,T3,22604,723,0.032,3.74,0.005,26,3,0.036,0.1154,6.0,1.25,60.4,151,1,0,0.84
2024-04-01,Push_Network,Push_iGaming_Broad,CA,T1,41382,788,0.019,67.96,0.086,37,4,0.047,0.1081,157.02,16.99,131.0,82,1,0,0.867
2024-04-01,Push_Network,Push_iGaming_Broad,AU,T1,54856,410,0.0075,80.09,0.195,17,1,0.0415,0.0588,20.7,80.09,-74.2,51,0,0,0.852
2024-04-01,Push_Network,Push_iGaming_Broad,IN,T3,14742,270,0.0183,3.1,0.011,13,1,0.0481,0.0769,2.0,3.1,-35.5,43,0,0,0.855
2024-04-01,Native_Ads,Native_Review_Article,DE,T1,26157,497,0.019,150.46,0.303,26,4,0.0523,0.1538,255.51,37.62,69.8,37,0,0,0.939
2024-04-01,Native_Ads,Native_Bonus_Landing,BR,T2,22768,795,0.0349,43.43,0.055,63,11,0.0792,0.1746,304.7,3.95,601.6,37,0,0,0.946
2024-04-01,Native_Ads,Native_Bonus_Landing,PL,T2,26058,313,0.012,60.31,0.193,27,2,0.0863,0.0741,56.74,30.16,-5.9,21,0,0,0.933
2024-04-01,Native_Ads,Native_Review_Article,NG,T3,14187,306,0.0216,6.17,0.02,25,6,0.0817,0.24,12.0,1.03,94.5,19,0,0,0.931
2024-04-01,Native_Ads,Native_Review_Article,CA,T1,18302,264,0.0144,78.69,0.298,19,3,0.072,0.1579,186.53,26.23,137.0,17,0,0,0.94
2024-04-01,Native_Ads,Native_Review_Article,AU,T1,24621,515,0.0209,120.7,0.234,36,5,0.0699,0.1389,304.53,24.14,152.3,25,0,0,0.946
2024-04-01,Native_Ads,Native_Review_Article,IN,T3,17284,391,0.0226,11.45,0.029,26,5,0.0665,0.1923,10.0,2.29,-12.7,31,0,0,0.929
2024-04-01,TikTok,TT_Casino_UGC,DE,T1,12068,300,0.0249,76.19,0.254,13,1,0.0433,0.0769,40.51,76.19,-46.8,28,0,0,0.92
2024-04-01,TikTok,TT_Casino_UGC,BR,T2,48856,591,0.0121,114.99,0.195,39,6,0.066,0.1538,106.94,19.16,-7.0,66,0,0,0.924
2024-04-01,TikTok,TT_Sports_Short,PL,T2,25851,456,0.0176,76.93,0.169,23,4,0.0504,0.1739,112.68,19.23,46.5,32,0,0,0.924
2024-04-01,TikTok,TT_Casino_UGC,NG,T3,44404,873,0.0197,29.1,0.033,55,9,0.063,0.1636,109.19,3.23,275.2,43,1,0,0.934
2024-04-01,TikTok,TT_Sports_Short,CA,T1,25480,682,0.0268,132.63,0.194,52,12,0.0762,0.2308,466.94,11.05,252.1,30,1,0,0.915
2024-04-01,TikTok,TT_Casino_UGC,AU,T1,7906,205,0.0259,50.31,0.245,13,2,0.0634,0.1538,58.37,25.16,16.0,18,0,0,0.931
2024-04-01,TikTok,TT_Sports_Short,IN,T3,56338,811,0.0144,58.21,0.072,54,7,0.0666,0.1296,14.0,8.32,-75.9,55,1,0,0.906
2024-04-01,Affiliate_SEO,SEO_BonusGuide_BR,DE,T1,34332,663,0.0193,0.0,,98,30,0.1478,0.3061,3957.22,,,12,0,0,0.982
2024-04-01,Affiliate_SEO,SEO_CasinoReview_DE,BR,T2,9744,169,0.0173,0.0,,38,11,0.2249,0.2895,523.71,,,2,0,0,0.984
2024-04-01,Affiliate_SEO,SEO_CasinoReview_DE,PL,T2,10436,142,0.0136,0.0,,39,15,0.2746,0.3846,806.76,,,3,0,0,0.979
2024-04-01,Affiliate_SEO,SEO_CasinoReview_DE,NG,T3,1120,24,0.0214,0.0,,5,1,0.2083,0.2,17.69,,,0,0,0,0.979
2024-04-01,Affiliate_SEO,SEO_BonusGuide_BR,CA,T1,7470,65,0.0087,0.0,,12,3,0.1846,0.25,369.63,,,1,0,0,0.978
2024-04-01,Affiliate_SEO,SEO_CasinoReview_DE,AU,T1,32227,966,0.03,0.0,,256,99,0.265,0.3867,10871.31,,,28,1,0,0.98
2024-04-01,Affiliate_SEO,SEO_CasinoReview_DE,IN,T3,4877,136,0.0279,0.0,,21,7,0.1544,0.3333,120.0,,,3,0,0,0.984
2024-04-02,Facebook,FB_Slots_Video,DE,T1,26297,947,0.036,258.13,0.273,69,17,0.0729,0.2464,1070.43,15.18,314.7,16,0,0,0.97
2024-04-02,Facebook,FB_Slots_Video,BR,T2,38202,1977,0.0518,104.82,0.053,226,61,0.1143,0.2699,1776.94,1.72,1595.2,48,2,0,0.971
2024-04-02,Facebook,FB_Slots_Video,PL,T2,16474,589,0.0358,71.54,0.121,51,14,0.0866,0.2745,728.53,5.11,918.4,9,0,0,0.971
2024-04-02,Facebook,FB_Slots_Video,NG,T3,19685,385,0.0196,15.34,0.04,43,9,0.1117,0.2093,102.55,1.7,568.5,14,0,0,0.975
2024-04-02,Facebook,FB_Sports_Banner,CA,T1,20199,665,0.0329,173.44,0.261,70,17,0.1053,0.2429,1044.63,10.2,502.3,16,0,0,0.97
2024-04-02,Facebook,FB_Casino_CreativeA,AU,T1,30622,919,0.03,262.01,0.285,115,23,0.1251,0.2,1987.38,11.39,658.5,39,0,0,0.973
2024-04-02,Facebook,FB_Slots_Video,IN,T3,11062,433,0.0391,16.08,0.037,38,7,0.0878,0.1842,79.7,2.3,395.6,10,0,0,0.966
2024-04-02,Google_Search,GG_Casino_KW_Brand,DE,T1,33783,835,0.0247,959.83,1.149,85,30,0.1018,0.3529,3186.1,31.99,231.9,10,0,0,0.99
2024-04-02,Google_Search,GG_Slots_KW_Generic,BR,T2,62748,2249,0.0358,487.92,0.217,370,79,0.1645,0.2135,2761.59,6.18,466.0,25,0,0,0.991
2024-04-02,Google_Search,GG_Casino_KW_Brand,PL,T2,27337,1171,0.0428,294.66,0.252,161,52,0.1375,0.323,2635.82,5.67,794.5,10,0,0,0.991
2024-04-02,Google_Search,GG_Casino_KW_Brand,NG,T3,20787,737,0.0355,45.52,0.062,133,26,0.1805,0.1955,331.67,1.75,628.6,7,0,0,0.99
2024-04-02,Google_Search,GG_Sports_Betting,CA,T1,24687,715,0.029,628.98,0.88,123,36,0.172,0.2927,3456.64,17.47,449.6,4,0,0,0.99
2024-04-02,Google_Search,GG_Sports_Betting,AU,T1,24021,930,0.0387,491.0,0.528,117,29,0.1258,0.2479,2804.95,16.93,471.3,10,0,0,0.992
2024-04-02,Google_Search,GG_Casino_KW_Brand,IN,T3,24666,729,0.0296,92.69,0.127,102,36,0.1399,0.3529,823.2,2.57,788.1,9,0,0,0.989
2024-04-02,Push_Network,Push_iGaming_Broad,DE,T1,20418,664,0.0325,38.42,0.058,29,2,0.0437,0.069,69.39,19.21,80.6,54,0,0,0.866
2024-04-02,Push_Network,Push_Casino_Retarget,BR,T2,34125,564,0.0165,19.42,0.034,19,2,0.0337,0.1053,14.71,9.71,-24.3,102,0,0,0.861
2024-04-02,Push_Network,Push_Casino_Retarget,PL,T2,19969,546,0.0273,15.77,0.029,17,2,0.0311,0.1176,28.67,7.88,81.8,78,0,0,0.85
2024-04-02,Push_Network,Push_iGaming_Broad,NG,T3,8420,176,0.0209,1.3,0.007,8,1,0.0455,0.125,5.09,1.3,291.5,23,0,0,0.87
2024-04-02,Push_Network,Push_iGaming_Broad,CA,T1,12193,236,0.0194,19.33,0.082,7,0,0.0297,0.0,0.0,,-100.0,23,0,0,0.846
2024-04-02,Push_Network,Push_Casino_Retarget,AU,T1,18242,303,0.0166,28.17,0.093,10,1,0.033,0.1,30.83,28.17,9.4,63,0,0,0.843
2024-04-02,Push_Network,Push_iGaming_Broad,IN,T3,26008,414,0.0159,6.22,0.015,23,3,0.0556,0.1304,20.94,2.07,236.7,37,0,0,0.864
2024-04-02,Native_Ads,Native_Review_Article,DE,T1,16130,382,0.0237,88.93,0.233,31,6,0.0812,0.1935,352.88,14.82,296.8,11,0,0,0.928
2024-04-02,Native_Ads,Native_Review_Article,BR,T2,22464,633,0.0282,39.11,0.062,39,8,0.0616,0.2051,286.31,4.89,632.1,40,0,0,0.947
2024-04-02,Native_Ads,Native_Review_Article,PL,T2,16383,472,0.0288,33.2,0.07,45,9,0.0953,0.2,240.29,3.69,623.8,29,1,0,0.935
2024-04-02,Native_Ads,Native_Bonus_Landing,NG,T3,36853,1300,0.0353,20.21,0.016,90,20,0.0692,0.2222,128.8,1.01,537.3,60,2,0,0.942
2024-04-02,Native_Ads,Native_Bonus_Landing,CA,T1,10930,197,0.018,62.36,0.317,15,3,0.0761,0.2,208.3,20.79,234.0,7,0,0,0.946
2024-04-02,Native_Ads,Native_Bonus_Landing,AU,T1,30817,434,0.0141,131.03,0.302,32,5,0.0737,0.1562,295.62,26.21,125.6,17,0,0,0.931
2024-04-02,Native_Ads,Native_Bonus_Landing,IN,T3,25083,568,0.0226,19.03,0.034,34,6,0.0599,0.1765,21.05,3.17,10.6,34,0,0,0.946
2024-04-02,TikTok,TT_Sports_Short,DE,T1,15878,263,0.0166,102.43,0.389,19,2,0.0722,0.1053,41.72,51.22,-59.3,20,0,0,0.909
2024-04-02,TikTok,TT_Casino_UGC,BR,T2,17754,382,0.0215,33.86,0.089,33,5,0.0864,0.1515,41.27,6.77,21.9,35,0,0,0.928
2024-04-02,TikTok,TT_Sports_Short,PL,T2,8265,75,0.0091,21.35,0.285,3,0,0.04,0.0,0.0,,-100.0,7,0,0,0.935
2024-04-02,TikTok,TT_Sports_Short,NG,T3,23613,191,0.0081,12.93,0.068,16,2,0.0838,0.125,17.33,6.46,34.0,14,0,0,0.918
2024-04-02,TikTok,TT_Sports_Short,CA,T1,32473,452,0.0139,179.22,0.397,33,5,0.073,0.1515,259.26,35.84,44.7,24,0,0,0.909
2024-04-02,TikTok,TT_Sports_Short,AU,T1,15780,332,0.021,87.32,0.263,22,2,0.0663,0.0909,88.84,43.66,1.7,32,0,0,0.931
2024-04-02,TikTok,TT_Casino_UGC,IN,T3,31242,742,0.0238,30.76,0.041,42,7,0.0566,0.1667,14.0,4.39,-54.5,69,1,0,0.932
2024-04-02,Affiliate_SEO,SEO_BonusGuide_BR,DE,T1,22244,376,0.0169,0.0,,59,20,0.1569,0.339,2557.83,,,10,0,0,0.983
2024-04-02,Affiliate_SEO,SEO_CasinoReview_DE,BR,T2,3895,78,0.02,0.0,,17,4,0.2179,0.2353,232.75,,,1,0,0,0.982
2024-04-02,Affiliate_SEO,SEO_CasinoReview_DE,PL,T2,18147,356,0.0196,0.0,,79,27,0.2219,0.3418,1672.9,,,8,0,0,0.981
2024-04-02,Affiliate_SEO,SEO_CasinoReview_DE,NG,T3,2041,18,0.0088,0.0,,4,1,0.2222,0.25,20.6,,,0,0,0,0.98
2024-04-02,Affiliate_SEO,SEO_BonusGuide_BR,CA,T1,18462,351,0.019,0.0,,92,47,0.2621,0.5109,4615.08,,,7,0,0,0.977
2024-04-02,Affiliate_SEO,SEO_BonusGuide_BR,AU,T1,26907,719,0.0267,0.0,,173,38,0.2406,0.2197,4534.65,,,14,0,0,0.981
2024-04-02,Affiliate_SEO,SEO_CasinoReview_DE,IN,T3,4861,125,0.0257,0.0,,25,7,0.2,0.28,203.69,,,2,0,0,0.981
2024-04-03,Facebook,FB_Sports_Banner,DE,T1,26907,860,0.032,291.64,0.339,75,20,0.0872,0.2667,1703.31,14.58,484.0,31,0,0,0.969
2024-04-03,Facebook,FB_Casino_CreativeA,BR,T2,7375,295,0.04,22.99,0.078,32,8,0.1085,0.25,293.91,2.87,1178.4,5,0,0,0.972
2024-04-03,Facebook,FB_Casino_CreativeA,PL,T2,16437,381,0.0232,57.84,0.152,43,10,0.1129,0.2326,377.78,5.78,553.1,11,0,0,0.974
2024-04-03,Facebook,FB_Slots_Video,NG,T3,19649,499,0.0254,17.28,0.035,35,8,0.0701,0.2286,138.32,2.16,700.5,22,0,0,0.967
2024-04-03,Facebook,FB_Casino_CreativeA,CA,T1,22684,620,0.0273,179.14,0.289,58,14,0.0935,0.2414,923.76,12.8,415.7,11,0,0,0.973
2024-04-03,Facebook,FB_Sports_Banner,AU,T1,39707,1853,0.0467,316.75,0.171,147,22,0.0793,0.1497,1700.46,14.4,436.8,55,1,0,0.974
2024-04-03,Facebook,FB_Sports_Banner,IN,T3,19877,750,0.0377,26.44,0.035,66,10,0.088,0.1515,115.61,2.64,337.3,26,0,0,0.975
2024-04-03,Google_Search,GG_Casino_KW_Brand,DE,T1,39728,1321,0.0333,1183.38,0.896,192,57,0.1453,0.2969,6067.04,20.76,412.7,14,0,0,0.989
2024-04-03,Google_Search,GG_Slots_KW_Generic,BR,T2,17631,377,0.0214,170.17,0.451,51,15,0.1353,0.2941,759.85,11.34,346.5,4,0,0,0.989
2024-04-03,Google_Search,GG_Sports_Betting,PL,T2,35549,1175,0.0331,412.52,0.351,132,51,0.1123,0.3864,2554.32,8.09,519.2,10,0,0,0.988
2024-04-03,Google_Search,GG_Casino_KW_Brand,NG,T3,19784,601,0.0304,45.45,0.076,67,20,0.1115,0.2985,40.0,2.27,-12.0,8,0,0,0.991
2024-04-03,Google_Search,GG_Slots_KW_Generic,CA,T1,28594,476,0.0166,730.48,1.535,86,25,0.1807,0.2907,2219.61,29.22,203.9,5,0,0,0.989
2024-04-03,Google_Search,GG_Casino_KW_Brand,AU,T1,16294,553,0.0339,391.24,0.707,63,14,0.1139,0.2222,1226.97,27.95,213.6,5,0,0,0.988
2024-04-03,Google_Search,GG_Sports_Betting,IN,T3,29042,1311,0.0451,118.53,0.09,194,50,0.148,0.2577,1192.02,2.37,905.7,14,0,0,0.99
2024-04-03,Push_Network,Push_iGaming_Broad,DE,T1,33394,831,0.0249,53.16,0.064,33,3,0.0397,0.0909,99.63,17.72,87.4,146,0,0,0.873
2024-04-03,Push_Network,Push_Casino_Retarget,BR,T2,16146,560,0.0347,9.05,0.016,30,2,0.0536,0.0667,15.53,4.53,71.6,103,1,0,0.877
2024-04-03,Push_Network,Push_iGaming_Broad,PL,T2,25713,472,0.0184,16.95,0.036,9,1,0.0191,0.1111,9.85,16.95,-41.9,98,0,0,0.887
2024-04-03,Push_Network,Push_iGaming_Broad,NG,T3,13634,273,0.02,2.45,0.009,11,1,0.0403,0.0909,4.78,2.45,95.1,33,0,0,0.838
2024-04-03,Push_Network,Push_iGaming_Broad,CA,T1,36370,770,0.0212,49.92,0.065,37,4,0.0481,0.1081,91.29,12.48,82.9,115,1,0,0.887
2024-04-03,Push_Network,Push_Casino_Retarget,AU,T1,25514,660,0.0259,42.94,0.065,22,2,0.0333,0.0909,95.96,21.47,123.5,125,0,0,0.849
2024-04-03,Push_Network,Push_Casino_Retarget,IN,T3,22022,453,0.0206,5.17,0.011,15,1,0.0331,0.0667,8.53,5.17,65.0,39,0,0,0.856
2024-04-03,Native_Ads,Native_Bonus_Landing,DE,T1,15005,326,0.0217,73.93,0.227,26,6,0.0798,0.2308,390.45,12.32,428.1,13,0,0,0.933
2024-04-03,Native_Ads,Native_Review_Article,BR,T2,10482,169,0.0161,20.33,0.12,14,2,0.0828,0.1429,57.79,10.16,184.3,5,0,0,0.945
2024-04-03,Native_Ads,Native_Review_Article,PL,T2,22738,608,0.0267,44.97,0.074,47,10,0.0773,0.2128,258.9,4.5,475.7,48,0,0,0.95
2024-04-03,Native_Ads,Native_Review_Article,NG,T3,25601,694,0.0271,14.19,0.02,53,6,0.0764,0.1132,22.57,2.36,59.1,41,1,0,0.933
2024-04-03,Native_Ads,Native_Review_Article,CA,T1,16100,200,0.0124,69.63,0.348,16,3,0.08,0.1875,181.82,23.21,161.1,6,0,0,0.951
2024-04-03,Native_Ads,Native_Review_Article,AU,T1,17380,384,0.0221,81.78,0.213,34,8,0.0885,0.2353,395.37,10.22,383.5,13,0,0,0.942
2024-04-03,Native_Ads,Native_Bonus_Landing,IN,T3,13885,300,0.0216,9.71,0.032,25,5,0.0833,0.2,62.63,1.94,545.0,17,0,0,0.93
2024-04-03,TikTok,TT_Sports_Short,DE,T1,30144,763,0.0253,188.8,0.247,37,6,0.0485,0.1622,329.6,31.47,74.6,42,1,0,0.908
2024-04-03,TikTok,TT_Sports_Short,BR,T2,29257,618,0.0211,65.05,0.105,36,4,0.0583,0.1111,84.37,16.26,29.7,60,0,0,0.906
2024-04-03,TikTok,TT_Sports_Short,PL,T2,24440,467,0.0191,75.21,0.161,27,4,0.0578,0.1481,87.69,18.8,16.6,41,0,0,0.917
2024-04-03,TikTok,TT_Sports_Short,NG,T3,12296,367,0.0298,8.24,0.022,13,2,0.0354,0.1538,4.0,4.12,-51.5,16,0,0,0.933
2024-04-03,TikTok,TT_Sports_Short,CA,T1,24854,482,0.0194,155.79,0.323,22,2,0.0456,0.0909,109.1,77.89,-30.0,36,0,0,0.911
2024-04-03,TikTok,TT_Casino_UGC,AU,T1,33652,684,0.0203,218.58,0.32,40,8,0.0585,0.2,251.66,27.32,15.1,48,1,0,0.907
2024-04-03,TikTok,TT_Sports_Short,IN,T3,10130,149,0.0147,8.61,0.058,10,2,0.0671,0.2,5.87,4.3,-31.8,13,0,0,0.916
2024-04-03,Affiliate_SEO,SEO_CasinoReview_DE,DE,T1,18661,412,0.0221,0.0,,92,34,0.2233,0.3696,3872.78,,,5,0,0,0.984
2024-04-03,Affiliate_SEO,SEO_CasinoReview_DE,BR,T2,17182,456,0.0265,0.0,,50,21,0.1096,0.42,1021.22,,,7,0,0,0.982
2024-04-03,Affiliate_SEO,SEO_CasinoReview_DE,PL,T2,6755,165,0.0244,0.0,,31,8,0.1879,0.2581,447.97,,,2,0,0,0.982
2024-04-03,Affiliate_SEO,SEO_CasinoReview_DE,NG,T3,3210,91,0.0283,0.0,,21,7,0.2308,0.3333,169.63,,,1,0,0,0.977
2024-04-03,Affiliate_SEO,SEO_BonusGuide_BR,CA,T1,42644,687,0.0161,0.0,,127,41,0.1849,0.3228,3867.92,,,8,0,0,0.979
2024-04-03,Affiliate_SEO,SEO_CasinoReview_DE,AU,T1,20722,434,0.0209,0.0,,66,20,0.1521,0.303,2314.51,,,6,0,0,0.981
2024-04-03,Affiliate_SEO,SEO_BonusGuide_BR,IN,T3,12039,214,0.0178,0.0,,23,7,0.1075,0.3043,196.4,,,5,0,0,0.981
2024-04-04,Facebook,FB_Slots_Video,DE,T1,7053,199,0.0282,67.79,0.341,7,1,0.0352,0.1429,88.11,67.79,30.0,4,0,0,0.964
2024-04-04,Facebook,FB_Slots_Video,BR,T2,6011,162,0.027,16.1,0.099,17,3,0.1049,0.1765,76.6,5.37,375.8,4,0,0,0.975
2024-04-04,Facebook,FB_Casino_CreativeA,PL,T2,49004,1343,0.0274,175.29,0.131,92,15,0.0685,0.163,537.13,11.69,206.4,42,0,0,0.973
2024-04-04,Facebook,FB_Slots_Video,NG,T3,19723,736,0.0373,19.5,0.026,92,26,0.125,0.2826,214.58,0.75,1000.4,12,0,0,0.968
2024-04-04,Facebook,FB_Casino_CreativeA,CA,T1,26148,845,0.0323,254.37,0.301,88,16,0.1041,0.1818,1056.63,15.9,315.4,15,0,0,0.972
2024-04-04,Facebook,FB_Sports_Banner,AU,T1,17079,511,0.0299,160.27,0.314,43,14,0.0841,0.3256,934.34,11.45,483.0,15,0,0,0.97
2024-04-04,Facebook,FB_Sports_Banner,IN,T3,40251,1528,0.038,56.14,0.037,165,40,0.108,0.2424,1212.1,1.4,2059.1,28,1,0,0.97
2024-04-04,Google_Search,GG_Sports_Betting,DE,T1,16161,593,0.0367,447.83,0.755,87,26,0.1467,0.2989,2634.78,17.22,488.3,8,0,0,0.992
2024-04-04,Google_Search,GG_Casino_KW_Brand,BR,T2,60736,2924,0.0481,450.93,0.154,557,161,0.1905,0.289,6978.91,2.8,1447.7,18,0,0,0.992
2024-04-04,Google_Search,GG_Casino_KW_Brand,PL,T2,23360,793,0.0339,249.37,0.314,143,37,0.1803,0.2587,1825.18,6.74,631.9,4,0,0,0.99
2024-04-04,Google_Search,GG_Sports_Betting,NG,T3,28722,1236,0.043,65.3,0.053,198,55,0.1602,0.2778,1288.19,1.19,1872.7,10,0,0,0.991
2024-04-04,Google_Search,GG_Slots_KW_Generic,CA,T1,38768,1323,0.0341,890.97,0.673,197,49,0.1489,0.2487,4819.71,18.18,441.0,19,0,0,0.99
2024-04-04,Google_Search,GG_Sports_Betting,AU,T1,23625,601,0.0254,524.54,0.873,70,10,0.1165,0.1429,1063.42,52.45,102.7,7,0,0,0.99
2024-04-04,Google_Search,GG_Sports_Betting,IN,T3,16823,565,0.0336,62.34,0.11,82,29,0.1451,0.3537,786.88,2.15,1162.2,6,0,0,0.992
2024-04-04,Push_Network,Push_Casino_Retarget,DE,T1,25732,639,0.0248,46.39,0.073,24,2,0.0376,0.0833,61.08,23.2,31.7,66,1,0,0.837
2024-04-04,Push_Network,Push_Casino_Retarget,BR,T2,29691,490,0.0165,14.77,0.03,16,1,0.0327,0.0625,14.54,14.77,-1.6,57,0,0,0.833
2024-04-04,Push_Network,Push_iGaming_Broad,PL,T2,17045,493,0.0289,13.91,0.028,20,2,0.0406,0.1,18.34,6.96,31.8,96,0,0,0.876
2024-04-04,Push_Network,Push_Casino_Retarget,NG,T3,33172,443,0.0134,5.83,0.013,21,1,0.0474,0.0476,2.0,5.83,-65.7,72,1,0,0.842
2024-04-04,Push_Network,Push_iGaming_Broad,CA,T1,52673,683,0.013,78.45,0.115,29,2,0.0425,0.069,90.16,39.23,14.9,67,0,0,0.876
2024-04-04,Push_Network,Push_iGaming_Broad,AU,T1,32339,556,0.0172,53.01,0.095,19,1,0.0342,0.0526,38.27,53.01,-27.8,63,0,0,0.839
2024-04-04,Push_Network,Push_iGaming_Broad,IN,T3,41310,1189,0.0288,8.77,0.007,61,8,0.0513,0.1311,187.12,1.1,2033.6,179,2,0,0.845
2024-04-04,Native_Ads,Native_Bonus_Landing,DE,T1,13769,208,0.0151,66.93,0.322,11,1,0.0529,0.0909,65.91,66.93,-1.5,14,0,0,0.931
2024-04-04,Native_Ads,Native_Review_Article,BR,T2,21246,433,0.0204,36.62,0.085,20,3,0.0462,0.15,72.41,12.21,97.7,34,0,0,0.928
2024-04-04,Native_Ads,Native_Review_Article,PL,T2,28247,427,0.0151,57.85,0.135,26,5,0.0609,0.1923,171.9,11.57,197.1,23,0,0,0.938
2024-04-04,Native_Ads,Native_Bonus_Landing,NG,T3,34815,716,0.0206,19.51,0.027,42,9,0.0587,0.2143,26.81,2.17,37.4,45,0,0,0.938
2024-04-04,Native_Ads,Native_Bonus_Landing,CA,T1,26886,736,0.0274,148.39,0.202,65,14,0.0883,0.2154,1027.32,10.6,592.3,48,0,0,0.943
2024-04-04,Native_Ads,Native_Review_Article,AU,T1,25381,438,0.0173,121.49,0.277,35,8,0.0799,0.2286,400.56,15.19,229.7,13,0,0,0.931
2024-04-04,Native_Ads,Native_Review_Article,IN,T3,14520,196,0.0135,12.0,0.061,14,2,0.0714,0.1429,26.62,6.0,121.8,11,0,0,0.943
2024-04-04,TikTok,TT_Sports_Short,DE,T1,32543,779,0.0239,192.25,0.247,45,8,0.0578,0.1778,308.71,24.03,60.6,91,1,0,0.932
2024-04-04,TikTok,TT_Casino_UGC,BR,T2,24696,749,0.0303,47.12,0.063,28,2,0.0374,0.0714,59.89,23.56,27.1,49,1,0,0.92
2024-04-04,TikTok,TT_Casino_UGC,PL,T2,27258,192,0.007,69.06,0.36,11,2,0.0573,0.1818,41.36,34.53,-40.1,15,0,0,0.915
2024-04-04,TikTok,TT_Casino_UGC,NG,T3,33999,923,0.0271,20.27,0.022,55,8,0.0596,0.1455,105.39,2.53,419.9,68,1,0,0.908
2024-04-04,TikTok,TT_Casino_UGC,CA,T1,15583,272,0.0175,101.61,0.374,19,3,0.0699,0.1579,157.77,33.87,55.3,14,0,0,0.915
2024-04-04,TikTok,TT_Casino_UGC,AU,T1,22084,364,0.0165,116.15,0.319,32,3,0.0879,0.0938,130.69,38.72,12.5,14,0,0,0.917
2024-04-04,TikTok,TT_Sports_Short,IN,T3,19774,373,0.0189,19.3,0.052,24,4,0.0643,0.1667,41.33,4.83,114.1,23,0,0,0.905
2024-04-04,Affiliate_SEO,SEO_BonusGuide_BR,DE,T1,39215,379,0.0097,0.0,,112,37,0.2955,0.3304,3994.3,,,10,0,0,0.982
2024-04-04,Affiliate_SEO,SEO_CasinoReview_DE,BR,T2,11476,227,0.0198,0.0,,50,14,0.2203,0.28,631.2,,,5,0,0,0.976
2024-04-04,Affiliate_SEO,SEO_CasinoReview_DE,PL,T2,14165,343,0.0242,0.0,,60,28,0.1749,0.4667,1339.78,,,9,0,0,0.98
2024-04-04,Affiliate_SEO,SEO_CasinoReview_DE,NG,T3,2709,70,0.0258,0.0,,18,6,0.2571,0.3333,136.14,,,1,0,0,0.982
2024-04-04,Affiliate_SEO,SEO_CasinoReview_DE,CA,T1,29478,545,0.0185,0.0,,59,23,0.1083,0.3898,2724.38,,,13,0,0,0.982
2024-04-04,Affiliate_SEO,SEO_CasinoReview_DE,AU,T1,27854,592,0.0213,0.0,,141,48,0.2382,0.3404,5262.77,,,10,0,0,0.978
2024-04-04,Affiliate_SEO,SEO_CasinoReview_DE,IN,T3,3030,60,0.0198,0.0,,15,5,0.25,0.3333,131.2,,,1,0,0,0.977
2024-04-05,Facebook,FB_Slots_Video,DE,T1,17738,362,0.0204,194.26,0.537,35,7,0.0967,0.2,560.63,27.75,188.6,11,0,0,0.973
2024-04-05,Facebook,FB_Sports_Banner,BR,T2,41510,1640,0.0395,122.02,0.074,150,30,0.0915,0.2,733.0,4.07,500.7,36,1,0,0.972
2024-04-05,Facebook,FB_Casino_CreativeA,PL,T2,29126,1369,0.047,133.02,0.097,155,38,0.1132,0.2452,1611.05,3.5,1111.1,58,0,0,0.973
2024-04-05,Facebook,FB_Casino_CreativeA,NG,T3,19688,737,0.0374,16.98,0.023,38,9,0.0516,0.2368,99.53,1.89,486.2,19,0,0,0.974
2024-04-05,Facebook,FB_Casino_CreativeA,CA,T1,24229,768,0.0317,214.01,0.279,84,22,0.1094,0.2619,1521.2,9.73,610.8,33,0,0,0.973
2024-04-05,Facebook,FB_Slots_Video,AU,T1,19489,909,0.0466,168.5,0.185,106,25,0.1166,0.2358,1910.34,6.74,1033.7,32,0,0,0.965
2024-04-05,Facebook,FB_Casino_CreativeA,IN,T3,38857,1570,0.0404,48.46,0.031,132,25,0.0841,0.1894,470.72,1.94,871.4,40,0,0,0.972
2024-04-05,Google_Search,GG_Sports_Betting,DE,T1,10493,242,0.0231,268.47,1.109,32,11,0.1322,0.3438,1070.97,24.41,298.9,2,0,0,0.991
2024-04-05,Google_Search,GG_Sports_Betting,BR,T2,19055,538,0.0282,179.06,0.333,64,22,0.119,0.3438,607.21,8.14,239.1,4,0,0,0.99
2024-04-05,Google_Search,GG_Casino_KW_Brand,PL,T2,36885,960,0.026,403.92,0.421,142,32,0.1479,0.2254,1591.43,12.62,294.0,4,0,0,0.989
2024-04-05,Google_Search,GG_Slots_KW_Generic,NG,T3,22943,572,0.0249,47.8,0.084,85,28,0.1486,0.3294,504.13,1.71,954.7,4,0,0,0.991
2024-04-05,Google_Search,GG_Casino_KW_Brand,CA,T1,13838,251,0.0181,311.77,1.242,32,9,0.1275,0.2812,888.16,34.64,184.9,1,0,0,0.99
2024-04-05,Google_Search,GG_Sports_Betting,AU,T1,24625,770,0.0313,550.46,0.715,139,48,0.1805,0.3453,4576.0,11.47,731.3,10,0,0,0.991
2024-04-05,Google_Search,GG_Sports_Betting,IN,T3,26198,1171,0.0447,88.96,0.076,138,39,0.1178,0.2826,808.07,2.28,808.4,16,0,0,0.988
2024-04-05,Push_Network,Push_iGaming_Broad,DE,T1,23674,413,0.0174,38.23,0.093,18,1,0.0436,0.0556,32.87,38.23,-14.0,73,0,0,0.878
2024-04-05,Push_Network,Push_iGaming_Broad,BR,T2,20119,233,0.0116,10.54,0.045,10,1,0.0429,0.1,8.81,10.54,-16.4,34,0,0,0.865
2024-04-05,Push_Network,Push_iGaming_Broad,PL,T2,10443,177,0.0169,7.64,0.043,7,0,0.0395,0.0,0.0,,-100.0,23,0,0,0.871
2024-04-05,Push_Network,Push_Casino_Retarget,NG,T3,16173,179,0.0111,2.52,0.014,6,0,0.0335,0.0,0.0,,-100.0,30,0,0,0.882
2024-04-05,Push_Network,Push_iGaming_Broad,CA,T1,35075,876,0.025,61.48,0.07,32,3,0.0365,0.0938,104.8,20.49,70.5,115,1,0,0.837
2024-04-05,Push_Network,Push_iGaming_Broad,AU,T1,47191,796,0.0169,66.84,0.084,33,3,0.0415,0.0909,66.53,22.28,-0.5,155,1,0,0.843
2024-04-05,Push_Network,Push_iGaming_Broad,IN,T3,19463,143,0.0073,5.17,0.036,4,0,0.028,0.0,0.0,,-100.0,16,0,0,0.881
2024-04-05,Native_Ads,Native_Bonus_Landing,DE,T1,7938,173,0.0218,48.09,0.278,13,2,0.0751,0.1538,127.04,24.05,164.2,12,0,0,0.94
2024-04-05,Native_Ads,Native_Bonus_Landing,BR,T2,25201,472,0.0187,49.95,0.106,25,6,0.053,0.24,187.52,8.33,275.4,28,0,0,0.931
2024-04-05,Native_Ads,Native_Review_Article,PL,T2,60892,1775,0.0291,143.26,0.081,120,22,0.0676,0.1833,687.93,6.51,380.2,61,1,0,0.95
2024-04-05,Native_Ads,Native_Review_Article,NG,T3,7093,121,0.0171,3.7,0.031,9,1,0.0744,0.1111,3.54,3.7,-4.3,9,0,0,0.941
2024-04-05,Native_Ads,Native_Review_Article,CA,T1,7348,137,0.0186,40.28,0.294,10,2,0.073,0.2,131.35,20.14,226.1,5,0,0,0.943
2024-04-05,Native_Ads,Native_Bonus_Landing,AU,T1,24089,636,0.0264,131.47,0.207,57,12,0.0896,0.2105,755.25,10.96,474.5,37,0,0,0.934
2024-04-05,Native_Ads,Native_Review_Article,IN,T3,15372,239,0.0155,10.63,0.044,19,4,0.0795,0.2105,78.63,2.66,639.7,21,0,0,0.933
2024-04-05,TikTok,TT_Casino_UGC,DE,T1,7393,101,0.0137,55.58,0.55,7,0,0.0693,0.0,0.0,,-100.0,6,0,0,0.92
2024-04-05,TikTok,TT_Casino_UGC,BR,T2,19447,456,0.0234,36.16,0.079,25,4,0.0548,0.16,160.62,9.04,344.2,47,0,0,0.932
2024-04-05,TikTok,TT_Sports_Short,PL,T2,28088,746,0.0266,80.5,0.108,44,10,0.059,0.2273,223.14,8.05,177.2,36,1,0,0.909
2024-04-05,TikTok,TT_Casino_UGC,NG,T3,17433,374,0.0215,10.49,0.028,23,3,0.0615,0.1304,27.98,3.5,166.7,32,0,0,0.93
2024-04-05,TikTok,TT_Sports_Short,CA,T1,21597,256,0.0119,141.82,0.554,14,2,0.0547,0.1429,89.75,70.91,-36.7,21,0,0,0.907
2024-04-05,TikTok,TT_Sports_Short,AU,T1,21059,617,0.0293,126.54,0.205,47,4,0.0762,0.0851,167.89,31.64,32.7,67,0,0,0.926
2024-04-05,TikTok,TT_Casino_UGC,IN,T3,45371,621,0.0137,42.29,0.068,46,9,0.0741,0.1957,55.51,4.7,31.3,46,1,0,0.911
2024-04-05,Affiliate_SEO,SEO_BonusGuide_BR,DE,T1,49678,570,0.0115,0.0,,119,40,0.2088,0.3361,5031.4,,,16,0,0,0.98
2024-04-05,Affiliate_SEO,SEO_CasinoReview_DE,BR,T2,11350,242,0.0213,0.0,,45,9,0.186,0.2,346.25,,,3,0,0,0.978
2024-04-05,Affiliate_SEO,SEO_BonusGuide_BR,PL,T2,11617,249,0.0214,0.0,,54,17,0.2169,0.3148,1048.68,,,2,0,0,0.982
2024-04-05,Affiliate_SEO,SEO_BonusGuide_BR,NG,T3,3121,52,0.0167,0.0,,13,4,0.25,0.3077,67.24,,,1,0,0,0.983
2024-04-05,Affiliate_SEO,SEO_BonusGuide_BR,CA,T1,8359,170,0.0203,0.0,,32,17,0.1882,0.5312,1648.33,,,4,0,0,0.981
2024-04-05,Affiliate_SEO,SEO_BonusGuide_BR,AU,T1,7083,38,0.0054,0.0,,6,2,0.1579,0.3333,259.49,,,0,0,0,0.984
2024-04-05,Affiliate_SEO,SEO_CasinoReview_DE,IN,T3,3558,92,0.0259,0.0,,14,5,0.1522,0.3571,138.84,,,1,0,0,0.983
2024-04-06,Facebook,FB_Slots_Video,DE,T1,23658,1124,0.0475,267.93,0.238,91,26,0.081,0.2857,2419.19,10.3,802.9,47,1,0,0.968
2024-04-06,Facebook,FB_Casino_CreativeA,BR,T2,20478,641,0.0313,62.45,0.097,49,11,0.0764,0.2245,237.08,5.68,279.6,18,0,0,0.975
2024-04-06,Facebook,FB_Casino_CreativeA,PL,T2,30289,1442,0.0476,125.13,0.087,122,34,0.0846,0.2787,1038.54,3.68,730.0,30,1,0,0.964
2024-04-06,Facebook,FB_Sports_Banner,NG,T3,35575,1156,0.0325,32.93,0.028,109,15,0.0943,0.1376,32.31,2.2,-1.9,27,1,0,0.975
2024-04-06,Facebook,FB_Slots_Video,CA,T1,20267,656,0.0324,189.53,0.289,84,17,0.128,0.2024,1309.41,11.15,590.9,17,1,0,0.972
2024-04-06,Facebook,FB_Slots_Video,AU,T1,22979,790,0.0344,196.63,0.249,76,16,0.0962,0.2105,1139.27,12.29,479.4,14,0,0,0.971
2024-04-06,Facebook,FB_Slots_Video,IN,T3,22141,737,0.0333,29.73,0.04,71,18,0.0963,0.2535,36.69,1.65,23.4,12,0,0,0.973
2024-04-06,Google_Search,GG_Slots_KW_Generic,DE,T1,23847,888,0.0372,712.87,0.803,144,56,0.1622,0.3889,5774.51,12.73,710.0,6,0,0,0.991
2024-04-06,Google_Search,GG_Sports_Betting,BR,T2,28951,964,0.0333,266.07,0.276,152,68,0.1577,0.4474,2923.49,3.91,998.8,9,0,0,0.991
2024-04-06,Google_Search,GG_Casino_KW_Brand,PL,T2,34274,800,0.0233,414.33,0.518,118,37,0.1475,0.3136,1715.35,11.2,314.0,5,0,0,0.99
2024-04-06,Google_Search,GG_Casino_KW_Brand,NG,T3,37799,1296,0.0343,94.09,0.073,210,72,0.162,0.3429,2094.17,1.31,2125.7,17,0,0,0.99
2024-04-06,Google_Search,GG_Sports_Betting,CA,T1,18161,522,0.0287,472.89,0.906,73,17,0.1398,0.2329,1669.16,27.82,253.0,6,0,0,0.988
2024-04-06,Google_Search,GG_Slots_KW_Generic,AU,T1,17709,642,0.0363,446.94,0.696,98,41,0.1526,0.4184,4082.78,10.9,813.5,7,0,0,0.99
2024-04-06,Google_Search,GG_Sports_Betting,IN,T3,10265,227,0.0221,32.25,0.142,27,10,0.1189,0.3704,160.48,3.23,397.6,1,0,0,0.991
2024-04-06,Push_Network,Push_iGaming_Broad,DE,T1,44237,937,0.0212,75.24,0.08,19,1,0.0203,0.0526,25.77,75.24,-65.7,182,1,0,0.876
2024-04-06,Push_Network,Push_Casino_Retarget,BR,T2,24766,439,0.0177,14.45,0.033,19,3,0.0433,0.1579,46.45,4.82,221.5,90,0,0,0.868
2024-04-06,Push_Network,Push_Casino_Retarget,PL,T2,15336,273,0.0178,10.78,0.039,9,1,0.033,0.1111,19.12,10.78,77.4,49,0,0,0.865
2024-04-06,Push_Network,Push_iGaming_Broad,NG,T3,56957,869,0.0153,9.37,0.011,27,2,0.0311,0.0741,4.0,4.68,-57.3,109,1,0,0.854
2024-04-06,Push_Network,Push_iGaming_Broad,CA,T1,20737,469,0.0226,28.77,0.061,18,1,0.0384,0.0556,42.96,28.77,49.3,45,0,0,0.869
2024-04-06,Push_Network,Push_iGaming_Broad,AU,T1,20255,510,0.0252,27.02,0.053,17,1,0.0333,0.0588,35.72,27.02,32.2,73,0,0,0.864
2024-04-06,Push_Network,Push_Casino_Retarget,IN,T3,18176,305,0.0168,3.81,0.012,11,0,0.0361,0.0,0.0,,-100.0,25,0,0,0.877
2024-04-06,Native_Ads,Native_Bonus_Landing,DE,T1,23083,478,0.0207,112.57,0.236,28,4,0.0586,0.1429,257.15,28.14,128.4,29,0,0,0.95
2024-04-06,Native_Ads,Native_Review_Article,BR,T2,34409,551,0.016,53.52,0.097,25,4,0.0454,0.16,114.87,13.38,114.6,46,0,0,0.947
2024-04-06,Native_Ads,Native_Review_Article,PL,T2,25118,545,0.0217,50.58,0.093,50,11,0.0917,0.22,309.1,4.6,511.1,34,0,0,0.939
2024-04-06,Native_Ads,Native_Review_Article,NG,T3,30366,566,0.0186,15.4,0.027,45,9,0.0795,0.2,51.88,1.71,236.9,24,0,0,0.95
2024-04-06,Native_Ads,Native_Bonus_Landing,CA,T1,17848,377,0.0211,83.7,0.222,26,4,0.069,0.1538,263.18,20.93,214.4,29,0,0,0.947
2024-04-06,Native_Ads,Native_Review_Article,AU,T1,24647,374,0.0152,131.65,0.352,31,5,0.0829,0.1613,345.19,26.33,162.2,23,0,0,0.935
2024-04-06,Native_Ads,Native_Bonus_Landing,IN,T3,18226,368,0.0202,13.69,0.037,25,5,0.0679,0.2,76.89,2.74,461.7,20,0,0,0.938
2024-04-06,TikTok,TT_Sports_Short,DE,T1,23860,332,0.0139,171.6,0.517,25,5,0.0753,0.2,246.92,34.32,43.9,16,0,0,0.924
2024-04-06,TikTok,TT_Sports_Short,BR,T2,21251,284,0.0134,42.75,0.151,21,3,0.0739,0.1429,84.99,14.25,98.8,26,0,0,0.927
2024-04-06,TikTok,TT_Casino_UGC,PL,T2,13988,179,0.0128,33.42,0.187,12,2,0.067,0.1667,12.27,16.71,-63.3,18,0,0,0.924
2024-04-06,TikTok,TT_Sports_Short,NG,T3,31231,584,0.0187,18.55,0.032,35,5,0.0599,0.1429,49.84,3.71,168.7,48,1,0,0.905
2024-04-06,TikTok,TT_Sports_Short,CA,T1,60454,800,0.0132,388.34,0.485,57,5,0.0712,0.0877,123.69,77.67,-68.1,95,1,0,0.916
2024-04-06,TikTok,TT_Casino_UGC,AU,T1,22528,569,0.0253,142.05,0.25,29,3,0.051,0.1034,154.06,47.35,8.5,60,0,0,0.907
2024-04-06,TikTok,TT_Sports_Short,IN,T3,32275,521,0.0161,25.39,0.049,41,6,0.0787,0.1463,66.62,4.23,162.4,41,1,0,0.93
2024-04-06,Affiliate_SEO,SEO_CasinoReview_DE,DE,T1,26032,410,0.0157,0.0,,90,40,0.2195,0.4444,5396.6,,,5,0,0,0.976
2024-04-06,Affiliate_SEO,SEO_BonusGuide_BR,BR,T2,13728,203,0.0148,0.0,,38,17,0.1872,0.4474,765.07,,,3,0,0,0.98
2024-04-06,Affiliate_SEO,SEO_CasinoReview_DE,PL,T2,10762,209,0.0194,0.0,,26,11,0.1244,0.4231,591.08,,,4,0,0,0.979
2024-04-06,Affiliate_SEO,SEO_CasinoReview_DE,NG,T3,2954,30,0.0102,0.0,,9,3,0.3,0.3333,53.57,,,0,0,0,0.979
2024-04-06,Affiliate_SEO,SEO_CasinoReview_DE,CA,T1,34108,625,0.0183,0.0,,120,43,0.192,0.3583,3936.43,,,7,0,0,0.984
2024-04-06,Affiliate_SEO,SEO_CasinoReview_DE,AU,T1,16889,291,0.0172,0.0,,68,17,0.2337,0.25,1937.44,,,4,0,0,0.978
2024-04-06,Affiliate_SEO,SEO_CasinoReview_DE,IN,T3,2450,32,0.0131,0.0,,8,2,0.25,0.25,28.06,,,0,0,0,0.983
2024-04-07,Facebook,FB_Slots_Video,DE,T1,10699,444,0.0415,107.56,0.242,40,7,0.0901,0.175,543.71,15.37,405.5,7,0,0,0.969
2024-04-07,Facebook,FB_Casino_CreativeA,BR,T2,22046,723,0.0328,60.86,0.084,53,13,0.0733,0.2453,445.26,4.68,631.6,24,0,0,0.975
2024-04-07,Facebook,FB_Sports_Banner,PL,T2,20097,824,0.041,79.89,0.097,85,17,0.1032,0.2,620.1,4.7,676.2,36,0,0,0.971
2024-04-07,Facebook,FB_Sports_Banner,NG,T3,17344,414,0.0239,13.55,0.033,31,7,0.0749,0.2258,220.88,1.94,1530.1,16,0,0,0.976
2024-04-07,Facebook,FB_Slots_Video,CA,T1,17010,550,0.0323,168.17,0.306,55,13,0.1,0.2364,1062.33,12.94,531.7,12,0,0,0.975
2024-04-07,Facebook,FB_Casino_CreativeA,AU,T1,37353,1463,0.0392,289.89,0.198,115,32,0.0786,0.2783,2911.99,9.06,904.5,50,1,0,0.964
2024-04-07,Facebook,FB_Slots_Video,IN,T3,51220,1469,0.0287,74.8,0.051,90,28,0.0613,0.3111,241.11,2.67,222.3,64,0,0,0.967
2024-04-07,Google_Search,GG_Sports_Betting,DE,T1,35191,1203,0.0342,999.53,0.831,186,65,0.1546,0.3495,6433.77,15.38,543.7,15,0,0,0.991
2024-04-07,Google_Search,GG_Sports_Betting,BR,T2,46481,1028,0.0221,426.22,0.415,199,88,0.1936,0.4422,4844.73,4.84,1036.7,6,0,0,0.99
2024-04-07,Google_Search,GG_Sports_Betting,PL,T2,22058,624,0.0283,220.69,0.354,102,37,0.1635,0.3627,1502.69,5.96,580.9,3,0,0,0.991
2024-04-07,Google_Search,GG_Slots_KW_Generic,NG,T3,45424,1496,0.0329,103.76,0.069,206,73,0.1377,0.3544,1036.92,1.42,899.3,11,0,0,0.989
2024-04-07,Google_Search,GG_Slots_KW_Generic,CA,T1,35228,752,0.0213,848.55,1.128,135,55,0.1795,0.4074,5645.56,15.43,565.3,9,0,0,0.991
2024-04-07,Google_Search,GG_Casino_KW_Brand,AU,T1,62362,2555,0.041,1545.21,0.605,445,139,0.1742,0.3124,11796.51,11.12,663.4,17,0,0,0.99
2024-04-07,Google_Search,GG_Sports_Betting,IN,T3,13265,436,0.0329,46.0,0.106,63,14,0.1445,0.2222,198.73,3.29,332.0,5,0,0,0.992
2024-04-07,Push_Network,Push_iGaming_Broad,DE,T1,30329,534,0.0176,55.43,0.104,15,1,0.0281,0.0667,41.93,55.43,-24.4,108,0,0,0.837
2024-04-07,Push_Network,Push_Casino_Retarget,BR,T2,12688,142,0.0112,7.31,0.051,4,0,0.0282,0.0,0.0,,-100.0,26,0,0,0.855
2024-04-07,Push_Network,Push_Casino_Retarget,PL,T2,14939,439,0.0294,11.69,0.027,19,2,0.0433,0.1053,4.0,5.84,-65.8,68,0,0,0.847
2024-04-07,Push_Network,Push_iGaming_Broad,NG,T3,20074,459,0.0229,3.5,0.008,15,1,0.0327,0.0667,15.47,3.5,342.0,88,0,0,0.847
2024-04-07,Push_Network,Push_iGaming_Broad,CA,T1,103169,2817,0.0273,151.64,0.054,129,19,0.0458,0.1473,650.13,7.98,328.7,433,6,0,0.873
2024-04-07,Push_Network,Push_iGaming_Broad,AU,T1,26769,398,0.0149,38.97,0.098,16,2,0.0402,0.125,83.89,19.48,115.3,60,0,0,0.839
2024-04-07,Push_Network,Push_Casino_Retarget,IN,T3,13768,202,0.0147,3.29,0.016,11,1,0.0545,0.0909,22.44,3.29,582.1,40,0,0,0.867
2024-04-07,Native_Ads,Native_Bonus_Landing,DE,T1,23333,469,0.0201,121.57,0.259,20,4,0.0426,0.2,248.91,30.39,104.7,34,0,0,0.951
2024-04-07,Native_Ads,Native_Bonus_Landing,BR,T2,53854,514,0.0095,84.28,0.164,35,3,0.0681,0.0857,82.75,28.09,-1.8,40,0,0,0.946
2024-04-07,Native_Ads,Native_Review_Article,PL,T2,20619,421,0.0204,45.02,0.107,40,6,0.095,0.15,267.11,7.5,493.3,21,0,0,0.93
2024-04-07,Native_Ads,Native_Bonus_Landing,NG,T3,24322,518,0.0213,12.24,0.024,32,6,0.0618,0.1875,107.1,2.04,775.0,38,0,0,0.941
2024-04-07,Native_Ads,Native_Review_Article,CA,T1,38946,761,0.0195,199.84,0.263,43,8,0.0565,0.186,561.68,24.98,181.1,28,0,0,0.931
2024-04-07,Native_Ads,Native_Bonus_Landing,AU,T1,29473,477,0.0162,156.15,0.327,37,5,0.0776,0.1351,245.05,31.23,56.9,41,0,0,0.933
2024-04-07,Native_Ads,Native_Bonus_Landing,IN,T3,24663,491,0.0199,17.72,0.036,29,3,0.0591,0.1034,64.18,5.91,262.2,24,0,0,0.938
2024-04-07,TikTok,TT_Casino_UGC,DE,T1,34516,634,0.0184,246.78,0.389,38,6,0.0599,0.1579,223.95,41.13,-9.3,32,1,0,0.929
2024-04-07,TikTok,TT_Sports_Short,BR,T2,15731,226,0.0144,30.0,0.133,16,1,0.0708,0.0625,9.44,30.0,-68.5,10,0,0,0.928
2024-04-07,TikTok,TT_Casino_UGC,PL,T2,10989,241,0.0219,32.11,0.133,15,2,0.0622,0.1333,25.84,16.05,-19.5,23,0,0,0.905
2024-04-07,TikTok,TT_Sports_Short,NG,T3,27336,638,0.0233,14.4,0.023,48,7,0.0752,0.1458,83.53,2.06,480.1,37,1,0,0.933
2024-04-07,TikTok,TT_Casino_UGC,CA,T1,31662,810,0.0256,176.9,0.218,48,10,0.0593,0.2083,429.03,17.69,142.5,62,1,0,0.92
2024-04-07,TikTok,TT_Sports_Short,AU,T1,42817,674,0.0157,277.94,0.412,29,4,0.043,0.1379,108.51,69.48,-61.0,65,0,0,0.925
2024-04-07,TikTok,TT_Sports_Short,IN,T3,22482,219,0.0097,20.01,0.091,15,2,0.0685,0.1333,4.0,10.01,-80.0,22,0,0,0.908
2024-04-07,Affiliate_SEO,SEO_BonusGuide_BR,DE,T1,53403,1936,0.0363,0.0,,424,98,0.219,0.2311,11466.4,,,29,3,0,0.984
2024-04-07,Affiliate_SEO,SEO_BonusGuide_BR,BR,T2,8978,215,0.0239,0.0,,61,29,0.2837,0.4754,1224.92,,,3,0,0,0.983
2024-04-07,Affiliate_SEO,SEO_CasinoReview_DE,PL,T2,10443,214,0.0205,0.0,,50,19,0.2336,0.38,1077.71,,,3,0,0,0.98
2024-04-07,Affiliate_SEO,SEO_CasinoReview_DE,NG,T3,2483,59,0.0238,0.0,,11,3,0.1864,0.2727,58.23,,,1,0,0,0.982
2024-04-07,Affiliate_SEO,SEO_CasinoReview_DE,CA,T1,28354,549,0.0194,0.0,,91,29,0.1658,0.3187,3582.63,,,11,0,0,0.984
2024-04-07,Affiliate_SEO,SEO_CasinoReview_DE,AU,T1,62530,1505,0.0241,0.0,,291,131,0.1934,0.4502,14991.56,,,23,1,0,0.981
2024-04-07,Affiliate_SEO,SEO_CasinoReview_DE,IN,T3,16121,336,0.0208,0.0,,76,22,0.2262,0.2895,72.16,,,7,0,0,0.983
2024-04-08,Facebook,FB_Sports_Banner,DE,T1,14617,475,0.0325,156.41,0.329,34,10,0.0716,0.2941,745.4,15.64,376.6,8,0,0,0.964
2024-04-08,Facebook,FB_Slots_Video,BR,T2,13375,483,0.0361,47.73,0.099,48,12,0.0994,0.25,348.16,3.98,629.4,16,0,0,0.975
2024-04-08,Facebook,FB_Sports_Banner,PL,T2,12160,409,0.0336,46.39,0.113,45,11,0.11,0.2444,580.41,4.22,1151.2,12,0,0,0.975
2024-04-08,Facebook,FB_Slots_Video,NG,T3,38813,908,0.0234,35.4,0.039,60,11,0.0661,0.1833,249.39,3.22,604.5,31,0,0,0.972
2024-04-08,Facebook,FB_Slots_Video,CA,T1,11463,386,0.0337,108.63,0.281,25,3,0.0648,0.12,236.74,36.21,117.9,13,0,0,0.965
2024-04-08,Facebook,FB_Casino_CreativeA,AU,T1,26978,841,0.0312,197.19,0.234,83,19,0.0987,0.2289,1432.13,10.38,626.3,30,0,0,0.974
2024-04-08,Facebook,FB_Slots_Video,IN,T3,53181,2262,0.0425,73.53,0.033,200,34,0.0884,0.17,627.18,2.16,753.0,83,1,0,0.975
2024-04-08,Google_Search,GG_Casino_KW_Brand,DE,T1,67750,2194,0.0324,2049.64,0.934,242,61,0.1103,0.2521,6395.91,33.6,212.1,23,0,0,0.991
2024-04-08,Google_Search,GG_Slots_KW_Generic,BR,T2,8579,277,0.0323,68.98,0.249,41,9,0.148,0.2195,388.87,7.66,463.7,2,0,0,0.99
2024-04-08,Google_Search,GG_Sports_Betting,PL,T2,38581,1805,0.0468,431.35,0.239,298,71,0.1651,0.2383,4372.64,6.08,913.7,26,1,0,0.989
2024-04-08,Google_Search,GG_Sports_Betting,NG,T3,17894,404,0.0226,44.55,0.11,61,18,0.151,0.2951,36.0,2.47,-19.2,2,0,0,0.99
2024-04-08,Google_Search,GG_Sports_Betting,CA,T1,12593,497,0.0395,263.1,0.529,89,35,0.1791,0.3933,3236.39,7.52,1130.1,4,0,0,0.988
2024-04-08,Google_Search,GG_Slots_KW_Generic,AU,T1,28424,962,0.0338,562.52,0.585,118,36,0.1227,0.3051,3428.35,15.63,509.5,14,0,0,0.989
2024-04-08,Google_Search,GG_Casino_KW_Brand,IN,T3,32504,1067,0.0328,106.93,0.1,110,32,0.1031,0.2909,503.35,3.34,370.7,12,0,0,0.991
2024-04-08,Push_Network,Push_iGaming_Broad,DE,T1,38382,564,0.0147,59.03,0.105,23,2,0.0408,0.087,74.23,29.52,25.7,76,1,0,0.882
2024-04-08,Push_Network,Push_Casino_Retarget,BR,T2,30605,1005,0.0328,16.3,0.016,33,2,0.0328,0.0606,31.5,8.15,93.3,89,1,0,0.859
2024-04-08,Push_Network,Push_iGaming_Broad,PL,T2,17651,287,0.0163,13.17,0.046,10,1,0.0348,0.1,23.81,13.17,80.8,51,0,0,0.866
2024-04-08,Push_Network,Push_Casino_Retarget,NG,T3,16559,292,0.0176,2.99,0.01,8,1,0.0274,0.125,2.0,2.99,-33.1,50,0,0,0.886
2024-04-08,Push_Network,Push_Casino_Retarget,CA,T1,12382,240,0.0194,21.61,0.09,11,1,0.0458,0.0909,34.57,21.61,60.0,33,0,0,0.867
2024-04-08,Push_Network,Push_iGaming_Broad,AU,T1,37069,587,0.0158,55.16,0.094,17,2,0.029,0.1176,100.67,27.58,82.5,65,1,0,0.84
2024-04-08,Push_Network,Push_iGaming_Broad,IN,T3,45117,1056,0.0234,12.41,0.012,36,3,0.0341,0.0833,10.33,4.14,-16.8,75,2,0,0.887
2024-04-08,Native_Ads,Native_Bonus_Landing,DE,T1,22004,253,0.0115,125.87,0.498,20,5,0.0791,0.25,312.5,25.17,148.3,13,0,0,0.931
2024-04-08,Native_Ads,Native_Bonus_Landing,BR,T2,25619,448,0.0175,40.49,0.09,34,6,0.0759,0.1765,170.96,6.75,322.2,29,0,0,0.946
2024-04-08,Native_Ads,Native_Bonus_Landing,PL,T2,43048,698,0.0162,104.27,0.149,46,10,0.0659,0.2174,288.83,10.43,177.0,54,1,0,0.948
2024-04-08,Native_Ads,Native_Bonus_Landing,NG,T3,18370,311,0.0169,10.34,0.033,20,3,0.0643,0.15,43.5,3.45,320.7,17,0,0,0.929
2024-04-08,Native_Ads,Native_Bonus_Landing,CA,T1,27204,681,0.025,119.9,0.176,45,8,0.0661,0.1778,668.36,14.99,457.4,49,0,0,0.938
2024-04-08,Native_Ads,Native_Review_Article,AU,T1,34312,613,0.0179,169.97,0.277,49,10,0.0799,0.2041,583.02,17.0,243.0,25,1,0,0.931
2024-04-08,Native_Ads,Native_Review_Article,IN,T3,19449,459,0.0236,14.5,0.032,40,6,0.0871,0.15,130.46,2.42,799.7,16,0,0,0.933
2024-04-08,TikTok,TT_Sports_Short,DE,T1,29935,741,0.0248,170.08,0.23,54,9,0.0729,0.1667,319.68,18.9,88.0,60,0,0,0.93
2024-04-08,TikTok,TT_Sports_Short,BR,T2,63274,1887,0.0298,118.97,0.063,104,14,0.0551,0.1346,458.07,8.5,285.0,191,2,0,0.932
2024-04-08,TikTok,TT_Casino_UGC,PL,T2,20859,495,0.0237,50.27,0.102,30,2,0.0606,0.0667,34.32,25.14,-31.7,46,0,0,0.916
2024-04-08,TikTok,TT_Casino_UGC,NG,T3,15384,316,0.0205,10.49,0.033,20,1,0.0633,0.05,13.0,10.49,23.9,24,0,0,0.922
2024-04-08,TikTok,TT_Casino_UGC,CA,T1,13193,228,0.0173,88.02,0.386,14,2,0.0614,0.1429,83.58,44.01,-5.0,24,0,0,0.912
2024-04-08,TikTok,TT_Sports_Short,AU,T1,23098,434,0.0188,135.42,0.312,22,3,0.0507,0.1364,123.14,45.14,-9.1,31,0,0,0.933
2024-04-08,TikTok,TT_Casino_UGC,IN,T3,26236,927,0.0353,24.91,0.027,62,9,0.0669,0.1452,113.13,2.77,354.2,76,2,0,0.922
2024-04-08,Affiliate_SEO,SEO_BonusGuide_BR,DE,T1,13358,234,0.0175,0.0,,51,11,0.2179,0.2157,1219.98,,,6,0,0,0.977
2024-04-08,Affiliate_SEO,SEO_BonusGuide_BR,BR,T2,13814,297,0.0215,0.0,,78,24,0.2626,0.3077,1082.26,,,4,0,0,0.982
2024-04-08,Affiliate_SEO,SEO_BonusGuide_BR,PL,T2,2788,48,0.0172,0.0,,8,2,0.1667,0.25,123.95,,,0,0,0,0.983
2024-04-08,Affiliate_SEO,SEO_BonusGuide_BR,NG,T3,2755,73,0.0265,0.0,,17,6,0.2329,0.3529,132.63,,,1,0,0,0.977
2024-04-08,Affiliate_SEO,SEO_CasinoReview_DE,CA,T1,30348,557,0.0184,0.0,,169,85,0.3034,0.503,9845.34,,,8,1,0,0.977
2024-04-08,Affiliate_SEO,SEO_CasinoReview_DE,AU,T1,35752,723,0.0202,0.0,,194,53,0.2683,0.2732,5817.28,,,15,1,0,0.98
2024-04-08,Affiliate_SEO,SEO_BonusGuide_BR,IN,T3,3967,71,0.0179,0.0,,13,3,0.1831,0.2308,61.68,,,1,0,0,0.983
2024-04-09,Facebook,FB_Casino_CreativeA,DE,T1,30110,1256,0.0417,339.72,0.27,119,26,0.0947,0.2185,1960.54,13.07,477.1,33,0,0,0.964
2024-04-09,Facebook,FB_Sports_Banner,BR,T2,37027,1107,0.0299,104.7,0.095,72,14,0.065,0.1944,359.72,7.48,243.6,42,0,0,0.974
2024-04-09,Facebook,FB_Casino_CreativeA,PL,T2,59442,1653,0.0278,264.07,0.16,111,36,0.0672,0.3243,1355.68,7.34,413.4,67,1,0,0.966
2024-04-09,Facebook,FB_Casino_CreativeA,NG,T3,20046,535,0.0267,18.71,0.035,47,7,0.0879,0.1489,136.71,2.67,630.7,22,0,0,0.974
2024-04-09,Facebook,FB_Slots_Video,CA,T1,18118,838,0.0463,142.09,0.17,72,18,0.0859,0.25,1434.13,7.89,909.3,29,0,0,0.975
2024-04-09,Facebook,FB_Casino_CreativeA,AU,T1,25628,743,0.029,233.03,0.314,77,16,0.1036,0.2078,1275.07,14.56,447.2,22,0,0,0.966
2024-04-09,Facebook,FB_Sports_Banner,IN,T3,22446,678,0.0302,26.55,0.039,57,14,0.0841,0.2456,259.31,1.9,876.7,30,0,0,0.968
2024-04-09,Google_Search,GG_Sports_Betting,DE,T1,17182,656,0.0382,444.16,0.677,104,34,0.1585,0.3269,3182.61,13.06,616.5,6,0,0,0.991
2024-04-09,Google_Search,GG_Sports_Betting,BR,T2,33552,1189,0.0354,251.46,0.211,219,68,0.1842,0.3105,2471.39,3.7,882.8,12,0,0,0.99
2024-04-09,Google_Search,GG_Slots_KW_Generic,PL,T2,5441,144,0.0265,62.43,0.434,26,9,0.1806,0.3462,592.19,6.94,848.6,1,0,0,0.988
2024-04-09,Google_Search,GG_Casino_KW_Brand,NG,T3,16207,640,0.0395,44.5,0.07,68,20,0.1062,0.2941,40.33,2.23,-9.4,8,0,0,0.99
2024-04-09,Google_Search,GG_Slots_KW_Generic,CA,T1,12816,701,0.0547,305.95,0.436,133,39,0.1897,0.2932,3756.56,7.84,1127.8,8,0,0,0.992
2024-04-09,Google_Search,GG_Sports_Betting,AU,T1,13660,241,0.0176,291.61,1.21,44,15,0.1826,0.3409,1511.68,19.44,418.4,1,0,0,0.99
2024-04-09,Google_Search,GG_Casino_KW_Brand,IN,T3,12622,473,0.0375,52.04,0.11,100,33,0.2114,0.33,93.32,1.58,79.3,3,0,0,0.989
2024-04-09,Push_Network,Push_iGaming_Broad,DE,T1,28047,458,0.0163,43.77,0.096,14,1,0.0306,0.0714,39.28,43.77,-10.3,40,0,0,0.875
2024-04-09,Push_Network,Push_Casino_Retarget,BR,T2,35626,337,0.0095,21.49,0.064,21,3,0.0623,0.1429,61.67,7.16,187.0,36,1,0,0.849
2024-04-09,Push_Network,Push_iGaming_Broad,PL,T2,31293,456,0.0146,23.57,0.052,19,1,0.0417,0.0526,17.07,23.57,-27.6,92,0,0,0.883
2024-04-09,Push_Network,Push_iGaming_Broad,NG,T3,42104,796,0.0189,6.15,0.008,25,2,0.0314,0.08,4.0,3.08,-35.0,123,0,0,0.857
2024-04-09,Push_Network,Push_iGaming_Broad,CA,T1,66413,976,0.0147,91.19,0.093,33,2,0.0338,0.0606,73.03,45.59,-19.9,189,1,0,0.875
2024-04-09,Push_Network,Push_Casino_Retarget,AU,T1,32996,557,0.0169,53.65,0.096,19,2,0.0341,0.1053,70.15,26.82,30.8,67,0,0,0.855
2024-04-09,Push_Network,Push_Casino_Retarget,IN,T3,31978,705,0.022,7.45,0.011,27,2,0.0383,0.0741,4.0,3.73,-46.3,62,1,0,0.861
2024-04-09,Native_Ads,Native_Review_Article,DE,T1,25401,566,0.0223,125.98,0.223,37,5,0.0654,0.1351,417.17,25.2,231.1,49,0,0,0.943
2024-04-09,Native_Ads,Native_Bonus_Landing,BR,T2,47382,783,0.0165,84.77,0.108,52,11,0.0664,0.2115,193.73,7.71,128.5,39,1,0,0.946
2024-04-09,Native_Ads,Native_Bonus_Landing,PL,T2,45867,1237,0.027,108.35,0.088,78,17,0.0631,0.2179,536.74,6.37,395.4,62,0,0,0.937
2024-04-09,Native_Ads,Native_Bonus_Landing,NG,T3,37111,1011,0.0272,18.63,0.018,74,15,0.0732,0.2027,30.0,1.24,61.0,60,1,0,0.947
2024-04-09,Native_Ads,Native_Review_Article,CA,T1,14283,295,0.0207,75.76,0.257,25,4,0.0847,0.16,247.32,18.94,226.5,21,0,0,0.94
2024-04-09,Native_Ads,Native_Bonus_Landing,AU,T1,25098,588,0.0234,127.79,0.217,35,8,0.0595,0.2286,480.9,15.97,276.3,28,0,0,0.935
2024-04-09,Native_Ads,Native_Review_Article,IN,T3,19434,325,0.0167,15.87,0.049,21,5,0.0646,0.2381,48.06,3.17,202.8,21,0,0,0.932
2024-04-09,TikTok,TT_Sports_Short,DE,T1,36738,1226,0.0334,213.68,0.174,91,13,0.0742,0.1429,453.56,16.44,112.3,99,2,0,0.926
2024-04-09,TikTok,TT_Casino_UGC,BR,T2,36307,345,0.0095,69.72,0.202,28,4,0.0812,0.1429,26.1,17.43,-62.6,24,0,0,0.93
2024-04-09,TikTok,TT_Sports_Short,PL,T2,29472,633,0.0215,71.49,0.113,28,4,0.0442,0.1429,117.75,17.87,64.7,44,0,0,0.936
2024-04-09,TikTok,TT_Sports_Short,NG,T3,20242,370,0.0183,10.43,0.028,16,2,0.0432,0.125,5.15,5.21,-50.6,34,0,0,0.91
2024-04-09,TikTok,TT_Casino_UGC,CA,T1,26055,477,0.0183,175.52,0.368,35,6,0.0734,0.1714,210.18,29.25,19.7,31,0,0,0.915
2024-04-09,TikTok,TT_Sports_Short,AU,T1,14830,332,0.0224,91.52,0.276,16,1,0.0482,0.0625,56.31,91.52,-38.5,20,0,0,0.922
2024-04-09,TikTok,TT_Casino_UGC,IN,T3,19069,258,0.0135,16.95,0.066,15,2,0.0581,0.1333,4.0,8.47,-76.4,15,0,0,0.932
2024-04-09,Affiliate_SEO,SEO_CasinoReview_DE,DE,T1,52526,1045,0.0199,0.0,,241,99,0.2306,0.4108,12867.28,,,31,1,0,0.979
2024-04-09,Affiliate_SEO,SEO_CasinoReview_DE,BR,T2,7075,164,0.0232,0.0,,32,15,0.1951,0.4688,744.47,,,4,0,0,0.979
2024-04-09,Affiliate_SEO,SEO_BonusGuide_BR,PL,T2,6052,160,0.0264,0.0,,38,16,0.2375,0.4211,835.06,,,4,0,0,0.978
2024-04-09,Affiliate_SEO,SEO_CasinoReview_DE,NG,T3,4042,41,0.0101,0.0,,7,2,0.1707,0.2857,54.64,,,0,0,0,0.98
2024-04-09,Affiliate_SEO,SEO_CasinoReview_DE,CA,T1,13109,255,0.0195,0.0,,60,17,0.2353,0.2833,2072.32,,,4,0,0,0.983
2024-04-09,Affiliate_SEO,SEO_CasinoReview_DE,AU,T1,20219,508,0.0251,0.0,,115,43,0.2264,0.3739,4344.77,,,10,0,0,0.982
2024-04-09,Affiliate_SEO,SEO_CasinoReview_DE,IN,T3,2711,55,0.0203,0.0,,16,4,0.2909,0.25,89.37,,,1,0,0,0.98
2024-04-10,Facebook,FB_Slots_Video,DE,T1,29950,796,0.0266,288.45,0.362,78,23,0.098,0.2949,1987.76,12.54,589.1,33,0,0,0.975
2024-04-10,Facebook,FB_Slots_Video,BR,T2,23884,652,0.0273,75.92,0.116,62,13,0.0951,0.2097,550.27,5.84,624.8,14,0,0,0.972
2024-04-10,Facebook,FB_Casino_CreativeA,PL,T2,66465,2588,0.0389,256.88,0.099,245,51,0.0947,0.2082,1881.9,5.04,632.6,109,1,0,0.965
2024-04-10,Facebook,FB_Sports_Banner,NG,T3,32900,1363,0.0414,29.53,0.022,106,23,0.0778,0.217,46.0,1.28,55.8,34,0,0,0.968
2024-04-10,Facebook,FB_Casino_CreativeA,CA,T1,15672,667,0.0426,132.74,0.199,68,16,0.1019,0.2353,1244.57,8.3,837.6,25,0,0,0.97
2024-04-10,Facebook,FB_Slots_Video,AU,T1,18308,975,0.0533,179.18,0.184,93,22,0.0954,0.2366,1835.84,8.14,924.6,27,0,0,0.966
2024-04-10,Facebook,FB_Sports_Banner,IN,T3,18719,577,0.0308,24.73,0.043,52,8,0.0901,0.1538,110.76,3.09,347.9,14,0,0,0.966
2024-04-10,Google_Search,GG_Slots_KW_Generic,DE,T1,13742,593,0.0432,351.34,0.592,126,38,0.2125,0.3016,3736.31,9.25,963.4,7,0,0,0.992
2024-04-10,Google_Search,GG_Casino_KW_Brand,BR,T2,12360,369,0.0299,102.31,0.277,44,15,0.1192,0.3409,638.87,6.82,524.4,2,0,0,0.989
2024-04-10,Google_Search,GG_Slots_KW_Generic,PL,T2,35185,1425,0.0405,395.61,0.278,229,53,0.1607,0.2314,3031.11,7.46,666.2,14,0,0,0.989
2024-04-10,Google_Search,GG_Slots_KW_Generic,NG,T3,49415,1535,0.0311,106.84,0.07,341,126,0.2221,0.3695,1939.47,0.85,1715.3,16,1,0,0.988
2024-04-10,Google_Search,GG_Casino_KW_Brand,CA,T1,26194,965,0.0368,659.04,0.683,171,50,0.1772,0.2924,4575.05,13.18,594.2,12,0,0,0.989
2024-04-10,Google_Search,GG_Sports_Betting,AU,T1,11001,302,0.0275,225.06,0.745,35,9,0.1159,0.2571,948.14,25.01,321.3,1,0,0,0.99
2024-04-10,Google_Search,GG_Sports_Betting,IN,T3,28875,954,0.033,99.28,0.104,100,27,0.1048,0.27,471.18,3.68,374.6,14,0,0,0.989
2024-04-10,Push_Network,Push_iGaming_Broad,DE,T1,26890,414,0.0154,49.01,0.118,12,1,0.029,0.0833,33.24,49.01,-32.2,49,0,0,0.864
2024-04-10,Push_Network,Push_Casino_Retarget,BR,T2,22522,290,0.0129,13.21,0.046,11,1,0.0379,0.0909,17.6,13.21,33.2,60,0,0,0.86
2024-04-10,Push_Network,Push_iGaming_Broad,PL,T2,23881,563,0.0236,18.12,0.032,26,4,0.0462,0.1538,89.75,4.53,395.3,110,0,0,0.887
2024-04-10,Push_Network,Push_iGaming_Broad,NG,T3,19176,389,0.0203,2.72,0.007,20,1,0.0514,0.05,20.46,2.72,652.2,76,0,0,0.847
2024-04-10,Push_Network,Push_Casino_Retarget,CA,T1,66614,1069,0.016,121.89,0.114,35,4,0.0327,0.1143,131.55,30.47,7.9,93,2,0,0.869
2024-04-10,Push_Network,Push_Casino_Retarget,AU,T1,38672,769,0.0199,54.84,0.071,26,3,0.0338,0.1154,72.32,18.28,31.9,160,1,0,0.874
2024-04-10,Push_Network,Push_iGaming_Broad,IN,T3,12531,258,0.0206,2.86,0.011,10,1,0.0388,0.1,2.0,2.86,-30.1,43,0,0,0.836
2024-04-10,Native_Ads,Native_Bonus_Landing,DE,T1,18501,248,0.0134,96.93,0.391,21,4,0.0847,0.1905,320.86,24.23,231.0,18,0,0,0.949
2024-04-10,Native_Ads,Native_Review_Article,BR,T2,30036,761,0.0253,46.92,0.062,56,14,0.0736,0.25,291.26,3.35,520.8,23,0,0,0.945
2024-04-10,Native_Ads,Native_Bonus_Landing,PL,T2,24832,740,0.0298,57.24,0.077,45,9,0.0608,0.2,181.61,6.36,217.3,48,0,0,0.952
2024-04-10,Native_Ads,Native_Bonus_Landing,NG,T3,15422,132,0.0086,7.83,0.059,12,2,0.0909,0.1667,13.22,3.92,68.8,4,0,0,0.932
2024-04-10,Native_Ads,Native_Bonus_Landing,CA,T1,23734,661,0.0279,130.1,0.197,59,10,0.0893,0.1695,693.61,13.01,433.1,39,1,0,0.942
2024-04-10,Native_Ads,Native_Review_Article,AU,T1,11686,220,0.0188,53.52,0.243,20,3,0.0909,0.15,195.53,17.84,265.3,12,0,0,0.942
2024-04-10,Native_Ads,Native_Review_Article,IN,T3,28487,584,0.0205,20.78,0.036,31,6,0.0531,0.1935,114.54,3.46,451.2,51,0,0,0.933
2024-04-10,TikTok,TT_Sports_Short,DE,T1,13386,302,0.0226,90.84,0.301,19,3,0.0629,0.1579,129.18,30.28,42.2,21,0,0,0.925
2024-04-10,TikTok,TT_Casino_UGC,BR,T2,24390,612,0.0251,53.36,0.087,19,3,0.031,0.1579,63.59,17.79,19.2,55,0,0,0.934
2024-04-10,TikTok,TT_Sports_Short,PL,T2,29465,288,0.0098,74.67,0.259,18,3,0.0625,0.1667,37.2,24.89,-50.2,25,0,0,0.933
2024-04-10,TikTok,TT_Casino_UGC,NG,T3,33824,559,0.0165,18.56,0.033,27,5,0.0483,0.1852,45.41,3.71,144.7,66,0,0,0.918
2024-04-10,TikTok,TT_Sports_Short,CA,T1,13248,208,0.0157,72.96,0.351,10,1,0.0481,0.1,31.5,72.96,-56.8,12,0,0,0.932
2024-04-10,TikTok,TT_Sports_Short,AU,T1,19835,416,0.021,120.87,0.291,30,4,0.0721,0.1333,151.48,30.22,25.3,30,0,0,0.905
2024-04-10,TikTok,TT_Casino_UGC,IN,T3,22575,339,0.015,18.05,0.053,23,4,0.0678,0.1739,20.57,4.51,14.0,25,0,0,0.918
2024-04-10,Affiliate_SEO,SEO_CasinoReview_DE,DE,T1,18216,306,0.0168,0.0,,49,16,0.1601,0.3265,2091.72,,,4,0,0,0.978
2024-04-10,Affiliate_SEO,SEO_CasinoReview_DE,BR,T2,11260,262,0.0233,0.0,,66,28,0.2519,0.4242,918.11,,,4,0,0,0.976
2024-04-10,Affiliate_SEO,SEO_BonusGuide_BR,PL,T2,13294,247,0.0186,0.0,,53,24,0.2146,0.4528,1215.44,,,4,0,0,0.976
2024-04-10,Affiliate_SEO,SEO_CasinoReview_DE,NG,T3,1741,18,0.0103,0.0,,2,0,0.1111,0.0,0.0,,,0,0,0,0.983
2024-04-10,Affiliate_SEO,SEO_BonusGuide_BR,CA,T1,30583,284,0.0093,0.0,,87,23,0.3063,0.2644,2595.46,,,4,0,0,0.98
2024-04-10,Affiliate_SEO,SEO_CasinoReview_DE,AU,T1,20694,117,0.0057,0.0,,18,7,0.1538,0.3889,845.04,,,2,0,0,0.98
2024-04-10,Affiliate_SEO,SEO_CasinoReview_DE,IN,T3,3272,78,0.0238,0.0,,16,6,0.2051,0.375,101.11,,,0,0,0,0.982
2024-04-11,Facebook,FB_Casino_CreativeA,DE,T1,13399,363,0.0271,113.42,0.312,28,6,0.0771,0.2143,487.93,18.9,330.2,7,0,0,0.966
2024-04-11,Facebook,FB_Slots_Video,BR,T2,18637,478,0.0256,57.42,0.12,36,9,0.0753,0.25,237.79,6.38,314.1,19,0,0,0.971
2024-04-11,Facebook,FB_Slots_Video,PL,T2,29817,745,0.025,116.9,0.157,58,16,0.0779,0.2759,352.53,7.31,201.6,20,0,0,0.965
2024-04-11,Facebook,FB_Sports_Banner,NG,T3,19193,508,0.0265,18.85,0.037,36,10,0.0709,0.2778,220.77,1.89,1071.2,18,0,0,0.971
2024-04-11,Facebook,FB_Sports_Banner,CA,T1,13818,410,0.0297,139.96,0.341,42,6,0.1024,0.1429,485.0,23.33,246.5,11,0,0,0.975
2024-04-11,Facebook,FB_Casino_CreativeA,AU,T1,25365,1153,0.0455,194.82,0.169,90,20,0.0781,0.2222,1487.26,9.74,663.4,28,0,0,0.975
2024-04-11,Facebook,FB_Casino_CreativeA,IN,T3,21653,766,0.0354,29.26,0.038,49,12,0.064,0.2449,107.83,2.44,268.5,17,0,0,0.975
2024-04-11,Google_Search,GG_Slots_KW_Generic,DE,T1,14883,228,0.0153,414.0,1.816,30,9,0.1316,0.3,935.18,46.0,125.9,2,0,0,0.99
2024-04-11,Google_Search,GG_Slots_KW_Generic,BR,T2,13079,520,0.0398,113.05,0.217,85,22,0.1635,0.2588,1026.41,5.14,807.9,3,0,0,0.989
2024-04-11,Google_Search,GG_Casino_KW_Brand,PL,T2,79611,2973,0.0373,822.01,0.276,334,85,0.1123,0.2545,5676.65,9.67,590.6,43,0,0,0.992
2024-04-11,Google_Search,GG_Sports_Betting,NG,T3,18900,865,0.0458,49.15,0.057,96,28,0.111,0.2917,224.99,1.76,357.8,6,0,0,0.99
2024-04-11,Google_Search,GG_Sports_Betting,CA,T1,8151,380,0.0466,200.86,0.529,52,15,0.1368,0.2885,1434.29,13.39,614.1,2,0,0,0.989
2024-04-11,Google_Search,GG_Slots_KW_Generic,AU,T1,47151,1229,0.0261,1186.17,0.965,151,58,0.1229,0.3841,4711.75,20.45,297.2,11,0,0,0.988
2024-04-11,Google_Search,GG_Slots_KW_Generic,IN,T3,19781,615,0.0311,77.72,0.126,91,19,0.148,0.2088,170.15,4.09,118.9,4,0,0,0.99
2024-04-11,Push_Network,Push_iGaming_Broad,DE,T1,31232,646,0.0207,62.17,0.096,33,4,0.0511,0.1212,193.79,15.54,211.7,104,0,0,0.87
2024-04-11,Push_Network,Push_iGaming_Broad,BR,T2,21058,320,0.0152,10.73,0.034,18,1,0.0563,0.0556,11.82,10.73,10.2,63,0,0,0.841
2024-04-11,Push_Network,Push_Casino_Retarget,PL,T2,36925,805,0.0218,25.97,0.032,39,5,0.0484,0.1282,127.29,5.19,390.1,107,2,0,0.85
2024-04-11,Push_Network,Push_Casino_Retarget,NG,T3,47389,1002,0.0211,8.21,0.008,44,6,0.0439,0.1364,12.0,1.37,46.2,87,1,0,0.844
2024-04-11,Push_Network,Push_Casino_Retarget,CA,T1,24422,594,0.0243,43.01,0.072,23,3,0.0387,0.1304,71.83,14.34,67.0,118,0,0,0.881
2024-04-11,Push_Network,Push_iGaming_Broad,AU,T1,23300,582,0.025,32.42,0.056,21,2,0.0361,0.0952,47.38,16.21,46.1,109,0,0,0.858
2024-04-11,Push_Network,Push_Casino_Retarget,IN,T3,28978,679,0.0234,7.88,0.012,32,2,0.0471,0.0625,7.62,3.94,-3.3,99,1,0,0.87
2024-04-11,Native_Ads,Native_Review_Article,DE,T1,33990,278,0.0082,169.92,0.611,26,4,0.0935,0.1538,250.5,42.48,47.4,9,0,0,0.951
2024-04-11,Native_Ads,Native_Bonus_Landing,BR,T2,9782,272,0.0278,15.57,0.057,15,2,0.0551,0.1333,48.04,7.79,208.5,23,0,0,0.95
2024-04-11,Native_Ads,Native_Review_Article,PL,T2,29412,564,0.0192,73.16,0.13,55,9,0.0975,0.1636,317.76,8.13,334.3,18,0,0,0.931
2024-04-11,Native_Ads,Native_Bonus_Landing,NG,T3,35866,771,0.0215,18.16,0.024,52,11,0.0674,0.2115,105.65,1.65,481.8,45,0,0,0.939
2024-04-11,Native_Ads,Native_Bonus_Landing,CA,T1,30265,795,0.0263,141.49,0.178,64,12,0.0805,0.1875,770.82,11.79,444.8,44,0,0,0.929
2024-04-11,Native_Ads,Native_Bonus_Landing,AU,T1,10810,255,0.0236,53.58,0.21,13,3,0.051,0.2308,202.15,17.86,277.3,10,0,0,0.935
2024-04-11,Native_Ads,Native_Review_Article,IN,T3,22132,330,0.0149,14.73,0.045,19,3,0.0576,0.1579,70.27,4.91,377.1,10,0,0,0.931
2024-04-11,TikTok,TT_Casino_UGC,DE,T1,23390,687,0.0294,139.39,0.203,46,9,0.067,0.1957,485.07,15.49,248.0,52,1,0,0.908
2024-04-11,TikTok,TT_Sports_Short,BR,T2,41012,646,0.0158,87.29,0.135,36,4,0.0557,0.1111,104.09,21.82,19.2,49,0,0,0.912
2024-04-11,TikTok,TT_Sports_Short,PL,T2,24091,332,0.0138,60.74,0.183,27,4,0.0813,0.1481,79.58,15.19,31.0,30,0,0,0.917
2024-04-11,TikTok,TT_Sports_Short,NG,T3,38538,965,0.025,23.89,0.025,83,13,0.086,0.1566,26.0,1.84,8.8,62,2,0,0.916
2024-04-11,TikTok,TT_Casino_UGC,CA,T1,19113,275,0.0144,105.29,0.383,26,3,0.0945,0.1154,146.31,35.1,39.0,13,0,0,0.907
2024-04-11,TikTok,TT_Casino_UGC,AU,T1,44404,863,0.0194,289.88,0.336,40,7,0.0463,0.175,391.58,41.41,35.1,45,0,0,0.923
2024-04-11,TikTok,TT_Sports_Short,IN,T3,11590,234,0.0202,10.24,0.044,15,2,0.0641,0.1333,4.0,5.12,-60.9,10,0,0,0.909
2024-04-11,Affiliate_SEO,SEO_BonusGuide_BR,DE,T1,10701,291,0.0272,0.0,,84,36,0.2887,0.4286,4573.26,,,5,0,0,0.984
2024-04-11,Affiliate_SEO,SEO_CasinoReview_DE,BR,T2,18771,367,0.0196,0.0,,72,22,0.1962,0.3056,658.0,,,5,0,0,0.983
2024-04-11,Affiliate_SEO,SEO_BonusGuide_BR,PL,T2,24060,390,0.0162,0.0,,104,43,0.2667,0.4135,2392.56,,,10,0,0,0.976
2024-04-11,Affiliate_SEO,SEO_CasinoReview_DE,NG,T3,1759,25,0.0142,0.0,,6,2,0.24,0.3333,28.74,,,0,0,0,0.976
2024-04-11,Affiliate_SEO,SEO_BonusGuide_BR,CA,T1,40671,995,0.0245,0.0,,231,82,0.2322,0.355,10707.22,,,12,1,0,0.979
2024-04-11,Affiliate_SEO,SEO_CasinoReview_DE,AU,T1,46775,925,0.0198,0.0,,193,74,0.2086,0.3834,9055.78,,,22,0,0,0.978
2024-04-11,Affiliate_SEO,SEO_BonusGuide_BR,IN,T3,3575,76,0.0213,0.0,,12,3,0.1579,0.25,67.97,,,1,0,0,0.984
2024-04-12,Facebook,FB_Sports_Banner,DE,T1,25383,780,0.0307,272.09,0.349,74,26,0.0949,0.3514,1875.78,10.46,589.4,27,0,0,0.976
2024-04-12,Facebook,FB_Sports_Banner,BR,T2,21505,983,0.0457,73.36,0.075,95,33,0.0966,0.3474,1058.19,2.22,1342.5,15,1,0,0.967
2024-04-12,Facebook,FB_Casino_CreativeA,PL,T2,18339,869,0.0474,76.1,0.088,68,16,0.0783,0.2353,615.78,4.76,709.2,17,0,0,0.967
2024-04-12,Facebook,FB_Sports_Banner,NG,T3,11620,284,0.0244,9.75,0.034,20,4,0.0704,0.2,94.93,2.44,873.6,8,0,0,0.965
2024-04-12,Facebook,FB_Sports_Banner,CA,T1,21485,849,0.0395,166.89,0.197,92,18,0.1084,0.1957,1441.3,9.27,763.6,19,1,0,0.976
2024-04-12,Facebook,FB_Slots_Video,AU,T1,20308,615,0.0303,185.03,0.301,36,11,0.0585,0.3056,669.81,16.82,262.0,20,0,0,0.969
2024-04-12,Facebook,FB_Casino_CreativeA,IN,T3,30316,1314,0.0433,45.31,0.034,120,33,0.0913,0.275,653.97,1.37,1343.3,27,1,0,0.968
2024-04-12,Google_Search,GG_Slots_KW_Generic,DE,T1,16783,428,0.0255,480.75,1.123,61,17,0.1425,0.2787,1532.65,28.28,218.8,6,0,0,0.992
2024-04-12,Google_Search,GG_Sports_Betting,BR,T2,27108,1207,0.0445,227.73,0.189,215,74,0.1781,0.3442,4064.72,3.08,1684.9,7,0,0,0.989
2024-04-12,Google_Search,GG_Casino_KW_Brand,PL,T2,36344,997,0.0274,411.26,0.412,107,32,0.1073,0.2991,1716.61,12.85,317.4,7,0,0,0.992
2024-04-12,Google_Search,GG_Slots_KW_Generic,NG,T3,14697,585,0.0398,36.0,0.062,114,29,0.1949,0.2544,653.05,1.24,1714.0,6,0,0,0.988
2024-04-12,Google_Search,GG_Slots_KW_Generic,CA,T1,18224,665,0.0365,501.63,0.754,108,32,0.1624,0.2963,2838.74,15.68,465.9,4,0,0,0.991
2024-04-12,Google_Search,GG_Casino_KW_Brand,AU,T1,72427,2322,0.0321,1418.03,0.611,326,99,0.1404,0.3037,9429.77,14.32,565.0,29,0,0,0.99
2024-04-12,Google_Search,GG_Sports_Betting,IN,T3,13124,554,0.0422,48.68,0.088,105,37,0.1895,0.3524,770.41,1.32,1482.6,6,0,0,0.991
2024-04-12,Push_Network,Push_Casino_Retarget,DE,T1,22847,614,0.0269,35.01,0.057,15,1,0.0244,0.0667,28.11,35.01,-19.7,56,0,0,0.858
2024-04-12,Push_Network,Push_iGaming_Broad,BR,T2,21547,608,0.0282,10.46,0.017,24,2,0.0395,0.0833,32.75,5.23,213.1,98,0,0,0.867
2024-04-12,Push_Network,Push_Casino_Retarget,PL,T2,41904,695,0.0166,30.09,0.043,19,3,0.0273,0.1579,71.68,10.03,138.2,73,0,0,0.861
2024-04-12,Push_Network,Push_Casino_Retarget,NG,T3,16773,186,0.0111,2.84,0.015,9,0,0.0484,0.0,0.0,,-100.0,36,0,0,0.886
2024-04-12,Push_Network,Push_Casino_Retarget,CA,T1,17914,315,0.0176,25.35,0.08,15,1,0.0476,0.0667,47.08,25.35,85.7,35,0,0,0.863
2024-04-12,Push_Network,Push_Casino_Retarget,AU,T1,54690,1100,0.0201,95.0,0.086,59,6,0.0536,0.1017,208.09,15.83,119.0,82,2,0,0.882
2024-04-12,Push_Network,Push_Casino_Retarget,IN,T3,32629,722,0.0221,8.62,0.012,29,3,0.0402,0.1034,47.26,2.87,448.3,147,1,0,0.869
2024-04-12,Native_Ads,Native_Bonus_Landing,DE,T1,12459,235,0.0189,76.48,0.325,17,4,0.0723,0.2353,243.51,19.12,218.4,20,0,0,0.928
2024-04-12,Native_Ads,Native_Review_Article,BR,T2,19986,384,0.0192,37.85,0.099,31,3,0.0807,0.0968,108.0,12.62,185.3,29,0,0,0.94
2024-04-12,Native_Ads,Native_Bonus_Landing,PL,T2,78429,871,0.0111,159.4,0.183,53,9,0.0608,0.1698,330.41,17.71,107.3,74,1,0,0.933
2024-04-12,Native_Ads,Native_Review_Article,NG,T3,26518,487,0.0184,14.32,0.029,26,5,0.0534,0.1923,10.0,2.86,-30.2,20,0,0,0.937
2024-04-12,Native_Ads,Native_Review_Article,CA,T1,32866,913,0.0278,184.04,0.202,48,8,0.0526,0.1667,354.28,23.0,92.5,61,0,0,0.938
2024-04-12,Native_Ads,Native_Review_Article,AU,T1,37657,1043,0.0277,194.7,0.187,70,16,0.0671,0.2286,973.11,12.17,399.8,62,1,0,0.945
2024-04-12,Native_Ads,Native_Bonus_Landing,IN,T3,15057,316,0.021,12.34,0.039,17,3,0.0538,0.1765,47.66,4.11,286.2,12,0,0,0.939
2024-04-12,TikTok,TT_Casino_UGC,DE,T1,10058,163,0.0162,70.72,0.434,12,1,0.0736,0.0833,43.87,70.72,-38.0,15,0,0,0.935
2024-04-12,TikTok,TT_Sports_Short,BR,T2,11474,199,0.0173,26.09,0.131,10,1,0.0503,0.1,21.09,26.09,-19.2,16,0,0,0.911
2024-04-12,TikTok,TT_Casino_UGC,PL,T2,22796,413,0.0181,68.61,0.166,31,5,0.0751,0.1613,150.49,13.72,119.3,23,0,0,0.918
2024-04-12,TikTok,TT_Sports_Short,NG,T3,34819,502,0.0144,18.01,0.036,35,6,0.0697,0.1714,12.0,3.0,-33.4,24,1,0,0.92
2024-04-12,TikTok,TT_Sports_Short,CA,T1,10441,285,0.0273,66.62,0.234,20,3,0.0702,0.15,137.24,22.21,106.0,32,0,0,0.922
2024-04-12,TikTok,TT_Casino_UGC,AU,T1,56047,905,0.0161,353.61,0.391,50,7,0.0552,0.14,266.29,50.52,-24.7,86,1,0,0.906
2024-04-12,TikTok,TT_Casino_UGC,IN,T3,14891,319,0.0214,13.61,0.043,19,1,0.0596,0.0526,5.92,13.61,-56.5,36,0,0,0.932
2024-04-12,Affiliate_SEO,SEO_BonusGuide_BR,DE,T1,33335,418,0.0125,0.0,,56,15,0.134,0.2679,1750.4,,,7,0,0,0.976
2024-04-12,Affiliate_SEO,SEO_BonusGuide_BR,BR,T2,12322,207,0.0168,0.0,,34,10,0.1643,0.2941,662.96,,,4,0,0,0.982
2024-04-12,Affiliate_SEO,SEO_CasinoReview_DE,PL,T2,18275,304,0.0166,0.0,,66,22,0.2171,0.3333,1149.06,,,7,0,0,0.978
2024-04-12,Affiliate_SEO,SEO_BonusGuide_BR,NG,T3,3805,39,0.0102,0.0,,9,3,0.2308,0.3333,61.56,,,0,0,0,0.982
2024-04-12,Affiliate_SEO,SEO_BonusGuide_BR,CA,T1,15204,292,0.0192,0.0,,67,17,0.2295,0.2537,2093.3,,,4,0,0,0.977
2024-04-12,Affiliate_SEO,SEO_BonusGuide_BR,AU,T1,39371,799,0.0203,0.0,,163,56,0.204,0.3436,6702.61,,,21,0,0,0.981
2024-04-12,Affiliate_SEO,SEO_BonusGuide_BR,IN,T3,2414,52,0.0215,0.0,,12,4,0.2308,0.3333,138.25,,,1,0,0,0.98
2024-04-13,Facebook,FB_Slots_Video,DE,T1,12385,398,0.0321,118.59,0.298,39,8,0.098,0.2051,667.98,14.82,463.3,8,0,0,0.967
2024-04-13,Facebook,FB_Sports_Banner,BR,T2,34919,1140,0.0326,102.4,0.09,87,22,0.0763,0.2529,755.39,4.65,637.7,21,0,0,0.964
2024-04-13,Facebook,FB_Slots_Video,PL,T2,9015,279,0.0309,40.1,0.144,29,9,0.1039,0.3103,416.02,4.46,937.5,4,0,0,0.967
2024-04-13,Facebook,FB_Sports_Banner,NG,T3,28124,788,0.028,24.38,0.031,67,16,0.085,0.2388,192.06,1.52,687.8,28,0,0,0.967
2024-04-13,Facebook,FB_Casino_CreativeA,CA,T1,18676,848,0.0454,192.81,0.227,71,16,0.0837,0.2254,1304.69,12.05,576.7,30,0,0,0.969
2024-04-13,Facebook,FB_Slots_Video,AU,T1,47176,1800,0.0382,400.57,0.223,132,40,0.0733,0.303,3099.67,10.01,673.8,46,1,0,0.976
2024-04-13,Facebook,FB_Sports_Banner,IN,T3,14205,537,0.0378,18.48,0.034,52,13,0.0968,0.25,118.23,1.42,539.8,18,0,0,0.965
2024-04-13,Google_Search,GG_Sports_Betting,DE,T1,63391,2094,0.033,1503.11,0.718,292,74,0.1394,0.2534,8181.02,20.31,444.3,28,0,0,0.989
2024-04-13,Google_Search,GG_Slots_KW_Generic,BR,T2,64759,2632,0.0406,563.07,0.214,414,95,0.1573,0.2295,2541.16,5.93,351.3,31,0,0,0.991
2024-04-13,Google_Search,GG_Slots_KW_Generic,PL,T2,30228,1363,0.0451,365.56,0.268,273,67,0.2003,0.2454,3454.77,5.46,845.1,18,1,0,0.991
2024-04-13,Google_Search,GG_Casino_KW_Brand,NG,T3,30241,950,0.0314,67.39,0.071,115,31,0.1211,0.2696,185.22,2.17,174.8,9,0,0,0.99
2024-04-13,Google_Search,GG_Sports_Betting,CA,T1,44254,1274,0.0288,1021.05,0.801,212,67,0.1664,0.316,7232.25,15.24,608.3,16,0,0,0.989
2024-04-13,Google_Search,GG_Sports_Betting,AU,T1,47720,2164,0.0453,1063.41,0.491,489,156,0.226,0.319,15210.38,6.82,1330.3,22,2,0,0.991
2024-04-13,Google_Search,GG_Slots_KW_Generic,IN,T3,19458,470,0.0242,65.93,0.14,81,16,0.1723,0.1975,408.36,4.12,519.4,3,0,0,0.991
2024-04-13,Push_Network,Push_iGaming_Broad,DE,T1,20957,310,0.0148,32.42,0.105,14,1,0.0452,0.0714,42.03,32.42,29.6,35,0,0,0.852
2024-04-13,Push_Network,Push_Casino_Retarget,BR,T2,84468,1283,0.0152,45.78,0.036,47,6,0.0366,0.1277,151.23,7.63,230.3,262,1,0,0.886
2024-04-13,Push_Network,Push_Casino_Retarget,PL,T2,46726,992,0.0212,31.91,0.032,45,5,0.0454,0.1111,66.6,6.38,108.7,112,2,0,0.849
2024-04-13,Push_Network,Push_iGaming_Broad,NG,T3,46443,849,0.0183,6.52,0.008,32,4,0.0377,0.125,67.7,1.63,938.3,69,0,0,0.876
2024-04-13,Push_Network,Push_Casino_Retarget,CA,T1,79441,512,0.0064,137.45,0.268,16,2,0.0312,0.125,88.35,68.72,-35.7,39,0,0,0.865
2024-04-13,Push_Network,Push_Casino_Retarget,AU,T1,18196,512,0.0281,29.48,0.058,27,4,0.0527,0.1481,104.8,7.37,255.5,89,1,0,0.873
2024-04-13,Push_Network,Push_Casino_Retarget,IN,T3,18654,305,0.0164,5.1,0.017,12,1,0.0393,0.0833,2.0,5.1,-60.8,42,0,0,0.834
2024-04-13,Native_Ads,Native_Review_Article,DE,T1,72505,1131,0.0156,428.77,0.379,108,25,0.0955,0.2315,1685.67,17.15,293.1,72,2,0,0.943
2024-04-13,Native_Ads,Native_Bonus_Landing,BR,T2,36803,829,0.0225,67.41,0.081,28,6,0.0338,0.2143,238.9,11.23,254.4,59,0,0,0.939
2024-04-13,Native_Ads,Native_Bonus_Landing,PL,T2,39548,841,0.0213,82.41,0.098,49,8,0.0583,0.1633,302.0,10.3,266.5,56,1,0,0.938
2024-04-13,Native_Ads,Native_Review_Article,NG,T3,80745,1961,0.0243,38.01,0.019,122,29,0.0622,0.2377,174.89,1.31,360.1,79,1,0,0.95
2024-04-13,Native_Ads,Native_Review_Article,CA,T1,44280,640,0.0145,206.8,0.323,45,10,0.0703,0.2222,797.73,20.68,285.7,46,0,0,0.932
2024-04-13,Native_Ads,Native_Review_Article,AU,T1,30161,748,0.0248,123.06,0.165,74,14,0.0989,0.1892,1039.3,8.79,744.5,24,1,0,0.934
2024-04-13,Native_Ads,Native_Bonus_Landing,IN,T3,68766,747,0.0109,58.53,0.078,51,12,0.0683,0.2353,385.44,4.88,558.5,65,0,0,0.929
2024-04-13,TikTok,TT_Sports_Short,DE,T1,30352,576,0.019,219.67,0.381,25,3,0.0434,0.12,200.58,73.22,-8.7,26,0,0,0.92
2024-04-13,TikTok,TT_Casino_UGC,BR,T2,31217,616,0.0197,60.14,0.098,31,5,0.0503,0.1613,89.04,12.03,48.1,58,0,0,0.932
2024-04-13,TikTok,TT_Sports_Short,PL,T2,12817,267,0.0208,30.97,0.116,19,3,0.0712,0.1579,63.46,10.32,104.9,21,0,0,0.932
2024-04-13,TikTok,TT_Casino_UGC,NG,T3,38007,512,0.0135,20.45,0.04,31,6,0.0605,0.1935,12.0,3.41,-41.3,40,1,0,0.907
2024-04-13,TikTok,TT_Sports_Short,CA,T1,26026,444,0.0171,163.64,0.369,17,2,0.0383,0.1176,83.53,81.82,-49.0,38,0,0,0.918
2024-04-13,TikTok,TT_Casino_UGC,AU,T1,16670,315,0.0189,86.63,0.275,15,2,0.0476,0.1333,116.21,43.31,34.1,25,0,0,0.908
2024-04-13,TikTok,TT_Casino_UGC,IN,T3,12744,264,0.0207,12.77,0.048,17,2,0.0644,0.1176,23.95,6.38,87.5,21,0,0,0.918
2024-04-13,Affiliate_SEO,SEO_BonusGuide_BR,DE,T1,35751,644,0.018,0.0,,157,66,0.2438,0.4204,7784.22,,,18,1,0,0.976
2024-04-13,Affiliate_SEO,SEO_BonusGuide_BR,BR,T2,5355,110,0.0205,0.0,,21,9,0.1909,0.4286,364.74,,,3,0,0,0.981
2024-04-13,Affiliate_SEO,SEO_BonusGuide_BR,PL,T2,9041,66,0.0073,0.0,,18,6,0.2727,0.3333,363.38,,,0,0,0,0.983
2024-04-13,Affiliate_SEO,SEO_CasinoReview_DE,NG,T3,2553,57,0.0223,0.0,,12,3,0.2105,0.25,101.28,,,1,0,0,0.979
2024-04-13,Affiliate_SEO,SEO_BonusGuide_BR,CA,T1,27371,751,0.0274,0.0,,169,41,0.225,0.2426,4895.5,,,10,0,0,0.981
2024-04-13,Affiliate_SEO,SEO_CasinoReview_DE,AU,T1,99207,1796,0.0181,0.0,,235,36,0.1308,0.1532,4183.56,,,49,1,0,0.981
2024-04-13,Affiliate_SEO,SEO_BonusGuide_BR,IN,T3,4678,99,0.0212,0.0,,20,5,0.202,0.25,96.38,,,2,0,0,0.976
2024-04-14,Facebook,FB_Casino_CreativeA,DE,T1,76866,2764,0.036,752.31,0.272,171,51,0.0619,0.2982,3713.51,14.75,393.6,87,2,0,0.966
2024-04-14,Facebook,FB_Slots_Video,BR,T2,55092,1695,0.0308,178.68,0.105,161,31,0.095,0.1925,1526.56,5.76,754.4,72,2,0,0.971
2024-04-14,Facebook,FB_Casino_CreativeA,PL,T2,17189,342,0.0199,60.9,0.178,25,7,0.0731,0.28,208.67,8.7,242.6,12,0,0,0.967
2024-04-14,Facebook,FB_Casino_CreativeA,NG,T3,37787,936,0.0248,35.62,0.038,79,15,0.0844,0.1899,40.26,2.37,13.0,24,0,0,0.975
2024-04-14,Facebook,FB_Slots_Video,CA,T1,29514,1065,0.0361,232.85,0.219,99,29,0.093,0.2929,2344.66,8.03,906.9,44,1,0,0.97
2024-04-14,Facebook,FB_Slots_Video,AU,T1,7038,316,0.0449,53.33,0.169,32,5,0.1013,0.1562,370.05,10.67,593.9,13,0,0,0.975
2024-04-14,Facebook,FB_Sports_Banner,IN,T3,28371,1361,0.048,38.21,0.028,101,22,0.0742,0.2178,454.4,1.74,1089.2,41,0,0,0.967
2024-04-14,Google_Search,GG_Casino_KW_Brand,DE,T1,11201,429,0.0383,293.23,0.684,65,20,0.1515,0.3077,1748.2,14.66,496.2,5,0,0,0.989
2024-04-14,Google_Search,GG_Sports_Betting,BR,T2,31180,1568,0.0503,257.06,0.164,240,56,0.1531,0.2333,2572.4,4.59,900.7,20,0,0,0.99
2024-04-14,Google_Search,GG_Slots_KW_Generic,PL,T2,26600,1100,0.0414,253.64,0.231,135,32,0.1227,0.237,1608.78,7.93,534.3,12,0,0,0.991
2024-04-14,Google_Search,GG_Sports_Betting,NG,T3,15572,615,0.0395,41.56,0.068,90,30,0.1463,0.3333,112.55,1.39,170.8,7,0,0,0.989
2024-04-14,Google_Search,GG_Casino_KW_Brand,CA,T1,14891,487,0.0327,383.57,0.788,57,12,0.117,0.2105,1083.25,31.96,182.4,4,0,0,0.99
2024-04-14,Google_Search,GG_Slots_KW_Generic,AU,T1,45866,1648,0.0359,1101.04,0.668,390,90,0.2367,0.2308,9322.14,12.23,746.7,12,1,0,0.992
2024-04-14,Google_Search,GG_Sports_Betting,IN,T3,25533,917,0.0359,103.02,0.112,107,32,0.1167,0.2991,817.7,3.22,693.7,7,0,0,0.99
2024-04-14,Push_Network,Push_iGaming_Broad,DE,T1,30964,550,0.0178,59.16,0.108,24,2,0.0436,0.0833,86.63,29.58,46.4,88,1,0,0.848
2024-04-14,Push_Network,Push_iGaming_Broad,BR,T2,30897,484,0.0157,17.53,0.036,14,1,0.0289,0.0714,20.19,17.53,15.2,52,0,0,0.832
2024-04-14,Push_Network,Push_iGaming_Broad,PL,T2,27568,748,0.0271,18.89,0.025,33,3,0.0441,0.0909,68.81,6.3,264.3,141,1,0,0.874
2024-04-14,Push_Network,Push_Casino_Retarget,NG,T3,38628,909,0.0235,6.49,0.007,38,4,0.0418,0.1053,8.0,1.62,23.3,94,2,0,0.875
2024-04-14,Push_Network,Push_iGaming_Broad,CA,T1,12426,298,0.024,22.0,0.074,9,1,0.0302,0.1111,23.02,22.0,4.6,34,0,0,0.869
2024-04-14,Push_Network,Push_Casino_Retarget,AU,T1,55096,834,0.0151,94.44,0.113,25,2,0.03,0.08,104.16,47.22,10.3,108,1,0,0.834
2024-04-14,Push_Network,Push_iGaming_Broad,IN,T3,8985,230,0.0256,2.39,0.01,7,1,0.0304,0.1429,19.1,2.39,699.2,24,0,0,0.886
2024-04-14,Native_Ads,Native_Review_Article,DE,T1,34149,870,0.0255,169.86,0.195,61,12,0.0701,0.1967,809.39,14.16,376.5,47,1,0,0.931
2024-04-14,Native_Ads,Native_Review_Article,BR,T2,43966,802,0.0182,79.75,0.099,70,11,0.0873,0.1571,424.87,7.25,432.8,30,0,0,0.951
2024-04-14,Native_Ads,Native_Review_Article,PL,T2,25765,413,0.016,62.78,0.152,31,5,0.0751,0.1613,203.77,12.56,224.6,33,0,0,0.932
2024-04-14,Native_Ads,Native_Bonus_Landing,NG,T3,14058,267,0.019,7.19,0.027,12,1,0.0449,0.0833,13.03,7.19,81.2,8,0,0,0.93
2024-04-14,Native_Ads,Native_Bonus_Landing,CA,T1,21148,353,0.0167,91.1,0.258,23,5,0.0652,0.2174,303.4,18.22,233.0,18,0,0,0.933
2024-04-14,Native_Ads,Native_Review_Article,AU,T1,23274,605,0.026,99.81,0.165,55,7,0.0909,0.1273,426.8,14.26,327.6,38,0,0,0.942
2024-04-14,Native_Ads,Native_Bonus_Landing,IN,T3,26959,388,0.0144,21.82,0.056,26,6,0.067,0.2308,54.63,3.64,150.4,19,0,0,0.947
2024-04-14,TikTok,TT_Casino_UGC,DE,T1,23651,358,0.0151,132.7,0.371,22,3,0.0615,0.1364,157.21,44.23,18.5,38,0,0,0.934
2024-04-14,TikTok,TT_Casino_UGC,BR,T2,28471,520,0.0183,56.38,0.108,30,3,0.0577,0.1,40.77,18.79,-27.7,61,0,0,0.905
2024-04-14,TikTok,TT_Casino_UGC,PL,T2,20390,517,0.0254,58.06,0.112,28,4,0.0542,0.1429,123.29,14.52,112.3,27,0,0,0.905
2024-04-14,TikTok,TT_Sports_Short,NG,T3,28326,382,0.0135,16.45,0.043,26,4,0.0681,0.1538,8.0,4.11,-51.4,45,0,0,0.915
2024-04-14,TikTok,TT_Casino_UGC,CA,T1,19023,291,0.0153,112.97,0.388,17,3,0.0584,0.1765,130.35,37.66,15.4,24,0,0,0.934
2024-04-14,TikTok,TT_Casino_UGC,AU,T1,26210,677,0.0258,155.48,0.23,30,4,0.0443,0.1333,191.8,38.87,23.4,71,0,0,0.918
2024-04-14,TikTok,TT_Sports_Short,IN,T3,33362,674,0.0202,30.54,0.045,38,6,0.0564,0.1579,25.32,5.09,-17.1,80,0,0,0.926
2024-04-14,Affiliate_SEO,SEO_BonusGuide_BR,DE,T1,27134,340,0.0125,0.0,,61,17,0.1794,0.2787,2490.34,,,9,0,0,0.981
2024-04-14,Affiliate_SEO,SEO_CasinoReview_DE,BR,T2,6108,138,0.0226,0.0,,33,9,0.2391,0.2727,421.94,,,4,0,0,0.978
2024-04-14,Affiliate_SEO,SEO_CasinoReview_DE,PL,T2,6196,141,0.0228,0.0,,36,13,0.2553,0.3611,816.45,,,3,0,0,0.98
2024-04-14,Affiliate_SEO,SEO_CasinoReview_DE,NG,T3,1207,24,0.0199,0.0,,5,1,0.2083,0.2,13.92,,,0,0,0,0.978
2024-04-14,Affiliate_SEO,SEO_CasinoReview_DE,CA,T1,26750,528,0.0197,0.0,,105,39,0.1989,0.3714,5118.73,,,5,0,0,0.977
2024-04-14,Affiliate_SEO,SEO_CasinoReview_DE,AU,T1,22079,552,0.025,0.0,,144,46,0.2609,0.3194,5357.26,,,11,1,0,0.977
2024-04-14,Affiliate_SEO,SEO_CasinoReview_DE,IN,T3,5790,72,0.0124,0.0,,9,3,0.125,0.3333,93.04,,,0,0,0,0.981
2024-04-15,Facebook,FB_Casino_CreativeA,DE,T1,55465,1349,0.0243,517.25,0.383,141,31,0.1045,0.2199,2363.43,16.69,356.9,54,0,0,0.964
2024-04-15,Facebook,FB_Sports_Banner,BR,T2,36762,1301,0.0354,130.35,0.1,133,30,0.1022,0.2256,557.4,4.34,327.6,39,1,0,0.97
2024-04-15,Facebook,FB_Sports_Banner,PL,T2,8345,309,0.037,34.97,0.113,27,5,0.0874,0.1852,207.56,6.99,493.5,13,0,0,0.964
2024-04-15,Facebook,FB_Sports_Banner,NG,T3,15053,688,0.0457,15.24,0.022,56,19,0.0814,0.3393,82.2,0.8,439.4,30,0,0,0.973
2024-04-15,Facebook,FB_Sports_Banner,CA,T1,55936,1721,0.0308,470.2,0.273,155,56,0.0901,0.3613,4326.17,8.4,820.1,74,1,0,0.969
2024-04-15,Facebook,FB_Slots_Video,AU,T1,18421,258,0.014,172.57,0.669,24,4,0.093,0.1667,259.21,43.14,50.2,6,0,0,0.969
2024-04-15,Facebook,FB_Casino_CreativeA,IN,T3,15084,519,0.0344,18.84,0.036,51,9,0.0983,0.1765,26.47,2.09,40.5,13,0,0,0.968
2024-04-15,Google_Search,GG_Casino_KW_Brand,DE,T1,46716,1235,0.0264,1151.09,0.932,157,59,0.1271,0.3758,5826.24,19.51,406.1,15,0,0,0.991
2024-04-15,Google_Search,GG_Casino_KW_Brand,BR,T2,34528,1046,0.0303,309.51,0.296,187,56,0.1788,0.2995,2851.17,5.53,821.2,15,0,0,0.992
2024-04-15,Google_Search,GG_Sports_Betting,PL,T2,19343,1097,0.0567,223.23,0.203,127,35,0.1158,0.2756,1444.46,6.38,547.1,14,0,0,0.99
2024-04-15,Google_Search,GG_Slots_KW_Generic,NG,T3,22832,699,0.0306,53.79,0.077,96,32,0.1373,0.3333,548.21,1.68,919.2,3,0,0,0.989
2024-04-15,Google_Search,GG_Casino_KW_Brand,CA,T1,11651,529,0.0454,252.57,0.477,82,21,0.155,0.2561,1787.64,12.03,607.8,5,0,0,0.989
2024-04-15,Google_Search,GG_Sports_Betting,AU,T1,23143,815,0.0352,504.62,0.619,169,58,0.2074,0.3432,6226.6,8.7,1133.9,12,0,0,0.991
2024-04-15,Google_Search,GG_Casino_KW_Brand,IN,T3,29638,1355,0.0457,105.22,0.078,248,90,0.183,0.3629,3206.63,1.17,2947.5,18,0,0,0.99
2024-04-15,Push_Network,Push_Casino_Retarget,DE,T1,19241,383,0.0199,36.34,0.095,11,1,0.0287,0.0909,41.64,36.34,14.6,37,0,0,0.859
2024-04-15,Push_Network,Push_iGaming_Broad,BR,T2,26257,627,0.0239,14.0,0.022,22,2,0.0351,0.0909,16.82,7.0,20.1,55,0,0,0.834
2024-04-15,Push_Network,Push_iGaming_Broad,PL,T2,13052,170,0.013,9.8,0.058,8,1,0.0471,0.125,10.5,9.8,7.1,24,0,0,0.855
2024-04-15,Push_Network,Push_Casino_Retarget,NG,T3,10322,157,0.0152,1.87,0.012,3,0,0.0191,0.0,0.0,,-100.0,25,0,0,0.882
2024-04-15,Push_Network,Push_iGaming_Broad,CA,T1,24134,590,0.0244,33.12,0.056,21,2,0.0356,0.0952,59.19,16.56,78.7,87,0,0,0.859
2024-04-15,Push_Network,Push_iGaming_Broad,AU,T1,23308,470,0.0202,39.16,0.083,20,2,0.0426,0.1,76.13,19.58,94.4,46,0,0,0.883
2024-04-15,Push_Network,Push_Casino_Retarget,IN,T3,10616,133,0.0125,2.74,0.021,5,0,0.0376,0.0,0.0,,-100.0,15,0,0,0.843
2024-04-15,Native_Ads,Native_Bonus_Landing,DE,T1,8438,127,0.0151,52.79,0.416,7,1,0.0551,0.1429,65.72,52.79,24.5,5,0,0,0.949
2024-04-15,Native_Ads,Native_Bonus_Landing,BR,T2,30516,594,0.0195,53.37,0.09,39,8,0.0657,0.2051,232.25,6.67,335.2,26,0,0,0.938
2024-04-15,Native_Ads,Native_Bonus_Landing,PL,T2,19038,392,0.0206,43.43,0.111,34,5,0.0867,0.1471,140.88,8.69,224.4,27,0,0,0.932
2024-04-15,Native_Ads,Native_Review_Article,NG,T3,9097,179,0.0197,4.69,0.026,9,1,0.0503,0.1111,12.97,4.69,176.5,7,0,0,0.94
2024-04-15,Native_Ads,Native_Bonus_Landing,CA,T1,24094,431,0.0179,111.32,0.258,32,9,0.0742,0.2812,518.98,12.37,366.2,34,0,0,0.952
2024-04-15,Native_Ads,Native_Review_Article,AU,T1,25638,624,0.0243,127.58,0.204,31,5,0.0497,0.1613,319.9,25.52,150.7,47,0,0,0.946
2024-04-15,Native_Ads,Native_Review_Article,IN,T3,50749,253,0.005,40.89,0.162,18,3,0.0711,0.1667,32.59,13.63,-20.3,20,0,0,0.939
2024-04-15,TikTok,TT_Sports_Short,DE,T1,36249,946,0.0261,233.27,0.247,69,10,0.0729,0.1449,471.08,23.33,101.9,80,1,0,0.913
2024-04-15,TikTok,TT_Casino_UGC,BR,T2,12194,294,0.0241,25.69,0.087,9,1,0.0306,0.1111,6.82,25.69,-73.5,30,0,0,0.925
2024-04-15,TikTok,TT_Sports_Short,PL,T2,17078,248,0.0145,50.08,0.202,10,2,0.0403,0.2,67.84,25.04,35.5,14,0,0,0.913
2024-04-15,TikTok,TT_Casino_UGC,NG,T3,24002,381,0.0159,15.48,0.041,26,4,0.0682,0.1538,31.33,3.87,102.4,25,0,0,0.92
2024-04-15,TikTok,TT_Sports_Short,CA,T1,20263,587,0.029,127.27,0.217,41,5,0.0698,0.122,243.98,25.45,91.7,50,1,0,0.935
2024-04-15,TikTok,TT_Casino_UGC,AU,T1,19814,460,0.0232,122.15,0.266,30,5,0.0652,0.1667,225.7,24.43,84.8,24,0,0,0.913
2024-04-15,TikTok,TT_Casino_UGC,IN,T3,14218,225,0.0158,10.9,0.048,18,3,0.08,0.1667,22.16,3.63,103.3,20,0,0,0.934
2024-04-15,Affiliate_SEO,SEO_CasinoReview_DE,DE,T1,25841,553,0.0214,0.0,,174,55,0.3146,0.3161,6696.23,,,15,0,0,0.979
2024-04-15,Affiliate_SEO,SEO_BonusGuide_BR,BR,T2,6764,123,0.0182,0.0,,23,8,0.187,0.3478,358.15,,,1,0,0,0.981
2024-04-15,Affiliate_SEO,SEO_CasinoReview_DE,PL,T2,6733,84,0.0125,0.0,,18,5,0.2143,0.2778,349.3,,,1,0,0,0.978
2024-04-15,Affiliate_SEO,SEO_CasinoReview_DE,NG,T3,4220,64,0.0152,0.0,,5,1,0.0781,0.2,22.65,,,1,0,0,0.981
2024-04-15,Affiliate_SEO,SEO_BonusGuide_BR,CA,T1,105762,1729,0.0163,0.0,,424,164,0.2452,0.3868,16838.0,,,25,3,0,0.978
2024-04-15,Affiliate_SEO,SEO_BonusGuide_BR,AU,T1,99595,1873,0.0188,0.0,,314,149,0.1676,0.4745,18340.82,,,19,1,0,0.981
2024-04-15,Affiliate_SEO,SEO_BonusGuide_BR,IN,T3,4654,96,0.0206,0.0,,20,7,0.2083,0.35,137.99,,,1,0,0,0.983
2024-04-16,Facebook,FB_Sports_Banner,DE,T1,49259,1930,0.0392,510.19,0.264,213,49,0.1104,0.23,3294.48,10.41,545.7,85,1,0,0.969
2024-04-16,Facebook,FB_Slots_Video,BR,T2,47330,1943,0.0411,170.68,0.088,221,61,0.1137,0.276,2004.1,2.8,1074.2,36,2,0,0.966
2024-04-16,Facebook,FB_Sports_Banner,PL,T2,43056,1225,0.0285,187.4,0.153,129,34,0.1053,0.2636,1143.67,5.51,510.3,45,1,0,0.974
2024-04-16,Facebook,FB_Sports_Banner,NG,T3,31299,1206,0.0385,28.78,0.024,120,23,0.0995,0.1917,259.02,1.25,800.0,49,0,0,0.967
2024-04-16,Facebook,FB_Slots_Video,CA,T1,13179,393,0.0298,129.59,0.33,39,8,0.0992,0.2051,637.8,16.2,392.2,17,0,0,0.971
2024-04-16,Facebook,FB_Slots_Video,AU,T1,82363,3845,0.0467,674.13,0.175,444,116,0.1155,0.2613,9332.43,5.81,1284.4,151,3,0,0.972
2024-04-16,Facebook,FB_Casino_CreativeA,IN,T3,19022,735,0.0386,23.06,0.031,72,17,0.098,0.2361,220.98,1.36,858.3,18,0,0,0.973
2024-04-16,Google_Search,GG_Sports_Betting,DE,T1,19314,690,0.0357,446.66,0.647,78,25,0.113,0.3205,2612.39,17.87,484.9,7,0,0,0.992
2024-04-16,Google_Search,GG_Casino_KW_Brand,BR,T2,40192,1748,0.0435,311.05,0.178,236,49,0.135,0.2076,2314.15,6.35,644.0,22,0,0,0.991
2024-04-16,Google_Search,GG_Sports_Betting,PL,T2,34726,1104,0.0318,428.14,0.388,143,46,0.1295,0.3217,2830.09,9.31,561.0,8,0,0,0.991
2024-04-16,Google_Search,GG_Casino_KW_Brand,NG,T3,17507,645,0.0368,43.53,0.067,78,24,0.1209,0.3077,559.92,1.81,1186.3,7,0,0,0.989
2024-04-16,Google_Search,GG_Casino_KW_Brand,CA,T1,52625,1773,0.0337,1437.28,0.811,159,63,0.0897,0.3962,7308.72,22.81,408.5,25,0,0,0.99
2024-04-16,Google_Search,GG_Casino_KW_Brand,AU,T1,35916,1285,0.0358,898.79,0.699,183,68,0.1424,0.3716,6822.04,13.22,659.0,13,0,0,0.988
2024-04-16,Google_Search,GG_Casino_KW_Brand,IN,T3,23111,792,0.0343,77.05,0.097,114,34,0.1439,0.2982,379.11,2.27,392.0,8,0,0,0.99
2024-04-16,Push_Network,Push_Casino_Retarget,DE,T1,31733,646,0.0204,57.69,0.089,18,2,0.0279,0.1111,87.41,28.84,51.5,102,0,0,0.845
2024-04-16,Push_Network,Push_Casino_Retarget,BR,T2,10051,188,0.0187,5.56,0.03,7,0,0.0372,0.0,0.0,,-100.0,34,0,0,0.877
2024-04-16,Push_Network,Push_iGaming_Broad,PL,T2,25368,621,0.0245,18.08,0.029,28,2,0.0451,0.0714,43.91,9.04,142.9,80,1,0,0.869
2024-04-16,Push_Network,Push_Casino_Retarget,NG,T3,15667,448,0.0286,2.19,0.005,17,2,0.0379,0.1176,4.0,1.09,82.6,73,0,0,0.849
2024-04-16,Push_Network,Push_Casino_Retarget,CA,T1,16075,370,0.023,27.42,0.074,15,2,0.0405,0.1333,63.08,13.71,130.1,55,0,0,0.863
2024-04-16,Push_Network,Push_iGaming_Broad,AU,T1,24161,676,0.028,40.18,0.059,23,2,0.034,0.087,69.42,20.09,72.8,136,0,0,0.848
2024-04-16,Push_Network,Push_iGaming_Broad,IN,T3,46967,1444,0.0307,9.6,0.007,60,6,0.0416,0.1,92.45,1.6,863.0,146,2,0,0.839
2024-04-16,Native_Ads,Native_Review_Article,DE,T1,15725,361,0.023,96.4,0.267,26,5,0.072,0.1923,342.07,19.28,254.8,28,0,0,0.942
2024-04-16,Native_Ads,Native_Review_Article,BR,T2,16364,439,0.0268,29.85,0.068,36,5,0.082,0.1389,129.17,5.97,332.7,36,0,0,0.933
2024-04-16,Native_Ads,Native_Bonus_Landing,PL,T2,21885,320,0.0146,51.37,0.161,18,3,0.0563,0.1667,122.03,17.12,137.6,14,0,0,0.932
2024-04-16,Native_Ads,Native_Review_Article,NG,T3,19209,254,0.0132,10.46,0.041,19,3,0.0748,0.1579,35.78,3.49,242.1,18,0,0,0.947
2024-04-16,Native_Ads,Native_Review_Article,CA,T1,40177,1312,0.0327,171.25,0.131,97,27,0.0739,0.2784,2028.17,6.34,1084.3,104,2,0,0.951
2024-04-16,Native_Ads,Native_Review_Article,AU,T1,25073,627,0.025,121.86,0.194,43,8,0.0686,0.186,503.42,15.23,313.1,46,0,0,0.937
2024-04-16,Native_Ads,Native_Review_Article,IN,T3,29406,340,0.0116,19.38,0.057,24,4,0.0706,0.1667,38.07,4.84,96.4,15,0,0,0.941
2024-04-16,TikTok,TT_Casino_UGC,DE,T1,9985,245,0.0245,62.3,0.254,15,2,0.0612,0.1333,77.89,31.15,25.0,25,0,0,0.91
2024-04-16,TikTok,TT_Sports_Short,BR,T2,40106,859,0.0214,84.88,0.099,39,7,0.0454,0.1795,120.78,12.13,42.3,66,1,0,0.927
2024-04-16,TikTok,TT_Sports_Short,PL,T2,17858,125,0.007,53.43,0.427,7,1,0.056,0.1429,17.06,53.43,-68.1,11,0,0,0.927
2024-04-16,TikTok,TT_Sports_Short,NG,T3,17617,405,0.023,9.72,0.024,19,3,0.0469,0.1579,22.65,3.24,133.0,41,0,0,0.905
2024-04-16,TikTok,TT_Sports_Short,CA,T1,27320,299,0.0109,170.59,0.571,17,2,0.0569,0.1176,107.0,85.3,-37.3,22,0,0,0.918
2024-04-16,TikTok,TT_Casino_UGC,AU,T1,28634,603,0.0211,146.15,0.242,25,3,0.0415,0.12,120.21,48.72,-17.7,52,0,0,0.924
2024-04-16,TikTok,TT_Sports_Short,IN,T3,23530,450,0.0191,19.65,0.044,22,3,0.0489,0.1364,43.79,6.55,122.8,41,0,0,0.932
2024-04-16,Affiliate_SEO,SEO_CasinoReview_DE,DE,T1,46385,862,0.0186,0.0,,150,31,0.174,0.2067,4213.47,,,9,0,0,0.977
2024-04-16,Affiliate_SEO,SEO_CasinoReview_DE,BR,T2,8191,156,0.019,0.0,,30,9,0.1923,0.3,369.58,,,3,0,0,0.977
2024-04-16,Affiliate_SEO,SEO_CasinoReview_DE,PL,T2,32411,401,0.0124,0.0,,75,24,0.187,0.32,1459.21,,,6,0,0,0.984
2024-04-16,Affiliate_SEO,SEO_BonusGuide_BR,NG,T3,3435,54,0.0157,0.0,,10,3,0.1852,0.3,36.38,,,1,0,0,0.977
2024-04-16,Affiliate_SEO,SEO_CasinoReview_DE,CA,T1,152112,3174,0.0209,0.0,,774,332,0.2439,0.4289,38026.62,,,88,5,1,0.984
2024-04-16,Affiliate_SEO,SEO_CasinoReview_DE,AU,T1,33446,570,0.017,0.0,,108,25,0.1895,0.2315,2521.92,,,11,0,0,0.982
2024-04-16,Affiliate_SEO,SEO_BonusGuide_BR,IN,T3,3609,87,0.0241,0.0,,21,8,0.2414,0.381,219.7,,,0,0,0,0.981
2024-04-17,Facebook,FB_Casino_CreativeA,DE,T1,13863,502,0.0362,117.8,0.235,46,7,0.0916,0.1522,602.8,16.83,411.7,10,0,0,0.97
2024-04-17,Facebook,FB_Casino_CreativeA,BR,T2,27285,976,0.0358,96.45,0.099,116,20,0.1189,0.1724,519.73,4.82,438.9,33,1,0,0.972
2024-04-17,Facebook,FB_Sports_Banner,PL,T2,13598,525,0.0386,60.74,0.116,57,14,0.1086,0.2456,510.93,4.34,741.2,15,0,0,0.965
2024-04-17,Facebook,FB_Casino_CreativeA,NG,T3,24643,699,0.0284,22.84,0.033,66,19,0.0944,0.2879,172.44,1.2,655.0,28,0,0,0.97
2024-04-17,Facebook,FB_Sports_Banner,CA,T1,25205,688,0.0273,196.48,0.286,69,14,0.1003,0.2029,870.49,14.03,343.0,21,0,0,0.969
2024-04-17,Facebook,FB_Sports_Banner,AU,T1,14687,576,0.0392,111.27,0.193,46,10,0.0799,0.2174,623.7,11.13,460.5,11,0,0,0.968
2024-04-17,Facebook,FB_Casino_CreativeA,IN,T3,29383,760,0.0259,33.82,0.044,53,8,0.0697,0.1509,170.83,4.23,405.1,15,0,0,0.972
2024-04-17,Google_Search,GG_Slots_KW_Generic,DE,T1,30280,1253,0.0414,877.24,0.7,130,36,0.1038,0.2769,4100.18,24.37,367.4,15,0,0,0.989
2024-04-17,Google_Search,GG_Casino_KW_Brand,BR,T2,27905,1049,0.0376,213.75,0.204,128,40,0.122,0.3125,1695.54,5.34,693.2,9,0,0,0.989
2024-04-17,Google_Search,GG_Casino_KW_Brand,PL,T2,29080,1249,0.043,278.46,0.223,186,39,0.1489,0.2097,1283.0,7.14,360.7,14,0,0,0.989
2024-04-17,Google_Search,GG_Sports_Betting,NG,T3,14513,546,0.0376,31.12,0.057,49,12,0.0897,0.2449,160.53,2.59,415.8,7,0,0,0.989
2024-04-17,Google_Search,GG_Casino_KW_Brand,CA,T1,17770,366,0.0206,388.74,1.062,48,15,0.1311,0.3125,1418.92,25.92,265.0,5,0,0,0.988
2024-04-17,Google_Search,GG_Sports_Betting,AU,T1,25068,706,0.0282,575.26,0.815,99,18,0.1402,0.1818,1738.65,31.96,202.2,9,0,0,0.99
2024-04-17,Google_Search,GG_Sports_Betting,IN,T3,42069,2177,0.0517,152.53,0.07,275,81,0.1263,0.2945,2440.74,1.88,1500.2,21,0,0,0.991
2024-04-17,Push_Network,Push_iGaming_Broad,DE,T1,22245,342,0.0154,43.94,0.128,11,0,0.0322,0.0,0.0,,-100.0,43,0,0,0.856
2024-04-17,Push_Network,Push_Casino_Retarget,BR,T2,21933,533,0.0243,12.33,0.023,31,4,0.0582,0.129,21.9,3.08,77.6,53,1,0,0.854
2024-04-17,Push_Network,Push_iGaming_Broad,PL,T2,40543,1029,0.0254,25.61,0.025,45,4,0.0437,0.0889,78.63,6.4,207.0,213,1,0,0.875
2024-04-17,Push_Network,Push_Casino_Retarget,NG,T3,41972,725,0.0173,6.34,0.009,28,3,0.0386,0.1071,11.67,2.11,84.1,75,1,0,0.842
2024-04-17,Push_Network,Push_iGaming_Broad,CA,T1,9156,122,0.0133,16.54,0.136,3,0,0.0246,0.0,0.0,,-100.0,11,0,0,0.845
2024-04-17,Push_Network,Push_Casino_Retarget,AU,T1,17943,189,0.0105,30.7,0.162,7,0,0.037,0.0,0.0,,-100.0,25,0,0,0.852
2024-04-17,Push_Network,Push_Casino_Retarget,IN,T3,10723,244,0.0228,2.4,0.01,10,1,0.041,0.1,2.0,2.4,-16.7,51,0,0,0.848
2024-04-17,Native_Ads,Native_Bonus_Landing,DE,T1,21238,353,0.0166,123.02,0.348,37,7,0.1048,0.1892,440.26,17.57,257.9,27,0,0,0.941
2024-04-17,Native_Ads,Native_Review_Article,BR,T2,30061,749,0.0249,58.53,0.078,49,9,0.0654,0.1837,210.95,6.5,260.4,54,1,0,0.938
2024-04-17,Native_Ads,Native_Bonus_Landing,PL,T2,16497,450,0.0273,36.17,0.08,37,7,0.0822,0.1892,219.27,5.17,506.2,37,0,0,0.932
2024-04-17,Native_Ads,Native_Bonus_Landing,NG,T3,38206,426,0.0112,17.5,0.041,34,5,0.0798,0.1471,77.01,3.5,340.1,24,0,0,0.936
2024-04-17,Native_Ads,Native_Review_Article,CA,T1,32379,735,0.0227,159.17,0.217,72,13,0.098,0.1806,868.44,12.24,445.6,62,1,0,0.948
2024-04-17,Native_Ads,Native_Review_Article,AU,T1,40862,911,0.0223,183.48,0.201,82,10,0.09,0.122,755.38,18.35,311.7,42,1,0,0.948
2024-04-17,Native_Ads,Native_Bonus_Landing,IN,T3,11545,353,0.0306,7.73,0.022,32,6,0.0907,0.1875,52.3,1.29,576.6,29,0,0,0.943
2024-04-17,TikTok,TT_Sports_Short,DE,T1,12522,276,0.022,83.56,0.303,25,3,0.0906,0.12,130.3,27.85,55.9,13,0,0,0.917
2024-04-17,TikTok,TT_Casino_UGC,BR,T2,19760,384,0.0194,45.43,0.118,14,1,0.0365,0.0714,21.62,45.43,-52.4,25,0,0,0.922
2024-04-17,TikTok,TT_Sports_Short,PL,T2,11007,176,0.016,28.57,0.162,8,1,0.0455,0.125,12.58,28.57,-56.0,20,0,0,0.912
2024-04-17,TikTok,TT_Sports_Short,NG,T3,18281,303,0.0166,12.12,0.04,20,3,0.066,0.15,31.31,4.04,158.3,29,0,0,0.918
2024-04-17,TikTok,TT_Casino_UGC,CA,T1,14381,238,0.0165,86.87,0.365,15,2,0.063,0.1333,96.47,43.44,11.1,23,0,0,0.923
2024-04-17,TikTok,TT_Casino_UGC,AU,T1,24609,302,0.0123,159.04,0.527,18,2,0.0596,0.1111,55.78,79.52,-64.9,22,0,0,0.934
2024-04-17,TikTok,TT_Casino_UGC,IN,T3,14123,223,0.0158,12.48,0.056,12,2,0.0538,0.1667,32.31,6.24,158.9,20,0,0,0.926
2024-04-17,Affiliate_SEO,SEO_BonusGuide_BR,DE,T1,37419,904,0.0242,0.0,,299,163,0.3308,0.5452,19576.96,,,22,2,0,0.98
2024-04-17,Affiliate_SEO,SEO_CasinoReview_DE,BR,T2,11322,264,0.0233,0.0,,76,23,0.2879,0.3026,1054.75,,,4,0,0,0.982
2024-04-17,Affiliate_SEO,SEO_BonusGuide_BR,PL,T2,10787,246,0.0228,0.0,,47,15,0.1911,0.3191,1056.16,,,6,0,0,0.977
2024-04-17,Affiliate_SEO,SEO_BonusGuide_BR,NG,T3,2444,68,0.0278,0.0,,11,4,0.1618,0.3636,110.39,,,0,0,0,0.977
2024-04-17,Affiliate_SEO,SEO_CasinoReview_DE,CA,T1,22812,500,0.0219,0.0,,116,30,0.232,0.2586,3504.64,,,6,1,0,0.982
2024-04-17,Affiliate_SEO,SEO_CasinoReview_DE,AU,T1,17411,236,0.0136,0.0,,41,14,0.1737,0.3415,1568.64,,,5,0,0,0.981
2024-04-17,Affiliate_SEO,SEO_CasinoReview_DE,IN,T3,2282,37,0.0162,0.0,,7,2,0.1892,0.2857,66.53,,,1,0,0,0.978
2024-04-18,Facebook,FB_Casino_CreativeA,DE,T1,27631,581,0.021,286.04,0.492,45,11,0.0775,0.2444,857.76,26.0,199.9,25,0,0,0.971
2024-04-18,Facebook,FB_Sports_Banner,BR,T2,14574,430,0.0295,49.89,0.116,36,8,0.0837,0.2222,270.17,6.24,441.5,13,0,0,0.966
2024-04-18,Facebook,FB_Slots_Video,PL,T2,7212,252,0.0349,29.09,0.115,26,6,0.1032,0.2308,283.93,4.85,876.0,6,0,0,0.969
2024-04-18,Facebook,FB_Sports_Banner,NG,T3,12687,579,0.0456,11.02,0.019,45,11,0.0777,0.2444,198.01,1.0,1696.8,22,0,0,0.972
2024-04-18,Facebook,FB_Casino_CreativeA,CA,T1,28179,1262,0.0448,220.4,0.175,130,20,0.103,0.1538,1748.52,11.02,693.3,26,0,0,0.969
2024-04-18,Facebook,FB_Slots_Video,AU,T1,25617,850,0.0332,207.03,0.244,63,14,0.0741,0.2222,1137.42,14.79,449.4,13,0,0,0.97
2024-04-18,Facebook,FB_Sports_Banner,IN,T3,18048,634,0.0351,24.56,0.039,45,11,0.071,0.2444,179.81,2.23,632.1,28,0,0,0.97
2024-04-18,Google_Search,GG_Casino_KW_Brand,DE,T1,5422,244,0.045,135.09,0.554,35,12,0.1434,0.3429,1267.0,11.26,837.9,1,0,0,0.991
2024-04-18,Google_Search,GG_Sports_Betting,BR,T2,19108,371,0.0194,168.16,0.453,63,14,0.1698,0.2222,660.48,12.01,292.8,1,0,0,0.989
2024-04-18,Google_Search,GG_Slots_KW_Generic,PL,T2,58005,2626,0.0453,555.27,0.211,333,108,0.1268,0.3243,4311.14,5.14,676.4,35,1,0,0.989
2024-04-18,Google_Search,GG_Sports_Betting,NG,T3,32282,1688,0.0523,71.88,0.043,339,137,0.2008,0.4041,1507.62,0.52,1997.4,13,0,0,0.988
2024-04-18,Google_Search,GG_Casino_KW_Brand,CA,T1,21549,807,0.0374,509.85,0.632,120,40,0.1487,0.3333,3593.35,12.75,604.8,8,0,0,0.99
2024-04-18,Google_Search,GG_Slots_KW_Generic,AU,T1,38428,1177,0.0306,748.03,0.636,148,47,0.1257,0.3176,4807.91,15.92,542.7,13,0,0,0.991
2024-04-18,Google_Search,GG_Sports_Betting,IN,T3,33704,1068,0.0317,127.33,0.119,162,46,0.1517,0.284,1576.03,2.77,1137.8,10,0,0,0.991
2024-04-18,Push_Network,Push_iGaming_Broad,DE,T1,21065,320,0.0152,39.59,0.124,14,1,0.0437,0.0714,22.78,39.59,-42.5,62,0,0,0.877
2024-04-18,Push_Network,Push_Casino_Retarget,BR,T2,25413,734,0.0289,15.6,0.021,22,2,0.03,0.0909,10.74,7.8,-31.2,87,1,0,0.888
2024-04-18,Push_Network,Push_iGaming_Broad,PL,T2,16160,398,0.0246,12.45,0.031,17,2,0.0427,0.1176,41.25,6.22,231.3,69,0,0,0.872
2024-04-18,Push_Network,Push_iGaming_Broad,NG,T3,17650,428,0.0242,2.66,0.006,16,1,0.0374,0.0625,14.83,2.66,457.5,45,0,0,0.857
2024-04-18,Push_Network,Push_iGaming_Broad,CA,T1,20596,325,0.0158,37.8,0.116,13,1,0.04,0.0769,35.56,37.8,-5.9,42,0,0,0.882
2024-04-18,Push_Network,Push_Casino_Retarget,AU,T1,33963,401,0.0118,51.07,0.127,16,1,0.0399,0.0625,25.8,51.07,-49.5,61,0,0,0.881
2024-04-18,Push_Network,Push_iGaming_Broad,IN,T3,25085,678,0.027,6.66,0.01,30,2,0.0442,0.0667,40.65,3.33,510.4,132,1,0,0.836
2024-04-18,Native_Ads,Native_Bonus_Landing,DE,T1,19326,371,0.0192,92.72,0.25,15,3,0.0404,0.2,203.68,30.91,119.7,25,0,0,0.93
2024-04-18,Native_Ads,Native_Review_Article,BR,T2,15789,373,0.0236,30.19,0.081,27,5,0.0724,0.1852,112.4,6.04,272.3,22,0,0,0.932
2024-04-18,Native_Ads,Native_Review_Article,PL,T2,69156,1183,0.0171,173.0,0.146,89,12,0.0752,0.1348,291.21,14.42,68.3,79,0,0,0.939
2024-04-18,Native_Ads,Native_Bonus_Landing,NG,T3,29535,655,0.0222,14.1,0.022,46,9,0.0702,0.1957,21.89,1.57,55.2,48,1,0,0.936
2024-04-18,Native_Ads,Native_Review_Article,CA,T1,53784,961,0.0179,236.34,0.246,95,19,0.0989,0.2,1075.69,12.44,355.1,53,1,0,0.951
2024-04-18,Native_Ads,Native_Bonus_Landing,AU,T1,20412,210,0.0103,89.81,0.428,15,3,0.0714,0.2,194.33,29.94,116.4,11,0,0,0.941
2024-04-18,Native_Ads,Native_Bonus_Landing,IN,T3,14677,271,0.0185,9.78,0.036,26,4,0.0959,0.1538,83.3,2.44,751.7,14,0,0,0.95
2024-04-18,TikTok,TT_Sports_Short,DE,T1,19201,226,0.0118,126.29,0.559,12,1,0.0531,0.0833,49.6,126.29,-60.7,17,0,0,0.919
2024-04-18,TikTok,TT_Sports_Short,BR,T2,7472,177,0.0237,15.88,0.09,10,1,0.0565,0.1,29.42,15.88,85.3,17,0,0,0.908
2024-04-18,TikTok,TT_Sports_Short,PL,T2,24958,447,0.0179,70.14,0.157,31,5,0.0694,0.1613,101.57,14.03,44.8,19,0,0,0.922
2024-04-18,TikTok,TT_Sports_Short,NG,T3,14973,327,0.0218,7.67,0.023,20,3,0.0612,0.15,50.26,2.56,555.3,32,0,0,0.93
2024-04-18,TikTok,TT_Sports_Short,CA,T1,11775,166,0.0141,79.25,0.477,9,0,0.0542,0.0,0.0,,-100.0,15,0,0,0.929
2024-04-18,TikTok,TT_Casino_UGC,AU,T1,25185,376,0.0149,127.75,0.34,24,4,0.0638,0.1667,183.22,31.94,43.4,40,0,0,0.917
2024-04-18,TikTok,TT_Casino_UGC,IN,T3,71726,1515,0.0211,67.05,0.044,61,14,0.0403,0.2295,166.71,4.79,148.6,176,0,0,0.906
2024-04-18,Affiliate_SEO,SEO_BonusGuide_BR,DE,T1,32349,795,0.0246,0.0,,228,94,0.2868,0.4123,11982.64,,,19,0,0,0.983
2024-04-18,Affiliate_SEO,SEO_CasinoReview_DE,BR,T2,5153,59,0.0114,0.0,,11,2,0.1864,0.1818,71.24,,,0,0,0,0.983
2024-04-18,Affiliate_SEO,SEO_BonusGuide_BR,PL,T2,40058,401,0.01,0.0,,97,14,0.2419,0.1443,1000.69,,,11,0,0,0.981
2024-04-18,Affiliate_SEO,SEO_CasinoReview_DE,NG,T3,2041,44,0.0216,0.0,,8,2,0.1818,0.25,42.21,,,1,0,0,0.977
2024-04-18,Affiliate_SEO,SEO_BonusGuide_BR,CA,T1,33357,694,0.0208,0.0,,120,36,0.1729,0.3,4067.08,,,16,0,0,0.976
2024-04-18,Affiliate_SEO,SEO_BonusGuide_BR,AU,T1,16852,379,0.0225,0.0,,78,36,0.2058,0.4615,4578.8,,,9,0,0,0.983
2024-04-18,Affiliate_SEO,SEO_CasinoReview_DE,IN,T3,8595,163,0.019,0.0,,30,8,0.184,0.2667,130.22,,,2,0,0,0.982
2024-04-19,Facebook,FB_Casino_CreativeA,DE,T1,15435,362,0.0235,153.13,0.423,32,7,0.0884,0.2188,604.26,21.88,294.6,9,0,0,0.966
2024-04-19,Facebook,FB_Casino_CreativeA,BR,T2,35146,1153,0.0328,111.77,0.097,118,19,0.1023,0.161,649.67,5.88,481.3,32,0,0,0.968
2024-04-19,Facebook,FB_Casino_CreativeA,PL,T2,21811,685,0.0314,79.46,0.116,62,16,0.0905,0.2581,688.61,4.97,766.6,30,0,0,0.975
2024-04-19,Facebook,FB_Slots_Video,NG,T3,34925,1407,0.0403,34.76,0.025,144,25,0.1023,0.1736,240.1,1.39,590.7,23,1,0,0.971
2024-04-19,Facebook,FB_Slots_Video,CA,T1,48053,1954,0.0407,424.3,0.217,146,23,0.0747,0.1575,1619.25,18.45,281.6,37,1,0,0.964
2024-04-19,Facebook,FB_Casino_CreativeA,AU,T1,36189,1454,0.0402,302.51,0.208,121,25,0.0832,0.2066,1748.5,12.1,478.0,38,0,0,0.967
2024-04-19,Facebook,FB_Sports_Banner,IN,T3,11639,183,0.0157,17.3,0.095,9,1,0.0492,0.1111,2.0,17.3,-88.4,3,0,0,0.97
2024-04-19,Google_Search,GG_Casino_KW_Brand,DE,T1,39407,1634,0.0415,972.9,0.595,336,100,0.2056,0.2976,10260.96,9.73,954.7,19,1,0,0.991
2024-04-19,Google_Search,GG_Casino_KW_Brand,BR,T2,18234,788,0.0432,152.24,0.193,120,24,0.1523,0.2,986.37,6.34,547.9,10,0,0,0.989
2024-04-19,Google_Search,GG_Sports_Betting,PL,T2,23356,599,0.0256,288.9,0.482,78,19,0.1302,0.2436,638.91,15.21,121.2,4,0,0,0.989
2024-04-19,Google_Search,GG_Slots_KW_Generic,NG,T3,41680,1195,0.0287,85.87,0.072,181,51,0.1515,0.2818,2000.48,1.68,2229.7,16,0,0,0.99
2024-04-19,Google_Search,GG_Sports_Betting,CA,T1,21902,669,0.0305,489.93,0.732,72,26,0.1076,0.3611,2719.01,18.84,455.0,4,0,0,0.991
2024-04-19,Google_Search,GG_Slots_KW_Generic,AU,T1,35712,1396,0.0391,848.15,0.608,195,65,0.1397,0.3333,7356.66,13.05,767.4,19,0,0,0.99
2024-04-19,Google_Search,GG_Casino_KW_Brand,IN,T3,83375,2251,0.027,255.99,0.114,235,53,0.1044,0.2255,876.79,4.83,242.5,25,0,0,0.99
2024-04-19,Push_Network,Push_iGaming_Broad,DE,T1,23132,404,0.0175,37.73,0.093,18,2,0.0446,0.1111,54.93,18.86,45.6,53,0,0,0.853
2024-04-19,Push_Network,Push_Casino_Retarget,BR,T2,38318,621,0.0162,20.69,0.033,24,2,0.0386,0.0833,4.0,10.35,-80.7,103,0,0,0.864
2024-04-19,Push_Network,Push_iGaming_Broad,PL,T2,27446,439,0.016,19.73,0.045,23,2,0.0524,0.087,54.0,9.87,173.7,34,1,0,0.888
2024-04-19,Push_Network,Push_Casino_Retarget,NG,T3,26015,463,0.0178,4.1,0.009,22,3,0.0475,0.1364,21.79,1.37,431.5,79,0,0,0.838
2024-04-19,Push_Network,Push_iGaming_Broad,CA,T1,31702,618,0.0195,49.98,0.081,31,1,0.0502,0.0323,41.32,49.98,-17.3,83,1,0,0.851
2024-04-19,Push_Network,Push_Casino_Retarget,AU,T1,24884,520,0.0209,40.95,0.079,20,3,0.0385,0.15,98.7,13.65,141.0,96,0,0,0.833
2024-04-19,Push_Network,Push_iGaming_Broad,IN,T3,40578,829,0.0204,9.86,0.012,37,4,0.0446,0.1081,8.0,2.46,-18.9,146,0,0,0.875
2024-04-19,Native_Ads,Native_Bonus_Landing,DE,T1,10474,52,0.005,49.08,0.944,3,0,0.0577,0.0,0.0,,-100.0,2,0,0,0.93
2024-04-19,Native_Ads,Native_Bonus_Landing,BR,T2,49494,567,0.0115,98.01,0.173,42,10,0.0741,0.2381,388.66,9.8,296.6,46,0,0,0.943
2024-04-19,Native_Ads,Native_Review_Article,PL,T2,88482,995,0.0112,200.88,0.202,27,5,0.0271,0.1852,184.37,40.18,-8.2,52,0,0,0.952
2024-04-19,Native_Ads,Native_Bonus_Landing,NG,T3,10654,262,0.0246,4.97,0.019,20,4,0.0763,0.2,49.68,1.24,899.6,11,0,0,0.94
2024-04-19,Native_Ads,Native_Bonus_Landing,CA,T1,20604,391,0.019,110.27,0.282,15,3,0.0384,0.2,202.32,36.76,83.5,29,0,0,0.951
2024-04-19,Native_Ads,Native_Bonus_Landing,AU,T1,29670,624,0.021,145.81,0.234,46,8,0.0737,0.1739,415.52,18.23,185.0,21,0,0,0.938
2024-04-19,Native_Ads,Native_Bonus_Landing,IN,T3,15882,405,0.0255,10.81,0.027,33,7,0.0815,0.2121,67.71,1.54,526.4,27,0,0,0.95
2024-04-19,TikTok,TT_Sports_Short,DE,T1,22996,418,0.0182,129.37,0.309,23,3,0.055,0.1304,147.19,43.12,13.8,32,0,0,0.928
2024-04-19,TikTok,TT_Casino_UGC,BR,T2,10887,149,0.0137,25.13,0.169,12,1,0.0805,0.0833,23.6,25.13,-6.1,16,0,0,0.905
2024-04-19,TikTok,TT_Casino_UGC,PL,T2,59360,890,0.015,165.45,0.186,60,10,0.0674,0.1667,85.7,16.54,-48.2,86,0,0,0.911
2024-04-19,TikTok,TT_Sports_Short,NG,T3,32502,876,0.027,21.48,0.025,41,4,0.0468,0.0976,94.6,5.37,340.4,104,1,0,0.905
2024-04-19,TikTok,TT_Casino_UGC,CA,T1,47082,776,0.0165,265.5,0.342,44,6,0.0567,0.1364,207.58,44.25,-21.8,44,1,0,0.929
2024-04-19,TikTok,TT_Casino_UGC,AU,T1,57831,1196,0.0207,298.18,0.249,94,13,0.0786,0.1383,614.59,22.94,106.1,141,2,0,0.912
2024-04-19,TikTok,TT_Casino_UGC,IN,T3,42676,699,0.0164,32.8,0.047,41,5,0.0587,0.122,39.37,6.56,20.0,81,1,0,0.919
2024-04-19,Affiliate_SEO,SEO_CasinoReview_DE,DE,T1,11451,247,0.0216,0.0,,50,15,0.2024,0.3,2096.46,,,6,0,0,0.976
2024-04-19,Affiliate_SEO,SEO_CasinoReview_DE,BR,T2,1945,37,0.019,0.0,,8,2,0.2162,0.25,110.55,,,0,0,0,0.981
2024-04-19,Affiliate_SEO,SEO_BonusGuide_BR,PL,T2,17985,227,0.0126,0.0,,33,14,0.1454,0.4242,673.83,,,4,0,0,0.983
2024-04-19,Affiliate_SEO,SEO_BonusGuide_BR,NG,T3,1394,26,0.0187,0.0,,7,2,0.2692,0.2857,25.55,,,0,0,0,0.984
2024-04-19,Affiliate_SEO,SEO_CasinoReview_DE,CA,T1,24023,360,0.015,0.0,,93,26,0.2583,0.2796,3150.37,,,7,0,0,0.982
2024-04-19,Affiliate_SEO,SEO_BonusGuide_BR,AU,T1,6606,124,0.0188,0.0,,23,8,0.1855,0.3478,842.12,,,2,0,0,0.981
2024-04-19,Affiliate_SEO,SEO_BonusGuide_BR,IN,T3,5431,37,0.0068,0.0,,7,2,0.1892,0.2857,50.71,,,0,0,0,0.98
2024-04-20,Facebook,FB_Sports_Banner,DE,T1,44877,1538,0.0343,436.98,0.284,87,22,0.0566,0.2529,1957.5,19.86,348.0,26,0,0,0.975
2024-04-20,Facebook,FB_Casino_CreativeA,BR,T2,30308,773,0.0255,93.28,0.121,86,20,0.1113,0.2326,613.69,4.66,557.9,26,1,0,0.976
2024-04-20,Facebook,FB_Sports_Banner,PL,T2,37443,1236,0.033,164.87,0.133,96,25,0.0777,0.2604,1178.48,6.59,614.8,50,1,0,0.968
2024-04-20,Facebook,FB_Sports_Banner,NG,T3,36663,1447,0.0395,30.09,0.021,150,28,0.1037,0.1867,771.96,1.07,2465.5,36,1,0,0.971
2024-04-20,Facebook,FB_Slots_Video,CA,T1,18846,594,0.0315,155.34,0.262,38,10,0.064,0.2632,800.15,15.53,415.1,24,0,0,0.969
2024-04-20,Facebook,FB_Casino_CreativeA,AU,T1,148450,6232,0.042,1278.56,0.205,394,88,0.0632,0.2234,4843.98,14.53,278.9,150,2,0,0.967
2024-04-20,Facebook,FB_Casino_CreativeA,IN,T3,15308,291,0.019,22.94,0.079,32,8,0.11,0.25,150.73,2.87,557.1,8,0,0,0.971
2024-04-20,Google_Search,GG_Slots_KW_Generic,DE,T1,32358,1405,0.0434,733.85,0.522,243,67,0.173,0.2757,6890.04,10.95,838.9,11,0,0,0.989
2024-04-20,Google_Search,GG_Sports_Betting,BR,T2,25701,980,0.0381,187.92,0.192,182,22,0.1857,0.1209,787.3,8.54,319.0,5,0,0,0.989
2024-04-20,Google_Search,GG_Casino_KW_Brand,PL,T2,30631,885,0.0289,356.13,0.402,102,29,0.1153,0.2843,1169.77,12.28,228.5,11,0,0,0.989
2024-04-20,Google_Search,GG_Casino_KW_Brand,NG,T3,16008,835,0.0522,37.71,0.045,142,43,0.1701,0.3028,86.0,0.88,128.1,8,0,0,0.99
2024-04-20,Google_Search,GG_Casino_KW_Brand,CA,T1,28281,1089,0.0385,642.24,0.59,141,46,0.1295,0.3262,3490.57,13.96,443.5,6,0,0,0.992
2024-04-20,Google_Search,GG_Sports_Betting,AU,T1,50359,1591,0.0316,1276.6,0.802,297,95,0.1867,0.3199,9415.4,13.44,637.5,20,1,0,0.992
2024-04-20,Google_Search,GG_Casino_KW_Brand,IN,T3,15853,324,0.0204,63.03,0.195,42,14,0.1296,0.3333,408.69,4.5,548.4,2,0,0,0.991
2024-04-20,Push_Network,Push_Casino_Retarget,DE,T1,18339,457,0.0249,28.86,0.063,17,1,0.0372,0.0588,32.64,28.86,13.1,74,0,0,0.856
2024-04-20,Push_Network,Push_Casino_Retarget,BR,T2,27638,632,0.0229,13.76,0.022,26,3,0.0411,0.1154,33.47,4.59,143.2,46,0,0,0.876
2024-04-20,Push_Network,Push_iGaming_Broad,PL,T2,38311,972,0.0254,23.83,0.025,37,3,0.0381,0.0811,79.43,7.94,233.3,148,1,0,0.855
2024-04-20,Push_Network,Push_iGaming_Broad,NG,T3,24778,462,0.0186,4.44,0.01,19,2,0.0411,0.1053,4.0,2.22,-9.9,46,1,0,0.867
2024-04-20,Push_Network,Push_Casino_Retarget,CA,T1,37243,463,0.0124,62.82,0.136,16,1,0.0346,0.0625,43.93,62.82,-30.1,39,0,0,0.853
2024-04-20,Push_Network,Push_Casino_Retarget,AU,T1,21069,405,0.0192,29.51,0.073,14,1,0.0346,0.0714,32.32,29.51,9.5,43,0,0,0.846
2024-04-20,Push_Network,Push_iGaming_Broad,IN,T3,29672,435,0.0147,8.15,0.019,17,2,0.0391,0.1176,11.33,4.08,39.0,52,0,0,0.859
2024-04-20,Native_Ads,Native_Review_Article,DE,T1,40334,731,0.0181,195.29,0.267,62,10,0.0848,0.1613,654.63,19.53,235.2,56,1,0,0.939
2024-04-20,Native_Ads,Native_Review_Article,BR,T2,15419,321,0.0208,24.51,0.076,23,5,0.0717,0.2174,133.69,4.9,445.5,20,0,0,0.943
2024-04-20,Native_Ads,Native_Bonus_Landing,PL,T2,90182,1176,0.013,224.15,0.191,81,17,0.0689,0.2099,523.26,13.19,133.4,83,0,0,0.937
2024-04-20,Native_Ads,Native_Review_Article,NG,T3,18641,392,0.021,10.11,0.026,29,5,0.074,0.1724,25.43,2.02,151.5,23,0,0,0.948
2024-04-20,Native_Ads,Native_Review_Article,CA,T1,36722,926,0.0252,163.59,0.177,74,15,0.0799,0.2027,971.91,10.91,494.1,36,1,0,0.944
2024-04-20,Native_Ads,Native_Bonus_Landing,AU,T1,63033,752,0.0119,344.13,0.458,49,12,0.0652,0.2449,672.92,28.68,95.5,47,0,0,0.929
2024-04-20,Native_Ads,Native_Review_Article,IN,T3,28154,417,0.0148,19.02,0.046,34,7,0.0815,0.2059,97.31,2.72,411.6,35,0,0,0.943
2024-04-20,TikTok,TT_Casino_UGC,DE,T1,71944,2407,0.0335,506.77,0.211,150,25,0.0623,0.1667,1079.24,20.27,113.0,122,1,0,0.919
2024-04-20,TikTok,TT_Sports_Short,BR,T2,37014,799,0.0216,85.85,0.107,60,8,0.0751,0.1333,180.48,10.73,110.2,69,0,0,0.91
2024-04-20,TikTok,TT_Casino_UGC,PL,T2,17476,455,0.026,51.38,0.113,30,7,0.0659,0.2333,231.0,7.34,349.6,40,0,0,0.906
2024-04-20,TikTok,TT_Casino_UGC,NG,T3,43718,638,0.0146,24.82,0.039,43,7,0.0674,0.1628,93.01,3.55,274.7,65,0,0,0.915
2024-04-20,TikTok,TT_Sports_Short,CA,T1,19181,330,0.0172,115.17,0.349,17,2,0.0515,0.1176,82.15,57.59,-28.7,14,0,0,0.916
2024-04-20,TikTok,TT_Sports_Short,AU,T1,25397,369,0.0145,161.17,0.437,18,2,0.0488,0.1111,54.28,80.58,-66.3,37,0,0,0.932
2024-04-20,TikTok,TT_Sports_Short,IN,T3,14155,230,0.0162,11.34,0.049,11,1,0.0478,0.0909,24.81,11.34,118.8,19,0,0,0.919
2024-04-20,Affiliate_SEO,SEO_BonusGuide_BR,DE,T1,38450,575,0.015,0.0,,134,34,0.233,0.2537,3995.57,,,15,1,0,0.98
2024-04-20,Affiliate_SEO,SEO_CasinoReview_DE,BR,T2,27289,344,0.0126,0.0,,47,20,0.1366,0.4255,914.69,,,8,0,0,0.977
2024-04-20,Affiliate_SEO,SEO_BonusGuide_BR,PL,T2,8102,236,0.0291,0.0,,51,10,0.2161,0.1961,686.73,,,2,0,0,0.978
2024-04-20,Affiliate_SEO,SEO_BonusGuide_BR,NG,T3,3034,56,0.0185,0.0,,14,4,0.25,0.2857,89.71,,,1,0,0,0.982
2024-04-20,Affiliate_SEO,SEO_BonusGuide_BR,CA,T1,25624,466,0.0182,0.0,,140,53,0.3004,0.3786,6514.04,,,11,0,0,0.977
2024-04-20,Affiliate_SEO,SEO_CasinoReview_DE,AU,T1,22175,598,0.027,0.0,,111,25,0.1856,0.2252,2980.96,,,17,0,0,0.982
2024-04-20,Affiliate_SEO,SEO_CasinoReview_DE,IN,T3,7233,182,0.0252,0.0,,48,16,0.2637,0.3333,261.35,,,4,0,0,0.983
2024-04-21,Facebook,FB_Casino_CreativeA,DE,T1,23476,951,0.0405,227.81,0.24,93,22,0.0978,0.2366,1872.38,10.36,721.9,30,0,0,0.976
2024-04-21,Facebook,FB_Casino_CreativeA,BR,T2,59248,2281,0.0385,195.81,0.086,195,47,0.0855,0.241,1004.73,4.17,413.1,40,0,0,0.973
2024-04-21,Facebook,FB_Casino_CreativeA,PL,T2,27094,849,0.0313,96.94,0.114,41,11,0.0483,0.2683,435.15,8.81,348.9,18,0,0,0.969
2024-04-21,Facebook,FB_Slots_Video,NG,T3,31222,917,0.0294,25.54,0.028,95,18,0.1036,0.1895,183.41,1.42,618.1,27,1,0,0.967
2024-04-21,Facebook,FB_Sports_Banner,CA,T1,13603,374,0.0275,118.19,0.316,31,6,0.0829,0.1935,433.88,19.7,267.1,7,0,0,0.974
2024-04-21,Facebook,FB_Slots_Video,AU,T1,41069,1446,0.0352,334.13,0.231,140,35,0.0968,0.25,2651.65,9.55,693.6,58,1,0,0.966
2024-04-21,Facebook,FB_Slots_Video,IN,T3,29970,1569,0.0524,37.52,0.024,116,29,0.0739,0.25,644.53,1.29,1617.8,35,1,0,0.973
2024-04-21,Google_Search,GG_Slots_KW_Generic,DE,T1,26963,779,0.0289,737.21,0.946,127,29,0.163,0.2283,2853.22,25.42,287.0,4,0,0,0.991
2024-04-21,Google_Search,GG_Sports_Betting,BR,T2,86981,3294,0.0379,663.3,0.201,620,190,0.1882,0.3065,8012.2,3.49,1107.9,36,1,0,0.989
2024-04-21,Google_Search,GG_Slots_KW_Generic,PL,T2,19843,1007,0.0507,230.62,0.229,131,46,0.1301,0.3511,2225.88,5.01,865.2,8,0,0,0.991
2024-04-21,Google_Search,GG_Casino_KW_Brand,NG,T3,29953,1041,0.0348,74.33,0.071,133,40,0.1278,0.3008,913.34,1.86,1128.8,8,0,0,0.988
2024-04-21,Google_Search,GG_Slots_KW_Generic,CA,T1,29521,1307,0.0443,617.28,0.472,246,59,0.1882,0.2398,5719.59,10.46,826.6,9,0,0,0.99
2024-04-21,Google_Search,GG_Slots_KW_Generic,AU,T1,35111,689,0.0196,878.68,1.275,93,34,0.135,0.3656,3088.38,25.84,251.5,9,0,0,0.989
2024-04-21,Google_Search,GG_Casino_KW_Brand,IN,T3,18311,1123,0.0613,59.13,0.053,168,48,0.1496,0.2857,1345.83,1.23,2176.1,14,0,0,0.988
2024-04-21,Push_Network,Push_iGaming_Broad,DE,T1,12454,246,0.0198,18.88,0.077,11,1,0.0447,0.0909,22.88,18.88,21.2,36,0,0,0.879
2024-04-21,Push_Network,Push_iGaming_Broad,BR,T2,28208,593,0.021,16.8,0.028,28,3,0.0472,0.1071,54.92,5.6,226.9,109,1,0,0.846
2024-04-21,Push_Network,Push_iGaming_Broad,PL,T2,25174,329,0.0131,15.8,0.048,16,2,0.0486,0.125,20.42,7.9,29.2,40,0,0,0.885
2024-04-21,Push_Network,Push_iGaming_Broad,NG,T3,31900,708,0.0222,5.33,0.008,23,3,0.0325,0.1304,6.0,1.78,12.6,128,0,0,0.836
2024-04-21,Push_Network,Push_Casino_Retarget,CA,T1,28580,477,0.0167,47.36,0.099,18,2,0.0377,0.1111,84.45,23.68,78.3,93,0,0,0.88
2024-04-21,Push_Network,Push_Casino_Retarget,AU,T1,21052,318,0.0151,35.21,0.111,14,1,0.044,0.0714,22.29,35.21,-36.7,37,0,0,0.848
2024-04-21,Push_Network,Push_Casino_Retarget,IN,T3,90844,2223,0.0245,23.41,0.011,73,6,0.0328,0.0822,41.88,3.9,78.9,267,2,0,0.858
2024-04-21,Native_Ads,Native_Bonus_Landing,DE,T1,63569,1432,0.0225,350.59,0.245,107,23,0.0747,0.215,1502.99,15.24,328.7,80,2,0,0.934
2024-04-21,Native_Ads,Native_Bonus_Landing,BR,T2,16854,118,0.007,29.86,0.253,8,1,0.0678,0.125,28.56,29.86,-4.4,5,0,0,0.936
2024-04-21,Native_Ads,Native_Bonus_Landing,PL,T2,8806,153,0.0174,22.51,0.147,9,1,0.0588,0.1111,33.47,22.51,48.7,11,0,0,0.944
2024-04-21,Native_Ads,Native_Bonus_Landing,NG,T3,17405,260,0.0149,8.93,0.034,21,4,0.0808,0.1905,76.33,2.23,754.8,19,0,0,0.945
2024-04-21,Native_Ads,Native_Review_Article,CA,T1,37672,397,0.0105,190.31,0.479,34,5,0.0856,0.1471,270.46,38.06,42.1,23,0,0,0.949
2024-04-21,Native_Ads,Native_Bonus_Landing,AU,T1,46574,549,0.0118,199.85,0.364,35,3,0.0638,0.0857,195.06,66.62,-2.4,26,0,0,0.949
2024-04-21,Native_Ads,Native_Bonus_Landing,IN,T3,16577,350,0.0211,10.8,0.031,29,8,0.0829,0.2759,100.91,1.35,834.4,14,0,0,0.937
2024-04-21,TikTok,TT_Casino_UGC,DE,T1,18940,429,0.0227,113.3,0.264,15,2,0.035,0.1333,83.9,56.65,-25.9,18,0,0,0.905
2024-04-21,TikTok,TT_Casino_UGC,BR,T2,36498,1198,0.0328,76.45,0.064,74,13,0.0618,0.1757,219.69,5.88,187.4,90,2,0,0.919
2024-04-21,TikTok,TT_Sports_Short,PL,T2,13175,362,0.0275,35.64,0.098,12,2,0.0331,0.1667,35.81,17.82,0.5,20,0,0,0.921
2024-04-21,TikTok,TT_Sports_Short,NG,T3,37083,850,0.0229,24.47,0.029,42,6,0.0494,0.1429,35.64,4.08,45.6,43,1,0,0.935
2024-04-21,TikTok,TT_Casino_UGC,CA,T1,52009,884,0.017,285.58,0.323,55,5,0.0622,0.0909,177.73,57.12,-37.8,80,1,0,0.93
2024-04-21,TikTok,TT_Sports_Short,AU,T1,27202,391,0.0144,149.07,0.381,26,2,0.0665,0.0769,90.47,74.53,-39.3,46,0,0,0.91
2024-04-21,TikTok,TT_Casino_UGC,IN,T3,23818,653,0.0274,21.38,0.033,41,7,0.0628,0.1707,112.03,3.05,424.0,46,1,0,0.921
2024-04-21,Affiliate_SEO,SEO_CasinoReview_DE,DE,T1,31200,678,0.0217,0.0,,153,69,0.2257,0.451,8443.11,,,19,0,0,0.984
2024-04-21,Affiliate_SEO,SEO_CasinoReview_DE,BR,T2,18540,542,0.0292,0.0,,65,22,0.1199,0.3385,1271.34,,,7,0,0,0.983
2024-04-21,Affiliate_SEO,SEO_CasinoReview_DE,PL,T2,9907,119,0.012,0.0,,18,4,0.1513,0.2222,245.33,,,3,0,0,0.979
2024-04-21,Affiliate_SEO,SEO_CasinoReview_DE,NG,T3,3645,59,0.0162,0.0,,9,2,0.1525,0.2222,28.5,,,1,0,0,0.981
2024-04-21,Affiliate_SEO,SEO_BonusGuide_BR,CA,T1,17224,286,0.0166,0.0,,35,8,0.1224,0.2286,832.88,,,7,0,0,0.977
2024-04-21,Affiliate_SEO,SEO_CasinoReview_DE,AU,T1,10488,160,0.0153,0.0,,29,12,0.1812,0.4138,1226.17,,,3,0,0,0.983
2024-04-21,Affiliate_SEO,SEO_BonusGuide_BR,IN,T3,3653,39,0.0107,0.0,,8,3,0.2051,0.375,33.15,,,0,0,0,0.978
2024-04-22,Facebook,FB_Sports_Banner,DE,T1,22494,1095,0.0487,231.35,0.211,91,26,0.0831,0.2857,1860.87,8.9,704.4,45,1,0,0.968
2024-04-22,Facebook,FB_Sports_Banner,BR,T2,17780,509,0.0286,60.27,0.118,34,8,0.0668,0.2353,302.73,7.53,402.3,21,0,0,0.969
2024-04-22,Facebook,FB_Slots_Video,PL,T2,31481,1190,0.0378,108.71,0.091,107,25,0.0899,0.2336,1089.56,4.35,902.3,44,0,0,0.966
2024-04-22,Facebook,FB_Slots_Video,NG,T3,22816,590,0.0259,21.79,0.037,43,12,0.0729,0.2791,24.0,1.82,10.1,10,0,0,0.969
2024-04-22,Facebook,FB_Casino_CreativeA,CA,T1,45206,1489,0.0329,353.23,0.237,237,41,0.1592,0.173,2953.78,8.62,736.2,30,2,0,0.967
2024-04-22,Facebook,FB_Sports_Banner,AU,T1,22653,637,0.0281,174.49,0.274,49,11,0.0769,0.2245,860.85,15.86,393.4,23,0,0,0.968
2024-04-22,Facebook,FB_Slots_Video,IN,T3,40328,1307,0.0324,53.71,0.041,143,33,0.1094,0.2308,266.07,1.63,395.4,42,0,0,0.974
2024-04-22,Google_Search,GG_Slots_KW_Generic,DE,T1,36485,1238,0.0339,886.53,0.716,165,45,0.1333,0.2727,4887.15,19.7,451.3,18,0,0,0.99
2024-04-22,Google_Search,GG_Slots_KW_Generic,BR,T2,39863,1518,0.0381,378.47,0.249,304,72,0.2003,0.2368,3524.74,5.26,831.3,14,0,0,0.991
2024-04-22,Google_Search,GG_Slots_KW_Generic,PL,T2,16568,518,0.0313,191.5,0.37,65,23,0.1255,0.3538,1436.91,8.33,650.3,3,0,0,0.991
2024-04-22,Google_Search,GG_Casino_KW_Brand,NG,T3,38341,1606,0.0419,93.53,0.058,199,58,0.1239,0.2915,183.4,1.61,96.1,21,0,0,0.99
2024-04-22,Google_Search,GG_Slots_KW_Generic,CA,T1,21601,664,0.0307,497.41,0.749,88,25,0.1325,0.2841,2617.48,19.9,426.2,7,0,0,0.991
2024-04-22,Google_Search,GG_Casino_KW_Brand,AU,T1,24217,1117,0.0461,576.16,0.516,138,27,0.1235,0.1957,2891.81,21.34,401.9,8,0,0,0.989
2024-04-22,Google_Search,GG_Casino_KW_Brand,IN,T3,24504,773,0.0315,84.91,0.11,133,49,0.1721,0.3684,1218.76,1.73,1335.4,6,0,0,0.991
2024-04-22,Push_Network,Push_Casino_Retarget,DE,T1,29076,437,0.015,55.93,0.128,14,1,0.032,0.0714,33.7,55.93,-39.7,58,0,0,0.852
2024-04-22,Push_Network,Push_iGaming_Broad,BR,T2,10645,345,0.0324,6.0,0.017,12,1,0.0348,0.0833,7.11,6.0,18.5,54,0,0,0.868
2024-04-22,Push_Network,Push_iGaming_Broad,PL,T2,43520,1223,0.0281,28.15,0.023,48,7,0.0392,0.1458,14.0,4.02,-50.3,251,1,0,0.852
2024-04-22,Push_Network,Push_Casino_Retarget,NG,T3,15769,217,0.0138,2.45,0.011,7,0,0.0323,0.0,0.0,,-100.0,17,0,0,0.885
2024-04-22,Push_Network,Push_Casino_Retarget,CA,T1,46770,831,0.0178,75.85,0.091,29,3,0.0349,0.1034,94.9,25.28,25.1,84,1,0,0.857
2024-04-22,Push_Network,Push_Casino_Retarget,AU,T1,38139,988,0.0259,57.0,0.058,26,2,0.0263,0.0769,73.45,28.5,28.9,131,1,0,0.834
2024-04-22,Push_Network,Push_Casino_Retarget,IN,T3,44611,223,0.005,11.17,0.05,11,1,0.0493,0.0909,11.65,11.17,4.3,24,0,0,0.837
2024-04-22,Native_Ads,Native_Review_Article,DE,T1,11040,94,0.0085,62.47,0.665,6,0,0.0638,0.0,0.0,,-100.0,3,0,0,0.947
2024-04-22,Native_Ads,Native_Review_Article,BR,T2,27106,516,0.019,46.86,0.091,32,7,0.062,0.2188,96.87,6.69,106.7,26,0,0,0.932
2024-04-22,Native_Ads,Native_Review_Article,PL,T2,13754,263,0.0191,26.47,0.101,21,4,0.0798,0.1905,101.42,6.62,283.2,11,0,0,0.952
2024-04-22,Native_Ads,Native_Bonus_Landing,NG,T3,52680,1213,0.023,22.53,0.019,96,18,0.0791,0.1875,36.0,1.25,59.8,104,1,0,0.935
2024-04-22,Native_Ads,Native_Review_Article,CA,T1,13747,90,0.0065,71.03,0.789,7,1,0.0778,0.1429,64.36,71.03,-9.4,5,0,0,0.943
2024-04-22,Native_Ads,Native_Bonus_Landing,AU,T1,13621,167,0.0123,66.35,0.397,5,1,0.0299,0.2,65.35,66.35,-1.5,5,0,0,0.943
2024-04-22,Native_Ads,Native_Bonus_Landing,IN,T3,13828,232,0.0168,9.33,0.04,18,2,0.0776,0.1111,18.06,4.67,93.6,8,0,0,0.951
2024-04-22,TikTok,TT_Sports_Short,DE,T1,35907,784,0.0218,228.25,0.291,64,13,0.0816,0.2031,778.99,17.56,241.3,47,1,0,0.934
2024-04-22,TikTok,TT_Casino_UGC,BR,T2,33655,780,0.0232,65.77,0.084,50,7,0.0641,0.14,156.69,9.4,138.2,88,1,0,0.908
2024-04-22,TikTok,TT_Sports_Short,PL,T2,32170,825,0.0256,79.92,0.097,58,11,0.0703,0.1897,227.98,7.27,185.3,57,1,0,0.928
2024-04-22,TikTok,TT_Sports_Short,NG,T3,28115,504,0.0179,17.06,0.034,28,4,0.0556,0.1429,67.35,4.26,294.8,37,0,0,0.921
2024-04-22,TikTok,TT_Sports_Short,CA,T1,23409,511,0.0218,140.02,0.274,33,4,0.0646,0.1212,186.56,35.01,33.2,50,0,0,0.926
2024-04-22,TikTok,TT_Casino_UGC,AU,T1,25036,125,0.005,143.87,1.151,10,1,0.08,0.1,41.23,143.87,-71.3,6,0,0,0.928
2024-04-22,TikTok,TT_Sports_Short,IN,T3,15198,317,0.0209,14.94,0.047,19,2,0.0599,0.1053,13.74,7.47,-8.0,25,0,0,0.911
2024-04-22,Affiliate_SEO,SEO_CasinoReview_DE,DE,T1,19176,428,0.0223,0.0,,84,36,0.1963,0.4286,4692.47,,,10,0,0,0.981
2024-04-22,Affiliate_SEO,SEO_CasinoReview_DE,BR,T2,25774,677,0.0263,0.0,,128,51,0.1891,0.3984,2598.84,,,14,0,0,0.981
2024-04-22,Affiliate_SEO,SEO_BonusGuide_BR,PL,T2,28833,659,0.0229,0.0,,179,65,0.2716,0.3631,3817.3,,,16,1,0,0.982
2024-04-22,Affiliate_SEO,SEO_CasinoReview_DE,NG,T3,3454,67,0.0194,0.0,,10,2,0.1493,0.2,22.7,,,1,0,0,0.976
2024-04-22,Affiliate_SEO,SEO_BonusGuide_BR,CA,T1,37111,763,0.0206,0.0,,213,90,0.2792,0.4225,9649.99,,,16,1,0,0.981
2024-04-22,Affiliate_SEO,SEO_CasinoReview_DE,AU,T1,13923,330,0.0237,0.0,,70,28,0.2121,0.4,2450.23,,,4,0,0,0.977
2024-04-22,Affiliate_SEO,SEO_CasinoReview_DE,IN,T3,11923,263,0.0221,0.0,,33,7,0.1255,0.2121,178.57,,,3,0,0,0.977
2024-04-23,Facebook,FB_Sports_Banner,DE,T1,7064,229,0.0324,70.07,0.306,21,4,0.0917,0.1905,329.36,17.52,370.0,4,0,0,0.964
2024-04-23,Facebook,FB_Casino_CreativeA,BR,T2,19605,897,0.0458,55.27,0.062,68,14,0.0758,0.2059,611.48,3.95,1006.4,23,0,0,0.974
2024-04-23,Facebook,FB_Slots_Video,PL,T2,23191,756,0.0326,106.48,0.141,43,8,0.0569,0.186,260.57,13.31,144.7,24,0,0,0.973
2024-04-23,Facebook,FB_Casino_CreativeA,NG,T3,18700,507,0.0271,18.75,0.037,35,6,0.069,0.1714,42.7,3.12,127.7,22,0,0,0.969
2024-04-23,Facebook,FB_Casino_CreativeA,CA,T1,28341,909,0.0321,288.37,0.317,74,11,0.0814,0.1486,903.59,26.22,213.3,18,0,0,0.968
2024-04-23,Facebook,FB_Casino_CreativeA,AU,T1,19838,1035,0.0522,186.26,0.18,82,18,0.0792,0.2195,1200.01,10.35,544.3,44,0,0,0.976
2024-04-23,Facebook,FB_Casino_CreativeA,IN,T3,19768,611,0.0309,28.24,0.046,65,18,0.1064,0.2769,333.39,1.57,1080.6,24,0,0,0.967
2024-04-23,Google_Search,GG_Sports_Betting,DE,T1,19746,623,0.0316,466.24,0.748,73,26,0.1172,0.3562,2918.31,17.93,525.9,9,0,0,0.99
2024-04-23,Google_Search,GG_Slots_KW_Generic,BR,T2,29555,1142,0.0386,260.87,0.228,192,73,0.1681,0.3802,2205.14,3.57,745.3,11,0,0,0.988
2024-04-23,Google_Search,GG_Sports_Betting,PL,T2,13964,438,0.0314,171.04,0.391,62,22,0.1416,0.3548,1109.29,7.77,548.6,2,0,0,0.99
2024-04-23,Google_Search,GG_Sports_Betting,NG,T3,38385,1386,0.0361,94.83,0.068,256,78,0.1847,0.3047,1289.32,1.22,1259.6,13,0,0,0.989
2024-04-23,Google_Search,GG_Casino_KW_Brand,CA,T1,11137,300,0.0269,290.09,0.967,42,15,0.14,0.3571,1502.4,19.34,417.9,3,0,0,0.991
2024-04-23,Google_Search,GG_Slots_KW_Generic,AU,T1,21822,1096,0.0502,511.08,0.466,186,68,0.1697,0.3656,6392.34,7.52,1150.8,9,0,0,0.992
2024-04-23,Google_Search,GG_Slots_KW_Generic,IN,T3,30639,1114,0.0364,108.2,0.097,175,71,0.1571,0.4057,2045.09,1.52,1790.1,9,0,0,0.99
2024-04-23,Push_Network,Push_Casino_Retarget,DE,T1,19007,326,0.0172,31.26,0.096,13,2,0.0399,0.1538,62.17,15.63,98.9,45,0,0,0.884
2024-04-23,Push_Network,Push_iGaming_Broad,BR,T2,36659,659,0.018,23.58,0.036,23,2,0.0349,0.087,20.3,11.79,-13.9,55,1,0,0.84
2024-04-23,Push_Network,Push_Casino_Retarget,PL,T2,15816,163,0.0103,10.74,0.066,5,0,0.0307,0.0,0.0,,-100.0,18,0,0,0.872
2024-04-23,Push_Network,Push_Casino_Retarget,NG,T3,17376,173,0.01,2.9,0.017,7,0,0.0405,0.0,0.0,,-100.0,31,0,0,0.869
2024-04-23,Push_Network,Push_iGaming_Broad,CA,T1,50887,1403,0.0276,89.62,0.064,39,4,0.0278,0.1026,119.85,22.41,33.7,199,2,0,0.832
2024-04-23,Push_Network,Push_Casino_Retarget,AU,T1,26607,449,0.0169,39.62,0.088,16,1,0.0356,0.0625,26.97,39.62,-31.9,60,0,0,0.834
2024-04-23,Push_Network,Push_Casino_Retarget,IN,T3,20089,557,0.0277,4.19,0.008,28,3,0.0503,0.1071,6.0,1.4,43.2,49,1,0,0.843
2024-04-23,Native_Ads,Native_Bonus_Landing,DE,T1,15895,308,0.0194,98.94,0.321,20,5,0.0649,0.25,437.76,19.79,342.4,13,0,0,0.933
2024-04-23,Native_Ads,Native_Bonus_Landing,BR,T2,17057,358,0.021,29.47,0.082,28,6,0.0782,0.2143,133.03,4.91,351.4,24,0,0,0.931
2024-04-23,Native_Ads,Native_Review_Article,PL,T2,20989,430,0.0205,43.76,0.102,28,3,0.0651,0.1071,80.5,14.59,84.0,34,0,0,0.929
2024-04-23,Native_Ads,Native_Bonus_Landing,NG,T3,40718,385,0.0095,20.72,0.054,27,6,0.0701,0.2222,40.64,3.45,96.1,26,0,0,0.935
2024-04-23,Native_Ads,Native_Bonus_Landing,CA,T1,23120,376,0.0163,127.28,0.339,27,5,0.0718,0.1852,343.49,25.46,169.9,20,0,0,0.942
2024-04-23,Native_Ads,Native_Bonus_Landing,AU,T1,17458,343,0.0196,87.06,0.254,23,4,0.0671,0.1739,256.66,21.77,194.8,29,0,0,0.93
2024-04-23,Native_Ads,Native_Review_Article,IN,T3,20012,467,0.0233,16.81,0.036,37,5,0.0792,0.1351,44.56,3.36,165.1,22,0,0,0.932
2024-04-23,TikTok,TT_Casino_UGC,DE,T1,29653,587,0.0198,213.87,0.364,45,7,0.0767,0.1556,423.52,30.55,98.0,31,1,0,0.913
2024-04-23,TikTok,TT_Sports_Short,BR,T2,43648,850,0.0195,79.96,0.094,51,4,0.06,0.0784,88.38,19.99,10.5,47,1,0,0.906
2024-04-23,TikTok,TT_Sports_Short,PL,T2,12930,436,0.0337,36.93,0.085,23,3,0.0528,0.1304,81.57,12.31,120.9,40,0,0,0.91
2024-04-23,TikTok,TT_Casino_UGC,NG,T3,16868,264,0.0157,10.91,0.041,19,3,0.072,0.1579,55.01,3.64,404.2,13,0,0,0.92
2024-04-23,TikTok,TT_Sports_Short,CA,T1,31150,625,0.0201,213.93,0.342,37,5,0.0592,0.1351,170.1,42.79,-20.5,38,0,0,0.933
2024-04-23,TikTok,TT_Sports_Short,AU,T1,11393,153,0.0134,68.43,0.447,9,0,0.0588,0.0,0.0,,-100.0,7,0,0,0.919
2024-04-23,TikTok,TT_Casino_UGC,IN,T3,8749,217,0.0248,8.04,0.037,20,3,0.0922,0.15,8.06,2.68,0.2,13,0,0,0.923
2024-04-23,Affiliate_SEO,SEO_CasinoReview_DE,DE,T1,60793,1136,0.0187,0.0,,223,101,0.1963,0.4529,13417.53,,,24,0,0,0.981
2024-04-23,Affiliate_SEO,SEO_BonusGuide_BR,BR,T2,8726,192,0.022,0.0,,41,8,0.2135,0.1951,399.19,,,2,0,0,0.98
2024-04-23,Affiliate_SEO,SEO_CasinoReview_DE,PL,T2,12440,247,0.0199,0.0,,55,22,0.2227,0.4,1252.49,,,6,0,0,0.979
2024-04-23,Affiliate_SEO,SEO_BonusGuide_BR,NG,T3,1804,29,0.0161,0.0,,5,1,0.1724,0.2,16.25,,,0,0,0,0.982
2024-04-23,Affiliate_SEO,SEO_BonusGuide_BR,CA,T1,32238,578,0.0179,0.0,,123,55,0.2128,0.4472,5843.04,,,11,0,0,0.98
2024-04-23,Affiliate_SEO,SEO_CasinoReview_DE,AU,T1,18140,492,0.0271,0.0,,118,39,0.2398,0.3305,4598.79,,,13,0,0,0.978
2024-04-23,Affiliate_SEO,SEO_BonusGuide_BR,IN,T3,4573,110,0.0241,0.0,,22,7,0.2,0.3182,120.02,,,1,0,0,0.981
2024-04-24,Facebook,FB_Slots_Video,DE,T1,12960,472,0.0364,138.81,0.294,46,12,0.0975,0.2609,919.9,11.57,562.7,16,0,0,0.968
2024-04-24,Facebook,FB_Slots_Video,BR,T2,18598,798,0.0429,65.33,0.082,76,17,0.0952,0.2237,646.09,3.84,889.0,14,0,0,0.969
2024-04-24,Facebook,FB_Sports_Banner,PL,T2,42471,1119,0.0263,186.86,0.167,64,21,0.0572,0.3281,1128.84,8.9,504.1,27,0,0,0.975
2024-04-24,Facebook,FB_Slots_Video,NG,T3,27513,992,0.0361,24.14,0.024,71,15,0.0716,0.2113,38.7,1.61,60.3,36,0,0,0.972
2024-04-24,Facebook,FB_Slots_Video,CA,T1,24433,879,0.036,192.8,0.219,89,21,0.1013,0.236,1611.13,9.18,735.6,29,0,0,0.972
2024-04-24,Facebook,FB_Sports_Banner,AU,T1,26842,1103,0.0411,248.95,0.226,149,29,0.1351,0.1946,2196.33,8.58,782.2,36,0,0,0.968
2024-04-24,Facebook,FB_Slots_Video,IN,T3,36372,907,0.0249,55.58,0.061,51,11,0.0562,0.2157,51.18,5.05,-7.9,32,0,0,0.967
2024-04-24,Google_Search,GG_Sports_Betting,DE,T1,15330,548,0.0357,459.23,0.838,95,21,0.1734,0.2211,2073.54,21.87,351.5,4,0,0,0.988
2024-04-24,Google_Search,GG_Casino_KW_Brand,BR,T2,50410,1957,0.0388,429.26,0.219,236,72,0.1206,0.3051,2761.44,5.96,543.3,11,0,0,0.991
2024-04-24,Google_Search,GG_Slots_KW_Generic,PL,T2,29787,988,0.0332,274.01,0.277,134,40,0.1356,0.2985,1823.31,6.85,565.4,7,0,0,0.99
2024-04-24,Google_Search,GG_Sports_Betting,NG,T3,14348,434,0.0302,38.77,0.089,89,32,0.2051,0.3596,752.96,1.21,1842.1,4,0,0,0.989
2024-04-24,Google_Search,GG_Sports_Betting,CA,T1,31269,1162,0.0372,765.42,0.659,112,21,0.0964,0.1875,1949.86,36.45,154.7,16,0,0,0.99
2024-04-24,Google_Search,GG_Sports_Betting,AU,T1,57102,2290,0.0401,1445.31,0.631,311,67,0.1358,0.2154,6877.12,21.57,375.8,34,1,0,0.989
2024-04-24,Google_Search,GG_Sports_Betting,IN,T3,35763,1065,0.0298,110.59,0.104,154,52,0.1446,0.3377,1186.39,2.13,972.8,5,0,0,0.992
2024-04-24,Push_Network,Push_Casino_Retarget,DE,T1,31238,513,0.0164,52.53,0.102,16,2,0.0312,0.125,62.17,26.27,18.4,40,0,0,0.865
2024-04-24,Push_Network,Push_iGaming_Broad,BR,T2,13734,254,0.0185,7.54,0.03,6,0,0.0236,0.0,0.0,,-100.0,46,0,0,0.845
2024-04-24,Push_Network,Push_Casino_Retarget,PL,T2,41118,627,0.0152,31.04,0.05,23,2,0.0367,0.087,44.8,15.52,44.3,119,1,0,0.834
2024-04-24,Push_Network,Push_iGaming_Broad,NG,T3,15158,222,0.0146,2.28,0.01,6,0,0.027,0.0,0.0,,-100.0,18,0,0,0.883
2024-04-24,Push_Network,Push_Casino_Retarget,CA,T1,30833,680,0.0221,46.42,0.068,30,4,0.0441,0.1333,104.09,11.61,124.2,72,0,0,0.87
2024-04-24,Push_Network,Push_iGaming_Broad,AU,T1,13172,306,0.0232,19.67,0.064,15,1,0.049,0.0667,32.17,19.67,63.5,38,0,0,0.846
2024-04-24,Push_Network,Push_Casino_Retarget,IN,T3,29788,578,0.0194,6.49,0.011,25,2,0.0433,0.08,4.95,3.25,-23.7,73,1,0,0.852
2024-04-24,Native_Ads,Native_Review_Article,DE,T1,12181,181,0.0149,59.85,0.331,7,1,0.0387,0.1429,60.27,59.85,0.7,5,0,0,0.933
2024-04-24,Native_Ads,Native_Bonus_Landing,BR,T2,13752,98,0.0071,27.44,0.28,7,1,0.0714,0.1429,29.15,27.44,6.2,3,0,0,0.934
2024-04-24,Native_Ads,Native_Bonus_Landing,PL,T2,21734,145,0.0067,45.37,0.313,11,2,0.0759,0.1818,96.28,22.68,112.2,10,0,0,0.94
2024-04-24,Native_Ads,Native_Bonus_Landing,NG,T3,25711,530,0.0206,12.59,0.024,37,7,0.0698,0.1892,113.67,1.8,802.9,37,0,0,0.943
2024-04-24,Native_Ads,Native_Bonus_Landing,CA,T1,22350,544,0.0243,100.21,0.184,31,8,0.057,0.2581,557.9,12.53,456.7,20,0,0,0.95
2024-04-24,Native_Ads,Native_Review_Article,AU,T1,26791,498,0.0186,135.69,0.272,32,4,0.0643,0.125,306.82,33.92,126.1,30,0,0,0.945
2024-04-24,Native_Ads,Native_Bonus_Landing,IN,T3,12244,287,0.0234,9.28,0.032,18,4,0.0627,0.2222,14.19,2.32,52.9,21,0,0,0.929
2024-04-24,TikTok,TT_Casino_UGC,DE,T1,14990,280,0.0187,107.28,0.383,20,2,0.0714,0.1,84.1,53.64,-21.6,11,0,0,0.906
2024-04-24,TikTok,TT_Casino_UGC,BR,T2,10963,301,0.0275,25.49,0.085,20,2,0.0664,0.1,12.4,12.74,-51.4,21,0,0,0.921
2024-04-24,TikTok,TT_Casino_UGC,PL,T2,67366,1430,0.0212,206.58,0.144,77,11,0.0538,0.1429,314.98,18.78,52.5,104,1,0,0.926
2024-04-24,TikTok,TT_Sports_Short,NG,T3,59229,2080,0.0351,39.12,0.019,90,15,0.0433,0.1667,30.0,2.61,-23.3,184,2,0,0.915
2024-04-24,TikTok,TT_Casino_UGC,CA,T1,15805,283,0.0179,92.43,0.327,11,1,0.0389,0.0909,46.64,92.43,-49.5,32,0,0,0.921
2024-04-24,TikTok,TT_Casino_UGC,AU,T1,41309,1026,0.0248,242.23,0.236,62,9,0.0604,0.1452,286.48,26.91,18.3,78,1,0,0.935
2024-04-24,TikTok,TT_Casino_UGC,IN,T3,15010,268,0.0179,14.7,0.055,13,2,0.0485,0.1538,4.0,7.35,-72.8,13,0,0,0.92
2024-04-24,Affiliate_SEO,SEO_CasinoReview_DE,DE,T1,14583,321,0.022,0.0,,76,33,0.2368,0.4342,4659.81,,,5,0,0,0.982
2024-04-24,Affiliate_SEO,SEO_BonusGuide_BR,BR,T2,2529,15,0.0059,0.0,,3,0,0.2,0.0,0.0,,,0,0,0,0.983
2024-04-24,Affiliate_SEO,SEO_BonusGuide_BR,PL,T2,19883,558,0.0281,0.0,,102,47,0.1828,0.4608,2796.65,,,12,0,0,0.983
2024-04-24,Affiliate_SEO,SEO_BonusGuide_BR,NG,T3,2577,86,0.0334,0.0,,15,5,0.1744,0.3333,102.13,,,1,0,0,0.98
2024-04-24,Affiliate_SEO,SEO_BonusGuide_BR,CA,T1,42949,718,0.0167,0.0,,153,49,0.2131,0.3203,4962.9,,,10,1,0,0.98
2024-04-24,Affiliate_SEO,SEO_CasinoReview_DE,AU,T1,14064,338,0.024,0.0,,95,32,0.2811,0.3368,3599.56,,,9,0,0,0.98
2024-04-24,Affiliate_SEO,SEO_CasinoReview_DE,IN,T3,3065,41,0.0134,0.0,,11,4,0.2683,0.3636,79.84,,,0,0,0,0.979
2024-04-25,Facebook,FB_Casino_CreativeA,DE,T1,44895,1711,0.0381,379.97,0.222,184,45,0.1075,0.2446,3805.52,8.44,901.5,47,1,0,0.971
2024-04-25,Facebook,FB_Sports_Banner,BR,T2,23614,713,0.0302,69.75,0.098,62,10,0.087,0.1613,268.69,6.97,285.2,24,0,0,0.975
2024-04-25,Facebook,FB_Sports_Banner,PL,T2,51689,2103,0.0407,220.06,0.105,191,41,0.0908,0.2147,1354.77,5.37,515.6,91,2,0,0.965
2024-04-25,Facebook,FB_Slots_Video,NG,T3,32049,1096,0.0342,25.09,0.023,109,30,0.0995,0.2752,60.0,0.84,139.1,17,0,0,0.972
2024-04-25,Facebook,FB_Slots_Video,CA,T1,17637,527,0.0299,153.05,0.29,38,8,0.0721,0.2105,554.95,19.13,262.6,16,0,0,0.965
2024-04-25,Facebook,FB_Slots_Video,AU,T1,15299,447,0.0292,142.2,0.318,38,9,0.085,0.2368,644.38,15.8,353.2,11,0,0,0.966
2024-04-25,Facebook,FB_Sports_Banner,IN,T3,14239,684,0.048,21.72,0.032,71,16,0.1038,0.2254,360.69,1.36,1560.6,23,0,0,0.974
2024-04-25,Google_Search,GG_Slots_KW_Generic,DE,T1,29060,778,0.0268,709.07,0.911,111,39,0.1427,0.3514,3504.96,18.18,394.3,4,0,0,0.991
2024-04-25,Google_Search,GG_Sports_Betting,BR,T2,15410,399,0.0259,132.81,0.333,55,10,0.1378,0.1818,352.99,13.28,165.8,3,0,0,0.992
2024-04-25,Google_Search,GG_Slots_KW_Generic,PL,T2,15154,709,0.0468,159.25,0.225,84,26,0.1185,0.3095,1287.27,6.12,708.3,4,0,0,0.99
2024-04-25,Google_Search,GG_Slots_KW_Generic,NG,T3,11661,537,0.0461,29.06,0.054,62,17,0.1155,0.2742,174.62,1.71,500.9,6,0,0,0.988
2024-04-25,Google_Search,GG_Casino_KW_Brand,CA,T1,13564,587,0.0433,354.05,0.603,58,23,0.0988,0.3966,2217.78,15.39,526.4,7,0,0,0.99
2024-04-25,Google_Search,GG_Casino_KW_Brand,AU,T1,24611,637,0.0259,570.06,0.895,91,25,0.1429,0.2747,2276.31,22.8,299.3,7,0,0,0.99
2024-04-25,Google_Search,GG_Slots_KW_Generic,IN,T3,58471,1760,0.0301,207.77,0.118,316,62,0.1795,0.1962,1201.39,3.35,478.2,23,1,0,0.992
2024-04-25,Push_Network,Push_Casino_Retarget,DE,T1,24760,650,0.0263,47.08,0.072,37,5,0.0569,0.1351,156.97,9.42,233.4,93,0,0,0.852
2024-04-25,Push_Network,Push_iGaming_Broad,BR,T2,11279,181,0.016,5.52,0.03,5,0,0.0276,0.0,0.0,,-100.0,13,0,0,0.836
2024-04-25,Push_Network,Push_iGaming_Broad,PL,T2,11143,283,0.0254,7.71,0.027,10,1,0.0353,0.1,8.75,7.71,13.5,25,0,0,0.852
2024-04-25,Push_Network,Push_iGaming_Broad,NG,T3,17620,180,0.0102,2.84,0.016,8,0,0.0444,0.0,0.0,,-100.0,33,0,0,0.876
2024-04-25,Push_Network,Push_iGaming_Broad,CA,T1,14684,405,0.0276,23.46,0.058,15,2,0.037,0.1333,43.25,11.73,84.4,52,0,0,0.875
2024-04-25,Push_Network,Push_Casino_Retarget,AU,T1,15278,388,0.0254,23.8,0.061,14,1,0.0361,0.0714,36.6,23.8,53.8,56,0,0,0.837
2024-04-25,Push_Network,Push_iGaming_Broad,IN,T3,31403,633,0.0202,7.05,0.011,28,3,0.0442,0.1071,31.96,2.35,353.3,101,1,0,0.849
2024-04-25,Native_Ads,Native_Review_Article,DE,T1,7496,162,0.0216,44.87,0.277,14,3,0.0864,0.2143,176.05,14.96,292.4,13,0,0,0.945
2024-04-25,Native_Ads,Native_Bonus_Landing,BR,T2,17037,386,0.0227,34.01,0.088,26,5,0.0674,0.1923,100.33,6.8,195.0,19,0,0,0.941
2024-04-25,Native_Ads,Native_Bonus_Landing,PL,T2,27446,530,0.0193,52.89,0.1,33,9,0.0623,0.2727,178.81,5.88,238.1,26,0,0,0.944
2024-04-25,Native_Ads,Native_Bonus_Landing,NG,T3,46559,733,0.0157,26.4,0.036,39,7,0.0532,0.1795,104.32,3.77,295.2,59,1,0,0.929
2024-04-25,Native_Ads,Native_Bonus_Landing,CA,T1,11642,315,0.0271,66.4,0.211,32,3,0.1016,0.0938,165.57,22.13,149.4,17,0,0,0.941
2024-04-25,Native_Ads,Native_Review_Article,AU,T1,8322,178,0.0214,38.74,0.218,14,1,0.0787,0.0714,48.98,38.74,26.4,5,0,0,0.943
2024-04-25,Native_Ads,Native_Review_Article,IN,T3,24512,586,0.0239,17.33,0.03,30,3,0.0512,0.1,39.3,5.78,126.8,29,0,0,0.944
2024-04-25,TikTok,TT_Casino_UGC,DE,T1,20965,471,0.0225,140.93,0.299,32,6,0.0679,0.1875,233.66,23.49,65.8,45,0,0,0.907
2024-04-25,TikTok,TT_Casino_UGC,BR,T2,19865,517,0.026,38.06,0.074,30,4,0.058,0.1333,53.74,9.52,41.2,23,1,0,0.906
2024-04-25,TikTok,TT_Sports_Short,PL,T2,10468,220,0.021,31.88,0.145,12,1,0.0545,0.0833,22.76,31.88,-28.6,9,0,0,0.919
2024-04-25,TikTok,TT_Sports_Short,NG,T3,29108,890,0.0306,19.13,0.021,52,10,0.0584,0.1923,234.24,1.91,1124.5,92,1,0,0.929
2024-04-25,TikTok,TT_Casino_UGC,CA,T1,12994,427,0.0329,77.1,0.181,25,4,0.0585,0.16,217.76,19.27,182.4,38,0,0,0.92
2024-04-25,TikTok,TT_Casino_UGC,AU,T1,59658,868,0.0145,295.29,0.34,59,6,0.068,0.1017,266.42,49.22,-9.8,81,0,0,0.906
2024-04-25,TikTok,TT_Sports_Short,IN,T3,27062,712,0.0263,21.85,0.031,47,9,0.066,0.1915,112.45,2.43,414.6,76,1,0,0.931
2024-04-25,Affiliate_SEO,SEO_CasinoReview_DE,DE,T1,20271,302,0.0149,0.0,,61,16,0.202,0.2623,2105.23,,,3,0,0,0.977
2024-04-25,Affiliate_SEO,SEO_BonusGuide_BR,BR,T2,14642,198,0.0135,0.0,,49,16,0.2475,0.3265,979.52,,,2,0,0,0.978
2024-04-25,Affiliate_SEO,SEO_BonusGuide_BR,PL,T2,10790,171,0.0158,0.0,,33,14,0.193,0.4242,700.61,,,2,0,0,0.979
2024-04-25,Affiliate_SEO,SEO_CasinoReview_DE,NG,T3,737,19,0.0258,0.0,,3,0,0.1579,0.0,0.0,,,0,0,0,0.977
2024-04-25,Affiliate_SEO,SEO_BonusGuide_BR,CA,T1,29446,870,0.0295,0.0,,204,87,0.2345,0.4265,9696.92,,,24,1,0,0.977
2024-04-25,Affiliate_SEO,SEO_BonusGuide_BR,AU,T1,37080,893,0.0241,0.0,,204,56,0.2284,0.2745,5811.96,,,25,1,0,0.977
2024-04-25,Affiliate_SEO,SEO_CasinoReview_DE,IN,T3,1147,25,0.0218,0.0,,5,1,0.2,0.2,21.77,,,0,0,0,0.981
2024-04-26,Facebook,FB_Slots_Video,DE,T1,51080,1992,0.039,437.94,0.22,161,36,0.0808,0.2236,3036.48,12.16,593.4,74,2,0,0.969
2024-04-26,Facebook,FB_Sports_Banner,BR,T2,10612,408,0.0384,29.79,0.073,37,13,0.0907,0.3514,350.54,2.29,1076.7,16,0,0,0.972
2024-04-26,Facebook,FB_Casino_CreativeA,PL,T2,11225,440,0.0392,49.55,0.113,40,13,0.0909,0.325,664.24,3.81,1240.5,12,0,0,0.966
2024-04-26,Facebook,FB_Casino_CreativeA,NG,T3,24635,1125,0.0457,22.15,0.02,112,24,0.0996,0.2143,532.63,0.92,2304.7,37,0,0,0.976
2024-04-26,Facebook,FB_Slots_Video,CA,T1,36399,1038,0.0285,288.67,0.278,89,21,0.0857,0.236,1164.72,13.75,303.5,31,0,0,0.972
2024-04-26,Facebook,FB_Slots_Video,AU,T1,25840,1070,0.0414,232.51,0.217,151,43,0.1411,0.2848,2599.97,5.41,1018.2,19,1,0,0.968
2024-04-26,Facebook,FB_Casino_CreativeA,IN,T3,11331,629,0.0555,14.21,0.023,62,15,0.0986,0.2419,290.49,0.95,1944.3,18,0,0,0.969
2024-04-26,Google_Search,GG_Sports_Betting,DE,T1,34673,1180,0.034,856.03,0.725,148,45,0.1254,0.3041,5127.85,19.02,499.0,7,0,0,0.989
2024-04-26,Google_Search,GG_Sports_Betting,BR,T2,51729,1457,0.0282,470.06,0.323,178,46,0.1222,0.2584,1582.08,10.22,236.6,14,0,0,0.988
2024-04-26,Google_Search,GG_Sports_Betting,PL,T2,51089,2422,0.0474,621.98,0.257,378,122,0.1561,0.3228,5627.24,5.1,804.7,14,1,0,0.988
2024-04-26,Google_Search,GG_Slots_KW_Generic,NG,T3,7430,339,0.0456,18.02,0.053,59,17,0.174,0.2881,255.28,1.06,1316.6,2,0,0,0.99
2024-04-26,Google_Search,GG_Sports_Betting,CA,T1,18370,510,0.0278,413.41,0.811,64,20,0.1255,0.3125,1701.3,20.67,311.5,6,0,0,0.991
2024-04-26,Google_Search,GG_Slots_KW_Generic,AU,T1,25772,975,0.0378,560.2,0.575,112,31,0.1149,0.2768,2827.44,18.07,404.7,12,0,0,0.989
2024-04-26,Google_Search,GG_Sports_Betting,IN,T3,15736,611,0.0388,58.99,0.097,74,30,0.1211,0.4054,355.25,1.97,502.2,7,0,0,0.99
2024-04-26,Push_Network,Push_Casino_Retarget,DE,T1,35939,333,0.0093,69.92,0.21,10,1,0.03,0.1,32.25,69.92,-53.9,25,0,0,0.832
2024-04-26,Push_Network,Push_Casino_Retarget,BR,T2,9350,202,0.0216,5.94,0.029,6,0,0.0297,0.0,0.0,,-100.0,35,0,0,0.879
2024-04-26,Push_Network,Push_iGaming_Broad,PL,T2,38444,1084,0.0282,27.12,0.025,47,5,0.0434,0.1064,91.88,5.42,238.8,107,1,0,0.861
2024-04-26,Push_Network,Push_iGaming_Broad,NG,T3,23274,517,0.0222,3.46,0.007,22,2,0.0426,0.0909,4.0,1.73,15.6,63,1,0,0.836
2024-04-26,Push_Network,Push_iGaming_Broad,CA,T1,18074,375,0.0207,30.25,0.081,19,2,0.0507,0.1053,55.36,15.12,83.0,48,0,0,0.85
2024-04-26,Push_Network,Push_iGaming_Broad,AU,T1,15926,383,0.024,26.61,0.069,15,1,0.0392,0.0667,19.34,26.61,-27.3,50,0,0,0.875
2024-04-26,Push_Network,Push_Casino_Retarget,IN,T3,32593,740,0.0227,7.06,0.01,26,3,0.0351,0.1154,9.23,2.35,30.7,114,0,0,0.832
2024-04-26,Native_Ads,Native_Review_Article,DE,T1,29660,880,0.0297,149.51,0.17,53,11,0.0602,0.2075,729.98,13.59,388.2,49,1,0,0.951
2024-04-26,Native_Ads,Native_Bonus_Landing,BR,T2,23473,370,0.0158,39.43,0.107,32,4,0.0865,0.125,121.83,9.86,209.0,22,0,0,0.935
2024-04-26,Native_Ads,Native_Bonus_Landing,PL,T2,14792,410,0.0277,31.94,0.078,24,4,0.0585,0.1667,47.0,7.99,47.2,22,0,0,0.93
2024-04-26,Native_Ads,Native_Review_Article,NG,T3,30058,739,0.0246,13.39,0.018,33,9,0.0447,0.2727,200.28,1.49,1395.7,43,0,0,0.929
2024-04-26,Native_Ads,Native_Bonus_Landing,CA,T1,29047,737,0.0254,129.72,0.176,52,9,0.0706,0.1731,556.86,14.41,329.3,53,0,0,0.95
2024-04-26,Native_Ads,Native_Bonus_Landing,AU,T1,15973,388,0.0243,69.13,0.178,23,4,0.0593,0.1739,224.31,17.28,224.5,27,0,0,0.949
2024-04-26,Native_Ads,Native_Review_Article,IN,T3,14324,130,0.0091,10.8,0.083,9,1,0.0692,0.1111,25.05,10.8,131.9,7,0,0,0.939
2024-04-26,TikTok,TT_Sports_Short,DE,T1,33502,615,0.0184,189.78,0.309,34,5,0.0553,0.1471,247.32,37.96,30.3,56,0,0,0.914
2024-04-26,TikTok,TT_Sports_Short,BR,T2,26675,888,0.0333,62.73,0.071,41,6,0.0462,0.1463,106.59,10.46,69.9,94,1,0,0.924
2024-04-26,TikTok,TT_Casino_UGC,PL,T2,26728,695,0.026,72.51,0.104,24,3,0.0345,0.125,82.15,24.17,13.3,56,0,0,0.907
2024-04-26,TikTok,TT_Sports_Short,NG,T3,16580,259,0.0156,11.36,0.044,14,2,0.0541,0.1429,29.08,5.68,156.0,28,0,0,0.928
2024-04-26,TikTok,TT_Sports_Short,CA,T1,32017,772,0.0241,176.98,0.229,42,6,0.0544,0.1429,243.04,29.5,37.3,82,0,0,0.921
2024-04-26,TikTok,TT_Casino_UGC,AU,T1,32798,506,0.0154,181.95,0.36,33,5,0.0652,0.1515,195.8,36.39,7.6,35,1,0,0.925
2024-04-26,TikTok,TT_Casino_UGC,IN,T3,37308,657,0.0176,35.06,0.053,44,9,0.067,0.2045,18.0,3.9,-48.7,60,1,0,0.929
2024-04-26,Affiliate_SEO,SEO_CasinoReview_DE,DE,T1,11527,340,0.0295,0.0,,70,23,0.2059,0.3286,2961.74,,,8,0,0,0.979
2024-04-26,Affiliate_SEO,SEO_CasinoReview_DE,BR,T2,20487,360,0.0176,0.0,,101,31,0.2806,0.3069,1685.81,,,6,0,0,0.981
2024-04-26,Affiliate_SEO,SEO_BonusGuide_BR,PL,T2,6473,113,0.0175,0.0,,25,8,0.2212,0.32,546.66,,,2,0,0,0.979
2024-04-26,Affiliate_SEO,SEO_CasinoReview_DE,NG,T3,2645,38,0.0144,0.0,,10,3,0.2632,0.3,65.49,,,0,0,0,0.984
2024-04-26,Affiliate_SEO,SEO_CasinoReview_DE,CA,T1,23538,117,0.005,0.0,,30,7,0.2564,0.2333,914.51,,,1,0,0,0.977
2024-04-26,Affiliate_SEO,SEO_CasinoReview_DE,AU,T1,21310,145,0.0068,0.0,,39,17,0.269,0.4359,1889.77,,,2,0,0,0.979
2024-04-26,Affiliate_SEO,SEO_CasinoReview_DE,IN,T3,3391,97,0.0286,0.0,,27,6,0.2784,0.2222,183.15,,,2,0,0,0.981
2024-04-27,Facebook,FB_Sports_Banner,DE,T1,17088,452,0.0265,180.81,0.4,39,6,0.0863,0.1538,572.63,30.14,216.7,16,0,0,0.969
2024-04-27,Facebook,FB_Slots_Video,BR,T2,15993,308,0.0193,50.07,0.163,19,4,0.0617,0.2105,77.26,12.52,54.3,10,0,0,0.971
2024-04-27,Facebook,FB_Casino_CreativeA,PL,T2,39768,1314,0.033,177.71,0.135,113,21,0.086,0.1858,992.1,8.46,458.3,21,0,0,0.969
2024-04-27,Facebook,FB_Sports_Banner,NG,T3,17923,647,0.0361,14.58,0.023,55,12,0.085,0.2182,24.0,1.22,64.6,14,0,0,0.97
2024-04-27,Facebook,FB_Casino_CreativeA,CA,T1,25654,946,0.0369,233.91,0.247,61,19,0.0645,0.3115,1113.43,12.31,376.0,27,0,0,0.975
2024-04-27,Facebook,FB_Casino_CreativeA,AU,T1,23913,1075,0.045,176.81,0.164,106,27,0.0986,0.2547,1870.55,6.55,957.9,17,0,0,0.968
2024-04-27,Facebook,FB_Sports_Banner,IN,T3,62787,1594,0.0254,76.53,0.048,124,20,0.0778,0.1613,671.83,3.83,777.9,64,0,0,0.976
2024-04-27,Google_Search,GG_Casino_KW_Brand,DE,T1,31594,950,0.0301,903.34,0.951,125,47,0.1316,0.376,4928.98,19.22,445.6,5,0,0,0.991
2024-04-27,Google_Search,GG_Casino_KW_Brand,BR,T2,25985,827,0.0318,225.15,0.272,135,31,0.1632,0.2296,1149.25,7.26,410.4,7,0,0,0.988
2024-04-27,Google_Search,GG_Slots_KW_Generic,PL,T2,43372,1608,0.0371,485.25,0.302,296,131,0.1841,0.4426,5827.33,3.7,1100.9,20,1,0,0.988
2024-04-27,Google_Search,GG_Slots_KW_Generic,NG,T3,11181,486,0.0435,29.62,0.061,63,15,0.1296,0.2381,247.09,1.97,734.2,4,0,0,0.99
2024-04-27,Google_Search,GG_Slots_KW_Generic,CA,T1,23051,1154,0.0501,618.41,0.536,155,55,0.1343,0.3548,5472.68,11.24,785.0,15,0,0,0.989
2024-04-27,Google_Search,GG_Casino_KW_Brand,AU,T1,12874,339,0.0263,249.54,0.736,54,16,0.1593,0.2963,1620.52,15.6,549.4,4,0,0,0.99
2024-04-27,Google_Search,GG_Casino_KW_Brand,IN,T3,31869,1112,0.0349,100.25,0.09,139,45,0.125,0.3237,732.18,2.23,630.4,10,0,0,0.99
2024-04-27,Push_Network,Push_iGaming_Broad,DE,T1,32315,946,0.0293,54.72,0.058,32,4,0.0338,0.125,162.01,13.68,196.1,185,1,0,0.856
2024-04-27,Push_Network,Push_Casino_Retarget,BR,T2,53146,1401,0.0264,34.03,0.024,59,4,0.0421,0.0678,79.13,8.51,132.5,242,3,0,0.85
2024-04-27,Push_Network,Push_Casino_Retarget,PL,T2,61153,1491,0.0244,42.96,0.029,65,8,0.0436,0.1231,222.82,5.37,418.7,138,1,0,0.869
2024-04-27,Push_Network,Push_Casino_Retarget,NG,T3,52711,842,0.016,9.37,0.011,34,3,0.0404,0.0882,6.41,3.12,-31.6,129,2,0,0.839
2024-04-27,Push_Network,Push_iGaming_Broad,CA,T1,45943,1183,0.0257,80.53,0.068,43,6,0.0363,0.1395,152.2,13.42,89.0,197,1,0,0.864
2024-04-27,Push_Network,Push_Casino_Retarget,AU,T1,27577,380,0.0138,47.23,0.124,11,0,0.0289,0.0,0.0,,-100.0,40,0,0,0.885
2024-04-27,Push_Network,Push_iGaming_Broad,IN,T3,30143,604,0.02,6.6,0.011,29,3,0.048,0.1034,6.0,2.2,-9.1,69,1,0,0.84
2024-04-27,Native_Ads,Native_Bonus_Landing,DE,T1,20307,523,0.0258,96.31,0.184,30,8,0.0574,0.2667,591.54,12.04,514.2,41,0,0,0.949
2024-04-27,Native_Ads,Native_Review_Article,BR,T2,26485,569,0.0215,43.98,0.077,42,5,0.0738,0.119,46.96,8.8,6.8,50,0,0,0.938
2024-04-27,Native_Ads,Native_Review_Article,PL,T2,29241,690,0.0236,75.56,0.11,54,8,0.0783,0.1481,272.53,9.45,260.7,25,1,0,0.935
2024-04-27,Native_Ads,Native_Review_Article,NG,T3,29691,291,0.0098,13.87,0.048,25,5,0.0859,0.2,30.28,2.77,118.3,14,0,0,0.948
2024-04-27,Native_Ads,Native_Review_Article,CA,T1,30226,494,0.0163,131.54,0.266,26,4,0.0526,0.1538,287.46,32.88,118.5,19,0,0,0.935
2024-04-27,Native_Ads,Native_Review_Article,AU,T1,21614,369,0.0171,103.77,0.281,23,4,0.0623,0.1739,271.59,25.94,161.7,26,0,0,0.941
2024-04-27,Native_Ads,Native_Review_Article,IN,T3,16011,483,0.0302,13.71,0.028,37,6,0.0766,0.1622,120.74,2.29,780.7,40,0,0,0.942
2024-04-27,TikTok,TT_Casino_UGC,DE,T1,23800,358,0.015,148.02,0.413,30,4,0.0838,0.1333,191.94,37.01,29.7,28,0,0,0.918
2024-04-27,TikTok,TT_Sports_Short,BR,T2,43385,743,0.0171,83.35,0.112,50,7,0.0673,0.14,51.98,11.91,-37.6,37,1,0,0.906
2024-04-27,TikTok,TT_Casino_UGC,PL,T2,39053,727,0.0186,93.5,0.129,44,8,0.0605,0.1818,118.17,11.69,26.4,37,0,0,0.921
2024-04-27,TikTok,TT_Sports_Short,NG,T3,35248,663,0.0188,22.03,0.033,41,7,0.0618,0.1707,14.0,3.15,-36.5,34,0,0,0.925
2024-04-27,TikTok,TT_Sports_Short,CA,T1,23839,733,0.0307,161.55,0.22,36,6,0.0491,0.1667,310.18,26.93,92.0,82,0,0,0.92
2024-04-27,TikTok,TT_Sports_Short,AU,T1,21188,264,0.0125,135.44,0.513,23,4,0.0871,0.1739,176.82,33.86,30.6,13,0,0,0.924
2024-04-27,TikTok,TT_Casino_UGC,IN,T3,27752,698,0.0252,23.53,0.034,41,8,0.0587,0.1951,30.34,2.94,28.9,28,0,0,0.908
2024-04-27,Affiliate_SEO,SEO_CasinoReview_DE,DE,T1,38105,537,0.0141,0.0,,112,32,0.2086,0.2857,3915.15,,,15,0,0,0.983
2024-04-27,Affiliate_SEO,SEO_CasinoReview_DE,BR,T2,8845,223,0.0252,0.0,,42,13,0.1883,0.3095,711.59,,,5,0,0,0.981
2024-04-27,Affiliate_SEO,SEO_BonusGuide_BR,PL,T2,14472,206,0.0142,0.0,,48,13,0.233,0.2708,797.49,,,3,0,0,0.98
2024-04-27,Affiliate_SEO,SEO_CasinoReview_DE,NG,T3,4456,120,0.0269,0.0,,30,13,0.25,0.4333,158.36,,,1,0,0,0.977
2024-04-27,Affiliate_SEO,SEO_BonusGuide_BR,CA,T1,31479,742,0.0236,0.0,,179,66,0.2412,0.3687,8554.09,,,17,0,0,0.981
2024-04-27,Affiliate_SEO,SEO_CasinoReview_DE,AU,T1,28627,164,0.0057,0.0,,41,13,0.25,0.3171,1418.39,,,2,0,0,0.978
2024-04-27,Affiliate_SEO,SEO_CasinoReview_DE,IN,T3,5067,88,0.0174,0.0,,17,5,0.1932,0.2941,106.93,,,1,0,0,0.984
2024-04-28,Facebook,FB_Sports_Banner,DE,T1,32016,1942,0.0607,362.57,0.187,166,39,0.0855,0.2349,2906.46,9.3,701.6,36,1,0,0.976
2024-04-28,Facebook,FB_Casino_CreativeA,BR,T2,27476,1052,0.0383,87.06,0.083,90,21,0.0856,0.2333,653.75,4.15,650.9,22,0,0,0.965
2024-04-28,Facebook,FB_Sports_Banner,PL,T2,20360,600,0.0295,84.18,0.14,49,14,0.0817,0.2857,620.37,6.01,637.0,24,0,0,0.973
2024-04-28,Facebook,FB_Casino_CreativeA,NG,T3,41698,1398,0.0335,39.34,0.028,136,31,0.0973,0.2279,390.97,1.27,893.8,50,0,0,0.972
2024-04-28,Facebook,FB_Casino_CreativeA,CA,T1,15505,551,0.0355,127.99,0.232,59,13,0.1071,0.2203,955.45,9.85,646.5,23,0,0,0.974
2024-04-28,Facebook,FB_Casino_CreativeA,AU,T1,30356,1198,0.0395,265.46,0.222,66,7,0.0551,0.1061,597.13,37.92,124.9,34,0,0,0.974
2024-04-28,Facebook,FB_Casino_CreativeA,IN,T3,17432,677,0.0388,21.2,0.031,52,10,0.0768,0.1923,69.68,2.12,228.7,20,0,0,0.965
2024-04-28,Google_Search,GG_Slots_KW_Generic,DE,T1,18984,616,0.0324,561.83,0.912,95,23,0.1542,0.2421,2438.54,24.43,334.0,8,0,0,0.989
2024-04-28,Google_Search,GG_Casino_KW_Brand,BR,T2,30810,895,0.029,248.48,0.278,129,55,0.1441,0.4264,2150.53,4.52,765.5,8,0,0,0.99
2024-04-28,Google_Search,GG_Sports_Betting,PL,T2,44075,1359,0.0308,472.67,0.348,133,39,0.0979,0.2932,2070.01,12.12,337.9,8,0,0,0.992
2024-04-28,Google_Search,GG_Casino_KW_Brand,NG,T3,24439,700,0.0286,64.26,0.092,113,37,0.1614,0.3274,507.23,1.74,689.3,6,0,0,0.991
2024-04-28,Google_Search,GG_Sports_Betting,CA,T1,13073,593,0.0454,291.09,0.491,56,16,0.0944,0.2857,1506.34,18.19,417.5,5,0,0,0.99
2024-04-28,Google_Search,GG_Sports_Betting,AU,T1,29857,1023,0.0343,626.59,0.613,211,46,0.2063,0.218,4424.74,13.62,606.2,13,0,0,0.991
2024-04-28,Google_Search,GG_Casino_KW_Brand,IN,T3,31635,1294,0.0409,107.06,0.083,163,38,0.126,0.2331,477.37,2.82,345.9,11,0,0,0.992
2024-04-28,Push_Network,Push_iGaming_Broad,DE,T1,29151,507,0.0174,47.3,0.093,25,3,0.0493,0.12,118.19,15.77,149.9,68,0,0,0.887
2024-04-28,Push_Network,Push_iGaming_Broad,BR,T2,26979,655,0.0243,13.47,0.021,24,2,0.0366,0.0833,24.9,6.74,84.9,67,1,0,0.882
2024-04-28,Push_Network,Push_Casino_Retarget,PL,T2,46363,1087,0.0234,28.72,0.026,35,3,0.0322,0.0857,42.25,9.57,47.1,96,0,0,0.876
2024-04-28,Push_Network,Push_iGaming_Broad,NG,T3,41819,1088,0.026,5.92,0.005,47,6,0.0432,0.1277,56.79,0.99,859.3,140,2,0,0.843
2024-04-28,Push_Network,Push_Casino_Retarget,CA,T1,30292,231,0.0076,50.11,0.217,9,1,0.039,0.1111,32.02,50.11,-36.1,44,0,0,0.861
2024-04-28,Push_Network,Push_Casino_Retarget,AU,T1,27420,772,0.0282,41.88,0.054,25,3,0.0324,0.12,61.81,13.96,47.6,98,1,0,0.858
2024-04-28,Push_Network,Push_iGaming_Broad,IN,T3,28513,808,0.0283,6.52,0.008,32,2,0.0396,0.0625,23.16,3.26,255.2,69,1,0,0.878
2024-04-28,Native_Ads,Native_Review_Article,DE,T1,22391,352,0.0157,124.06,0.352,21,4,0.0597,0.1905,281.48,31.02,126.9,20,0,0,0.929
2024-04-28,Native_Ads,Native_Review_Article,BR,T2,58083,1086,0.0187,95.59,0.088,76,10,0.07,0.1316,271.46,9.56,184.0,73,0,0,0.933
2024-04-28,Native_Ads,Native_Review_Article,PL,T2,19822,541,0.0273,45.4,0.084,33,7,0.061,0.2121,218.27,6.49,380.8,35,0,0,0.935
2024-04-28,Native_Ads,Native_Bonus_Landing,NG,T3,19655,481,0.0245,9.3,0.019,34,7,0.0707,0.2059,73.55,1.33,690.9,20,0,0,0.936
2024-04-28,Native_Ads,Native_Bonus_Landing,CA,T1,24052,321,0.0133,133.83,0.417,24,3,0.0748,0.125,203.67,44.61,52.2,17,0,0,0.935
2024-04-28,Native_Ads,Native_Review_Article,AU,T1,31311,775,0.0248,145.56,0.188,52,6,0.0671,0.1154,296.85,24.26,103.9,58,1,0,0.934
2024-04-28,Native_Ads,Native_Bonus_Landing,IN,T3,16938,378,0.0223,11.26,0.03,28,4,0.0741,0.1429,68.78,2.81,510.8,15,0,0,0.94
2024-04-28,TikTok,TT_Sports_Short,DE,T1,32282,807,0.025,241.98,0.3,27,4,0.0335,0.1481,203.1,60.49,-16.1,74,0,0,0.91
2024-04-28,TikTok,TT_Casino_UGC,BR,T2,36815,775,0.0211,85.4,0.11,38,5,0.049,0.1316,11.0,17.08,-87.1,85,0,0,0.934
2024-04-28,TikTok,TT_Casino_UGC,PL,T2,21921,309,0.0141,59.78,0.193,28,4,0.0906,0.1429,106.45,14.95,78.1,30,0,0,0.918
2024-04-28,TikTok,TT_Casino_UGC,NG,T3,42364,1187,0.028,21.79,0.018,54,7,0.0455,0.1296,36.56,3.11,67.8,63,1,0,0.919
2024-04-28,TikTok,TT_Sports_Short,CA,T1,37254,559,0.015,217.45,0.389,32,2,0.0572,0.0625,102.8,108.72,-52.7,29,0,0,0.934
2024-04-28,TikTok,TT_Casino_UGC,AU,T1,43019,970,0.0225,220.46,0.227,47,8,0.0485,0.1702,331.18,27.56,50.2,95,0,0,0.922
2024-04-28,TikTok,TT_Casino_UGC,IN,T3,24172,638,0.0264,19.69,0.031,39,6,0.0611,0.1538,89.37,3.28,353.9,68,1,0,0.92
2024-04-28,Affiliate_SEO,SEO_CasinoReview_DE,DE,T1,27409,511,0.0186,0.0,,91,30,0.1781,0.3297,3433.31,,,14,0,0,0.983
2024-04-28,Affiliate_SEO,SEO_CasinoReview_DE,BR,T2,10485,148,0.0141,0.0,,41,14,0.277,0.3415,629.81,,,1,0,0,0.981
2024-04-28,Affiliate_SEO,SEO_BonusGuide_BR,PL,T2,12173,201,0.0165,0.0,,67,16,0.3333,0.2388,1020.68,,,4,0,0,0.983
2024-04-28,Affiliate_SEO,SEO_CasinoReview_DE,NG,T3,2839,26,0.0092,0.0,,6,1,0.2308,0.1667,21.39,,,0,0,0,0.979
2024-04-28,Affiliate_SEO,SEO_BonusGuide_BR,CA,T1,18278,498,0.0272,0.0,,119,50,0.239,0.4202,5275.77,,,14,0,0,0.984
2024-04-28,Affiliate_SEO,SEO_CasinoReview_DE,AU,T1,62082,1134,0.0183,0.0,,245,89,0.216,0.3633,9203.11,,,32,0,0,0.978
2024-04-28,Affiliate_SEO,SEO_BonusGuide_BR,IN,T3,5249,98,0.0187,0.0,,23,7,0.2347,0.3043,170.57,,,2,0,0,0.977
2024-04-29,Facebook,FB_Sports_Banner,DE,T1,33332,1595,0.0479,348.41,0.218,184,33,0.1154,0.1793,3005.66,10.56,762.7,31,1,0,0.971
2024-04-29,Facebook,FB_Casino_CreativeA,BR,T2,8175,351,0.0429,25.02,0.071,32,7,0.0912,0.2188,131.89,3.57,427.1,10,0,0,0.973
2024-04-29,Facebook,FB_Slots_Video,PL,T2,43721,1521,0.0348,163.17,0.107,112,19,0.0736,0.1696,474.9,8.59,191.0,49,1,0,0.97
2024-04-29,Facebook,FB_Casino_CreativeA,NG,T3,34413,1204,0.035,28.56,0.024,123,20,0.1022,0.1626,167.03,1.43,484.8,36,1,0,0.972
2024-04-29,Facebook,FB_Slots_Video,CA,T1,17152,631,0.0368,143.05,0.227,61,14,0.0967,0.2295,1003.2,10.22,601.3,20,0,0,0.969
2024-04-29,Facebook,FB_Slots_Video,AU,T1,13192,696,0.0528,96.96,0.139,65,9,0.0934,0.1385,618.64,10.77,538.0,27,0,0,0.971
2024-04-29,Facebook,FB_Casino_CreativeA,IN,T3,27907,713,0.0255,38.13,0.053,58,12,0.0813,0.2069,144.34,3.18,278.5,16,0,0,0.966
2024-04-29,Google_Search,GG_Casino_KW_Brand,DE,T1,18765,555,0.0296,550.74,0.992,82,32,0.1477,0.3902,3004.91,17.21,445.6,5,0,0,0.989
2024-04-29,Google_Search,GG_Sports_Betting,BR,T2,49106,1971,0.0401,429.95,0.218,230,63,0.1167,0.2739,2676.67,6.82,522.6,24,0,0,0.992
2024-04-29,Google_Search,GG_Sports_Betting,PL,T2,52870,1999,0.0378,591.63,0.296,317,74,0.1586,0.2334,2847.73,8.0,381.3,17,0,0,0.988
2024-04-29,Google_Search,GG_Casino_KW_Brand,NG,T3,46028,1961,0.0426,97.45,0.05,325,82,0.1657,0.2523,2403.66,1.19,2366.6,21,0,0,0.99
2024-04-29,Google_Search,GG_Casino_KW_Brand,CA,T1,29377,742,0.0253,766.06,1.032,124,35,0.1671,0.2823,3227.83,21.89,321.4,7,0,0,0.99
2024-04-29,Google_Search,GG_Casino_KW_Brand,AU,T1,33553,1156,0.0345,841.08,0.728,135,47,0.1168,0.3481,4188.29,17.9,398.0,8,0,0,0.988
2024-04-29,Google_Search,GG_Slots_KW_Generic,IN,T3,21533,724,0.0336,82.8,0.114,112,36,0.1547,0.3214,603.86,2.3,629.3,3,0,0,0.989
2024-04-29,Push_Network,Push_iGaming_Broad,DE,T1,20752,466,0.0225,36.75,0.079,17,2,0.0365,0.1176,63.73,18.38,73.4,52,0,0,0.853
2024-04-29,Push_Network,Push_iGaming_Broad,BR,T2,12116,285,0.0235,7.53,0.026,9,1,0.0316,0.1111,2.0,7.53,-73.4,55,0,0,0.858
2024-04-29,Push_Network,Push_Casino_Retarget,PL,T2,18847,319,0.0169,13.38,0.042,7,0,0.0219,0.0,0.0,,-100.0,66,0,0,0.844
2024-04-29,Push_Network,Push_iGaming_Broad,NG,T3,21182,513,0.0242,3.53,0.007,27,3,0.0526,0.1111,6.0,1.18,70.0,86,0,0,0.858
2024-04-29,Push_Network,Push_iGaming_Broad,CA,T1,18705,244,0.013,25.6,0.105,6,0,0.0246,0.0,0.0,,-100.0,27,0,0,0.842
2024-04-29,Push_Network,Push_iGaming_Broad,AU,T1,31055,895,0.0288,43.89,0.049,38,4,0.0425,0.1053,127.93,10.97,191.5,81,1,0,0.842
2024-04-29,Push_Network,Push_iGaming_Broad,IN,T3,18874,379,0.0201,4.49,0.012,12,1,0.0317,0.0833,13.19,4.49,193.8,74,0,0,0.871
2024-04-29,Native_Ads,Native_Bonus_Landing,DE,T1,80264,887,0.0111,504.94,0.569,50,8,0.0564,0.16,661.88,63.12,31.1,49,0,0,0.944
2024-04-29,Native_Ads,Native_Bonus_Landing,BR,T2,24893,815,0.0327,38.66,0.047,80,13,0.0982,0.1625,421.12,2.97,989.3,44,2,0,0.937
2024-04-29,Native_Ads,Native_Bonus_Landing,PL,T2,36521,618,0.0169,74.29,0.12,42,6,0.068,0.1429,195.56,12.38,163.2,18,0,0,0.937
2024-04-29,Native_Ads,Native_Review_Article,NG,T3,14542,273,0.0188,7.85,0.029,15,4,0.0549,0.2667,55.96,1.96,612.9,12,0,0,0.952
2024-04-29,Native_Ads,Native_Bonus_Landing,CA,T1,13472,213,0.0158,76.77,0.36,16,4,0.0751,0.25,179.01,19.19,133.2,11,0,0,0.94
2024-04-29,Native_Ads,Native_Review_Article,AU,T1,63918,1942,0.0304,299.44,0.154,164,31,0.0844,0.189,2215.9,9.66,640.0,99,2,0,0.936
2024-04-29,Native_Ads,Native_Review_Article,IN,T3,32442,715,0.022,23.74,0.033,49,9,0.0685,0.1837,186.87,2.64,687.2,43,1,0,0.93
2024-04-29,TikTok,TT_Casino_UGC,DE,T1,15575,337,0.0216,96.34,0.286,20,4,0.0593,0.2,164.93,24.09,71.2,36,0,0,0.928
2024-04-29,TikTok,TT_Casino_UGC,BR,T2,19445,158,0.0081,42.49,0.269,7,1,0.0443,0.1429,15.61,42.49,-63.3,17,0,0,0.934
2024-04-29,TikTok,TT_Sports_Short,PL,T2,25528,647,0.0253,77.68,0.12,48,7,0.0742,0.1458,84.39,11.1,8.6,74,0,0,0.931
2024-04-29,TikTok,TT_Casino_UGC,NG,T3,17544,448,0.0255,9.18,0.02,34,6,0.0759,0.1765,16.51,1.53,79.8,24,1,0,0.921
2024-04-29,TikTok,TT_Casino_UGC,CA,T1,12817,190,0.0148,67.49,0.355,8,1,0.0421,0.125,42.75,67.49,-36.7,19,0,0,0.915
2024-04-29,TikTok,TT_Sports_Short,AU,T1,9553,200,0.0209,51.44,0.257,16,2,0.08,0.125,77.68,25.72,51.0,15,0,0,0.907
2024-04-29,TikTok,TT_Sports_Short,IN,T3,32220,161,0.005,29.91,0.186,7,0,0.0435,0.0,0.0,,-100.0,15,0,0,0.926
2024-04-29,Affiliate_SEO,SEO_CasinoReview_DE,DE,T1,57579,1523,0.0265,0.0,,154,43,0.1011,0.2792,5182.37,,,20,1,0,0.983
2024-04-29,Affiliate_SEO,SEO_BonusGuide_BR,BR,T2,2812,42,0.0149,0.0,,9,2,0.2143,0.2222,84.56,,,0,0,0,0.981
2024-04-29,Affiliate_SEO,SEO_BonusGuide_BR,PL,T2,3244,55,0.017,0.0,,12,4,0.2182,0.3333,279.41,,,1,0,0,0.982
2024-04-29,Affiliate_SEO,SEO_CasinoReview_DE,NG,T3,6933,133,0.0192,0.0,,26,8,0.1955,0.3077,128.94,,,2,0,0,0.979
2024-04-29,Affiliate_SEO,SEO_CasinoReview_DE,CA,T1,41566,784,0.0189,0.0,,129,47,0.1645,0.3643,5124.99,,,16,0,0,0.978
2024-04-29,Affiliate_SEO,SEO_BonusGuide_BR,AU,T1,50647,1093,0.0216,0.0,,215,54,0.1967,0.2512,5561.85,,,14,1,0,0.983
2024-04-29,Affiliate_SEO,SEO_BonusGuide_BR,IN,T3,3626,80,0.0221,0.0,,22,8,0.275,0.3636,153.18,,,0,0,0,0.981
2024-04-30,Facebook,FB_Sports_Banner,DE,T1,22501,821,0.0365,224.76,0.274,88,26,0.1072,0.2955,2321.69,8.64,933.0,34,0,0,0.975
2024-04-30,Facebook,FB_Casino_CreativeA,BR,T2,47963,1290,0.0269,156.49,0.121,134,33,0.1039,0.2463,1076.03,4.74,587.6,43,1,0,0.966
2024-04-30,Facebook,FB_Casino_CreativeA,PL,T2,17870,810,0.0453,82.16,0.101,42,9,0.0519,0.2143,345.17,9.13,320.1,31,0,0,0.966
2024-04-30,Facebook,FB_Slots_Video,NG,T3,11041,453,0.041,11.14,0.025,55,17,0.1214,0.3091,324.22,0.66,2810.4,15,0,0,0.974
2024-04-30,Facebook,FB_Casino_CreativeA,CA,T1,18717,683,0.0365,166.47,0.244,48,9,0.0703,0.1875,713.48,18.5,328.6,22,0,0,0.966
2024-04-30,Facebook,FB_Sports_Banner,AU,T1,32298,1068,0.0331,314.01,0.294,96,26,0.0899,0.2708,1766.2,12.08,462.5,38,1,0,0.969
2024-04-30,Facebook,FB_Casino_CreativeA,IN,T3,16644,662,0.0398,23.49,0.035,59,14,0.0891,0.2373,203.8,1.68,767.6,23,0,0,0.974
2024-04-30,Google_Search,GG_Sports_Betting,DE,T1,38839,739,0.019,1046.89,1.417,128,39,0.1732,0.3047,4274.1,26.84,308.3,7,0,0,0.991
2024-04-30,Google_Search,GG_Casino_KW_Brand,BR,T2,23200,667,0.0288,185.81,0.279,102,18,0.1529,0.1765,545.49,10.32,193.6,6,0,0,0.991
2024-04-30,Google_Search,GG_Casino_KW_Brand,PL,T2,23473,849,0.0362,248.31,0.292,124,41,0.1461,0.3306,2100.4,6.06,745.9,8,0,0,0.991
2024-04-30,Google_Search,GG_Sports_Betting,NG,T3,19275,864,0.0448,43.91,0.051,64,23,0.0741,0.3594,304.53,1.91,593.5,6,0,0,0.989
2024-04-30,Google_Search,GG_Slots_KW_Generic,CA,T1,23104,900,0.039,627.76,0.698,75,13,0.0833,0.1733,1269.0,48.29,102.1,6,0,0,0.99
2024-04-30,Google_Search,GG_Slots_KW_Generic,AU,T1,25712,303,0.0118,577.67,1.907,55,18,0.1815,0.3273,1581.66,32.09,173.8,4,0,0,0.99
2024-04-30,Google_Search,GG_Sports_Betting,IN,T3,14764,553,0.0375,58.24,0.105,102,34,0.1844,0.3333,648.72,1.71,1013.9,8,0,0,0.991
2024-04-30,Push_Network,Push_iGaming_Broad,DE,T1,23439,612,0.0261,46.28,0.076,24,2,0.0392,0.0833,83.01,23.14,79.4,59,1,0,0.843
2024-04-30,Push_Network,Push_iGaming_Broad,BR,T2,15543,226,0.0145,9.98,0.044,9,1,0.0398,0.1111,23.24,9.98,132.9,38,0,0,0.863
2024-04-30,Push_Network,Push_Casino_Retarget,PL,T2,14980,331,0.0221,9.77,0.03,14,1,0.0423,0.0714,28.05,9.77,187.1,56,0,0,0.846
2024-04-30,Push_Network,Push_Casino_Retarget,NG,T3,22282,249,0.0112,3.07,0.012,10,1,0.0402,0.1,11.47,3.07,273.6,47,0,0,0.886
2024-04-30,Push_Network,Push_iGaming_Broad,CA,T1,26709,598,0.0224,43.45,0.073,27,3,0.0452,0.1111,104.41,14.48,140.3,87,0,0,0.84
2024-04-30,Push_Network,Push_Casino_Retarget,AU,T1,39863,530,0.0133,53.08,0.1,24,2,0.0453,0.0833,62.09,26.54,17.0,84,1,0,0.837
2024-04-30,Push_Network,Push_iGaming_Broad,IN,T3,20058,309,0.0154,4.12,0.013,5,0,0.0162,0.0,0.0,,-100.0,60,0,0,0.848
2024-04-30,Native_Ads,Native_Bonus_Landing,DE,T1,21257,343,0.0161,125.5,0.366,24,3,0.07,0.125,193.86,41.83,54.5,18,0,0,0.93
2024-04-30,Native_Ads,Native_Bonus_Landing,BR,T2,15366,419,0.0273,29.22,0.07,24,4,0.0573,0.1667,137.84,7.3,371.7,17,0,0,0.932
2024-04-30,Native_Ads,Native_Bonus_Landing,PL,T2,23578,687,0.0291,60.15,0.088,36,6,0.0524,0.1667,169.16,10.03,181.2,56,0,0,0.948
2024-04-30,Native_Ads,Native_Review_Article,NG,T3,47857,579,0.0121,21.33,0.037,35,9,0.0604,0.2571,98.6,2.37,362.3,31,0,0,0.951
2024-04-30,Native_Ads,Native_Review_Article,CA,T1,33476,734,0.0219,177.5,0.242,36,7,0.049,0.1944,466.99,25.36,163.1,51,0,0,0.941
2024-04-30,Native_Ads,Native_Review_Article,AU,T1,27814,577,0.0207,148.8,0.258,56,13,0.0971,0.2321,639.87,11.45,330.0,17,0,0,0.935
2024-04-30,Native_Ads,Native_Bonus_Landing,IN,T3,22032,439,0.0199,18.44,0.042,36,5,0.082,0.1389,43.48,3.69,135.8,16,0,0,0.938
2024-04-30,TikTok,TT_Sports_Short,DE,T1,32079,291,0.0091,226.69,0.779,19,3,0.0653,0.1579,182.82,75.56,-19.4,25,0,0,0.93
2024-04-30,TikTok,TT_Sports_Short,BR,T2,13404,384,0.0286,29.11,0.076,20,2,0.0521,0.1,22.54,14.55,-22.6,27,0,0,0.927
2024-04-30,TikTok,TT_Sports_Short,PL,T2,18767,430,0.0229,55.0,0.128,28,4,0.0651,0.1429,14.6,13.75,-73.5,18,0,0,0.924
2024-04-30,TikTok,TT_Sports_Short,NG,T3,16180,263,0.0163,10.63,0.04,10,1,0.038,0.1,2.0,10.63,-81.2,28,0,0,0.911
2024-04-30,TikTok,TT_Sports_Short,CA,T1,7865,94,0.012,49.65,0.528,6,0,0.0638,0.0,0.0,,-100.0,5,0,0,0.912
2024-04-30,TikTok,TT_Sports_Short,AU,T1,52997,1589,0.03,338.29,0.213,95,12,0.0598,0.1263,392.64,28.19,16.1,165,1,0,0.925
2024-04-30,TikTok,TT_Sports_Short,IN,T3,11984,211,0.0176,10.23,0.048,13,2,0.0616,0.1538,7.06,5.12,-31.0,21,0,0,0.928
2024-04-30,Affiliate_SEO,SEO_CasinoReview_DE,DE,T1,58052,1128,0.0194,0.0,,230,84,0.2039,0.3652,11062.74,,,11,1,0,0.98
2024-04-30,Affiliate_SEO,SEO_BonusGuide_BR,BR,T2,6372,129,0.0202,0.0,,28,9,0.2171,0.3214,440.78,,,3,0,0,0.978
2024-04-30,Affiliate_SEO,SEO_CasinoReview_DE,PL,T2,18523,310,0.0167,0.0,,59,21,0.1903,0.3559,1606.32,,,6,0,0,0.976
2024-04-30,Affiliate_SEO,SEO_BonusGuide_BR,NG,T3,745,16,0.0215,0.0,,2,0,0.125,0.0,0.0,,,0,0,0,0.981
2024-04-30,Affiliate_SEO,SEO_CasinoReview_DE,CA,T1,42874,964,0.0225,0.0,,260,63,0.2697,0.2423,7983.34,,,17,1,0,0.98
2024-04-30,Affiliate_SEO,SEO_BonusGuide_BR,AU,T1,15426,98,0.0064,0.0,,20,7,0.2041,0.35,737.93,,,1,0,0,0.977
2024-04-30,Affiliate_SEO,SEO_BonusGuide_BR,IN,T3,12212,265,0.0217,0.0,,65,29,0.2453,0.4462,1144.85,,,4,0,0,0.981
2024-05-01,Facebook,FB_Sports_Banner,DE,T1,31398,1279,0.0407,324.73,0.254,154,46,0.1204,0.2987,4563.76,7.06,1305.4,33,1,0,0.968
2024-05-01,Facebook,FB_Casino_CreativeA,BR,T2,14027,722,0.0515,46.94,0.065,60,14,0.0831,0.2333,510.97,3.35,988.6,23,0,0,0.968
2024-05-01,Facebook,FB_Slots_Video,PL,T2,17422,666,0.0382,75.82,0.114,44,12,0.0661,0.2727,628.11,6.32,728.4,23,0,0,0.975
2024-05-01,Facebook,FB_Slots_Video,NG,T3,17856,741,0.0415,17.42,0.024,75,15,0.1012,0.2,81.91,1.16,370.2,14,0,0,0.967
2024-05-01,Facebook,FB_Sports_Banner,CA,T1,33722,1244,0.0369,299.03,0.24,118,28,0.0949,0.2373,2320.2,10.68,675.9,22,1,0,0.975
2024-05-01,Facebook,FB_Casino_CreativeA,AU,T1,30896,1744,0.0564,227.01,0.13,173,38,0.0992,0.2197,2680.12,5.97,1080.6,72,1,0,0.97
2024-05-01,Facebook,FB_Slots_Video,IN,T3,18751,732,0.039,24.72,0.034,73,18,0.0997,0.2466,36.0,1.37,45.6,13,0,0,0.966
2024-05-01,Google_Search,GG_Casino_KW_Brand,DE,T1,19239,1018,0.0529,502.98,0.494,201,48,0.1974,0.2388,5707.23,10.48,1034.7,6,0,0,0.991
2024-05-01,Google_Search,GG_Casino_KW_Brand,BR,T2,9868,375,0.038,92.27,0.246,39,7,0.104,0.1795,153.42,13.18,66.3,5,0,0,0.991
2024-05-01,Google_Search,GG_Slots_KW_Generic,PL,T2,26708,1048,0.0392,326.42,0.311,185,41,0.1765,0.2216,1932.12,7.96,491.9,15,0,0,0.99
2024-05-01,Google_Search,GG_Casino_KW_Brand,NG,T3,23274,869,0.0373,55.23,0.064,122,40,0.1404,0.3279,637.32,1.38,1053.9,12,0,0,0.991
2024-05-01,Google_Search,GG_Sports_Betting,CA,T1,30801,1247,0.0405,663.24,0.532,194,45,0.1556,0.232,4505.56,14.74,579.3,7,0,0,0.991
2024-05-01,Google_Search,GG_Casino_KW_Brand,AU,T1,29148,1136,0.039,717.6,0.632,166,61,0.1461,0.3675,5601.39,11.76,680.6,14,0,0,0.989
2024-05-01,Google_Search,GG_Slots_KW_Generic,IN,T3,32085,1087,0.0339,110.43,0.102,168,55,0.1546,0.3274,1788.15,2.01,1519.3,11,0,0,0.989
2024-05-01,Push_Network,Push_iGaming_Broad,DE,T1,18682,453,0.0242,35.24,0.078,23,2,0.0508,0.087,54.35,17.62,54.2,62,1,0,0.841
2024-05-01,Push_Network,Push_iGaming_Broad,BR,T2,16608,242,0.0146,9.8,0.04,9,1,0.0372,0.1111,2.0,9.8,-79.6,27,0,0,0.838
2024-05-01,Push_Network,Push_Casino_Retarget,PL,T2,24236,560,0.0231,16.05,0.029,22,2,0.0393,0.0909,41.57,8.03,159.0,93,1,0,0.866
2024-05-01,Push_Network,Push_Casino_Retarget,NG,T3,13331,253,0.019,2.05,0.008,8,1,0.0316,0.125,17.38,2.05,747.8,52,0,0,0.854
2024-05-01,Push_Network,Push_Casino_Retarget,CA,T1,25395,382,0.015,35.03,0.092,13,1,0.034,0.0769,33.85,35.03,-3.4,31,0,0,0.883
2024-05-01,Push_Network,Push_iGaming_Broad,AU,T1,56005,1146,0.0205,84.3,0.074,54,6,0.0471,0.1111,187.25,14.05,122.1,152,1,0,0.854
2024-05-01,Push_Network,Push_iGaming_Broad,IN,T3,29451,423,0.0144,6.67,0.016,22,2,0.052,0.0909,4.0,3.33,-40.0,83,1,0,0.863
2024-05-01,Native_Ads,Native_Review_Article,DE,T1,20532,170,0.0083,112.07,0.659,10,1,0.0588,0.1,71.11,112.07,-36.5,5,0,0,0.947
2024-05-01,Native_Ads,Native_Bonus_Landing,BR,T2,30288,422,0.0139,55.53,0.132,32,9,0.0758,0.2812,319.24,6.17,474.9,29,0,0,0.942
2024-05-01,Native_Ads,Native_Bonus_Landing,PL,T2,13477,235,0.0174,34.46,0.147,8,1,0.034,0.125,27.23,34.46,-21.0,14,0,0,0.951
2024-05-01,Native_Ads,Native_Review_Article,NG,T3,39376,712,0.0181,18.95,0.027,48,9,0.0674,0.1875,18.0,2.11,-5.0,57,1,0,0.945
2024-05-01,Native_Ads,Native_Bonus_Landing,CA,T1,15432,488,0.0316,79.23,0.162,32,5,0.0656,0.1562,335.75,15.85,323.8,38,0,0,0.929
2024-05-01,Native_Ads,Native_Bonus_Landing,AU,T1,43460,960,0.0221,183.21,0.191,97,13,0.101,0.134,757.72,14.09,313.6,71,1,0,0.931
2024-05-01,Native_Ads,Native_Review_Article,IN,T3,10327,148,0.0143,6.93,0.047,9,1,0.0608,0.1111,13.3,6.93,91.9,8,0,0,0.951
2024-05-01,TikTok,TT_Sports_Short,DE,T1,37314,895,0.024,238.77,0.267,48,7,0.0536,0.1458,402.71,34.11,68.7,62,1,0,0.926
2024-05-01,TikTok,TT_Sports_Short,BR,T2,46466,799,0.0172,84.61,0.106,46,7,0.0576,0.1522,66.08,12.09,-21.9,84,0,0,0.916
2024-05-01,TikTok,TT_Casino_UGC,PL,T2,23749,384,0.0162,59.55,0.155,22,3,0.0573,0.1364,86.59,19.85,45.4,29,0,0,0.929
2024-05-01,TikTok,TT_Sports_Short,NG,T3,15242,201,0.0132,9.6,0.048,12,2,0.0597,0.1667,23.26,4.8,142.3,18,0,0,0.915
2024-05-01,TikTok,TT_Sports_Short,CA,T1,42072,1094,0.026,245.79,0.225,68,11,0.0622,0.1618,497.05,22.34,102.2,128,2,0,0.913
2024-05-01,TikTok,TT_Sports_Short,AU,T1,18075,176,0.0097,107.22,0.609,7,1,0.0398,0.1429,35.05,107.22,-67.3,10,0,0,0.913
2024-05-01,TikTok,TT_Sports_Short,IN,T3,34856,279,0.008,30.2,0.108,23,4,0.0824,0.1739,8.0,7.55,-73.5,15,0,0,0.91
2024-05-01,Affiliate_SEO,SEO_BonusGuide_BR,DE,T1,42579,1213,0.0285,0.0,,273,104,0.2251,0.381,13002.18,,,21,1,0,0.979
2024-05-01,Affiliate_SEO,SEO_BonusGuide_BR,BR,T2,10036,204,0.0203,0.0,,34,13,0.1667,0.3824,758.82,,,5,0,0,0.982
2024-05-01,Affiliate_SEO,SEO_CasinoReview_DE,PL,T2,16821,499,0.0297,0.0,,101,42,0.2024,0.4158,2661.83,,,10,0,0,0.982
2024-05-01,Affiliate_SEO,SEO_CasinoReview_DE,NG,T3,1897,25,0.0132,0.0,,6,2,0.24,0.3333,27.56,,,0,0,0,0.984
2024-05-01,Affiliate_SEO,SEO_CasinoReview_DE,CA,T1,26445,584,0.0221,0.0,,114,34,0.1952,0.2982,4187.93,,,9,0,0,0.984
2024-05-01,Affiliate_SEO,SEO_BonusGuide_BR,AU,T1,68210,2487,0.0365,0.0,,306,118,0.123,0.3856,12847.88,,,64,1,0,0.976
2024-05-01,Affiliate_SEO,SEO_CasinoReview_DE,IN,T3,9985,299,0.0299,0.0,,40,18,0.1338,0.45,306.23,,,3,0,0,0.977
2024-05-02,Facebook,FB_Casino_CreativeA,DE,T1,29853,1548,0.0519,311.52,0.201,119,36,0.0769,0.3025,2769.08,8.65,788.9,27,0,0,0.972
2024-05-02,Facebook,FB_Casino_CreativeA,BR,T2,14282,685,0.048,43.04,0.063,66,13,0.0964,0.197,394.14,3.31,815.8,28,0,0,0.97
2024-05-02,Facebook,FB_Slots_Video,PL,T2,18535,581,0.0313,80.56,0.139,50,13,0.0861,0.26,506.59,6.2,528.8,19,0,0,0.97
2024-05-02,Facebook,FB_Sports_Banner,NG,T3,26818,1053,0.0393,22.88,0.022,97,21,0.0921,0.2165,450.34,1.09,1868.3,33,1,0,0.967
2024-05-02,Facebook,FB_Slots_Video,CA,T1,23028,820,0.0356,206.13,0.251,45,12,0.0549,0.2667,821.84,17.18,298.7,22,0,0,0.97
2024-05-02,Facebook,FB_Casino_CreativeA,AU,T1,51634,1884,0.0365,460.03,0.244,170,26,0.0902,0.1529,1775.54,17.69,286.0,53,1,0,0.975
2024-05-02,Facebook,FB_Casino_CreativeA,IN,T3,9931,268,0.027,11.51,0.043,29,9,0.1082,0.3103,230.32,1.28,1901.0,6,0,0,0.967
2024-05-02,Google_Search,GG_Slots_KW_Generic,DE,T1,20162,611,0.0303,540.42,0.884,117,27,0.1915,0.2308,2881.53,20.02,433.2,4,0,0,0.991
2024-05-02,Google_Search,GG_Slots_KW_Generic,BR,T2,46747,1217,0.026,374.15,0.307,178,40,0.1463,0.2247,1913.66,9.35,411.5,8,0,0,0.991
2024-05-02,Google_Search,GG_Slots_KW_Generic,PL,T2,14763,395,0.0268,140.15,0.355,65,26,0.1646,0.4,1159.12,5.39,727.1,3,0,0,0.989
2024-05-02,Google_Search,GG_Casino_KW_Brand,NG,T3,40038,1265,0.0316,92.52,0.073,218,82,0.1723,0.3761,1766.35,1.13,1809.2,14,0,0,0.992
2024-05-02,Google_Search,GG_Sports_Betting,CA,T1,13020,569,0.0437,279.06,0.49,87,25,0.1529,0.2874,2578.13,11.16,823.9,4,0,0,0.99
2024-05-02,Google_Search,GG_Slots_KW_Generic,AU,T1,80251,1880,0.0234,1770.21,0.942,396,107,0.2106,0.2702,10686.51,16.54,503.7,16,1,0,0.989
2024-05-02,Google_Search,GG_Casino_KW_Brand,IN,T3,20237,941,0.0465,75.0,0.08,193,64,0.2051,0.3316,1232.25,1.17,1543.0,9,0,0,0.989
2024-05-02,Push_Network,Push_iGaming_Broad,DE,T1,11344,217,0.0191,21.67,0.1,10,1,0.0461,0.1,11.68,21.67,-46.1,43,0,0,0.833
2024-05-02,Push_Network,Push_Casino_Retarget,BR,T2,20399,608,0.0298,13.01,0.021,29,3,0.0477,0.1034,69.51,4.34,434.3,57,0,0,0.853
2024-05-02,Push_Network,Push_iGaming_Broad,PL,T2,21123,355,0.0168,14.83,0.042,16,2,0.0451,0.125,8.69,7.42,-41.4,39,0,0,0.871
2024-05-02,Push_Network,Push_iGaming_Broad,NG,T3,9675,198,0.0205,1.48,0.007,7,0,0.0354,0.0,0.0,,-100.0,27,0,0,0.849
2024-05-02,Push_Network,Push_Casino_Retarget,CA,T1,22703,432,0.019,34.65,0.08,16,2,0.037,0.125,78.62,17.32,126.9,71,0,0,0.876
2024-05-02,Push_Network,Push_iGaming_Broad,AU,T1,17228,273,0.0158,29.4,0.108,7,0,0.0256,0.0,0.0,,-100.0,56,0,0,0.862
2024-05-02,Push_Network,Push_Casino_Retarget,IN,T3,32993,298,0.009,7.21,0.024,13,1,0.0436,0.0769,8.49,7.21,17.8,47,0,0,0.873
2024-05-02,Native_Ads,Native_Bonus_Landing,DE,T1,15052,487,0.0324,85.31,0.175,34,6,0.0698,0.1765,346.68,14.22,306.4,17,0,0,0.951
2024-05-02,Native_Ads,Native_Review_Article,BR,T2,16246,423,0.026,30.29,0.072,36,6,0.0851,0.1667,176.74,5.05,483.5,16,0,0,0.948
2024-05-02,Native_Ads,Native_Review_Article,PL,T2,12636,251,0.0199,27.38,0.109,16,2,0.0637,0.125,70.47,13.69,157.4,11,0,0,0.948
2024-05-02,Native_Ads,Native_Bonus_Landing,NG,T3,13229,360,0.0272,6.19,0.017,29,6,0.0806,0.2069,16.14,1.03,160.7,25,0,0,0.948
2024-05-02,Native_Ads,Native_Bonus_Landing,CA,T1,8508,136,0.016,48.77,0.359,10,1,0.0735,0.1,73.98,48.77,51.7,4,0,0,0.951
2024-05-02,Native_Ads,Native_Bonus_Landing,AU,T1,16135,358,0.0222,77.65,0.217,19,4,0.0531,0.2105,220.17,19.41,183.5,29,0,0,0.929
2024-05-02,Native_Ads,Native_Review_Article,IN,T3,12912,333,0.0258,8.45,0.025,17,3,0.0511,0.1765,87.41,2.82,934.4,18,0,0,0.935
2024-05-02,TikTok,TT_Sports_Short,DE,T1,18110,694,0.0383,114.73,0.165,40,6,0.0576,0.15,295.0,19.12,157.1,67,1,0,0.908
2024-05-02,TikTok,TT_Sports_Short,BR,T2,20083,493,0.0245,41.0,0.083,25,4,0.0507,0.16,100.67,10.25,145.5,44,0,0,0.911
2024-05-02,TikTok,TT_Sports_Short,PL,T2,28396,600,0.0211,74.85,0.125,37,6,0.0617,0.1622,102.39,12.47,36.8,38,0,0,0.919
2024-05-02,TikTok,TT_Sports_Short,NG,T3,39375,898,0.0228,25.16,0.028,60,7,0.0668,0.1167,14.0,3.59,-44.4,48,1,0,0.919
2024-05-02,TikTok,TT_Casino_UGC,CA,T1,65007,1666,0.0256,413.28,0.248,79,9,0.0474,0.1139,343.25,45.92,-16.9,79,1,0,0.909
2024-05-02,TikTok,TT_Sports_Short,AU,T1,43778,927,0.0212,262.72,0.283,38,8,0.041,0.2105,278.03,32.84,5.8,74,0,0,0.916
2024-05-02,TikTok,TT_Sports_Short,IN,T3,19173,456,0.0238,18.53,0.041,29,4,0.0636,0.1379,8.0,4.63,-56.8,45,0,0,0.906
2024-05-02,Affiliate_SEO,SEO_BonusGuide_BR,DE,T1,23102,785,0.034,0.0,,137,43,0.1745,0.3139,4338.29,,,16,0,0,0.976
2024-05-02,Affiliate_SEO,SEO_CasinoReview_DE,BR,T2,15904,244,0.0153,0.0,,38,9,0.1557,0.2368,455.46,,,3,0,0,0.983
2024-05-02,Affiliate_SEO,SEO_BonusGuide_BR,PL,T2,14180,129,0.0091,0.0,,31,12,0.2403,0.3871,749.6,,,3,0,0,0.976
2024-05-02,Affiliate_SEO,SEO_BonusGuide_BR,NG,T3,4017,43,0.0107,0.0,,10,4,0.2326,0.4,70.01,,,1,0,0,0.977
2024-05-02,Affiliate_SEO,SEO_BonusGuide_BR,CA,T1,31647,432,0.0137,0.0,,109,45,0.2523,0.4128,4941.61,,,9,0,0,0.984
2024-05-02,Affiliate_SEO,SEO_BonusGuide_BR,AU,T1,23266,235,0.0101,0.0,,35,13,0.1489,0.3714,1535.4,,,2,0,0,0.979
2024-05-02,Affiliate_SEO,SEO_CasinoReview_DE,IN,T3,17178,238,0.0139,0.0,,60,29,0.2521,0.4833,575.11,,,5,0,0,0.983
2024-05-03,Facebook,FB_Sports_Banner,DE,T1,5327,278,0.0522,59.4,0.214,24,6,0.0863,0.25,568.46,9.9,857.0,6,0,0,0.966
2024-05-03,Facebook,FB_Sports_Banner,BR,T2,32132,712,0.0222,92.02,0.129,71,13,0.0997,0.1831,387.09,7.08,320.7,20,0,0,0.971
2024-05-03,Facebook,FB_Sports_Banner,PL,T2,10112,176,0.0174,37.92,0.215,22,4,0.125,0.1818,100.94,9.48,166.2,6,0,0,0.971
2024-05-03,Facebook,FB_Sports_Banner,NG,T3,15506,542,0.035,14.15,0.026,55,14,0.1015,0.2545,235.61,1.01,1565.1,17,0,0,0.968
2024-05-03,Facebook,FB_Slots_Video,CA,T1,22159,580,0.0262,171.98,0.297,57,14,0.0983,0.2456,1122.46,12.28,552.7,11,0,0,0.969
2024-05-03,Facebook,FB_Casino_CreativeA,AU,T1,20012,696,0.0348,189.75,0.273,64,13,0.092,0.2031,1076.8,14.6,467.5,21,0,0,0.976
2024-05-03,Facebook,FB_Sports_Banner,IN,T3,34515,1707,0.0495,52.84,0.031,121,33,0.0709,0.2727,520.98,1.6,886.0,60,1,0,0.975
2024-05-03,Google_Search,GG_Sports_Betting,DE,T1,19310,814,0.0422,437.69,0.538,162,55,0.199,0.3395,6338.64,7.96,1348.2,8,0,0,0.99
2024-05-03,Google_Search,GG_Slots_KW_Generic,BR,T2,60825,2051,0.0337,497.41,0.243,200,52,0.0975,0.26,2413.83,9.57,385.3,17,0,0,0.988
2024-05-03,Google_Search,GG_Sports_Betting,PL,T2,25364,943,0.0372,261.38,0.277,108,33,0.1145,0.3056,1537.92,7.92,488.4,9,0,0,0.989
2024-05-03,Google_Search,GG_Sports_Betting,NG,T3,17955,651,0.0363,41.25,0.063,95,25,0.1459,0.2632,50.0,1.65,21.2,4,0,0,0.99
2024-05-03,Google_Search,GG_Slots_KW_Generic,CA,T1,20739,868,0.0419,516.54,0.595,140,43,0.1613,0.3071,4126.2,12.01,698.8,10,0,0,0.989
2024-05-03,Google_Search,GG_Slots_KW_Generic,AU,T1,14665,525,0.0358,300.99,0.573,101,29,0.1924,0.2871,2694.26,10.38,795.1,7,0,0,0.989
2024-05-03,Google_Search,GG_Casino_KW_Brand,IN,T3,23025,329,0.0143,77.82,0.237,45,8,0.1368,0.1778,76.9,9.73,-1.2,4,0,0,0.989
2024-05-03,Push_Network,Push_Casino_Retarget,DE,T1,50612,1107,0.0219,78.22,0.071,50,8,0.0452,0.16,313.84,9.78,301.2,88,1,0,0.874
2024-05-03,Push_Network,Push_iGaming_Broad,BR,T2,17769,385,0.0217,9.84,0.026,12,1,0.0312,0.0833,21.91,9.84,122.7,27,0,0,0.839
2024-05-03,Push_Network,Push_Casino_Retarget,PL,T2,23103,445,0.0193,15.85,0.036,17,2,0.0382,0.1176,14.38,7.92,-9.3,41,0,0,0.861
2024-05-03,Push_Network,Push_iGaming_Broad,NG,T3,28776,634,0.022,4.08,0.006,25,2,0.0394,0.08,4.0,2.04,-2.0,92,1,0,0.88
2024-05-03,Push_Network,Push_iGaming_Broad,CA,T1,33750,907,0.0269,51.63,0.057,39,4,0.043,0.1026,137.78,12.91,166.9,107,1,0,0.834
2024-05-03,Push_Network,Push_iGaming_Broad,AU,T1,7010,249,0.0355,10.14,0.041,8,1,0.0321,0.125,40.08,10.14,295.3,45,0,0,0.859
2024-05-03,Push_Network,Push_iGaming_Broad,IN,T3,73340,1139,0.0155,16.62,0.015,26,4,0.0228,0.1538,64.35,4.16,287.2,98,1,0,0.849
2024-05-03,Native_Ads,Native_Review_Article,DE,T1,19613,384,0.0196,112.74,0.294,35,7,0.0911,0.2,495.87,16.11,339.8,15,0,0,0.928
2024-05-03,Native_Ads,Native_Review_Article,BR,T2,19366,315,0.0163,35.23,0.112,14,2,0.0444,0.1429,56.13,17.61,59.3,18,0,0,0.937
2024-05-03,Native_Ads,Native_Bonus_Landing,PL,T2,16607,370,0.0223,41.9,0.113,30,7,0.0811,0.2333,336.32,5.99,702.7,27,0,0,0.951
2024-05-03,Native_Ads,Native_Bonus_Landing,NG,T3,9589,196,0.0204,4.95,0.025,16,3,0.0816,0.1875,15.23,1.65,207.7,17,0,0,0.928
2024-05-03,Native_Ads,Native_Review_Article,CA,T1,15477,503,0.0325,77.72,0.155,26,3,0.0517,0.1154,160.37,25.91,106.3,27,0,0,0.948
2024-05-03,Native_Ads,Native_Review_Article,AU,T1,53299,867,0.0163,229.93,0.265,58,11,0.0669,0.1897,757.98,20.9,229.7,65,1,0,0.933
2024-05-03,Native_Ads,Native_Bonus_Landing,IN,T3,40948,1418,0.0346,30.42,0.021,105,20,0.074,0.1905,373.58,1.52,1128.1,90,2,0,0.941
2024-05-03,TikTok,TT_Sports_Short,DE,T1,13079,463,0.0354,89.55,0.193,35,4,0.0756,0.1143,227.2,22.39,153.7,29,0,0,0.917
2024-05-03,TikTok,TT_Sports_Short,BR,T2,32439,722,0.0223,77.0,0.107,48,9,0.0665,0.1875,164.43,8.56,113.5,60,0,0,0.928
2024-05-03,TikTok,TT_Casino_UGC,PL,T2,25352,502,0.0198,75.16,0.15,20,2,0.0398,0.1,15.26,37.58,-79.7,46,0,0,0.932
2024-05-03,TikTok,TT_Sports_Short,NG,T3,31956,301,0.0094,19.63,0.065,20,3,0.0664,0.15,69.8,6.54,255.6,12,0,0,0.917
2024-05-03,TikTok,TT_Sports_Short,CA,T1,13673,164,0.012,78.61,0.479,12,1,0.0732,0.0833,40.13,78.61,-49.0,18,0,0,0.912
2024-05-03,TikTok,TT_Sports_Short,AU,T1,10556,157,0.0149,59.64,0.38,11,2,0.0701,0.1818,112.73,29.82,89.0,17,0,0,0.932
2024-05-03,TikTok,TT_Casino_UGC,IN,T3,28027,389,0.0139,25.49,0.066,18,3,0.0463,0.1667,21.0,8.5,-17.6,17,0,0,0.92
2024-05-03,Affiliate_SEO,SEO_CasinoReview_DE,DE,T1,37497,469,0.0125,0.0,,116,48,0.2473,0.4138,5723.07,,,10,1,0,0.983
2024-05-03,Affiliate_SEO,SEO_CasinoReview_DE,BR,T2,10439,141,0.0135,0.0,,31,9,0.2199,0.2903,439.75,,,3,0,0,0.979
2024-05-03,Affiliate_SEO,SEO_CasinoReview_DE,PL,T2,19218,281,0.0146,0.0,,64,22,0.2278,0.3438,1379.57,,,3,0,0,0.978
2024-05-03,Affiliate_SEO,SEO_CasinoReview_DE,NG,T3,1413,30,0.0212,0.0,,7,2,0.2333,0.2857,4.0,,,0,0,0,0.977
2024-05-03,Affiliate_SEO,SEO_BonusGuide_BR,CA,T1,62531,1271,0.0203,0.0,,312,84,0.2455,0.2692,9674.35,,,16,1,0,0.983
2024-05-03,Affiliate_SEO,SEO_CasinoReview_DE,AU,T1,42017,1089,0.0259,0.0,,252,94,0.2314,0.373,10427.52,,,18,1,0,0.983
2024-05-03,Affiliate_SEO,SEO_CasinoReview_DE,IN,T3,4123,76,0.0184,0.0,,14,4,0.1842,0.2857,100.22,,,0,0,0,0.977
2024-05-04,Facebook,FB_Casino_CreativeA,DE,T1,35193,1122,0.0319,339.56,0.303,64,12,0.057,0.1875,999.19,28.3,194.3,29,0,0,0.971
2024-05-04,Facebook,FB_Slots_Video,BR,T2,46783,1560,0.0333,156.26,0.1,144,35,0.0923,0.2431,722.17,4.46,362.2,30,1,0,0.976
2024-05-04,Facebook,FB_Casino_CreativeA,PL,T2,36784,1256,0.0341,129.82,0.103,65,12,0.0518,0.1846,580.76,10.82,347.4,28,0,0,0.967
2024-05-04,Facebook,FB_Casino_CreativeA,NG,T3,30927,1418,0.0458,25.04,0.018,150,36,0.1058,0.24,217.63,0.7,769.1,41,1,0,0.967
2024-05-04,Facebook,FB_Sports_Banner,CA,T1,26420,801,0.0303,204.23,0.255,48,10,0.0599,0.2083,632.74,20.42,209.8,14,0,0,0.973
2024-05-04,Facebook,FB_Slots_Video,AU,T1,46257,1991,0.043,412.88,0.207,205,34,0.103,0.1659,2635.06,12.14,538.2,60,1,0,0.97
2024-05-04,Facebook,FB_Sports_Banner,IN,T3,38426,1464,0.0381,55.89,0.038,139,39,0.0949,0.2806,638.31,1.43,1042.1,27,1,0,0.966
2024-05-04,Google_Search,GG_Slots_KW_Generic,DE,T1,28604,992,0.0347,818.22,0.825,184,59,0.1855,0.3207,5657.55,13.87,591.4,13,0,0,0.989
2024-05-04,Google_Search,GG_Slots_KW_Generic,BR,T2,72981,2720,0.0373,560.07,0.206,399,134,0.1467,0.3358,5280.48,4.18,842.8,22,1,0,0.989
2024-05-04,Google_Search,GG_Casino_KW_Brand,PL,T2,16488,515,0.0312,153.92,0.299,87,21,0.1689,0.2414,958.7,7.33,522.9,7,0,0,0.991
2024-05-04,Google_Search,GG_Slots_KW_Generic,NG,T3,30413,827,0.0272,69.87,0.084,95,28,0.1149,0.2947,330.66,2.5,373.3,9,0,0,0.99
2024-05-04,Google_Search,GG_Casino_KW_Brand,CA,T1,70054,2002,0.0286,1735.14,0.867,345,119,0.1723,0.3449,11545.36,14.58,565.4,24,0,0,0.989
2024-05-04,Google_Search,GG_Sports_Betting,AU,T1,36648,831,0.0227,833.67,1.003,155,58,0.1865,0.3742,6060.28,14.37,626.9,12,0,0,0.99
2024-05-04,Google_Search,GG_Casino_KW_Brand,IN,T3,30554,1240,0.0406,104.75,0.084,129,49,0.104,0.3798,725.79,2.14,592.9,16,0,0,0.989
2024-05-04,Push_Network,Push_Casino_Retarget,DE,T1,24293,441,0.0182,39.82,0.09,21,2,0.0476,0.0952,64.93,19.91,63.1,79,0,0,0.87
2024-05-04,Push_Network,Push_iGaming_Broad,BR,T2,28749,627,0.0218,15.05,0.024,20,2,0.0319,0.1,13.21,7.53,-12.2,83,1,0,0.859
2024-05-04,Push_Network,Push_Casino_Retarget,PL,T2,38371,773,0.0201,25.66,0.033,41,6,0.053,0.1463,58.17,4.28,126.7,103,1,0,0.835
2024-05-04,Push_Network,Push_iGaming_Broad,NG,T3,11899,297,0.025,2.06,0.007,10,1,0.0337,0.1,2.0,2.06,-2.9,44,0,0,0.864
2024-05-04,Push_Network,Push_Casino_Retarget,CA,T1,11218,246,0.0219,15.94,0.065,10,1,0.0407,0.1,23.86,15.94,49.7,40,0,0,0.876
2024-05-04,Push_Network,Push_iGaming_Broad,AU,T1,29395,367,0.0125,39.73,0.108,18,2,0.049,0.1111,48.12,19.86,21.1,75,0,0,0.873
2024-05-04,Push_Network,Push_Casino_Retarget,IN,T3,17988,183,0.0102,3.98,0.022,8,1,0.0437,0.125,6.44,3.98,61.8,21,0,0,0.859
2024-05-04,Native_Ads,Native_Review_Article,DE,T1,51599,867,0.0168,319.48,0.368,60,12,0.0692,0.2,653.89,26.62,104.7,46,0,0,0.942
2024-05-04,Native_Ads,Native_Bonus_Landing,BR,T2,28076,689,0.0245,42.49,0.062,56,9,0.0813,0.1607,274.49,4.72,546.0,30,0,0,0.946
2024-05-04,Native_Ads,Native_Bonus_Landing,PL,T2,17396,208,0.012,34.49,0.166,14,2,0.0673,0.1429,34.22,17.25,-0.8,16,0,0,0.952
2024-05-04,Native_Ads,Native_Review_Article,NG,T3,33847,1016,0.03,15.81,0.016,83,13,0.0817,0.1566,185.01,1.22,1070.2,51,2,0,0.95
2024-05-04,Native_Ads,Native_Review_Article,CA,T1,28636,416,0.0145,128.1,0.308,31,6,0.0745,0.1935,303.14,21.35,136.6,34,0,0,0.93
2024-05-04,Native_Ads,Native_Review_Article,AU,T1,72024,1435,0.0199,355.71,0.248,82,14,0.0571,0.1707,750.71,25.41,111.0,52,1,0,0.936
2024-05-04,Native_Ads,Native_Bonus_Landing,IN,T3,43697,1373,0.0314,33.32,0.024,101,20,0.0736,0.198,181.07,1.67,443.4,97,2,0,0.936
2024-05-04,TikTok,TT_Casino_UGC,DE,T1,14061,334,0.0238,97.89,0.293,20,3,0.0599,0.15,160.77,32.63,64.2,39,0,0,0.92
2024-05-04,TikTok,TT_Sports_Short,BR,T2,24769,309,0.0125,56.76,0.184,27,4,0.0874,0.1481,137.23,14.19,141.8,22,0,0,0.931
2024-05-04,TikTok,TT_Sports_Short,PL,T2,27924,632,0.0226,76.28,0.121,23,3,0.0364,0.1304,56.72,25.43,-25.6,55,0,0,0.926
2024-05-04,TikTok,TT_Sports_Short,NG,T3,51905,1353,0.0261,32.95,0.024,96,11,0.071,0.1146,272.01,3.0,725.5,103,2,0,0.909
2024-05-04,TikTok,TT_Casino_UGC,CA,T1,43916,582,0.0133,232.37,0.399,39,5,0.067,0.1282,217.55,46.47,-6.4,46,0,0,0.934
2024-05-04,TikTok,TT_Casino_UGC,AU,T1,43989,1077,0.0245,254.45,0.236,60,6,0.0557,0.1,273.25,42.41,7.4,81,1,0,0.905
2024-05-04,TikTok,TT_Casino_UGC,IN,T3,46200,987,0.0214,39.41,0.04,43,5,0.0436,0.1163,28.79,7.88,-26.9,76,1,0,0.913
2024-05-04,Affiliate_SEO,SEO_BonusGuide_BR,DE,T1,25270,526,0.0208,0.0,,108,40,0.2053,0.3704,4432.67,,,7,0,0,0.977
2024-05-04,Affiliate_SEO,SEO_BonusGuide_BR,BR,T2,9904,204,0.0206,0.0,,46,15,0.2255,0.3261,681.02,,,3,0,0,0.977
2024-05-04,Affiliate_SEO,SEO_BonusGuide_BR,PL,T2,12785,194,0.0152,0.0,,58,19,0.299,0.3276,1343.63,,,3,0,0,0.983
2024-05-04,Affiliate_SEO,SEO_BonusGuide_BR,NG,T3,2721,74,0.0272,0.0,,13,5,0.1757,0.3846,86.28,,,1,0,0,0.979
2024-05-04,Affiliate_SEO,SEO_CasinoReview_DE,CA,T1,10310,165,0.016,0.0,,25,11,0.1515,0.44,1291.65,,,2,0,0,0.982
2024-05-04,Affiliate_SEO,SEO_CasinoReview_DE,AU,T1,18442,346,0.0188,0.0,,45,15,0.1301,0.3333,1612.69,,,6,0,0,0.984
2024-05-04,Affiliate_SEO,SEO_BonusGuide_BR,IN,T3,3107,52,0.0167,0.0,,8,2,0.1538,0.25,51.05,,,1,0,0,0.984
2024-05-05,Facebook,FB_Slots_Video,DE,T1,17195,527,0.0306,185.9,0.353,56,12,0.1063,0.2143,880.42,15.49,373.6,19,0,0,0.97
2024-05-05,Facebook,FB_Casino_CreativeA,BR,T2,28022,1260,0.045,96.16,0.076,159,44,0.1262,0.2767,1155.42,2.19,1101.6,46,1,0,0.966
2024-05-05,Facebook,FB_Casino_CreativeA,PL,T2,40500,1215,0.03,178.57,0.147,77,18,0.0634,0.2338,595.45,9.92,233.5,44,0,0,0.969
2024-05-05,Facebook,FB_Casino_CreativeA,NG,T3,27843,867,0.0311,26.18,0.03,98,27,0.113,0.2755,398.81,0.97,1423.3,24,0,0,0.973
2024-05-05,Facebook,FB_Casino_CreativeA,CA,T1,18787,529,0.0282,175.96,0.333,55,12,0.104,0.2182,897.43,14.66,410.0,8,0,0,0.973
2024-05-05,Facebook,FB_Sports_Banner,AU,T1,37656,1360,0.0361,330.63,0.243,131,32,0.0963,0.2443,2470.34,10.33,647.2,49,1,0,0.968
2024-05-05,Facebook,FB_Sports_Banner,IN,T3,68588,2275,0.0332,103.25,0.045,110,22,0.0484,0.2,289.87,4.69,180.7,72,1,0,0.964
2024-05-05,Google_Search,GG_Casino_KW_Brand,DE,T1,28030,1194,0.0426,692.21,0.58,124,38,0.1039,0.3065,3559.14,18.22,414.2,11,0,0,0.989
2024-05-05,Google_Search,GG_Casino_KW_Brand,BR,T2,41161,1830,0.0445,299.39,0.164,242,69,0.1322,0.2851,3035.6,4.34,913.9,15,0,0,0.988
2024-05-05,Google_Search,GG_Slots_KW_Generic,PL,T2,33744,1114,0.033,374.79,0.336,131,36,0.1176,0.2748,1761.28,10.41,369.9,12,0,0,0.988
2024-05-05,Google_Search,GG_Casino_KW_Brand,NG,T3,24634,849,0.0345,51.47,0.061,113,40,0.1331,0.354,759.2,1.29,1375.0,5,0,0,0.99
2024-05-05,Google_Search,GG_Sports_Betting,CA,T1,18029,840,0.0466,453.35,0.54,129,29,0.1536,0.2248,3188.52,15.63,603.3,7,0,0,0.989
2024-05-05,Google_Search,GG_Slots_KW_Generic,AU,T1,34255,795,0.0232,785.3,0.988,153,26,0.1925,0.1699,2815.26,30.2,258.5,6,0,0,0.991
2024-05-05,Google_Search,GG_Casino_KW_Brand,IN,T3,23600,1033,0.0438,73.29,0.071,155,55,0.15,0.3548,633.26,1.33,764.0,13,0,0,0.988
2024-05-05,Push_Network,Push_Casino_Retarget,DE,T1,22500,479,0.0213,34.04,0.071,24,2,0.0501,0.0833,47.86,17.02,40.6,91,0,0,0.833
2024-05-05,Push_Network,Push_Casino_Retarget,BR,T2,37032,834,0.0225,20.99,0.025,30,3,0.036,0.1,72.18,7.0,243.9,69,0,0,0.853
2024-05-05,Push_Network,Push_Casino_Retarget,PL,T2,14307,410,0.0287,8.84,0.022,17,1,0.0415,0.0588,3.29,8.84,-62.8,36,0,0,0.854
2024-05-05,Push_Network,Push_Casino_Retarget,NG,T3,36709,753,0.0205,5.21,0.007,30,2,0.0398,0.0667,4.0,2.6,-23.2,56,1,0,0.874
2024-05-05,Push_Network,Push_Casino_Retarget,CA,T1,48098,813,0.0169,84.74,0.104,46,6,0.0566,0.1304,145.42,14.12,71.6,162,1,0,0.873
2024-05-05,Push_Network,Push_iGaming_Broad,AU,T1,28654,605,0.0211,37.18,0.061,22,3,0.0364,0.1364,87.52,12.39,135.4,103,1,0,0.868
2024-05-05,Push_Network,Push_iGaming_Broad,IN,T3,16299,284,0.0174,3.86,0.014,7,0,0.0246,0.0,0.0,,-100.0,38,0,0,0.886
2024-05-05,Native_Ads,Native_Bonus_Landing,DE,T1,59752,774,0.013,331.62,0.428,80,13,0.1034,0.1625,844.05,25.51,154.5,30,1,0,0.949
2024-05-05,Native_Ads,Native_Bonus_Landing,BR,T2,51437,1011,0.0197,90.24,0.089,74,14,0.0732,0.1892,125.8,6.45,39.4,89,0,0,0.948
2024-05-05,Native_Ads,Native_Bonus_Landing,PL,T2,59895,1509,0.0252,117.56,0.078,83,20,0.055,0.241,716.88,5.88,509.8,77,1,0,0.941
2024-05-05,Native_Ads,Native_Review_Article,NG,T3,66460,1987,0.0299,28.27,0.014,92,18,0.0463,0.1957,419.1,1.57,1382.5,74,1,0,0.946
2024-05-05,Native_Ads,Native_Review_Article,CA,T1,18332,256,0.014,84.16,0.329,12,2,0.0469,0.1667,118.03,42.08,40.2,21,0,0,0.95
2024-05-05,Native_Ads,Native_Review_Article,AU,T1,48587,972,0.02,244.14,0.251,74,17,0.0761,0.2297,881.45,14.36,261.0,72,1,0,0.951
2024-05-05,Native_Ads,Native_Bonus_Landing,IN,T3,23513,766,0.0326,17.05,0.022,55,12,0.0718,0.2182,79.81,1.42,368.1,42,1,0,0.95
2024-05-05,TikTok,TT_Sports_Short,DE,T1,21411,537,0.0251,125.35,0.233,33,4,0.0615,0.1212,243.34,31.34,94.1,34,1,0,0.913
2024-05-05,TikTok,TT_Casino_UGC,BR,T2,15802,377,0.0239,29.03,0.077,19,2,0.0504,0.1053,4.0,14.52,-86.2,34,0,0,0.906
2024-05-05,TikTok,TT_Casino_UGC,PL,T2,48564,1083,0.0223,130.03,0.12,64,6,0.0591,0.0938,210.64,21.67,62.0,79,2,0,0.926
2024-05-05,TikTok,TT_Sports_Short,NG,T3,21578,471,0.0218,13.03,0.028,22,4,0.0467,0.1818,13.38,3.26,2.7,22,0,0,0.908
2024-05-05,TikTok,TT_Casino_UGC,CA,T1,22770,685,0.0301,152.58,0.223,54,7,0.0788,0.1296,291.0,21.8,90.7,60,1,0,0.907
2024-05-05,TikTok,TT_Sports_Short,AU,T1,29247,440,0.015,148.69,0.338,37,6,0.0841,0.1622,278.53,24.78,87.3,22,0,0,0.907
2024-05-05,TikTok,TT_Casino_UGC,IN,T3,52542,683,0.013,41.67,0.061,28,5,0.041,0.1786,32.66,8.33,-21.6,75,0,0,0.917
2024-05-05,Affiliate_SEO,SEO_BonusGuide_BR,DE,T1,15978,374,0.0234,0.0,,98,30,0.262,0.3061,3726.13,,,9,0,0,0.983
2024-05-05,Affiliate_SEO,SEO_BonusGuide_BR,BR,T2,4268,75,0.0176,0.0,,17,5,0.2267,0.2941,224.98,,,1,0,0,0.983
2024-05-05,Affiliate_SEO,SEO_CasinoReview_DE,PL,T2,22415,413,0.0184,0.0,,104,43,0.2518,0.4135,2973.46,,,9,0,0,0.978
2024-05-05,Affiliate_SEO,SEO_CasinoReview_DE,NG,T3,2779,45,0.0162,0.0,,11,4,0.2444,0.3636,86.17,,,1,0,0,0.981
2024-05-05,Affiliate_SEO,SEO_CasinoReview_DE,CA,T1,26635,668,0.0251,0.0,,123,56,0.1841,0.4553,5738.23,,,10,0,0,0.98
2024-05-05,Affiliate_SEO,SEO_CasinoReview_DE,AU,T1,7265,187,0.0257,0.0,,32,15,0.1711,0.4688,1703.81,,,3,0,0,0.983
2024-05-05,Affiliate_SEO,SEO_BonusGuide_BR,IN,T3,5646,149,0.0264,0.0,,47,14,0.3154,0.2979,159.16,,,4,0,0,0.981
2024-05-06,Facebook,FB_Sports_Banner,DE,T1,25341,1071,0.0423,230.2,0.215,75,12,0.07,0.16,1043.37,19.18,353.2,26,0,0,0.971
2024-05-06,Facebook,FB_Casino_CreativeA,BR,T2,15794,421,0.0267,51.3,0.122,45,8,0.1069,0.1778,284.28,6.41,454.2,15,0,0,0.967
2024-05-06,Facebook,FB_Sports_Banner,PL,T2,36817,1786,0.0485,158.06,0.088,183,57,0.1025,0.3115,2622.67,2.77,1559.3,68,2,0,0.967
2024-05-06,Facebook,FB_Sports_Banner,NG,T3,26893,897,0.0334,22.5,0.025,77,25,0.0858,0.3247,310.79,0.9,1281.3,30,0,0,0.971
2024-05-06,Facebook,FB_Slots_Video,CA,T1,11414,401,0.0351,114.41,0.285,37,9,0.0923,0.2432,739.68,12.71,546.5,9,0,0,0.967
2024-05-06,Facebook,FB_Casino_CreativeA,AU,T1,42643,1972,0.0462,322.9,0.164,158,29,0.0801,0.1835,2453.29,11.13,659.8,32,1,0,0.973
2024-05-06,Facebook,FB_Casino_CreativeA,IN,T3,23350,1337,0.0573,28.12,0.021,92,25,0.0688,0.2717,418.09,1.12,1386.8,34,0,0,0.972
2024-05-06,Google_Search,GG_Slots_KW_Generic,DE,T1,12383,547,0.0442,289.2,0.529,57,12,0.1042,0.2105,1347.06,24.1,365.8,4,0,0,0.99
2024-05-06,Google_Search,GG_Sports_Betting,BR,T2,14580,530,0.0364,126.57,0.239,66,19,0.1245,0.2879,872.49,6.66,589.3,3,0,0,0.991
2024-05-06,Google_Search,GG_Slots_KW_Generic,PL,T2,29706,1202,0.0405,368.04,0.306,232,47,0.193,0.2026,2258.72,7.83,513.7,6,0,0,0.99
2024-05-06,Google_Search,GG_Casino_KW_Brand,NG,T3,27499,684,0.0249,59.14,0.086,96,39,0.1404,0.4062,481.58,1.52,714.3,5,0,0,0.99
2024-05-06,Google_Search,GG_Casino_KW_Brand,CA,T1,7359,201,0.0273,171.07,0.851,32,10,0.1592,0.3125,841.54,17.11,391.9,2,0,0,0.99
2024-05-06,Google_Search,GG_Slots_KW_Generic,AU,T1,17156,509,0.0297,380.73,0.748,58,18,0.1139,0.3103,1756.43,21.15,361.3,6,0,0,0.99
2024-05-06,Google_Search,GG_Sports_Betting,IN,T3,22543,476,0.0211,89.56,0.188,81,25,0.1702,0.3086,405.23,3.58,352.5,3,0,0,0.989
2024-05-06,Push_Network,Push_Casino_Retarget,DE,T1,31350,428,0.0137,62.84,0.147,17,2,0.0397,0.1176,43.71,31.42,-30.4,31,0,0,0.839
2024-05-06,Push_Network,Push_Casino_Retarget,BR,T2,48125,1212,0.0252,27.06,0.022,35,3,0.0289,0.0857,32.53,9.02,20.2,243,1,0,0.842
2024-05-06,Push_Network,Push_iGaming_Broad,PL,T2,41202,520,0.0126,32.76,0.063,28,4,0.0538,0.1429,84.11,8.19,156.7,49,0,0,0.865
2024-05-06,Push_Network,Push_iGaming_Broad,NG,T3,62986,1159,0.0184,10.27,0.009,42,3,0.0362,0.0714,6.0,3.42,-41.6,176,1,0,0.848
2024-05-06,Push_Network,Push_Casino_Retarget,CA,T1,22172,429,0.0193,33.97,0.079,21,2,0.049,0.0952,64.05,16.98,88.5,56,0,0,0.87
2024-05-06,Push_Network,Push_Casino_Retarget,AU,T1,16613,433,0.0261,24.84,0.057,18,1,0.0416,0.0556,33.15,24.84,33.5,76,1,0,0.851
2024-05-06,Push_Network,Push_iGaming_Broad,IN,T3,8679,131,0.0151,2.13,0.016,5,0,0.0382,0.0,0.0,,-100.0,13,0,0,0.832
2024-05-06,Native_Ads,Native_Review_Article,DE,T1,21521,282,0.0131,121.86,0.432,19,4,0.0674,0.2105,246.25,30.46,102.1,9,0,0,0.931
2024-05-06,Native_Ads,Native_Review_Article,BR,T2,29872,432,0.0145,48.82,0.113,37,7,0.0856,0.1892,236.84,6.97,385.1,13,0,0,0.952
2024-05-06,Native_Ads,Native_Bonus_Landing,PL,T2,18481,413,0.0223,43.41,0.105,38,10,0.092,0.2632,190.54,4.34,338.9,15,0,0,0.949
2024-05-06,Native_Ads,Native_Review_Article,NG,T3,33976,820,0.0241,14.86,0.018,60,14,0.0732,0.2333,164.64,1.06,1007.9,61,0,0,0.932
2024-05-06,Native_Ads,Native_Review_Article,CA,T1,17760,391,0.022,90.95,0.233,30,6,0.0767,0.2,350.9,15.16,285.8,25,0,0,0.931
2024-05-06,Native_Ads,Native_Bonus_Landing,AU,T1,35338,1099,0.0311,179.29,0.163,104,20,0.0946,0.1923,1547.34,8.96,763.0,71,2,0,0.93
2024-05-06,Native_Ads,Native_Bonus_Landing,IN,T3,14699,329,0.0224,10.47,0.032,20,3,0.0608,0.15,6.0,3.49,-42.7,22,0,0,0.936
2024-05-06,TikTok,TT_Casino_UGC,DE,T1,20232,446,0.022,131.22,0.294,26,2,0.0583,0.0769,77.38,65.61,-41.0,18,0,0,0.915
2024-05-06,TikTok,TT_Sports_Short,BR,T2,11933,348,0.0292,25.08,0.072,12,2,0.0345,0.1667,25.8,12.54,2.9,40,0,0,0.904
2024-05-06,TikTok,TT_Casino_UGC,PL,T2,28081,612,0.0218,80.24,0.131,30,4,0.049,0.1333,112.15,20.06,39.8,61,0,0,0.933
2024-05-06,TikTok,TT_Casino_UGC,NG,T3,43939,640,0.0146,23.34,0.036,45,6,0.0703,0.1333,28.05,3.89,20.2,54,1,0,0.92
2024-05-06,TikTok,TT_Casino_UGC,CA,T1,23718,389,0.0164,121.4,0.312,22,2,0.0566,0.0909,78.42,60.7,-35.4,20,0,0,0.907
2024-05-06,TikTok,TT_Casino_UGC,AU,T1,21274,512,0.0241,119.35,0.233,25,2,0.0488,0.08,93.36,59.67,-21.8,34,0,0,0.92
2024-05-06,TikTok,TT_Casino_UGC,IN,T3,23017,278,0.0121,23.81,0.086,19,3,0.0683,0.1579,6.0,7.94,-74.8,16,0,0,0.916
2024-05-06,Affiliate_SEO,SEO_BonusGuide_BR,DE,T1,92064,913,0.0099,0.0,,167,65,0.1829,0.3892,7871.19,,,13,1,0,0.982
2024-05-06,Affiliate_SEO,SEO_BonusGuide_BR,BR,T2,2895,77,0.0266,0.0,,20,7,0.2597,0.35,335.35,,,1,0,0,0.979
2024-05-06,Affiliate_SEO,SEO_CasinoReview_DE,PL,T2,12548,125,0.01,0.0,,28,7,0.224,0.25,467.32,,,1,0,0,0.979
2024-05-06,Affiliate_SEO,SEO_CasinoReview_DE,NG,T3,2377,35,0.0147,0.0,,7,2,0.2,0.2857,56.59,,,0,0,0,0.98
2024-05-06,Affiliate_SEO,SEO_CasinoReview_DE,CA,T1,14653,228,0.0156,0.0,,34,13,0.1491,0.3824,1323.23,,,4,0,0,0.98
2024-05-06,Affiliate_SEO,SEO_BonusGuide_BR,AU,T1,58634,1040,0.0177,0.0,,250,78,0.2404,0.312,9082.31,,,27,1,0,0.977
2024-05-06,Affiliate_SEO,SEO_CasinoReview_DE,IN,T3,2560,67,0.0262,0.0,,15,5,0.2239,0.3333,76.16,,,1,0,0,0.978
2024-05-07,Facebook,FB_Casino_CreativeA,DE,T1,31690,1252,0.0395,279.6,0.223,90,24,0.0719,0.2667,1782.11,11.65,537.4,35,1,0,0.968
2024-05-07,Facebook,FB_Casino_CreativeA,BR,T2,50682,2090,0.0412,146.68,0.07,191,45,0.0914,0.2356,1702.32,3.26,1060.6,37,1,0,0.968
2024-05-07,Facebook,FB_Slots_Video,PL,T2,53823,1916,0.0356,246.29,0.129,141,39,0.0736,0.2766,1323.59,6.32,437.4,77,1,0,0.974
2024-05-07,Facebook,FB_Casino_CreativeA,NG,T3,34173,963,0.0282,30.59,0.032,95,27,0.0987,0.2842,199.4,1.13,551.8,27,0,0,0.971
2024-05-07,Facebook,FB_Sports_Banner,CA,T1,15483,386,0.0249,131.29,0.34,34,7,0.0881,0.2059,523.3,18.76,298.6,14,0,0,0.976
2024-05-07,Facebook,FB_Sports_Banner,AU,T1,11796,507,0.043,108.16,0.213,46,11,0.0907,0.2391,866.51,9.83,701.1,14,0,0,0.973
2024-05-07,Facebook,FB_Sports_Banner,IN,T3,16771,330,0.0197,23.39,0.071,37,6,0.1121,0.1622,92.11,3.9,293.8,14,0,0,0.97
2024-05-07,Google_Search,GG_Sports_Betting,DE,T1,20954,963,0.046,517.86,0.538,116,40,0.1205,0.3448,4101.33,12.95,692.0,6,0,0,0.99
2024-05-07,Google_Search,GG_Slots_KW_Generic,BR,T2,27418,1254,0.0457,237.72,0.19,175,60,0.1396,0.3429,2007.79,3.96,744.6,13,0,0,0.988
2024-05-07,Google_Search,GG_Casino_KW_Brand,PL,T2,18318,533,0.0291,225.47,0.423,75,17,0.1407,0.2267,840.37,13.26,272.7,3,0,0,0.989
2024-05-07,Google_Search,GG_Sports_Betting,NG,T3,41377,1245,0.0301,102.43,0.082,259,68,0.208,0.2625,212.21,1.51,107.2,16,0,0,0.988
2024-05-07,Google_Search,GG_Sports_Betting,CA,T1,29408,878,0.0299,704.3,0.802,158,50,0.18,0.3165,5249.49,14.09,645.3,9,0,0,0.989
2024-05-07,Google_Search,GG_Slots_KW_Generic,AU,T1,19893,606,0.0305,503.68,0.831,69,14,0.1139,0.2029,1346.55,35.98,167.3,3,0,0,0.99
2024-05-07,Google_Search,GG_Sports_Betting,IN,T3,17353,735,0.0424,67.93,0.092,121,35,0.1646,0.2893,412.31,1.94,507.0,9,0,0,0.989
2024-05-07,Push_Network,Push_Casino_Retarget,DE,T1,15981,116,0.0073,26.2,0.226,3,0,0.0259,0.0,0.0,,-100.0,12,0,0,0.873
2024-05-07,Push_Network,Push_iGaming_Broad,BR,T2,30202,521,0.0173,17.48,0.034,18,2,0.0345,0.1111,36.52,8.74,108.9,79,0,0,0.868
2024-05-07,Push_Network,Push_iGaming_Broad,PL,T2,7202,83,0.0115,5.32,0.064,2,0,0.0241,0.0,0.0,,-100.0,16,0,0,0.849
2024-05-07,Push_Network,Push_Casino_Retarget,NG,T3,22766,485,0.0213,3.83,0.008,17,2,0.0351,0.1176,7.46,1.92,94.8,50,0,0,0.832
2024-05-07,Push_Network,Push_iGaming_Broad,CA,T1,12943,371,0.0287,20.09,0.054,11,1,0.0296,0.0909,39.86,20.09,98.4,49,0,0,0.837
2024-05-07,Push_Network,Push_Casino_Retarget,AU,T1,31362,584,0.0186,48.89,0.084,29,3,0.0497,0.1034,82.35,16.3,68.4,45,1,0,0.865
2024-05-07,Push_Network,Push_Casino_Retarget,IN,T3,16506,154,0.0093,3.95,0.026,4,0,0.026,0.0,0.0,,-100.0,24,0,0,0.848
2024-05-07,Native_Ads,Native_Bonus_Landing,DE,T1,23511,499,0.0212,138.15,0.277,32,6,0.0641,0.1875,455.0,23.03,229.4,32,0,0,0.936
2024-05-07,Native_Ads,Native_Review_Article,BR,T2,21714,545,0.0251,43.23,0.079,37,5,0.0679,0.1351,77.44,8.65,79.1,38,0,0,0.941
2024-05-07,Native_Ads,Native_Review_Article,PL,T2,48052,616,0.0128,98.88,0.161,48,9,0.0779,0.1875,329.06,10.99,232.8,51,0,0,0.932
2024-05-07,Native_Ads,Native_Review_Article,NG,T3,24678,503,0.0204,12.06,0.024,36,7,0.0716,0.1944,127.42,1.72,956.6,39,0,0,0.943
2024-05-07,Native_Ads,Native_Bonus_Landing,CA,T1,15278,360,0.0236,87.11,0.242,21,5,0.0583,0.2381,292.29,17.42,235.5,20,0,0,0.946
2024-05-07,Native_Ads,Native_Bonus_Landing,AU,T1,21601,558,0.0258,90.55,0.162,35,7,0.0627,0.2,410.5,12.94,353.3,30,0,0,0.949
2024-05-07,Native_Ads,Native_Review_Article,IN,T3,26858,381,0.0142,19.67,0.052,25,3,0.0656,0.12,49.71,6.56,152.7,31,0,0,0.934
2024-05-07,TikTok,TT_Sports_Short,DE,T1,14176,241,0.017,102.6,0.426,11,1,0.0456,0.0909,48.06,102.6,-53.2,11,0,0,0.922
2024-05-07,TikTok,TT_Sports_Short,BR,T2,21570,427,0.0198,51.79,0.121,24,3,0.0562,0.125,25.18,17.26,-51.4,28,0,0,0.931
2024-05-07,TikTok,TT_Casino_UGC,PL,T2,13690,209,0.0153,37.53,0.18,14,1,0.067,0.0714,13.11,37.53,-65.1,11,0,0,0.911
2024-05-07,TikTok,TT_Sports_Short,NG,T3,40795,663,0.0163,22.81,0.034,36,6,0.0543,0.1667,12.0,3.8,-47.4,68,0,0,0.91
2024-05-07,TikTok,TT_Casino_UGC,CA,T1,95175,2583,0.0271,614.43,0.238,126,16,0.0488,0.127,731.07,38.4,19.0,293,3,0,0.933
2024-05-07,TikTok,TT_Sports_Short,AU,T1,43074,962,0.0223,240.2,0.25,46,6,0.0478,0.1304,250.6,40.03,4.3,72,1,0,0.918
2024-05-07,TikTok,TT_Casino_UGC,IN,T3,33914,817,0.0241,31.53,0.039,66,12,0.0808,0.1818,75.23,2.63,138.6,94,2,0,0.92
2024-05-07,Affiliate_SEO,SEO_CasinoReview_DE,DE,T1,22871,270,0.0118,0.0,,86,35,0.3185,0.407,4475.82,,,3,0,0,0.983
2024-05-07,Affiliate_SEO,SEO_CasinoReview_DE,BR,T2,3698,74,0.02,0.0,,17,4,0.2297,0.2353,178.56,,,2,0,0,0.978
2024-05-07,Affiliate_SEO,SEO_BonusGuide_BR,PL,T2,46516,863,0.0186,0.0,,129,59,0.1495,0.4574,3536.03,,,16,0,0,0.977
2024-05-07,Affiliate_SEO,SEO_BonusGuide_BR,NG,T3,2148,40,0.0186,0.0,,8,2,0.2,0.25,35.79,,,0,0,0,0.978
2024-05-07,Affiliate_SEO,SEO_CasinoReview_DE,CA,T1,39849,596,0.015,0.0,,151,57,0.2534,0.3775,7129.56,,,16,0,0,0.982
2024-05-07,Affiliate_SEO,SEO_CasinoReview_DE,AU,T1,17482,188,0.0108,0.0,,34,7,0.1809,0.2059,735.24,,,5,0,0,0.982
2024-05-07,Affiliate_SEO,SEO_BonusGuide_BR,IN,T3,2460,45,0.0183,0.0,,12,4,0.2667,0.3333,69.33,,,0,0,0,0.979
2024-05-08,Facebook,FB_Casino_CreativeA,DE,T1,17066,394,0.0231,163.28,0.414,34,6,0.0863,0.1765,524.19,27.21,221.0,16,0,0,0.97
2024-05-08,Facebook,FB_Slots_Video,BR,T2,10935,283,0.0259,39.58,0.14,31,6,0.1095,0.1935,212.91,6.6,437.9,5,0,0,0.966
2024-05-08,Facebook,FB_Slots_Video,PL,T2,22873,1202,0.0526,97.01,0.081,150,21,0.1248,0.14,710.79,4.62,632.7,27,1,0,0.973
2024-05-08,Facebook,FB_Sports_Banner,NG,T3,18479,464,0.0251,14.51,0.031,31,5,0.0668,0.1613,73.92,2.9,409.4,7,0,0,0.967
2024-05-08,Facebook,FB_Sports_Banner,CA,T1,32564,1154,0.0354,269.3,0.233,91,26,0.0789,0.2857,1903.47,10.36,606.8,18,1,0,0.966
2024-05-08,Facebook,FB_Casino_CreativeA,AU,T1,28710,628,0.0219,253.54,0.404,51,11,0.0812,0.2157,851.93,23.05,236.0,18,0,0,0.971
2024-05-08,Facebook,FB_Sports_Banner,IN,T3,49252,2491,0.0506,73.79,0.03,112,29,0.045,0.2589,547.74,2.54,642.3,102,0,0,0.971
2024-05-08,Google_Search,GG_Casino_KW_Brand,DE,T1,52628,2251,0.0428,1261.93,0.561,206,53,0.0915,0.2573,5570.15,23.81,341.4,25,0,0,0.991
2024-05-08,Google_Search,GG_Sports_Betting,BR,T2,21250,886,0.0417,202.82,0.229,135,51,0.1524,0.3778,2154.36,3.98,962.2,12,0,0,0.991
2024-05-08,Google_Search,GG_Slots_KW_Generic,PL,T2,28690,529,0.0184,350.68,0.663,98,31,0.1853,0.3163,1298.45,11.31,270.3,5,0,0,0.992
2024-05-08,Google_Search,GG_Slots_KW_Generic,NG,T3,21516,642,0.0298,50.01,0.078,89,21,0.1386,0.236,357.18,2.38,614.2,7,0,0,0.988
2024-05-08,Google_Search,GG_Slots_KW_Generic,CA,T1,54741,2241,0.0409,1349.47,0.602,306,72,0.1365,0.2353,6331.09,18.74,369.2,23,0,0,0.99
2024-05-08,Google_Search,GG_Sports_Betting,AU,T1,30977,1056,0.0341,762.64,0.722,175,62,0.1657,0.3543,5741.06,12.3,652.8,11,0,0,0.99
2024-05-08,Google_Search,GG_Sports_Betting,IN,T3,11168,266,0.0238,36.4,0.137,32,10,0.1203,0.3125,90.69,3.64,149.1,3,0,0,0.991
2024-05-08,Push_Network,Push_iGaming_Broad,DE,T1,12899,356,0.0276,21.36,0.06,16,1,0.0449,0.0625,42.18,21.36,97.5,49,0,0,0.883
2024-05-08,Push_Network,Push_Casino_Retarget,BR,T2,32336,674,0.0208,16.74,0.025,31,4,0.046,0.129,84.02,4.18,401.9,98,1,0,0.857
2024-05-08,Push_Network,Push_Casino_Retarget,PL,T2,24910,920,0.0369,18.61,0.02,29,3,0.0315,0.1034,65.36,6.2,251.2,187,0,0,0.833
2024-05-08,Push_Network,Push_iGaming_Broad,NG,T3,24594,507,0.0206,4.16,0.008,25,2,0.0493,0.08,25.62,2.08,515.9,78,1,0,0.871
2024-05-08,Push_Network,Push_Casino_Retarget,CA,T1,46829,784,0.0167,79.43,0.101,22,3,0.0281,0.1364,117.5,26.48,47.9,116,0,0,0.846
2024-05-08,Push_Network,Push_iGaming_Broad,AU,T1,38273,1014,0.0265,64.05,0.063,39,4,0.0385,0.1026,35.41,16.01,-44.7,193,1,0,0.875
2024-05-08,Push_Network,Push_Casino_Retarget,IN,T3,14380,216,0.015,3.13,0.014,8,0,0.037,0.0,0.0,,-100.0,21,0,0,0.853
2024-05-08,Native_Ads,Native_Bonus_Landing,DE,T1,20219,367,0.0182,101.65,0.277,27,5,0.0736,0.1852,352.0,20.33,246.3,18,0,0,0.931
2024-05-08,Native_Ads,Native_Bonus_Landing,BR,T2,29802,445,0.0149,54.8,0.123,38,7,0.0854,0.1842,215.45,7.83,293.2,18,0,0,0.928
2024-05-08,Native_Ads,Native_Review_Article,PL,T2,28107,929,0.0331,54.86,0.059,60,8,0.0646,0.1333,311.96,6.86,468.6,41,1,0,0.941
2024-05-08,Native_Ads,Native_Review_Article,NG,T3,49479,1104,0.0223,26.39,0.024,76,16,0.0688,0.2105,338.51,1.65,1182.7,51,1,0,0.939
2024-05-08,Native_Ads,Native_Review_Article,CA,T1,20973,480,0.0229,104.77,0.218,37,8,0.0771,0.2162,379.28,13.1,262.0,27,0,0,0.946
2024-05-08,Native_Ads,Native_Review_Article,AU,T1,25130,496,0.0197,112.72,0.227,38,11,0.0766,0.2895,741.52,10.25,557.8,43,0,0,0.929
2024-05-08,Native_Ads,Native_Review_Article,IN,T3,21890,409,0.0187,18.07,0.044,29,7,0.0709,0.2414,79.09,2.58,337.7,16,0,0,0.947
2024-05-08,TikTok,TT_Casino_UGC,DE,T1,19446,588,0.0302,141.2,0.24,36,5,0.0612,0.1389,225.39,28.24,59.6,34,0,0,0.907
2024-05-08,TikTok,TT_Sports_Short,BR,T2,28558,562,0.0197,53.83,0.096,36,6,0.0641,0.1667,183.03,8.97,240.0,33,1,0,0.935
2024-05-08,TikTok,TT_Casino_UGC,PL,T2,31513,570,0.0181,75.05,0.132,48,7,0.0842,0.1458,228.59,10.72,204.6,59,1,0,0.928
2024-05-08,TikTok,TT_Casino_UGC,NG,T3,17448,314,0.018,10.29,0.033,17,1,0.0541,0.0588,10.22,10.29,-0.7,31,0,0,0.921
2024-05-08,TikTok,TT_Casino_UGC,CA,T1,15317,313,0.0204,94.13,0.301,16,2,0.0511,0.125,51.0,47.06,-45.8,15,0,0,0.929
2024-05-08,TikTok,TT_Sports_Short,AU,T1,28320,614,0.0217,148.29,0.242,45,6,0.0733,0.1333,278.16,24.71,87.6,59,0,0,0.934
2024-05-08,TikTok,TT_Sports_Short,IN,T3,9898,227,0.0229,8.37,0.037,13,2,0.0573,0.1538,4.0,4.18,-52.2,25,0,0,0.935
2024-05-08,Affiliate_SEO,SEO_CasinoReview_DE,DE,T1,30071,664,0.0221,0.0,,188,58,0.2831,0.3085,7285.46,,,12,0,0,0.977
2024-05-08,Affiliate_SEO,SEO_BonusGuide_BR,BR,T2,2495,68,0.0273,0.0,,17,5,0.25,0.2941,180.6,,,0,0,0,0.983
2024-05-08,Affiliate_SEO,SEO_BonusGuide_BR,PL,T2,18509,355,0.0192,0.0,,89,31,0.2507,0.3483,2067.73,,,8,0,0,0.979
2024-05-08,Affiliate_SEO,SEO_BonusGuide_BR,NG,T3,1744,28,0.0161,0.0,,6,1,0.2143,0.1667,31.56,,,0,0,0,0.983
2024-05-08,Affiliate_SEO,SEO_BonusGuide_BR,CA,T1,13163,356,0.027,0.0,,84,31,0.236,0.369,3284.03,,,8,0,0,0.981
2024-05-08,Affiliate_SEO,SEO_CasinoReview_DE,AU,T1,23818,633,0.0266,0.0,,119,52,0.188,0.437,6074.3,,,14,0,0,0.979
2024-05-08,Affiliate_SEO,SEO_CasinoReview_DE,IN,T3,3317,84,0.0253,0.0,,15,5,0.1786,0.3333,132.78,,,1,0,0,0.982
2024-05-09,Facebook,FB_Slots_Video,DE,T1,40083,1892,0.0472,444.67,0.235,150,42,0.0793,0.28,3711.97,10.59,734.8,78,1,0,0.969
2024-05-09,Facebook,FB_Slots_Video,BR,T2,31807,1499,0.0471,114.87,0.077,142,22,0.0947,0.1549,503.84,5.22,338.6,52,0,0,0.965
2024-05-09,Facebook,FB_Casino_CreativeA,PL,T2,36100,1793,0.0497,163.84,0.091,166,46,0.0926,0.2771,1935.97,3.56,1081.6,66,0,0,0.965
2024-05-09,Facebook,FB_Slots_Video,NG,T3,36626,981,0.0268,30.55,0.031,118,30,0.1203,0.2542,405.45,1.02,1227.2,22,0,0,0.966
2024-05-09,Facebook,FB_Sports_Banner,CA,T1,27292,1462,0.0536,213.51,0.146,141,24,0.0964,0.1702,1803.04,8.9,744.5,35,1,0,0.975
2024-05-09,Facebook,FB_Sports_Banner,AU,T1,26704,1160,0.0434,201.77,0.174,128,31,0.1103,0.2422,2641.89,6.51,1209.4,25,0,0,0.975
2024-05-09,Facebook,FB_Sports_Banner,IN,T3,66822,3052,0.0457,86.77,0.028,266,44,0.0872,0.1654,297.75,1.97,243.1,80,1,0,0.964
2024-05-09,Google_Search,GG_Slots_KW_Generic,DE,T1,39866,1477,0.037,1163.65,0.788,244,55,0.1652,0.2254,5773.51,21.16,396.2,7,0,0,0.99
2024-05-09,Google_Search,GG_Slots_KW_Generic,BR,T2,22819,760,0.0333,189.15,0.249,131,28,0.1724,0.2137,1211.48,6.76,540.5,6,0,0,0.991
2024-05-09,Google_Search,GG_Sports_Betting,PL,T2,51425,1798,0.035,525.43,0.292,331,131,0.1841,0.3958,7077.54,4.01,1247.0,17,0,0,0.989
2024-05-09,Google_Search,GG_Slots_KW_Generic,NG,T3,79640,1896,0.0238,173.46,0.091,158,40,0.0833,0.2532,557.71,4.34,221.5,16,0,0,0.99
2024-05-09,Google_Search,GG_Casino_KW_Brand,CA,T1,36231,1453,0.0401,820.05,0.564,295,81,0.203,0.2746,7778.57,10.12,848.5,14,0,0,0.989
2024-05-09,Google_Search,GG_Sports_Betting,AU,T1,19036,356,0.0187,444.43,1.248,47,15,0.132,0.3191,1619.05,29.63,264.3,3,0,0,0.991
2024-05-09,Google_Search,GG_Sports_Betting,IN,T3,17057,519,0.0304,54.45,0.105,114,37,0.2197,0.3246,386.78,1.47,610.3,3,0,0,0.988
2024-05-09,Push_Network,Push_Casino_Retarget,DE,T1,17134,498,0.0291,29.33,0.059,27,3,0.0542,0.1111,83.23,9.78,183.8,83,0,0,0.862
2024-05-09,Push_Network,Push_iGaming_Broad,BR,T2,75392,1188,0.0158,45.43,0.038,36,4,0.0303,0.1111,25.35,11.36,-44.2,198,1,0,0.886
2024-05-09,Push_Network,Push_Casino_Retarget,PL,T2,36770,885,0.0241,30.44,0.034,33,4,0.0373,0.1212,95.13,7.61,212.5,84,0,0,0.865
2024-05-09,Push_Network,Push_Casino_Retarget,NG,T3,38941,906,0.0233,6.17,0.007,29,4,0.032,0.1379,37.39,1.54,506.0,151,0,0,0.862
2024-05-09,Push_Network,Push_Casino_Retarget,CA,T1,26497,295,0.0111,40.7,0.138,11,1,0.0373,0.0909,32.67,40.7,-19.7,49,0,0,0.877
2024-05-09,Push_Network,Push_Casino_Retarget,AU,T1,25772,270,0.0105,38.18,0.141,13,1,0.0481,0.0769,32.41,38.18,-15.1,27,0,0,0.832
2024-05-09,Push_Network,Push_Casino_Retarget,IN,T3,29804,579,0.0194,6.08,0.011,29,3,0.0501,0.1034,6.0,2.03,-1.3,46,0,0,0.88
2024-05-09,Native_Ads,Native_Review_Article,DE,T1,7626,180,0.0236,41.41,0.23,12,3,0.0667,0.25,202.52,13.8,389.1,15,0,0,0.928
2024-05-09,Native_Ads,Native_Review_Article,BR,T2,26493,580,0.0219,47.07,0.081,41,9,0.0707,0.2195,278.36,5.23,491.4,25,0,0,0.932
2024-05-09,Native_Ads,Native_Bonus_Landing,PL,T2,25081,365,0.0146,61.58,0.169,19,3,0.0521,0.1579,113.07,20.53,83.6,20,0,0,0.929
2024-05-09,Native_Ads,Native_Bonus_Landing,NG,T3,22047,296,0.0134,10.03,0.034,24,5,0.0811,0.2083,41.9,2.01,317.7,23,0,0,0.942
2024-05-09,Native_Ads,Native_Review_Article,CA,T1,14141,317,0.0224,63.54,0.2,26,5,0.082,0.1923,297.86,12.71,368.8,20,0,0,0.941
2024-05-09,Native_Ads,Native_Review_Article,AU,T1,21667,486,0.0224,97.98,0.202,39,5,0.0802,0.1282,270.16,19.6,175.7,23,0,0,0.934
2024-05-09,Native_Ads,Native_Bonus_Landing,IN,T3,31607,521,0.0165,26.21,0.05,27,6,0.0518,0.2222,42.72,4.37,63.0,26,0,0,0.943
2024-05-09,TikTok,TT_Casino_UGC,DE,T1,74283,719,0.0097,441.74,0.614,40,6,0.0556,0.15,248.6,73.62,-43.7,42,1,0,0.93
2024-05-09,TikTok,TT_Casino_UGC,BR,T2,30175,849,0.0281,64.24,0.076,46,4,0.0542,0.087,92.34,16.06,43.7,37,0,0,0.911
2024-05-09,TikTok,TT_Sports_Short,PL,T2,15033,314,0.0209,41.92,0.134,22,2,0.0701,0.0909,72.14,20.96,72.1,21,0,0,0.909
2024-05-09,TikTok,TT_Casino_UGC,NG,T3,19774,467,0.0236,10.3,0.022,26,5,0.0557,0.1923,10.0,2.06,-2.9,51,0,0,0.912
2024-05-09,TikTok,TT_Sports_Short,CA,T1,44561,809,0.0182,248.51,0.307,48,8,0.0593,0.1667,259.88,31.06,4.6,42,1,0,0.931
2024-05-09,TikTok,TT_Casino_UGC,AU,T1,21577,171,0.0079,119.36,0.698,7,1,0.0409,0.1429,26.25,119.36,-78.0,18,0,0,0.931
2024-05-09,TikTok,TT_Casino_UGC,IN,T3,19675,273,0.0139,19.4,0.071,17,1,0.0623,0.0588,2.69,19.4,-86.1,32,0,0,0.932
2024-05-09,Affiliate_SEO,SEO_BonusGuide_BR,DE,T1,20141,333,0.0165,0.0,,67,17,0.2012,0.2537,2183.23,,,5,0,0,0.983
2024-05-09,Affiliate_SEO,SEO_BonusGuide_BR,BR,T2,8467,73,0.0086,0.0,,11,4,0.1507,0.3636,148.83,,,1,0,0,0.976
2024-05-09,Affiliate_SEO,SEO_BonusGuide_BR,PL,T2,16359,219,0.0134,0.0,,59,19,0.2694,0.322,1207.7,,,5,0,0,0.977
2024-05-09,Affiliate_SEO,SEO_CasinoReview_DE,NG,T3,1854,44,0.0237,0.0,,10,4,0.2273,0.4,47.71,,,0,0,0,0.978
2024-05-09,Affiliate_SEO,SEO_CasinoReview_DE,CA,T1,23942,607,0.0254,0.0,,118,33,0.1944,0.2797,4352.34,,,7,0,0,0.98
2024-05-09,Affiliate_SEO,SEO_CasinoReview_DE,AU,T1,12557,205,0.0163,0.0,,43,12,0.2098,0.2791,1382.42,,,4,0,0,0.977
2024-05-09,Affiliate_SEO,SEO_CasinoReview_DE,IN,T3,3939,59,0.015,0.0,,12,3,0.2034,0.25,66.92,,,1,0,0,0.982
2024-05-10,Facebook,FB_Slots_Video,DE,T1,47885,1640,0.0342,466.55,0.284,159,43,0.097,0.2704,3569.98,10.85,665.2,53,1,0,0.965
2024-05-10,Facebook,FB_Slots_Video,BR,T2,18034,809,0.0449,57.2,0.071,67,16,0.0828,0.2388,367.19,3.58,541.9,26,0,0,0.965
2024-05-10,Facebook,FB_Casino_CreativeA,PL,T2,23705,1273,0.0537,81.71,0.064,120,24,0.0943,0.2,912.33,3.4,1016.5,33,1,0,0.97
2024-05-10,Facebook,FB_Sports_Banner,NG,T3,34283,1574,0.0459,35.41,0.022,132,28,0.0839,0.2121,593.7,1.26,1576.6,33,1,0,0.97
2024-05-10,Facebook,FB_Sports_Banner,CA,T1,28504,1165,0.0409,254.89,0.219,85,23,0.073,0.2706,1656.38,11.08,549.8,50,0,0,0.973
2024-05-10,Facebook,FB_Slots_Video,AU,T1,20601,667,0.0324,168.48,0.253,54,8,0.081,0.1481,562.09,21.06,233.6,13,0,0,0.972
2024-05-10,Facebook,FB_Slots_Video,IN,T3,13960,474,0.034,16.87,0.036,54,10,0.1139,0.1852,202.1,1.69,1098.0,12,0,0,0.967
2024-05-10,Google_Search,GG_Slots_KW_Generic,DE,T1,24000,841,0.035,572.72,0.681,150,38,0.1784,0.2533,3889.3,15.07,579.1,9,0,0,0.991
2024-05-10,Google_Search,GG_Slots_KW_Generic,BR,T2,41464,1603,0.0387,317.4,0.198,193,57,0.1204,0.2953,1418.89,5.57,347.0,21,0,0,0.989
2024-05-10,Google_Search,GG_Slots_KW_Generic,PL,T2,21269,861,0.0405,210.19,0.244,147,39,0.1707,0.2653,1986.9,5.39,845.3,9,0,0,0.99
2024-05-10,Google_Search,GG_Casino_KW_Brand,NG,T3,27683,1093,0.0395,69.18,0.063,170,49,0.1555,0.2882,792.82,1.41,1046.0,7,0,0,0.989
2024-05-10,Google_Search,GG_Casino_KW_Brand,CA,T1,21130,659,0.0312,540.89,0.821,107,34,0.1624,0.3178,2822.66,15.91,421.9,8,0,0,0.988
2024-05-10,Google_Search,GG_Sports_Betting,AU,T1,15454,690,0.0446,372.4,0.54,97,22,0.1406,0.2268,1834.93,16.93,392.7,6,0,0,0.991
2024-05-10,Google_Search,GG_Slots_KW_Generic,IN,T3,42749,1553,0.0363,157.46,0.101,209,56,0.1346,0.2679,279.88,2.81,77.7,10,0,0,0.99
2024-05-10,Push_Network,Push_iGaming_Broad,DE,T1,27661,426,0.0154,55.28,0.13,15,2,0.0352,0.1333,53.5,27.64,-3.2,51,0,0,0.882
2024-05-10,Push_Network,Push_Casino_Retarget,BR,T2,25174,401,0.0159,13.19,0.033,22,3,0.0549,0.1364,24.78,4.4,87.9,43,0,0,0.842
2024-05-10,Push_Network,Push_iGaming_Broad,PL,T2,41240,1079,0.0262,33.18,0.031,34,4,0.0315,0.1176,83.76,8.29,152.4,110,1,0,0.852
2024-05-10,Push_Network,Push_Casino_Retarget,NG,T3,11445,276,0.0241,1.67,0.006,13,1,0.0471,0.0769,2.0,1.67,19.8,44,0,0,0.879
2024-05-10,Push_Network,Push_iGaming_Broad,CA,T1,38778,790,0.0204,66.36,0.084,38,3,0.0481,0.0789,91.52,22.12,37.9,68,1,0,0.834
2024-05-10,Push_Network,Push_Casino_Retarget,AU,T1,3621,90,0.0249,5.36,0.06,3,0,0.0333,0.0,0.0,,-100.0,10,0,0,0.832
2024-05-10,Push_Network,Push_Casino_Retarget,IN,T3,19539,475,0.0243,4.69,0.01,23,1,0.0484,0.0435,11.4,4.69,143.1,41,0,0,0.866
2024-05-10,Native_Ads,Native_Bonus_Landing,DE,T1,20364,311,0.0153,109.04,0.351,16,2,0.0514,0.125,129.32,54.52,18.6,22,0,0,0.931
2024-05-10,Native_Ads,Native_Review_Article,BR,T2,18723,546,0.0292,29.02,0.053,31,7,0.0568,0.2258,169.79,4.15,485.1,22,0,0,0.931
2024-05-10,Native_Ads,Native_Bonus_Landing,PL,T2,17005,340,0.02,36.32,0.107,20,3,0.0588,0.15,118.16,12.11,225.3,22,0,0,0.946
2024-05-10,Native_Ads,Native_Review_Article,NG,T3,15778,284,0.018,7.92,0.028,21,3,0.0739,0.1429,50.77,2.64,541.0,20,0,0,0.949
2024-05-10,Native_Ads,Native_Bonus_Landing,CA,T1,26463,431,0.0163,143.85,0.334,34,7,0.0789,0.2059,451.37,20.55,213.8,20,0,0,0.93
2024-05-10,Native_Ads,Native_Bonus_Landing,AU,T1,22898,244,0.0107,121.01,0.496,18,3,0.0738,0.1667,146.2,40.34,20.8,19,0,0,0.947
2024-05-10,Native_Ads,Native_Bonus_Landing,IN,T3,27047,452,0.0167,19.64,0.043,21,4,0.0465,0.1905,8.0,4.91,-59.3,39,0,0,0.95
2024-05-10,TikTok,TT_Sports_Short,DE,T1,28252,344,0.0122,191.72,0.557,23,3,0.0669,0.1304,143.59,63.91,-25.1,20,0,0,0.913
2024-05-10,TikTok,TT_Casino_UGC,BR,T2,9966,257,0.0258,18.65,0.073,8,1,0.0311,0.125,20.9,18.65,12.1,11,0,0,0.926
2024-05-10,TikTok,TT_Casino_UGC,PL,T2,35616,375,0.0105,103.79,0.277,25,4,0.0667,0.16,52.08,25.95,-49.8,42,0,0,0.917
2024-05-10,TikTok,TT_Sports_Short,NG,T3,13391,305,0.0228,8.53,0.028,14,1,0.0459,0.0714,16.21,8.53,90.0,29,0,0,0.928
2024-05-10,TikTok,TT_Casino_UGC,CA,T1,12254,144,0.0118,66.38,0.461,6,1,0.0417,0.1667,56.8,66.38,-14.4,14,0,0,0.916
2024-05-10,TikTok,TT_Casino_UGC,AU,T1,23652,286,0.0121,140.27,0.49,16,3,0.0559,0.1875,143.2,46.76,2.1,20,0,0,0.907
2024-05-10,TikTok,TT_Casino_UGC,IN,T3,21579,406,0.0188,20.26,0.05,22,1,0.0542,0.0455,13.5,20.26,-33.4,32,0,0,0.91
2024-05-10,Affiliate_SEO,SEO_CasinoReview_DE,DE,T1,33455,687,0.0205,0.0,,172,56,0.2504,0.3256,7114.98,,,9,1,0,0.977
2024-05-10,Affiliate_SEO,SEO_CasinoReview_DE,BR,T2,7555,81,0.0107,0.0,,21,7,0.2593,0.3333,233.33,,,0,0,0,0.981
2024-05-10,Affiliate_SEO,SEO_CasinoReview_DE,PL,T2,21008,337,0.016,0.0,,98,31,0.2908,0.3163,2166.79,,,4,0,0,0.978
2024-05-10,Affiliate_SEO,SEO_BonusGuide_BR,NG,T3,1921,54,0.0281,0.0,,15,5,0.2778,0.3333,124.91,,,1,0,0,0.978
2024-05-10,Affiliate_SEO,SEO_CasinoReview_DE,CA,T1,14093,326,0.0231,0.0,,60,18,0.184,0.3,2253.64,,,4,0,0,0.982
2024-05-10,Affiliate_SEO,SEO_BonusGuide_BR,AU,T1,36776,939,0.0255,0.0,,200,100,0.213,0.5,10786.93,,,13,1,0,0.981
2024-05-10,Affiliate_SEO,SEO_BonusGuide_BR,IN,T3,3070,46,0.015,0.0,,9,4,0.1957,0.4444,109.55,,,1,0,0,0.983
2024-05-11,Facebook,FB_Slots_Video,DE,T1,29973,974,0.0325,294.85,0.303,60,12,0.0616,0.2,947.51,24.57,221.4,41,0,0,0.971
2024-05-11,Facebook,FB_Sports_Banner,BR,T2,12238,358,0.0293,34.15,0.095,32,8,0.0894,0.25,207.16,4.27,506.6,12,0,0,0.972
2024-05-11,Facebook,FB_Slots_Video,PL,T2,11120,220,0.0198,41.25,0.188,22,4,0.1,0.1818,107.66,10.31,161.0,7,0,0,0.964
2024-05-11,Facebook,FB_Slots_Video,NG,T3,15378,466,0.0303,13.3,0.029,35,6,0.0751,0.1714,25.22,2.22,89.6,9,0,0,0.973
2024-05-11,Facebook,FB_Casino_CreativeA,CA,T1,29896,943,0.0315,276.3,0.293,84,27,0.0891,0.3214,2001.38,10.23,624.4,35,0,0,0.972
2024-05-11,Facebook,FB_Sports_Banner,AU,T1,19979,748,0.0374,177.88,0.238,59,13,0.0789,0.2203,820.82,13.68,361.4,11,0,0,0.972
2024-05-11,Facebook,FB_Slots_Video,IN,T3,31137,659,0.0212,36.85,0.056,71,14,0.1077,0.1972,40.79,2.63,10.7,19,0,0,0.971
2024-05-11,Google_Search,GG_Sports_Betting,DE,T1,23384,770,0.0329,610.85,0.793,125,41,0.1623,0.328,4581.9,14.9,650.1,7,0,0,0.99
2024-05-11,Google_Search,GG_Slots_KW_Generic,BR,T2,14775,629,0.0426,113.69,0.181,100,13,0.159,0.13,507.15,8.75,346.1,3,0,0,0.989
2024-05-11,Google_Search,GG_Casino_KW_Brand,PL,T2,88332,3090,0.035,968.23,0.313,453,133,0.1466,0.2936,7430.03,7.28,667.4,26,2,0,0.99
2024-05-11,Google_Search,GG_Sports_Betting,NG,T3,62672,2149,0.0343,129.77,0.06,430,96,0.2001,0.2233,686.0,1.35,428.6,19,1,0,0.992
2024-05-11,Google_Search,GG_Slots_KW_Generic,CA,T1,53815,1377,0.0256,1212.85,0.881,254,51,0.1845,0.2008,4919.2,23.78,305.6,16,0,0,0.989
2024-05-11,Google_Search,GG_Slots_KW_Generic,AU,T1,12357,470,0.038,315.53,0.671,62,12,0.1319,0.1935,1138.96,26.29,261.0,3,0,0,0.99
2024-05-11,Google_Search,GG_Slots_KW_Generic,IN,T3,37507,1326,0.0354,147.72,0.111,211,59,0.1591,0.2796,703.6,2.5,376.3,14,0,0,0.988
2024-05-11,Push_Network,Push_iGaming_Broad,DE,T1,21595,338,0.0157,34.11,0.101,12,1,0.0355,0.0833,35.58,34.11,4.3,44,0,0,0.852
2024-05-11,Push_Network,Push_Casino_Retarget,BR,T2,22042,270,0.0122,11.2,0.041,9,1,0.0333,0.1111,9.38,11.2,-16.2,21,0,0,0.876
2024-05-11,Push_Network,Push_Casino_Retarget,PL,T2,68589,1737,0.0253,51.3,0.03,71,8,0.0409,0.1127,197.93,6.41,285.8,201,4,0,0.874
2024-05-11,Push_Network,Push_Casino_Retarget,NG,T3,16075,397,0.0247,2.21,0.006,19,2,0.0479,0.1053,30.47,1.1,1278.7,78,0,0,0.886
2024-05-11,Push_Network,Push_iGaming_Broad,CA,T1,25514,352,0.0138,39.68,0.113,16,2,0.0455,0.125,50.23,19.84,26.6,47,0,0,0.856
2024-05-11,Push_Network,Push_iGaming_Broad,AU,T1,24036,497,0.0207,40.83,0.082,26,3,0.0523,0.1154,46.84,13.61,14.7,40,1,0,0.87
2024-05-11,Push_Network,Push_iGaming_Broad,IN,T3,31722,642,0.0202,6.87,0.011,21,2,0.0327,0.0952,9.46,3.44,37.7,53,0,0,0.878
2024-05-11,Native_Ads,Native_Review_Article,DE,T1,35090,475,0.0135,207.07,0.436,34,7,0.0716,0.2059,519.0,29.58,150.6,41,0,0,0.928
2024-05-11,Native_Ads,Native_Review_Article,BR,T2,37818,762,0.0201,56.9,0.075,67,7,0.0879,0.1045,142.83,8.13,151.0,58,1,0,0.932
2024-05-11,Native_Ads,Native_Review_Article,PL,T2,41959,946,0.0225,86.94,0.092,68,10,0.0719,0.1471,200.97,8.69,131.2,32,1,0,0.94
2024-05-11,Native_Ads,Native_Review_Article,NG,T3,52736,847,0.0161,27.1,0.032,50,7,0.059,0.14,132.4,3.87,388.6,55,1,0,0.942
2024-05-11,Native_Ads,Native_Bonus_Landing,CA,T1,27638,523,0.0189,135.63,0.259,34,7,0.065,0.2059,433.53,19.38,219.6,46,0,0,0.937
2024-05-11,Native_Ads,Native_Bonus_Landing,AU,T1,24273,399,0.0164,106.98,0.268,22,4,0.0551,0.1818,272.2,26.75,154.4,16,0,0,0.936
2024-05-11,Native_Ads,Native_Bonus_Landing,IN,T3,9575,219,0.0229,7.67,0.035,14,2,0.0639,0.1429,9.4,3.83,22.6,17,0,0,0.937
2024-05-11,TikTok,TT_Sports_Short,DE,T1,60023,1408,0.0235,433.09,0.308,76,11,0.054,0.1447,441.41,39.37,1.9,116,0,0,0.912
2024-05-11,TikTok,TT_Casino_UGC,BR,T2,46257,1295,0.028,88.23,0.068,91,17,0.0703,0.1868,503.2,5.19,470.3,145,2,0,0.933
2024-05-11,TikTok,TT_Sports_Short,PL,T2,21461,465,0.0217,56.72,0.122,34,5,0.0731,0.1471,153.03,11.34,169.8,48,0,0,0.935
2024-05-11,TikTok,TT_Sports_Short,NG,T3,38676,873,0.0226,25.87,0.03,39,5,0.0447,0.1282,41.32,5.17,59.7,45,1,0,0.928
2024-05-11,TikTok,TT_Casino_UGC,CA,T1,131000,2542,0.0194,821.29,0.323,149,21,0.0586,0.1409,803.59,39.11,-2.2,213,4,0,0.924
2024-05-11,TikTok,TT_Casino_UGC,AU,T1,46023,795,0.0173,288.92,0.363,40,6,0.0503,0.15,186.55,48.15,-35.4,42,1,0,0.919
2024-05-11,TikTok,TT_Casino_UGC,IN,T3,31245,787,0.0252,26.95,0.034,49,7,0.0623,0.1429,14.0,3.85,-48.1,45,1,0,0.906
2024-05-11,Affiliate_SEO,SEO_CasinoReview_DE,DE,T1,14275,281,0.0197,0.0,,64,13,0.2278,0.2031,1475.82,,,5,0,0,0.982
2024-05-11,Affiliate_SEO,SEO_CasinoReview_DE,BR,T2,3837,71,0.0185,0.0,,14,4,0.1972,0.2857,197.23,,,0,0,0,0.983
2024-05-11,Affiliate_SEO,SEO_BonusGuide_BR,PL,T2,7136,163,0.0228,0.0,,28,10,0.1718,0.3571,585.26,,,1,0,0,0.98
2024-05-11,Affiliate_SEO,SEO_BonusGuide_BR,NG,T3,3242,53,0.0163,0.0,,10,3,0.1887,0.3,33.54,,,1,0,0,0.98
2024-05-11,Affiliate_SEO,SEO_CasinoReview_DE,CA,T1,18311,411,0.0224,0.0,,97,43,0.236,0.4433,5384.33,,,6,0,0,0.978
2024-05-11,Affiliate_SEO,SEO_CasinoReview_DE,AU,T1,17078,405,0.0237,0.0,,105,36,0.2593,0.3429,4223.94,,,9,0,0,0.983
2024-05-11,Affiliate_SEO,SEO_CasinoReview_DE,IN,T3,5400,100,0.0185,0.0,,23,7,0.23,0.3043,177.53,,,2,0,0,0.982
2024-05-12,Facebook,FB_Sports_Banner,DE,T1,37606,1499,0.0399,365.26,0.244,151,29,0.1007,0.1921,2517.11,12.6,589.1,37,1,0,0.964
2024-05-12,Facebook,FB_Casino_CreativeA,BR,T2,21750,851,0.0391,75.28,0.088,80,21,0.094,0.2625,423.7,3.58,462.8,34,0,0,0.966
2024-05-12,Facebook,FB_Slots_Video,PL,T2,16242,377,0.0232,70.62,0.187,29,7,0.0769,0.2414,298.85,10.09,323.2,12,0,0,0.967
2024-05-12,Facebook,FB_Slots_Video,NG,T3,20914,810,0.0387,18.94,0.023,78,11,0.0963,0.141,60.06,1.72,217.1,28,0,0,0.976
2024-05-12,Facebook,FB_Sports_Banner,CA,T1,18671,767,0.0411,160.06,0.209,46,8,0.06,0.1739,633.65,20.01,295.9,19,0,0,0.974
2024-05-12,Facebook,FB_Casino_CreativeA,AU,T1,9872,348,0.0353,87.64,0.252,28,5,0.0805,0.1786,336.47,17.53,283.9,14,0,0,0.966
2024-05-12,Facebook,FB_Slots_Video,IN,T3,20211,758,0.0375,30.94,0.041,80,15,0.1055,0.1875,107.8,2.06,248.4,12,0,0,0.97
2024-05-12,Google_Search,GG_Casino_KW_Brand,DE,T1,17343,376,0.0217,515.87,1.372,56,17,0.1489,0.3036,1929.69,30.35,274.1,4,0,0,0.988
2024-05-12,Google_Search,GG_Casino_KW_Brand,BR,T2,16142,489,0.0303,140.15,0.287,69,22,0.1411,0.3188,844.3,6.37,502.4,6,0,0,0.99
2024-05-12,Google_Search,GG_Sports_Betting,PL,T2,52057,2182,0.0419,567.03,0.26,340,99,0.1558,0.2912,4113.28,5.73,625.4,14,0,0,0.989
2024-05-12,Google_Search,GG_Slots_KW_Generic,NG,T3,28990,1137,0.0392,63.86,0.056,135,35,0.1187,0.2593,70.0,1.82,9.6,6,0,0,0.989
2024-05-12,Google_Search,GG_Sports_Betting,CA,T1,27296,1333,0.0488,655.13,0.491,248,74,0.186,0.2984,7022.72,8.85,972.0,17,0,0,0.988
2024-05-12,Google_Search,GG_Slots_KW_Generic,AU,T1,40928,1340,0.0327,856.17,0.639,194,38,0.1448,0.1959,3513.67,22.53,310.4,8,0,0,0.991
2024-05-12,Google_Search,GG_Sports_Betting,IN,T3,16702,726,0.0435,60.93,0.084,120,35,0.1653,0.2917,492.45,1.74,708.2,10,0,0,0.991
2024-05-12,Push_Network,Push_Casino_Retarget,DE,T1,25319,328,0.013,49.07,0.15,11,1,0.0335,0.0909,28.93,49.07,-41.0,29,0,0,0.868
2024-05-12,Push_Network,Push_iGaming_Broad,BR,T2,63004,1253,0.0199,33.55,0.027,28,4,0.0223,0.1429,82.29,8.39,145.3,128,1,0,0.877
2024-05-12,Push_Network,Push_Casino_Retarget,PL,T2,33364,853,0.0256,20.63,0.024,53,5,0.0621,0.0943,72.96,4.13,253.7,128,2,0,0.883
2024-05-12,Push_Network,Push_Casino_Retarget,NG,T3,9500,260,0.0274,1.56,0.006,11,0,0.0423,0.0,0.0,,-100.0,42,0,0,0.839
2024-05-12,Push_Network,Push_iGaming_Broad,CA,T1,39243,726,0.0185,63.56,0.088,17,2,0.0234,0.1176,68.53,31.78,7.8,126,0,0,0.858
2024-05-12,Push_Network,Push_Casino_Retarget,AU,T1,39328,732,0.0186,63.04,0.086,26,2,0.0355,0.0769,53.75,31.52,-14.7,103,0,0,0.834
2024-05-12,Push_Network,Push_Casino_Retarget,IN,T3,36667,964,0.0263,8.42,0.009,46,3,0.0477,0.0652,6.0,2.81,-28.7,101,1,0,0.883
2024-05-12,Native_Ads,Native_Bonus_Landing,DE,T1,13717,191,0.0139,82.49,0.432,16,5,0.0838,0.3125,376.17,16.5,356.0,15,0,0,0.943
2024-05-12,Native_Ads,Native_Review_Article,BR,T2,51235,974,0.019,78.54,0.081,78,17,0.0801,0.2179,356.48,4.62,353.9,81,1,0,0.943
2024-05-12,Native_Ads,Native_Bonus_Landing,PL,T2,20973,325,0.0155,45.16,0.139,20,4,0.0615,0.2,86.43,11.29,91.4,28,0,0,0.95
2024-05-12,Native_Ads,Native_Bonus_Landing,NG,T3,18105,347,0.0192,9.24,0.027,29,5,0.0836,0.1724,83.16,1.85,800.0,16,0,0,0.934
2024-05-12,Native_Ads,Native_Review_Article,CA,T1,55663,788,0.0142,312.47,0.397,66,10,0.0838,0.1515,598.25,31.25,91.5,25,0,0,0.937
2024-05-12,Native_Ads,Native_Review_Article,AU,T1,13112,146,0.0111,66.17,0.453,8,1,0.0548,0.125,52.13,66.17,-21.2,10,0,0,0.946
2024-05-12,Native_Ads,Native_Bonus_Landing,IN,T3,20091,369,0.0184,13.46,0.036,26,6,0.0705,0.2308,21.02,2.24,56.2,22,0,0,0.945
2024-05-12,TikTok,TT_Casino_UGC,DE,T1,14484,215,0.0148,82.71,0.385,16,2,0.0744,0.125,126.82,41.35,53.3,19,0,0,0.914
2024-05-12,TikTok,TT_Casino_UGC,BR,T2,14634,328,0.0224,29.35,0.089,20,3,0.061,0.15,38.21,9.78,30.2,34,0,0,0.93
2024-05-12,TikTok,TT_Casino_UGC,PL,T2,74566,1834,0.0246,199.03,0.109,114,21,0.0622,0.1842,213.21,9.48,7.1,117,2,0,0.924
2024-05-12,TikTok,TT_Sports_Short,NG,T3,9972,229,0.023,5.49,0.024,12,1,0.0524,0.0833,15.08,5.49,174.7,23,0,0,0.913
2024-05-12,TikTok,TT_Casino_UGC,CA,T1,20304,200,0.0099,105.37,0.527,10,1,0.05,0.1,32.02,105.37,-69.6,22,0,0,0.909
2024-05-12,TikTok,TT_Casino_UGC,AU,T1,68881,1085,0.0158,352.25,0.325,79,12,0.0728,0.1519,481.33,29.35,36.6,58,2,0,0.911
2024-05-12,TikTok,TT_Sports_Short,IN,T3,21327,474,0.0222,17.07,0.036,30,3,0.0633,0.1,32.22,5.69,88.8,28,0,0,0.912
2024-05-12,Affiliate_SEO,SEO_BonusGuide_BR,DE,T1,13737,117,0.0085,0.0,,30,13,0.2564,0.4333,1399.12,,,2,0,0,0.983
2024-05-12,Affiliate_SEO,SEO_CasinoReview_DE,BR,T2,18731,422,0.0225,0.0,,73,29,0.173,0.3973,1340.02,,,12,0,0,0.983
2024-05-12,Affiliate_SEO,SEO_BonusGuide_BR,PL,T2,13369,292,0.0218,0.0,,45,15,0.1541,0.3333,1071.57,,,7,0,0,0.978
2024-05-12,Affiliate_SEO,SEO_BonusGuide_BR,NG,T3,2988,27,0.009,0.0,,4,1,0.1481,0.25,12.76,,,0,0,0,0.978
2024-05-12,Affiliate_SEO,SEO_CasinoReview_DE,CA,T1,43856,776,0.0177,0.0,,171,74,0.2204,0.4327,8319.87,,,22,1,0,0.977
2024-05-12,Affiliate_SEO,SEO_CasinoReview_DE,AU,T1,58644,1324,0.0226,0.0,,298,113,0.2251,0.3792,14187.78,,,25,2,0,0.977
2024-05-12,Affiliate_SEO,SEO_CasinoReview_DE,IN,T3,1318,30,0.0228,0.0,,8,3,0.2667,0.375,28.8,,,0,0,0,0.976
2024-05-13,Facebook,FB_Casino_CreativeA,DE,T1,29859,1187,0.0398,289.7,0.244,93,17,0.0783,0.1828,1337.71,17.04,361.8,20,0,0,0.973
2024-05-13,Facebook,FB_Sports_Banner,BR,T2,44597,1401,0.0314,136.63,0.098,106,23,0.0757,0.217,650.73,5.94,376.3,24,0,0,0.965
2024-05-13,Facebook,FB_Slots_Video,PL,T2,35672,963,0.027,145.66,0.151,72,16,0.0748,0.2222,450.93,9.1,209.6,25,0,0,0.972
2024-05-13,Facebook,FB_Slots_Video,NG,T3,25138,909,0.0362,22.57,0.025,46,12,0.0506,0.2609,422.27,1.88,1770.9,30,0,0,0.973
2024-05-13,Facebook,FB_Slots_Video,CA,T1,11311,457,0.0404,108.38,0.237,48,13,0.105,0.2708,934.57,8.34,762.3,15,0,0,0.975
2024-05-13,Facebook,FB_Sports_Banner,AU,T1,24071,740,0.0307,175.02,0.237,97,28,0.1311,0.2887,1644.18,6.25,839.4,13,1,0,0.969
2024-05-13,Facebook,FB_Casino_CreativeA,IN,T3,13735,475,0.0346,18.61,0.039,36,11,0.0758,0.3056,90.5,1.69,386.3,19,0,0,0.971
2024-05-13,Google_Search,GG_Casino_KW_Brand,DE,T1,32024,1038,0.0324,910.46,0.877,159,54,0.1532,0.3396,5874.43,16.86,545.2,6,0,0,0.991
2024-05-13,Google_Search,GG_Casino_KW_Brand,BR,T2,17656,925,0.0524,149.83,0.162,171,55,0.1849,0.3216,2293.47,2.72,1430.7,12,0,0,0.989
2024-05-13,Google_Search,GG_Slots_KW_Generic,PL,T2,16824,551,0.0328,196.25,0.356,84,27,0.1525,0.3214,1598.26,7.27,714.4,7,0,0,0.988
2024-05-13,Google_Search,GG_Casino_KW_Brand,NG,T3,25091,418,0.0167,64.08,0.153,35,7,0.0837,0.2,223.67,9.15,249.0,5,0,0,0.99
2024-05-13,Google_Search,GG_Casino_KW_Brand,CA,T1,30732,1257,0.0409,660.95,0.526,197,72,0.1567,0.3655,7075.36,9.18,970.5,8,0,0,0.991
2024-05-13,Google_Search,GG_Casino_KW_Brand,AU,T1,22047,890,0.0404,472.42,0.531,146,34,0.164,0.2329,3296.07,13.89,597.7,8,0,0,0.99
2024-05-13,Google_Search,GG_Sports_Betting,IN,T3,25976,1030,0.0397,86.32,0.084,166,66,0.1612,0.3976,1539.73,1.31,1683.7,5,0,0,0.991
2024-05-13,Push_Network,Push_Casino_Retarget,DE,T1,35593,537,0.0151,62.79,0.117,25,2,0.0466,0.08,42.06,31.39,-33.0,73,0,0,0.854
2024-05-13,Push_Network,Push_iGaming_Broad,BR,T2,22338,356,0.0159,12.51,0.035,21,2,0.059,0.0952,34.68,6.25,177.2,59,1,0,0.883
2024-05-13,Push_Network,Push_iGaming_Broad,PL,T2,21289,546,0.0256,16.31,0.03,24,2,0.044,0.0833,55.79,8.15,242.1,41,1,0,0.873
2024-05-13,Push_Network,Push_Casino_Retarget,NG,T3,21027,521,0.0248,3.62,0.007,21,2,0.0403,0.0952,4.0,1.81,10.5,52,0,0,0.879
2024-05-13,Push_Network,Push_Casino_Retarget,CA,T1,54923,1037,0.0189,97.93,0.094,25,4,0.0241,0.16,47.1,24.48,-51.9,159,0,0,0.841
2024-05-13,Push_Network,Push_iGaming_Broad,AU,T1,24972,362,0.0145,42.08,0.116,17,2,0.047,0.1176,65.22,21.04,55.0,62,0,0,0.847
2024-05-13,Push_Network,Push_iGaming_Broad,IN,T3,20349,170,0.0084,4.35,0.026,8,0,0.0471,0.0,0.0,,-100.0,18,0,0,0.849
2024-05-13,Native_Ads,Native_Review_Article,DE,T1,11511,243,0.0211,60.28,0.248,20,5,0.0823,0.25,284.47,12.06,371.9,14,0,0,0.935
2024-05-13,Native_Ads,Native_Bonus_Landing,BR,T2,14814,376,0.0254,27.98,0.074,29,4,0.0771,0.1379,58.12,7.0,107.7,12,0,0,0.951
2024-05-13,Native_Ads,Native_Review_Article,PL,T2,40765,1014,0.0249,88.0,0.087,57,10,0.0562,0.1754,213.27,8.8,142.4,87,0,0,0.932
2024-05-13,Native_Ads,Native_Bonus_Landing,NG,T3,67692,855,0.0126,32.33,0.038,60,12,0.0702,0.2,123.06,2.69,280.6,36,0,0,0.94
2024-05-13,Native_Ads,Native_Bonus_Landing,CA,T1,27524,526,0.0191,123.48,0.235,38,7,0.0722,0.1842,478.04,17.64,287.1,37,0,0,0.934
2024-05-13,Native_Ads,Native_Bonus_Landing,AU,T1,16808,391,0.0233,90.19,0.231,32,5,0.0818,0.1562,247.34,18.04,174.2,28,0,0,0.93
2024-05-13,Native_Ads,Native_Review_Article,IN,T3,34635,243,0.007,22.52,0.093,17,2,0.07,0.1176,32.83,11.26,45.8,16,0,0,0.945
2024-05-13,TikTok,TT_Casino_UGC,DE,T1,25320,503,0.0199,143.2,0.285,32,4,0.0636,0.125,206.13,35.8,43.9,28,0,0,0.91
2024-05-13,TikTok,TT_Sports_Short,BR,T2,26604,490,0.0184,52.56,0.107,30,4,0.0612,0.1333,53.89,13.14,2.5,32,0,0,0.917
2024-05-13,TikTok,TT_Sports_Short,PL,T2,16306,251,0.0154,49.42,0.197,14,2,0.0558,0.1429,27.36,24.71,-44.6,16,0,0,0.906
2024-05-13,TikTok,TT_Sports_Short,NG,T3,23077,690,0.0299,13.64,0.02,39,4,0.0565,0.1026,8.0,3.41,-41.3,71,1,0,0.918
2024-05-13,TikTok,TT_Sports_Short,CA,T1,31212,629,0.0202,184.8,0.294,38,6,0.0604,0.1579,311.92,30.8,68.8,44,1,0,0.93
2024-05-13,TikTok,TT_Sports_Short,AU,T1,36930,988,0.0268,183.28,0.186,55,9,0.0557,0.1636,279.59,20.36,52.5,103,1,0,0.929
2024-05-13,TikTok,TT_Casino_UGC,IN,T3,17901,137,0.0077,17.71,0.129,9,1,0.0657,0.1111,15.85,17.71,-10.5,11,0,0,0.923
2024-05-13,Affiliate_SEO,SEO_CasinoReview_DE,DE,T1,13691,249,0.0182,0.0,,57,11,0.2289,0.193,1207.58,,,6,0,0,0.981
2024-05-13,Affiliate_SEO,SEO_CasinoReview_DE,BR,T2,2202,53,0.0241,0.0,,9,3,0.1698,0.3333,159.64,,,1,0,0,0.981
2024-05-13,Affiliate_SEO,SEO_CasinoReview_DE,PL,T2,29181,766,0.0262,0.0,,98,33,0.1279,0.3367,2185.69,,,9,0,0,0.976
2024-05-13,Affiliate_SEO,SEO_BonusGuide_BR,NG,T3,3815,70,0.0183,0.0,,16,5,0.2286,0.3125,146.45,,,1,0,0,0.979
2024-05-13,Affiliate_SEO,SEO_CasinoReview_DE,CA,T1,71269,1174,0.0165,0.0,,196,65,0.167,0.3316,6590.0,,,23,0,0,0.977
2024-05-13,Affiliate_SEO,SEO_CasinoReview_DE,AU,T1,43835,773,0.0176,0.0,,189,60,0.2445,0.3175,6878.19,,,9,1,0,0.983
2024-05-13,Affiliate_SEO,SEO_BonusGuide_BR,IN,T3,4175,70,0.0168,0.0,,10,3,0.1429,0.3,94.35,,,2,0,0,0.98
2024-05-14,Facebook,FB_Casino_CreativeA,DE,T1,29780,1235,0.0415,296.27,0.24,112,30,0.0907,0.2679,2538.01,9.88,756.7,55,1,0,0.97
2024-05-14,Facebook,FB_Casino_CreativeA,BR,T2,20566,735,0.0357,63.48,0.086,85,19,0.1156,0.2235,339.15,3.34,434.3,11,0,0,0.971
2024-05-14,Facebook,FB_Sports_Banner,PL,T2,30351,1520,0.0501,133.17,0.088,110,29,0.0724,0.2636,908.02,4.59,581.9,41,0,0,0.965
2024-05-14,Facebook,FB_Slots_Video,NG,T3,13344,472,0.0354,10.84,0.023,49,12,0.1038,0.2449,62.43,0.9,475.9,15,0,0,0.967
2024-05-14,Facebook,FB_Casino_CreativeA,CA,T1,54506,2184,0.0401,534.11,0.245,231,64,0.1058,0.2771,4514.18,8.35,745.2,67,1,0,0.975
2024-05-14,Facebook,FB_Casino_CreativeA,AU,T1,14684,595,0.0405,123.01,0.207,72,13,0.121,0.1806,856.77,9.46,596.5,17,0,0,0.967
2024-05-14,Facebook,FB_Casino_CreativeA,IN,T3,16276,506,0.0311,21.1,0.042,51,11,0.1008,0.2157,282.76,1.92,1240.1,11,0,0,0.966
2024-05-14,Google_Search,GG_Casino_KW_Brand,DE,T1,31932,856,0.0268,829.8,0.969,114,39,0.1332,0.3421,4688.74,21.28,465.0,9,0,0,0.991
2024-05-14,Google_Search,GG_Casino_KW_Brand,BR,T2,30249,1035,0.0342,290.64,0.281,180,55,0.1739,0.3056,2394.6,5.28,723.9,6,0,0,0.99
2024-05-14,Google_Search,GG_Sports_Betting,PL,T2,10378,511,0.0492,121.32,0.237,102,26,0.1996,0.2549,1366.18,4.67,1026.1,3,0,0,0.991
2024-05-14,Google_Search,GG_Sports_Betting,NG,T3,19448,690,0.0355,45.62,0.066,114,31,0.1652,0.2719,418.58,1.47,817.5,4,0,0,0.99
2024-05-14,Google_Search,GG_Sports_Betting,CA,T1,37598,1511,0.0402,1019.8,0.675,177,46,0.1171,0.2599,4988.25,22.17,389.1,12,0,0,0.989
2024-05-14,Google_Search,GG_Casino_KW_Brand,AU,T1,18853,778,0.0413,423.57,0.544,114,39,0.1465,0.3421,3493.18,10.86,724.7,11,0,0,0.991
2024-05-14,Google_Search,GG_Slots_KW_Generic,IN,T3,19864,592,0.0298,68.48,0.116,80,29,0.1351,0.3625,574.3,2.36,738.6,8,0,0,0.989
2024-05-14,Push_Network,Push_Casino_Retarget,DE,T1,9217,267,0.029,16.92,0.063,12,1,0.0449,0.0833,16.68,16.92,-1.4,24,0,0,0.872
2024-05-14,Push_Network,Push_iGaming_Broad,BR,T2,12959,264,0.0204,7.13,0.027,7,0,0.0265,0.0,0.0,,-100.0,45,0,0,0.884
2024-05-14,Push_Network,Push_Casino_Retarget,PL,T2,60748,1504,0.0248,37.38,0.025,44,6,0.0293,0.1364,118.62,6.23,217.3,288,1,0,0.844
2024-05-14,Push_Network,Push_iGaming_Broad,NG,T3,23057,208,0.009,4.17,0.02,8,1,0.0385,0.125,2.0,4.17,-52.0,26,0,0,0.866
2024-05-14,Push_Network,Push_Casino_Retarget,CA,T1,16494,146,0.0089,27.29,0.187,4,0,0.0274,0.0,0.0,,-100.0,28,0,0,0.866
2024-05-14,Push_Network,Push_iGaming_Broad,AU,T1,40718,829,0.0204,53.07,0.064,26,3,0.0314,0.1154,41.12,17.69,-22.5,71,1,0,0.843
2024-05-14,Push_Network,Push_Casino_Retarget,IN,T3,17539,369,0.021,4.01,0.011,14,0,0.0379,0.0,0.0,,-100.0,35,0,0,0.873
2024-05-14,Native_Ads,Native_Review_Article,DE,T1,47559,1260,0.0265,236.47,0.188,60,13,0.0476,0.2167,873.93,18.19,269.6,86,0,0,0.942
2024-05-14,Native_Ads,Native_Bonus_Landing,BR,T2,18590,640,0.0344,34.12,0.053,19,3,0.0297,0.1579,75.15,11.37,120.3,46,0,0,0.949
2024-05-14,Native_Ads,Native_Bonus_Landing,PL,T2,39269,1154,0.0294,79.05,0.069,104,11,0.0901,0.1058,397.78,7.19,403.2,84,2,0,0.938
2024-05-14,Native_Ads,Native_Review_Article,NG,T3,21437,585,0.0273,10.53,0.018,41,4,0.0701,0.0976,21.75,2.63,106.6,48,0,0,0.947
2024-05-14,Native_Ads,Native_Review_Article,CA,T1,43014,1524,0.0354,194.65,0.128,116,23,0.0761,0.1983,1311.99,8.46,574.0,93,2,0,0.942
2024-05-14,Native_Ads,Native_Bonus_Landing,AU,T1,36083,966,0.0268,157.53,0.163,76,15,0.0787,0.1974,775.08,10.5,392.0,52,1,0,0.944
2024-05-14,Native_Ads,Native_Review_Article,IN,T3,23179,426,0.0184,19.61,0.046,41,9,0.0962,0.2195,269.11,2.18,1272.3,24,0,0,0.947
2024-05-14,TikTok,TT_Casino_UGC,DE,T1,32829,782,0.0238,247.39,0.316,46,7,0.0588,0.1522,390.41,35.34,57.8,45,1,0,0.912
2024-05-14,TikTok,TT_Sports_Short,BR,T2,42637,789,0.0185,85.73,0.109,41,5,0.052,0.122,102.23,17.15,19.2,84,0,0,0.905
2024-05-14,TikTok,TT_Sports_Short,PL,T2,20023,300,0.015,47.99,0.16,17,3,0.0567,0.1765,51.28,16.0,6.9,30,0,0,0.913
2024-05-14,TikTok,TT_Sports_Short,NG,T3,23159,399,0.0172,14.83,0.037,29,4,0.0727,0.1379,123.44,3.71,732.4,31,0,0,0.931
2024-05-14,TikTok,TT_Casino_UGC,CA,T1,15763,131,0.0083,101.15,0.772,8,1,0.0611,0.125,58.56,101.15,-42.1,11,0,0,0.93
2024-05-14,TikTok,TT_Sports_Short,AU,T1,29771,871,0.0293,144.38,0.166,40,5,0.0459,0.125,295.55,28.88,104.7,41,1,0,0.931
2024-05-14,TikTok,TT_Casino_UGC,IN,T3,17278,238,0.0138,16.09,0.068,14,2,0.0588,0.1429,4.0,8.04,-75.1,18,0,0,0.918
2024-05-14,Affiliate_SEO,SEO_BonusGuide_BR,DE,T1,41120,891,0.0217,0.0,,199,73,0.2233,0.3668,8645.25,,,20,0,0,0.978
2024-05-14,Affiliate_SEO,SEO_BonusGuide_BR,BR,T2,12009,149,0.0124,0.0,,41,14,0.2752,0.3415,738.46,,,2,0,0,0.976
2024-05-14,Affiliate_SEO,SEO_CasinoReview_DE,PL,T2,21872,621,0.0284,0.0,,106,35,0.1707,0.3302,2323.58,,,17,0,0,0.983
2024-05-14,Affiliate_SEO,SEO_BonusGuide_BR,NG,T3,1914,34,0.0178,0.0,,7,2,0.2059,0.2857,26.77,,,0,0,0,0.983
2024-05-14,Affiliate_SEO,SEO_CasinoReview_DE,CA,T1,16723,486,0.0291,0.0,,110,45,0.2263,0.4091,5149.94,,,11,0,0,0.979
2024-05-14,Affiliate_SEO,SEO_BonusGuide_BR,AU,T1,31377,685,0.0218,0.0,,136,63,0.1985,0.4632,7327.39,,,12,1,0,0.983
2024-05-14,Affiliate_SEO,SEO_CasinoReview_DE,IN,T3,6038,222,0.0368,0.0,,45,16,0.2027,0.3556,116.28,,,3,0,0,0.983
2024-05-15,Facebook,FB_Slots_Video,DE,T1,21114,755,0.0358,219.34,0.291,76,19,0.1007,0.25,1653.82,11.54,654.0,24,0,0,0.973
2024-05-15,Facebook,FB_Sports_Banner,BR,T2,11558,344,0.0298,40.98,0.119,39,9,0.1134,0.2308,256.0,4.55,524.7,5,0,0,0.975
2024-05-15,Facebook,FB_Casino_CreativeA,PL,T2,15742,675,0.0429,54.43,0.081,65,18,0.0963,0.2769,642.37,3.02,1080.2,22,0,0,0.966
2024-05-15,Facebook,FB_Casino_CreativeA,NG,T3,24164,752,0.0311,19.31,0.026,65,15,0.0864,0.2308,30.0,1.29,55.4,31,0,0,0.971
2024-05-15,Facebook,FB_Slots_Video,CA,T1,30631,687,0.0224,234.61,0.341,68,20,0.099,0.2941,1453.62,11.73,519.6,11,0,0,0.966
2024-05-15,Facebook,FB_Sports_Banner,AU,T1,46299,2193,0.0474,390.86,0.178,150,31,0.0684,0.2067,2188.48,12.61,459.9,77,0,0,0.965
2024-05-15,Facebook,FB_Sports_Banner,IN,T3,24302,1212,0.0499,32.61,0.027,108,34,0.0891,0.3148,704.52,0.96,2060.4,41,1,0,0.973
2024-05-15,Google_Search,GG_Slots_KW_Generic,DE,T1,13805,416,0.0301,384.32,0.924,57,22,0.137,0.386,2321.6,17.47,504.1,4,0,0,0.988
2024-05-15,Google_Search,GG_Sports_Betting,BR,T2,34407,1635,0.0475,317.02,0.194,283,114,0.1731,0.4028,5034.01,2.78,1487.9,11,0,0,0.988
2024-05-15,Google_Search,GG_Slots_KW_Generic,PL,T2,28581,1026,0.0359,297.36,0.29,159,43,0.155,0.2704,2427.5,6.92,716.4,8,0,0,0.99
2024-05-15,Google_Search,GG_Casino_KW_Brand,NG,T3,27423,829,0.0302,67.06,0.081,104,31,0.1255,0.2981,550.22,2.16,720.5,10,0,0,0.991
2024-05-15,Google_Search,GG_Casino_KW_Brand,CA,T1,18871,674,0.0357,464.08,0.689,79,20,0.1172,0.2532,2102.45,23.2,353.0,10,0,0,0.991
2024-05-15,Google_Search,GG_Sports_Betting,AU,T1,6835,128,0.0187,176.21,1.377,18,6,0.1406,0.3333,619.13,29.37,251.4,1,0,0,0.988
2024-05-15,Google_Search,GG_Casino_KW_Brand,IN,T3,16180,894,0.0553,65.6,0.073,149,53,0.1667,0.3557,790.28,1.24,1104.7,8,0,0,0.992
2024-05-15,Push_Network,Push_Casino_Retarget,DE,T1,19403,237,0.0122,33.43,0.141,11,1,0.0464,0.0909,37.79,33.43,13.0,35,0,0,0.868
2024-05-15,Push_Network,Push_Casino_Retarget,BR,T2,19797,587,0.0297,11.73,0.02,16,2,0.0273,0.125,23.92,5.87,103.9,118,0,0,0.862
2024-05-15,Push_Network,Push_Casino_Retarget,PL,T2,13170,284,0.0216,10.12,0.036,12,1,0.0423,0.0833,13.75,10.12,35.9,21,0,0,0.872
2024-05-15,Push_Network,Push_Casino_Retarget,NG,T3,76668,1840,0.024,12.36,0.007,62,8,0.0337,0.129,16.0,1.54,29.4,209,1,0,0.84
2024-05-15,Push_Network,Push_Casino_Retarget,CA,T1,28832,581,0.0202,46.18,0.079,21,1,0.0361,0.0476,31.37,46.18,-32.1,40,1,0,0.886
2024-05-15,Push_Network,Push_Casino_Retarget,AU,T1,31772,576,0.0181,46.56,0.081,21,2,0.0365,0.0952,70.11,23.28,50.6,66,1,0,0.858
2024-05-15,Push_Network,Push_iGaming_Broad,IN,T3,20838,413,0.0198,5.3,0.013,16,1,0.0387,0.0625,13.95,5.3,163.2,56,0,0,0.848
2024-05-15,Native_Ads,Native_Bonus_Landing,DE,T1,19330,396,0.0205,120.35,0.304,23,4,0.0581,0.1739,277.16,30.09,130.3,22,0,0,0.941
2024-05-15,Native_Ads,Native_Review_Article,BR,T2,41018,1205,0.0294,69.17,0.057,98,23,0.0813,0.2347,512.82,3.01,641.4,41,2,0,0.935
2024-05-15,Native_Ads,Native_Bonus_Landing,PL,T2,17316,562,0.0325,33.95,0.06,38,8,0.0676,0.2105,280.44,4.24,726.0,44,0,0,0.93
2024-05-15,Native_Ads,Native_Bonus_Landing,NG,T3,17243,426,0.0247,7.74,0.018,30,6,0.0704,0.2,75.0,1.29,869.0,24,0,0,0.942
2024-05-15,Native_Ads,Native_Review_Article,CA,T1,11864,319,0.0269,62.4,0.196,14,2,0.0439,0.1429,106.47,31.2,70.6,18,0,0,0.932
2024-05-15,Native_Ads,Native_Bonus_Landing,AU,T1,17853,392,0.022,85.68,0.219,25,6,0.0638,0.24,380.84,14.28,344.5,22,0,0,0.949
2024-05-15,Native_Ads,Native_Bonus_Landing,IN,T3,12043,386,0.0321,8.68,0.022,34,5,0.0881,0.1471,64.63,1.74,644.6,33,0,0,0.94
2024-05-15,TikTok,TT_Sports_Short,DE,T1,23691,444,0.0187,171.52,0.386,23,3,0.0518,0.1304,129.79,57.17,-24.3,45,0,0,0.905
2024-05-15,TikTok,TT_Casino_UGC,BR,T2,41311,696,0.0168,90.21,0.13,42,7,0.0603,0.1667,144.8,12.89,60.5,52,1,0,0.917
2024-05-15,TikTok,TT_Casino_UGC,PL,T2,29082,765,0.0263,81.46,0.106,63,6,0.0824,0.0952,131.65,13.58,61.6,34,1,0,0.933
2024-05-15,TikTok,TT_Casino_UGC,NG,T3,9647,136,0.0141,6.51,0.048,7,1,0.0515,0.1429,4.05,6.51,-37.8,10,0,0,0.933
2024-05-15,TikTok,TT_Casino_UGC,CA,T1,19615,432,0.022,103.88,0.24,30,4,0.0694,0.1333,178.51,25.97,71.8,38,1,0,0.906
2024-05-15,TikTok,TT_Casino_UGC,AU,T1,28649,477,0.0166,180.81,0.379,25,4,0.0524,0.16,144.54,45.2,-20.1,52,0,0,0.932
2024-05-15,TikTok,TT_Casino_UGC,IN,T3,68676,1561,0.0227,65.39,0.042,64,8,0.041,0.125,18.74,8.17,-71.3,116,1,0,0.91
2024-05-15,Affiliate_SEO,SEO_BonusGuide_BR,DE,T1,58034,959,0.0165,0.0,,250,95,0.2607,0.38,11119.2,,,19,1,0,0.98
2024-05-15,Affiliate_SEO,SEO_BonusGuide_BR,BR,T2,7312,176,0.0241,0.0,,50,15,0.2841,0.3,581.59,,,3,0,0,0.977
2024-05-15,Affiliate_SEO,SEO_BonusGuide_BR,PL,T2,9085,186,0.0205,0.0,,36,12,0.1935,0.3333,690.61,,,4,0,0,0.983
2024-05-15,Affiliate_SEO,SEO_BonusGuide_BR,NG,T3,1768,34,0.0192,0.0,,5,1,0.1471,0.2,5.69,,,1,0,0,0.983
2024-05-15,Affiliate_SEO,SEO_BonusGuide_BR,CA,T1,14399,335,0.0233,0.0,,71,30,0.2119,0.4225,3456.68,,,3,0,0,0.977
2024-05-15,Affiliate_SEO,SEO_CasinoReview_DE,AU,T1,22100,337,0.0152,0.0,,103,32,0.3056,0.3107,3631.13,,,5,0,0,0.976
2024-05-15,Affiliate_SEO,SEO_BonusGuide_BR,IN,T3,4675,99,0.0212,0.0,,20,5,0.202,0.25,31.95,,,2,0,0,0.978
2024-05-16,Facebook,FB_Slots_Video,DE,T1,24919,762,0.0306,245.37,0.322,56,10,0.0735,0.1786,772.13,24.54,214.7,11,0,0,0.964
2024-05-16,Facebook,FB_Slots_Video,BR,T2,30708,1120,0.0365,109.55,0.098,86,18,0.0768,0.2093,612.21,6.09,458.8,42,1,0,0.973
2024-05-16,Facebook,FB_Slots_Video,PL,T2,31192,672,0.0215,137.86,0.205,51,10,0.0759,0.1961,488.97,13.79,254.7,13,0,0,0.968
2024-05-16,Facebook,FB_Casino_CreativeA,NG,T3,19664,782,0.0398,20.17,0.026,74,14,0.0946,0.1892,41.36,1.44,105.1,14,0,0,0.969
2024-05-16,Facebook,FB_Sports_Banner,CA,T1,56096,1307,0.0233,501.08,0.383,172,30,0.1316,0.1744,2260.75,16.7,351.2,31,2,0,0.969
2024-05-16,Facebook,FB_Casino_CreativeA,AU,T1,34690,1113,0.0321,326.27,0.293,59,13,0.053,0.2203,909.68,25.1,178.8,26,0,0,0.971
2024-05-16,Facebook,FB_Sports_Banner,IN,T3,14812,574,0.0388,21.59,0.038,51,9,0.0889,0.1765,131.69,2.4,510.0,25,0,0,0.97
2024-05-16,Google_Search,GG_Slots_KW_Generic,DE,T1,14068,368,0.0262,369.82,1.005,56,10,0.1522,0.1786,1038.06,36.98,180.7,4,0,0,0.99
2024-05-16,Google_Search,GG_Slots_KW_Generic,BR,T2,17830,737,0.0413,132.74,0.18,88,30,0.1194,0.3409,1508.0,4.42,1036.1,8,0,0,0.991
2024-05-16,Google_Search,GG_Sports_Betting,PL,T2,68999,2542,0.0368,757.37,0.298,462,152,0.1817,0.329,6777.65,4.98,794.9,36,0,0,0.99
2024-05-16,Google_Search,GG_Slots_KW_Generic,NG,T3,33714,963,0.0286,91.92,0.095,175,66,0.1817,0.3771,1370.77,1.39,1391.3,12,0,0,0.992
2024-05-16,Google_Search,GG_Slots_KW_Generic,CA,T1,24991,991,0.0397,644.42,0.65,204,54,0.2059,0.2647,5166.86,11.93,701.8,8,0,0,0.99
2024-05-16,Google_Search,GG_Casino_KW_Brand,AU,T1,20384,656,0.0322,402.95,0.614,69,18,0.1052,0.2609,1628.7,22.39,304.2,8,0,0,0.992
2024-05-16,Google_Search,GG_Slots_KW_Generic,IN,T3,19682,845,0.0429,70.99,0.084,131,27,0.155,0.2061,419.38,2.63,490.8,10,0,0,0.991
2024-05-16,Push_Network,Push_iGaming_Broad,DE,T1,13201,277,0.021,21.07,0.076,8,0,0.0289,0.0,0.0,,-100.0,55,0,0,0.88
2024-05-16,Push_Network,Push_Casino_Retarget,BR,T2,33471,971,0.029,16.31,0.017,48,4,0.0494,0.0833,43.74,4.08,168.2,104,1,0,0.883
2024-05-16,Push_Network,Push_Casino_Retarget,PL,T2,28929,728,0.0252,22.69,0.031,31,2,0.0426,0.0645,48.31,11.35,112.9,151,1,0,0.864
2024-05-16,Push_Network,Push_Casino_Retarget,NG,T3,43247,915,0.0212,6.0,0.007,29,3,0.0317,0.1034,31.89,2.0,431.5,105,1,0,0.868
2024-05-16,Push_Network,Push_iGaming_Broad,CA,T1,17382,421,0.0242,30.06,0.071,16,1,0.038,0.0625,35.8,30.06,19.1,76,0,0,0.868
2024-05-16,Push_Network,Push_Casino_Retarget,AU,T1,37930,1046,0.0276,60.31,0.058,46,6,0.044,0.1304,221.06,10.05,266.5,94,2,0,0.867
2024-05-16,Push_Network,Push_iGaming_Broad,IN,T3,11055,104,0.0094,2.37,0.023,4,0,0.0385,0.0,0.0,,-100.0,11,0,0,0.849
2024-05-16,Native_Ads,Native_Review_Article,DE,T1,31786,567,0.0178,184.61,0.326,41,8,0.0723,0.1951,492.5,23.08,166.8,23,0,0,0.942
2024-05-16,Native_Ads,Native_Bonus_Landing,BR,T2,22317,426,0.0191,43.72,0.103,29,3,0.0681,0.1034,52.98,14.57,21.2,23,0,0,0.929
2024-05-16,Native_Ads,Native_Bonus_Landing,PL,T2,21390,298,0.0139,41.83,0.14,19,3,0.0638,0.1579,138.92,13.94,232.1,25,0,0,0.934
2024-05-16,Native_Ads,Native_Bonus_Landing,NG,T3,40962,768,0.0187,20.05,0.026,56,8,0.0729,0.1429,138.75,2.51,592.0,57,0,0,0.932
2024-05-16,Native_Ads,Native_Review_Article,CA,T1,19523,308,0.0158,92.85,0.301,18,3,0.0584,0.1667,177.39,30.95,91.1,10,0,0,0.941
2024-05-16,Native_Ads,Native_Bonus_Landing,AU,T1,28397,637,0.0224,131.92,0.207,33,6,0.0518,0.1818,440.49,21.99,233.9,34,0,0,0.952
2024-05-16,Native_Ads,Native_Review_Article,IN,T3,25956,544,0.021,18.41,0.034,44,9,0.0809,0.2045,35.4,2.05,92.3,18,0,0,0.946
2024-05-16,TikTok,TT_Sports_Short,DE,T1,19111,447,0.0234,137.36,0.307,32,6,0.0716,0.1875,248.43,22.89,80.9,48,1,0,0.906
2024-05-16,TikTok,TT_Sports_Short,BR,T2,28370,402,0.0142,66.8,0.166,24,3,0.0597,0.125,31.13,22.27,-53.4,22,0,0,0.933
2024-05-16,TikTok,TT_Sports_Short,PL,T2,28600,643,0.0225,77.15,0.12,43,7,0.0669,0.1628,150.83,11.02,95.5,53,1,0,0.908
2024-05-16,TikTok,TT_Casino_UGC,NG,T3,14984,437,0.0292,8.99,0.021,23,3,0.0526,0.1304,6.0,3.0,-33.3,36,0,0,0.907
2024-05-16,TikTok,TT_Sports_Short,CA,T1,38923,1046,0.0269,248.77,0.238,65,11,0.0621,0.1692,570.61,22.62,129.4,122,1,0,0.92
2024-05-16,TikTok,TT_Casino_UGC,AU,T1,13547,183,0.0135,85.84,0.469,10,1,0.0546,0.1,31.59,85.84,-63.2,16,0,0,0.912
2024-05-16,TikTok,TT_Sports_Short,IN,T3,50175,806,0.0161,43.92,0.054,48,4,0.0596,0.0833,66.81,10.98,52.1,61,1,0,0.908
2024-05-16,Affiliate_SEO,SEO_CasinoReview_DE,DE,T1,59518,1632,0.0274,0.0,,349,131,0.2138,0.3754,17874.47,,,22,2,0,0.976
2024-05-16,Affiliate_SEO,SEO_BonusGuide_BR,BR,T2,17665,359,0.0203,0.0,,73,24,0.2033,0.3288,876.16,,,10,0,0,0.983
2024-05-16,Affiliate_SEO,SEO_CasinoReview_DE,PL,T2,14064,280,0.0199,0.0,,70,32,0.25,0.4571,1641.66,,,7,0,0,0.977
2024-05-16,Affiliate_SEO,SEO_CasinoReview_DE,NG,T3,3220,91,0.0283,0.0,,21,5,0.2308,0.2381,126.46,,,2,0,0,0.983
2024-05-16,Affiliate_SEO,SEO_BonusGuide_BR,CA,T1,30219,756,0.025,0.0,,130,55,0.172,0.4231,6535.47,,,16,0,0,0.978
2024-05-16,Affiliate_SEO,SEO_CasinoReview_DE,AU,T1,15122,309,0.0204,0.0,,87,29,0.2816,0.3333,3629.43,,,8,0,0,0.982
2024-05-16,Affiliate_SEO,SEO_CasinoReview_DE,IN,T3,4129,91,0.022,0.0,,21,5,0.2308,0.2381,136.55,,,2,0,0,0.981
2024-05-17,Facebook,FB_Slots_Video,DE,T1,40585,1363,0.0336,373.09,0.274,160,60,0.1174,0.375,3553.07,6.22,852.3,45,1,0,0.972
2024-05-17,Facebook,FB_Slots_Video,BR,T2,23049,871,0.0378,63.81,0.073,73,16,0.0838,0.2192,364.79,3.99,471.7,13,0,0,0.965
2024-05-17,Facebook,FB_Casino_CreativeA,PL,T2,25556,1029,0.0403,110.71,0.108,107,24,0.104,0.2243,1055.32,4.61,853.2,42,1,0,0.973
2024-05-17,Facebook,FB_Casino_CreativeA,NG,T3,45435,1137,0.025,36.77,0.032,110,29,0.0967,0.2636,462.03,1.27,1156.5,22,1,0,0.971
2024-05-17,Facebook,FB_Slots_Video,CA,T1,27953,810,0.029,251.22,0.31,81,29,0.1,0.358,2152.21,8.66,756.7,28,0,0,0.972
2024-05-17,Facebook,FB_Casino_CreativeA,AU,T1,37591,1478,0.0393,355.17,0.24,125,23,0.0846,0.184,1521.83,15.44,328.5,25,0,0,0.974
2024-05-17,Facebook,FB_Slots_Video,IN,T3,12633,384,0.0304,15.11,0.039,35,7,0.0911,0.2,117.61,2.16,678.4,14,0,0,0.97
2024-05-17,Google_Search,GG_Sports_Betting,DE,T1,24703,675,0.0273,662.5,0.981,137,46,0.203,0.3358,5056.58,14.4,663.3,5,0,0,0.989
2024-05-17,Google_Search,GG_Slots_KW_Generic,BR,T2,20683,630,0.0305,188.43,0.299,125,44,0.1984,0.352,1668.96,4.28,785.7,4,0,0,0.989
2024-05-17,Google_Search,GG_Sports_Betting,PL,T2,37858,1082,0.0286,407.78,0.377,132,48,0.122,0.3636,2212.23,8.5,442.5,15,0,0,0.989
2024-05-17,Google_Search,GG_Slots_KW_Generic,NG,T3,19692,593,0.0301,46.83,0.079,85,19,0.1433,0.2235,280.3,2.46,498.5,4,0,0,0.991
2024-05-17,Google_Search,GG_Casino_KW_Brand,CA,T1,19782,725,0.0366,485.02,0.669,92,30,0.1269,0.3261,2903.62,16.17,498.7,9,0,0,0.992
2024-05-17,Google_Search,GG_Casino_KW_Brand,AU,T1,17978,715,0.0398,427.0,0.597,148,47,0.207,0.3176,4896.94,9.09,1046.8,6,0,0,0.991
2024-05-17,Google_Search,GG_Sports_Betting,IN,T3,22903,448,0.0196,77.12,0.172,68,18,0.1518,0.2647,390.51,4.28,406.4,3,0,0,0.989
2024-05-17,Push_Network,Push_Casino_Retarget,DE,T1,13664,426,0.0312,21.79,0.051,17,1,0.0399,0.0588,32.59,21.79,49.6,35,0,0,0.854
2024-05-17,Push_Network,Push_Casino_Retarget,BR,T2,21637,488,0.0226,11.07,0.023,25,2,0.0512,0.08,10.95,5.54,-1.1,39,1,0,0.848
2024-05-17,Push_Network,Push_iGaming_Broad,PL,T2,26710,511,0.0191,19.78,0.039,18,2,0.0352,0.1111,18.18,9.89,-8.1,86,0,0,0.868
2024-05-17,Push_Network,Push_iGaming_Broad,NG,T3,13192,218,0.0165,2.41,0.011,11,1,0.0505,0.0909,2.0,2.41,-17.0,24,0,0,0.853
2024-05-17,Push_Network,Push_Casino_Retarget,CA,T1,20675,343,0.0166,34.73,0.101,13,1,0.0379,0.0769,23.48,34.73,-32.4,58,0,0,0.839
2024-05-17,Push_Network,Push_Casino_Retarget,AU,T1,17638,279,0.0158,26.41,0.095,10,1,0.0358,0.1,21.35,26.41,-19.2,28,0,0,0.85
2024-05-17,Push_Network,Push_Casino_Retarget,IN,T3,27099,671,0.0248,7.07,0.011,25,3,0.0373,0.12,10.82,2.36,53.0,78,1,0,0.877
2024-05-17,Native_Ads,Native_Review_Article,DE,T1,19347,444,0.0229,100.81,0.227,37,7,0.0833,0.1892,506.53,14.4,402.5,26,0,0,0.95
2024-05-17,Native_Ads,Native_Bonus_Landing,BR,T2,19710,307,0.0156,32.82,0.107,29,6,0.0945,0.2069,195.55,5.47,495.8,22,0,0,0.952
2024-05-17,Native_Ads,Native_Review_Article,PL,T2,13753,205,0.0149,29.13,0.142,11,2,0.0537,0.1818,54.62,14.56,87.5,17,0,0,0.935
2024-05-17,Native_Ads,Native_Bonus_Landing,NG,T3,20585,150,0.0073,9.34,0.062,8,1,0.0533,0.125,3.92,9.34,-58.0,11,0,0,0.951
2024-05-17,Native_Ads,Native_Review_Article,CA,T1,34535,859,0.0249,163.57,0.19,77,13,0.0896,0.1688,619.11,12.58,278.5,34,1,0,0.935
2024-05-17,Native_Ads,Native_Bonus_Landing,AU,T1,39953,470,0.0118,218.14,0.464,28,6,0.0596,0.2143,313.99,36.36,43.9,36,0,0,0.932
2024-05-17,Native_Ads,Native_Review_Article,IN,T3,52711,981,0.0186,41.28,0.042,75,18,0.0765,0.24,276.56,2.29,570.0,40,0,0,0.929
2024-05-17,TikTok,TT_Casino_UGC,DE,T1,18408,327,0.0178,132.14,0.404,18,1,0.055,0.0556,46.69,132.14,-64.7,15,0,0,0.922
2024-05-17,TikTok,TT_Sports_Short,BR,T2,14438,300,0.0208,31.64,0.105,18,3,0.06,0.1667,6.0,10.55,-81.0,18,0,0,0.923
2024-05-17,TikTok,TT_Sports_Short,PL,T2,16400,231,0.0141,45.49,0.197,11,2,0.0476,0.1818,71.47,22.75,57.1,17,0,0,0.92
2024-05-17,TikTok,TT_Casino_UGC,NG,T3,26903,452,0.0168,13.91,0.031,28,5,0.0619,0.1786,10.0,2.78,-28.1,48,0,0,0.916
2024-05-17,TikTok,TT_Casino_UGC,CA,T1,27703,621,0.0224,186.49,0.3,43,7,0.0692,0.1628,239.65,26.64,28.5,71,0,0,0.917
2024-05-17,TikTok,TT_Sports_Short,AU,T1,9237,143,0.0155,49.36,0.345,7,1,0.049,0.1429,43.16,49.36,-12.6,6,0,0,0.922
2024-05-17,TikTok,TT_Casino_UGC,IN,T3,51575,1211,0.0235,42.66,0.035,52,8,0.0429,0.1538,56.91,5.33,33.4,73,1,0,0.908
2024-05-17,Affiliate_SEO,SEO_BonusGuide_BR,DE,T1,20114,408,0.0203,0.0,,83,27,0.2034,0.3253,3496.19,,,7,0,0,0.98
2024-05-17,Affiliate_SEO,SEO_BonusGuide_BR,BR,T2,5334,63,0.0118,0.0,,13,4,0.2063,0.3077,209.47,,,1,0,0,0.979
2024-05-17,Affiliate_SEO,SEO_CasinoReview_DE,PL,T2,10411,192,0.0184,0.0,,49,19,0.2552,0.3878,1186.93,,,1,0,0,0.977
2024-05-17,Affiliate_SEO,SEO_BonusGuide_BR,NG,T3,5323,153,0.0287,0.0,,39,13,0.2549,0.3333,219.81,,,3,0,0,0.976
2024-05-17,Affiliate_SEO,SEO_BonusGuide_BR,CA,T1,38940,574,0.0147,0.0,,176,67,0.3066,0.3807,8362.91,,,9,0,0,0.977
2024-05-17,Affiliate_SEO,SEO_CasinoReview_DE,AU,T1,32691,768,0.0235,0.0,,202,43,0.263,0.2129,5295.85,,,19,1,0,0.982
2024-05-17,Affiliate_SEO,SEO_BonusGuide_BR,IN,T3,1165,30,0.0258,0.0,,6,2,0.2,0.3333,22.36,,,0,0,0,0.979
2024-05-18,Facebook,FB_Slots_Video,DE,T1,53303,1403,0.0263,522.46,0.372,115,27,0.082,0.2348,2255.31,19.35,331.7,42,1,0,0.964
2024-05-18,Facebook,FB_Sports_Banner,BR,T2,35996,1380,0.0383,121.49,0.088,90,25,0.0652,0.2778,819.68,4.86,574.7,47,0,0,0.974
2024-05-18,Facebook,FB_Sports_Banner,PL,T2,32005,773,0.0242,145.35,0.188,64,12,0.0828,0.1875,440.33,12.11,202.9,16,0,0,0.973
2024-05-18,Facebook,FB_Sports_Banner,NG,T3,39475,1001,0.0254,35.86,0.036,96,26,0.0959,0.2708,216.03,1.38,502.4,43,0,0,0.974
2024-05-18,Facebook,FB_Slots_Video,CA,T1,38050,1761,0.0463,374.79,0.213,95,15,0.0539,0.1579,1325.84,24.99,253.8,69,1,0,0.975
2024-05-18,Facebook,FB_Slots_Video,AU,T1,12754,425,0.0333,98.0,0.231,40,11,0.0941,0.275,613.03,8.91,525.5,18,0,0,0.971
2024-05-18,Facebook,FB_Casino_CreativeA,IN,T3,13386,616,0.046,17.15,0.028,61,10,0.099,0.1639,306.87,1.71,1689.3,26,0,0,0.969
2024-05-18,Google_Search,GG_Casino_KW_Brand,DE,T1,32563,1453,0.0446,907.41,0.625,266,66,0.1831,0.2481,7176.78,13.75,690.9,14,0,0,0.99
2024-05-18,Google_Search,GG_Sports_Betting,BR,T2,25347,800,0.0316,228.83,0.286,155,49,0.1938,0.3161,3476.81,4.67,1419.4,11,0,0,0.99
2024-05-18,Google_Search,GG_Sports_Betting,PL,T2,20983,876,0.0417,225.61,0.258,205,70,0.234,0.3415,3769.16,3.22,1570.7,11,0,0,0.989
2024-05-18,Google_Search,GG_Slots_KW_Generic,NG,T3,41935,1860,0.0444,99.14,0.053,277,104,0.1489,0.3755,1342.19,0.95,1253.8,26,0,0,0.991
2024-05-18,Google_Search,GG_Slots_KW_Generic,CA,T1,42443,1348,0.0318,897.64,0.666,183,50,0.1358,0.2732,5525.05,17.95,515.5,7,0,0,0.989
2024-05-18,Google_Search,GG_Slots_KW_Generic,AU,T1,15080,395,0.0262,391.9,0.992,62,21,0.157,0.3387,2117.7,18.66,440.4,4,0,0,0.989
2024-05-18,Google_Search,GG_Sports_Betting,IN,T3,20197,496,0.0246,80.56,0.162,51,14,0.1028,0.2745,386.29,5.75,379.5,3,0,0,0.991
2024-05-18,Push_Network,Push_Casino_Retarget,DE,T1,23151,459,0.0198,46.16,0.101,13,1,0.0283,0.0769,38.81,46.16,-15.9,88,0,0,0.851
2024-05-18,Push_Network,Push_Casino_Retarget,BR,T2,53894,965,0.0179,26.42,0.027,28,3,0.029,0.1071,7.03,8.81,-73.4,157,0,0,0.839
2024-05-18,Push_Network,Push_iGaming_Broad,PL,T2,29708,293,0.0099,23.91,0.082,8,0,0.0273,0.0,0.0,,-100.0,49,0,0,0.841
2024-05-18,Push_Network,Push_iGaming_Broad,NG,T3,28867,705,0.0244,4.75,0.007,22,3,0.0312,0.1364,47.4,1.58,897.9,112,0,0,0.886
2024-05-18,Push_Network,Push_iGaming_Broad,CA,T1,71404,1572,0.022,110.3,0.07,60,8,0.0382,0.1333,332.63,13.79,201.6,248,2,0,0.853
2024-05-18,Push_Network,Push_iGaming_Broad,AU,T1,55018,1395,0.0254,90.33,0.065,48,5,0.0344,0.1042,174.55,18.07,93.2,267,2,0,0.865
2024-05-18,Push_Network,Push_Casino_Retarget,IN,T3,10230,168,0.0164,2.72,0.016,7,0,0.0417,0.0,0.0,,-100.0,17,0,0,0.838
2024-05-18,Native_Ads,Native_Bonus_Landing,DE,T1,6210,77,0.0124,35.2,0.457,5,0,0.0649,0.0,0.0,,-100.0,6,0,0,0.942
2024-05-18,Native_Ads,Native_Bonus_Landing,BR,T2,16011,259,0.0162,31.25,0.121,17,3,0.0656,0.1765,68.79,10.42,120.1,10,0,0,0.93
2024-05-18,Native_Ads,Native_Bonus_Landing,PL,T2,24922,465,0.0187,48.08,0.103,23,4,0.0495,0.1739,170.28,12.02,254.2,31,0,0,0.933
2024-05-18,Native_Ads,Native_Bonus_Landing,NG,T3,33378,368,0.011,15.35,0.042,31,6,0.0842,0.1935,65.57,2.56,327.2,31,0,0,0.929
2024-05-18,Native_Ads,Native_Review_Article,CA,T1,26082,337,0.0129,119.85,0.356,21,2,0.0623,0.0952,116.73,59.92,-2.6,13,0,0,0.929
2024-05-18,Native_Ads,Native_Review_Article,AU,T1,20451,533,0.0261,104.33,0.196,25,4,0.0469,0.16,208.16,26.08,99.5,24,0,0,0.937
2024-05-18,Native_Ads,Native_Review_Article,IN,T3,25965,735,0.0283,17.08,0.023,58,10,0.0789,0.1724,25.89,1.71,51.6,26,1,0,0.946
2024-05-18,TikTok,TT_Casino_UGC,DE,T1,45182,974,0.0216,302.89,0.311,61,13,0.0626,0.2131,644.73,23.3,112.9,111,2,0,0.92
2024-05-18,TikTok,TT_Sports_Short,BR,T2,22305,613,0.0275,49.32,0.08,40,5,0.0653,0.125,46.24,9.86,-6.2,69,0,0,0.918
2024-05-18,TikTok,TT_Sports_Short,PL,T2,48103,1150,0.0239,138.73,0.121,69,13,0.06,0.1884,289.41,10.67,108.6,67,2,0,0.908
2024-05-18,TikTok,TT_Sports_Short,NG,T3,24501,469,0.0191,13.83,0.029,23,4,0.049,0.1739,14.21,3.46,2.7,20,0,0,0.918
2024-05-18,TikTok,TT_Casino_UGC,CA,T1,52655,1275,0.0242,337.74,0.265,94,16,0.0737,0.1702,782.45,21.11,131.7,131,2,0,0.914
2024-05-18,TikTok,TT_Casino_UGC,AU,T1,24794,218,0.0088,124.6,0.572,12,1,0.055,0.0833,36.19,124.6,-71.0,24,0,0,0.911
2024-05-18,TikTok,TT_Casino_UGC,IN,T3,13125,318,0.0242,13.4,0.042,21,3,0.066,0.1429,24.99,4.47,86.5,18,0,0,0.917
2024-05-18,Affiliate_SEO,SEO_CasinoReview_DE,DE,T1,34527,414,0.012,0.0,,106,39,0.256,0.3679,4632.42,,,6,0,0,0.983
2024-05-18,Affiliate_SEO,SEO_BonusGuide_BR,BR,T2,12059,196,0.0163,0.0,,42,14,0.2143,0.3333,531.0,,,3,0,0,0.983
2024-05-18,Affiliate_SEO,SEO_CasinoReview_DE,PL,T2,7186,176,0.0245,0.0,,34,13,0.1932,0.3824,842.38,,,1,0,0,0.981
2024-05-18,Affiliate_SEO,SEO_BonusGuide_BR,NG,T3,4329,93,0.0215,0.0,,19,5,0.2043,0.2632,103.56,,,2,0,0,0.977
2024-05-18,Affiliate_SEO,SEO_BonusGuide_BR,CA,T1,29452,362,0.0123,0.0,,101,44,0.279,0.4356,5046.14,,,6,0,0,0.981
2024-05-18,Affiliate_SEO,SEO_BonusGuide_BR,AU,T1,12844,229,0.0178,0.0,,44,18,0.1921,0.4091,2119.23,,,6,0,0,0.977
2024-05-18,Affiliate_SEO,SEO_CasinoReview_DE,IN,T3,6485,137,0.0211,0.0,,39,7,0.2847,0.1795,145.86,,,3,0,0,0.982
2024-05-19,Facebook,FB_Slots_Video,DE,T1,43359,800,0.0185,474.15,0.593,62,18,0.0775,0.2903,1231.61,26.34,159.8,16,0,0,0.965
2024-05-19,Facebook,FB_Casino_CreativeA,BR,T2,51899,1448,0.0279,158.32,0.109,140,32,0.0967,0.2286,926.41,4.95,485.2,46,1,0,0.966
2024-05-19,Facebook,FB_Sports_Banner,PL,T2,46613,1633,0.035,172.78,0.106,164,35,0.1004,0.2134,1368.14,4.94,691.8,55,1,0,0.972
2024-05-19,Facebook,FB_Casino_CreativeA,NG,T3,60167,2252,0.0374,54.4,0.024,178,17,0.079,0.0955,309.35,3.2,468.7,36,0,0,0.967
2024-05-19,Facebook,FB_Casino_CreativeA,CA,T1,37488,1648,0.044,305.75,0.186,159,48,0.0965,0.3019,3170.64,6.37,937.0,59,1,0,0.975
2024-05-19,Facebook,FB_Casino_CreativeA,AU,T1,22030,777,0.0353,210.59,0.271,90,22,0.1158,0.2444,1529.68,9.57,626.4,34,0,0,0.971
2024-05-19,Facebook,FB_Sports_Banner,IN,T3,52857,1193,0.0226,65.23,0.055,148,28,0.1241,0.1892,228.71,2.33,250.6,39,1,0,0.972
2024-05-19,Google_Search,GG_Sports_Betting,DE,T1,42704,1460,0.0342,1008.81,0.691,180,61,0.1233,0.3389,6110.74,16.54,505.7,15,0,0,0.99
2024-05-19,Google_Search,GG_Sports_Betting,BR,T2,15162,671,0.0443,144.44,0.215,85,26,0.1267,0.3059,954.73,5.56,561.0,5,0,0,0.991
2024-05-19,Google_Search,GG_Slots_KW_Generic,PL,T2,32809,1082,0.033,368.9,0.341,158,53,0.146,0.3354,3195.3,6.96,766.2,12,0,0,0.99
2024-05-19,Google_Search,GG_Slots_KW_Generic,NG,T3,82235,2759,0.0336,224.46,0.081,296,64,0.1073,0.2162,128.0,3.51,-43.0,36,0,0,0.99
2024-05-19,Google_Search,GG_Sports_Betting,CA,T1,32550,773,0.0237,777.09,1.005,140,61,0.1811,0.4357,5053.74,12.74,550.3,5,0,0,0.99
2024-05-19,Google_Search,GG_Slots_KW_Generic,AU,T1,34456,1213,0.0352,830.89,0.685,197,40,0.1624,0.203,3915.65,20.77,371.3,17,0,0,0.99
2024-05-19,Google_Search,GG_Slots_KW_Generic,IN,T3,43362,801,0.0185,157.79,0.197,119,50,0.1486,0.4202,985.21,3.16,524.4,9,0,0,0.988
2024-05-19,Push_Network,Push_Casino_Retarget,DE,T1,25481,824,0.0323,50.3,0.061,30,2,0.0364,0.0667,58.39,25.15,16.1,129,1,0,0.881
2024-05-19,Push_Network,Push_Casino_Retarget,BR,T2,25815,822,0.0318,16.02,0.019,39,5,0.0474,0.1282,96.01,3.2,499.3,75,1,0,0.834
2024-05-19,Push_Network,Push_Casino_Retarget,PL,T2,32192,971,0.0302,25.89,0.027,33,3,0.034,0.0909,26.09,8.63,0.8,203,1,0,0.879
2024-05-19,Push_Network,Push_Casino_Retarget,NG,T3,12225,254,0.0208,2.18,0.009,11,1,0.0433,0.0909,2.0,2.18,-8.3,37,0,0,0.843
2024-05-19,Push_Network,Push_iGaming_Broad,CA,T1,19992,372,0.0186,27.54,0.074,15,1,0.0403,0.0667,39.27,27.54,42.6,48,0,0,0.879
2024-05-19,Push_Network,Push_iGaming_Broad,AU,T1,9161,118,0.0129,15.1,0.128,5,0,0.0424,0.0,0.0,,-100.0,13,0,0,0.858
2024-05-19,Push_Network,Push_Casino_Retarget,IN,T3,34842,779,0.0224,7.22,0.009,30,2,0.0385,0.0667,16.66,3.61,130.7,102,1,0,0.834
2024-05-19,Native_Ads,Native_Review_Article,DE,T1,30682,511,0.0167,173.74,0.34,23,5,0.045,0.2174,398.71,34.75,129.5,37,0,0,0.931
2024-05-19,Native_Ads,Native_Bonus_Landing,BR,T2,34772,1191,0.0343,61.76,0.052,82,15,0.0688,0.1829,205.02,4.12,232.0,106,0,0,0.931
2024-05-19,Native_Ads,Native_Review_Article,PL,T2,39728,750,0.0189,90.91,0.121,61,10,0.0813,0.1639,361.45,9.09,297.6,40,0,0,0.943
2024-05-19,Native_Ads,Native_Bonus_Landing,NG,T3,40769,930,0.0228,20.63,0.022,64,15,0.0688,0.2344,158.73,1.38,669.4,46,1,0,0.94
2024-05-19,Native_Ads,Native_Review_Article,CA,T1,69801,1832,0.0262,373.63,0.204,127,17,0.0693,0.1339,1127.38,21.98,201.7,98,2,0,0.931
2024-05-19,Native_Ads,Native_Review_Article,AU,T1,26646,348,0.0131,123.92,0.356,18,4,0.0517,0.2222,190.36,30.98,53.6,25,0,0,0.946
2024-05-19,Native_Ads,Native_Review_Article,IN,T3,19203,359,0.0187,14.21,0.04,22,4,0.0613,0.1818,33.88,3.55,138.4,13,0,0,0.948
2024-05-19,TikTok,TT_Sports_Short,DE,T1,50549,876,0.0173,325.81,0.372,70,9,0.0799,0.1286,410.02,36.2,25.8,57,2,0,0.927
2024-05-19,TikTok,TT_Sports_Short,BR,T2,17000,254,0.0149,39.01,0.154,13,2,0.0512,0.1538,60.21,19.5,54.3,28,0,0,0.916
2024-05-19,TikTok,TT_Casino_UGC,PL,T2,44699,964,0.0216,113.69,0.118,76,12,0.0788,0.1579,481.63,9.47,323.6,83,1,0,0.925
2024-05-19,TikTok,TT_Casino_UGC,NG,T3,25368,522,0.0206,15.33,0.029,28,4,0.0536,0.1429,21.84,3.83,42.5,21,0,0,0.907
2024-05-19,TikTok,TT_Sports_Short,CA,T1,27896,715,0.0256,169.49,0.237,41,8,0.0573,0.1951,238.68,21.19,40.8,64,1,0,0.927
2024-05-19,TikTok,TT_Sports_Short,AU,T1,50734,1043,0.0206,329.52,0.316,63,13,0.0604,0.2063,597.43,25.35,81.3,69,0,0,0.927
2024-05-19,TikTok,TT_Sports_Short,IN,T3,20651,465,0.0225,18.45,0.04,24,3,0.0516,0.125,26.99,6.15,46.3,50,0,0,0.927
2024-05-19,Affiliate_SEO,SEO_CasinoReview_DE,DE,T1,46482,1307,0.0281,0.0,,373,151,0.2854,0.4048,17898.4,,,28,1,0,0.978
2024-05-19,Affiliate_SEO,SEO_BonusGuide_BR,BR,T2,9033,232,0.0257,0.0,,39,16,0.1681,0.4103,659.51,,,2,0,0,0.98
2024-05-19,Affiliate_SEO,SEO_CasinoReview_DE,PL,T2,15476,149,0.0096,0.0,,35,10,0.2349,0.2857,580.66,,,4,0,0,0.978
2024-05-19,Affiliate_SEO,SEO_CasinoReview_DE,NG,T3,4354,93,0.0214,0.0,,20,8,0.2151,0.4,70.73,,,2,0,0,0.981
2024-05-19,Affiliate_SEO,SEO_BonusGuide_BR,CA,T1,16962,403,0.0238,0.0,,70,26,0.1737,0.3714,3295.56,,,4,0,0,0.98
2024-05-19,Affiliate_SEO,SEO_CasinoReview_DE,AU,T1,78952,1976,0.025,0.0,,347,162,0.1756,0.4669,19264.62,,,34,2,0,0.983
2024-05-19,Affiliate_SEO,SEO_CasinoReview_DE,IN,T3,2137,58,0.0271,0.0,,10,2,0.1724,0.2,45.05,,,0,0,0,0.978
2024-05-20,Facebook,FB_Casino_CreativeA,DE,T1,26724,891,0.0333,277.78,0.312,73,15,0.0819,0.2055,1073.43,18.52,286.4,20,0,0,0.975
2024-05-20,Facebook,FB_Slots_Video,BR,T2,32313,781,0.0242,107.26,0.137,72,15,0.0922,0.2083,450.19,7.15,319.7,15,0,0,0.967
2024-05-20,Facebook,FB_Casino_CreativeA,PL,T2,12324,647,0.0525,51.53,0.08,62,12,0.0958,0.1935,506.07,4.29,882.1,27,0,0,0.972
2024-05-20,Facebook,FB_Sports_Banner,NG,T3,14591,527,0.0361,13.08,0.025,64,12,0.1214,0.1875,24.0,1.09,83.5,12,0,0,0.964
2024-05-20,Facebook,FB_Sports_Banner,CA,T1,46720,2394,0.0512,366.33,0.153,184,47,0.0769,0.2554,3594.65,7.79,881.3,47,1,0,0.967
2024-05-20,Facebook,FB_Casino_CreativeA,AU,T1,21527,1122,0.0521,178.7,0.159,108,19,0.0963,0.1759,1268.16,9.41,609.7,43,0,0,0.972
2024-05-20,Facebook,FB_Casino_CreativeA,IN,T3,23657,907,0.0383,36.5,0.04,70,20,0.0772,0.2857,318.68,1.82,773.1,33,0,0,0.972
2024-05-20,Google_Search,GG_Slots_KW_Generic,DE,T1,13755,589,0.0428,314.65,0.534,87,23,0.1477,0.2644,2279.83,13.68,624.6,7,0,0,0.992
2024-05-20,Google_Search,GG_Slots_KW_Generic,BR,T2,21166,605,0.0286,174.97,0.289,89,28,0.1471,0.3146,1080.45,6.25,517.5,8,0,0,0.99
2024-05-20,Google_Search,GG_Sports_Betting,PL,T2,26548,1238,0.0466,253.64,0.205,225,44,0.1817,0.1956,2559.49,5.76,909.1,7,0,0,0.992
2024-05-20,Google_Search,GG_Sports_Betting,NG,T3,16032,662,0.0413,34.21,0.052,84,20,0.1269,0.2381,228.07,1.71,566.7,4,0,0,0.99
2024-05-20,Google_Search,GG_Slots_KW_Generic,CA,T1,19913,582,0.0292,518.33,0.891,95,29,0.1632,0.3053,2662.72,17.87,413.7,5,0,0,0.991
2024-05-20,Google_Search,GG_Casino_KW_Brand,AU,T1,15067,531,0.0352,325.91,0.614,99,26,0.1864,0.2626,2141.19,12.54,557.0,7,0,0,0.989
2024-05-20,Google_Search,GG_Slots_KW_Generic,IN,T3,13680,446,0.0326,48.11,0.108,63,15,0.1413,0.2381,103.42,3.21,115.0,5,0,0,0.99
2024-05-20,Push_Network,Push_iGaming_Broad,DE,T1,31841,671,0.0211,55.98,0.083,27,2,0.0402,0.0741,69.17,27.99,23.6,82,1,0,0.886
2024-05-20,Push_Network,Push_Casino_Retarget,BR,T2,40872,884,0.0216,24.83,0.028,21,1,0.0238,0.0476,28.44,24.83,14.5,161,0,0,0.871
2024-05-20,Push_Network,Push_Casino_Retarget,PL,T2,27779,595,0.0214,19.01,0.032,29,3,0.0487,0.1034,54.96,6.34,189.1,45,1,0,0.858
2024-05-20,Push_Network,Push_Casino_Retarget,NG,T3,27223,307,0.0113,3.93,0.013,10,1,0.0326,0.1,2.0,3.93,-49.1,45,0,0,0.843
2024-05-20,Push_Network,Push_iGaming_Broad,CA,T1,20353,258,0.0127,31.35,0.122,13,1,0.0504,0.0769,34.28,31.35,9.3,49,0,0,0.879
2024-05-20,Push_Network,Push_Casino_Retarget,AU,T1,21788,137,0.0063,31.77,0.232,5,0,0.0365,0.0,0.0,,-100.0,27,0,0,0.872
2024-05-20,Push_Network,Push_Casino_Retarget,IN,T3,29837,678,0.0227,7.69,0.011,16,1,0.0236,0.0625,17.02,7.69,121.3,104,0,0,0.88
2024-05-20,Native_Ads,Native_Bonus_Landing,DE,T1,13072,200,0.0153,77.13,0.386,13,2,0.065,0.1538,149.91,38.56,94.4,11,0,0,0.946
2024-05-20,Native_Ads,Native_Review_Article,BR,T2,22252,448,0.0201,36.36,0.081,27,5,0.0603,0.1852,202.09,7.27,455.8,16,0,0,0.935
2024-05-20,Native_Ads,Native_Review_Article,PL,T2,19598,556,0.0284,45.72,0.082,35,7,0.0629,0.2,337.18,6.53,637.5,39,0,0,0.95
2024-05-20,Native_Ads,Native_Bonus_Landing,NG,T3,18316,331,0.0181,10.25,0.031,17,3,0.0514,0.1765,26.05,3.42,154.1,28,0,0,0.946
2024-05-20,Native_Ads,Native_Review_Article,CA,T1,52507,1252,0.0238,251.12,0.201,97,15,0.0775,0.1546,903.79,16.74,259.9,93,1,0,0.946
2024-05-20,Native_Ads,Native_Review_Article,AU,T1,23714,281,0.0118,116.71,0.415,18,2,0.0641,0.1111,127.22,58.35,9.0,13,0,0,0.931
2024-05-20,Native_Ads,Native_Review_Article,IN,T3,13387,367,0.0274,9.7,0.026,25,6,0.0681,0.24,48.2,1.62,396.9,15,0,0,0.946
2024-05-20,TikTok,TT_Sports_Short,DE,T1,14477,351,0.0242,97.46,0.278,22,3,0.0627,0.1364,158.88,32.49,63.0,37,0,0,0.931
2024-05-20,TikTok,TT_Sports_Short,BR,T2,21611,396,0.0183,45.78,0.116,36,6,0.0909,0.1667,86.05,7.63,88.0,38,0,0,0.921
2024-05-20,TikTok,TT_Sports_Short,PL,T2,47775,676,0.0141,146.57,0.217,41,6,0.0607,0.1463,220.26,24.43,50.3,54,0,0,0.932
2024-05-20,TikTok,TT_Sports_Short,NG,T3,25806,455,0.0176,16.8,0.037,24,4,0.0527,0.1667,78.66,4.2,368.2,24,0,0,0.905
2024-05-20,TikTok,TT_Sports_Short,CA,T1,20486,658,0.0321,134.82,0.205,45,6,0.0684,0.1333,350.89,22.47,160.3,41,1,0,0.905
2024-05-20,TikTok,TT_Sports_Short,AU,T1,35738,657,0.0184,187.81,0.286,42,7,0.0639,0.1667,248.99,26.83,32.6,30,1,0,0.935
2024-05-20,TikTok,TT_Casino_UGC,IN,T3,15450,261,0.0169,15.58,0.06,15,2,0.0575,0.1333,4.0,7.79,-74.3,29,0,0,0.911
2024-05-20,Affiliate_SEO,SEO_CasinoReview_DE,DE,T1,80471,1780,0.0221,0.0,,424,207,0.2382,0.4882,25255.43,,,33,3,0,0.982
2024-05-20,Affiliate_SEO,SEO_CasinoReview_DE,BR,T2,6018,57,0.0095,0.0,,9,3,0.1579,0.3333,124.94,,,0,0,0,0.984
2024-05-20,Affiliate_SEO,SEO_CasinoReview_DE,PL,T2,15905,203,0.0128,0.0,,51,18,0.2512,0.3529,1042.2,,,4,0,0,0.977
2024-05-20,Affiliate_SEO,SEO_BonusGuide_BR,NG,T3,1625,28,0.0172,0.0,,4,1,0.1429,0.25,19.97,,,0,0,0,0.979
2024-05-20,Affiliate_SEO,SEO_BonusGuide_BR,CA,T1,24037,439,0.0183,0.0,,85,15,0.1936,0.1765,1646.5,,,12,0,0,0.983
2024-05-20,Affiliate_SEO,SEO_CasinoReview_DE,AU,T1,25735,487,0.0189,0.0,,116,33,0.2382,0.2845,3501.14,,,7,0,0,0.982
2024-05-20,Affiliate_SEO,SEO_BonusGuide_BR,IN,T3,10689,211,0.0197,0.0,,41,14,0.1943,0.3415,363.21,,,3,0,0,0.984
2024-05-21,Facebook,FB_Sports_Banner,DE,T1,22716,586,0.0258,222.95,0.38,63,16,0.1075,0.254,1176.12,13.93,427.5,25,0,0,0.969
2024-05-21,Facebook,FB_Slots_Video,BR,T2,45830,1813,0.0396,154.88,0.085,134,36,0.0739,0.2687,908.91,4.3,486.8,61,1,0,0.973
2024-05-21,Facebook,FB_Slots_Video,PL,T2,56513,1819,0.0322,223.98,0.123,196,51,0.1078,0.2602,1867.34,4.39,733.7,51,1,0,0.971
2024-05-21,Facebook,FB_Casino_CreativeA,NG,T3,14909,562,0.0377,12.5,0.022,43,12,0.0765,0.2791,237.88,1.04,1803.0,16,0,0,0.971
2024-05-21,Facebook,FB_Casino_CreativeA,CA,T1,38815,1307,0.0337,359.77,0.275,96,19,0.0735,0.1979,1403.76,18.94,290.2,50,0,0,0.974
2024-05-21,Facebook,FB_Sports_Banner,AU,T1,24975,654,0.0262,209.68,0.321,67,15,0.1024,0.2239,1071.6,13.98,411.1,27,0,0,0.967
2024-05-21,Facebook,FB_Sports_Banner,IN,T3,27907,854,0.0306,36.25,0.042,53,9,0.0621,0.1698,174.22,4.03,380.6,23,0,0,0.967
2024-05-21,Google_Search,GG_Casino_KW_Brand,DE,T1,17392,210,0.0121,507.81,2.418,24,7,0.1143,0.2917,719.38,72.54,41.7,2,0,0,0.99
2024-05-21,Google_Search,GG_Slots_KW_Generic,BR,T2,37882,1325,0.035,327.28,0.247,161,46,0.1215,0.2857,1966.01,7.11,500.7,15,0,0,0.99
2024-05-21,Google_Search,GG_Sports_Betting,PL,T2,30316,1011,0.0333,303.06,0.3,78,25,0.0772,0.3205,1125.06,12.12,271.2,14,0,0,0.991
2024-05-21,Google_Search,GG_Casino_KW_Brand,NG,T3,40394,1560,0.0386,87.97,0.056,261,71,0.1673,0.272,862.23,1.24,880.1,21,0,0,0.991
2024-05-21,Google_Search,GG_Slots_KW_Generic,CA,T1,19922,891,0.0447,421.03,0.473,117,38,0.1313,0.3248,4281.52,11.08,916.9,10,0,0,0.991
2024-05-21,Google_Search,GG_Casino_KW_Brand,AU,T1,26271,921,0.0351,551.65,0.599,147,46,0.1596,0.3129,4477.96,11.99,711.7,9,0,0,0.989
2024-05-21,Google_Search,GG_Sports_Betting,IN,T3,57765,1989,0.0344,204.85,0.103,274,104,0.1378,0.3796,1603.56,1.97,682.8,27,1,0,0.989
2024-05-21,Push_Network,Push_iGaming_Broad,DE,T1,11354,398,0.0351,18.51,0.047,17,2,0.0427,0.1176,90.35,9.26,388.1,66,0,0,0.85
2024-05-21,Push_Network,Push_Casino_Retarget,BR,T2,46066,757,0.0164,26.04,0.034,19,3,0.0251,0.1579,47.64,8.68,82.9,77,0,0,0.872
2024-05-21,Push_Network,Push_Casino_Retarget,PL,T2,8592,273,0.0318,6.91,0.025,9,1,0.033,0.1111,29.12,6.91,321.4,28,0,0,0.865
2024-05-21,Push_Network,Push_iGaming_Broad,NG,T3,25017,535,0.0214,3.79,0.007,19,1,0.0355,0.0526,2.0,3.79,-47.2,59,1,0,0.851
2024-05-21,Push_Network,Push_Casino_Retarget,CA,T1,20617,196,0.0095,32.75,0.167,7,0,0.0357,0.0,0.0,,-100.0,31,0,0,0.885
2024-05-21,Push_Network,Push_iGaming_Broad,AU,T1,40821,983,0.0241,70.77,0.072,42,5,0.0427,0.119,137.98,14.15,95.0,81,1,0,0.86
2024-05-21,Push_Network,Push_Casino_Retarget,IN,T3,38228,445,0.0116,9.0,0.02,17,2,0.0382,0.1176,4.0,4.5,-55.6,41,0,0,0.849
2024-05-21,Native_Ads,Native_Bonus_Landing,DE,T1,11796,190,0.0161,66.66,0.351,12,2,0.0632,0.1667,129.26,33.33,93.9,13,0,0,0.947
2024-05-21,Native_Ads,Native_Review_Article,BR,T2,39881,397,0.01,71.93,0.181,32,7,0.0806,0.2188,118.67,10.28,65.0,23,0,0,0.949
2024-05-21,Native_Ads,Native_Review_Article,PL,T2,22210,349,0.0157,51.22,0.147,23,4,0.0659,0.1739,83.96,12.8,63.9,16,0,0,0.943
2024-05-21,Native_Ads,Native_Bonus_Landing,NG,T3,37989,1111,0.0292,21.42,0.019,64,12,0.0576,0.1875,58.8,1.79,174.5,76,0,0,0.948
2024-05-21,Native_Ads,Native_Review_Article,CA,T1,22032,358,0.0162,121.4,0.339,21,5,0.0587,0.2381,347.65,24.28,186.4,22,0,0,0.937
2024-05-21,Native_Ads,Native_Bonus_Landing,AU,T1,45205,696,0.0154,201.12,0.289,45,7,0.0647,0.1556,523.94,28.73,160.5,35,0,0,0.935
2024-05-21,Native_Ads,Native_Review_Article,IN,T3,45522,1030,0.0226,38.54,0.037,77,14,0.0748,0.1818,28.0,2.75,-27.3,53,1,0,0.948
2024-05-21,TikTok,TT_Casino_UGC,DE,T1,13984,141,0.0101,93.76,0.665,8,1,0.0567,0.125,50.54,93.76,-46.1,7,0,0,0.92
2024-05-21,TikTok,TT_Sports_Short,BR,T2,38473,736,0.0191,70.79,0.096,33,5,0.0448,0.1515,83.04,14.16,17.3,30,0,0,0.918
2024-05-21,TikTok,TT_Casino_UGC,PL,T2,11696,233,0.0199,34.42,0.148,9,0,0.0386,0.0,0.0,,-100.0,22,0,0,0.917
2024-05-21,TikTok,TT_Casino_UGC,NG,T3,48664,1236,0.0254,29.52,0.024,70,12,0.0566,0.1714,24.0,2.46,-18.7,50,2,0,0.912
2024-05-21,TikTok,TT_Casino_UGC,CA,T1,19864,401,0.0202,120.98,0.302,24,3,0.0599,0.125,100.75,40.33,-16.7,37,0,0,0.918
2024-05-21,TikTok,TT_Sports_Short,AU,T1,26339,772,0.0293,170.27,0.221,34,5,0.044,0.1471,201.13,34.05,18.1,79,0,0,0.923
2024-05-21,TikTok,TT_Casino_UGC,IN,T3,26044,661,0.0254,23.4,0.035,26,5,0.0393,0.1923,12.12,4.68,-48.2,26,0,0,0.91
2024-05-21,Affiliate_SEO,SEO_CasinoReview_DE,DE,T1,30334,454,0.015,0.0,,76,27,0.1674,0.3553,3195.39,,,12,0,0,0.976
2024-05-21,Affiliate_SEO,SEO_CasinoReview_DE,BR,T2,11976,269,0.0225,0.0,,44,11,0.1636,0.25,461.96,,,7,0,0,0.984
2024-05-21,Affiliate_SEO,SEO_BonusGuide_BR,PL,T2,5419,158,0.0292,0.0,,40,15,0.2532,0.375,909.94,,,2,0,0,0.978
2024-05-21,Affiliate_SEO,SEO_BonusGuide_BR,NG,T3,2990,93,0.0311,0.0,,26,10,0.2796,0.3846,104.72,,,1,0,0,0.979
2024-05-21,Affiliate_SEO,SEO_CasinoReview_DE,CA,T1,13583,274,0.0202,0.0,,46,19,0.1679,0.413,2268.33,,,6,0,0,0.977
2024-05-21,Affiliate_SEO,SEO_CasinoReview_DE,AU,T1,34085,959,0.0281,0.0,,236,83,0.2461,0.3517,9480.36,,,18,2,0,0.983
2024-05-21,Affiliate_SEO,SEO_BonusGuide_BR,IN,T3,2467,16,0.0065,0.0,,3,0,0.1875,0.0,0.0,,,0,0,0,0.978
2024-05-22,Facebook,FB_Casino_CreativeA,DE,T1,38997,1369,0.0351,352.04,0.257,75,21,0.0548,0.28,1592.18,16.76,352.3,41,0,0,0.975
2024-05-22,Facebook,FB_Sports_Banner,BR,T2,9494,295,0.0311,28.33,0.096,31,7,0.1051,0.2258,133.93,4.05,372.7,5,0,0,0.964
2024-05-22,Facebook,FB_Sports_Banner,PL,T2,12421,345,0.0278,43.21,0.125,26,5,0.0754,0.1923,148.33,8.64,243.3,5,0,0,0.965
2024-05-22,Facebook,FB_Casino_CreativeA,NG,T3,9044,338,0.0374,7.19,0.021,36,4,0.1065,0.1111,71.58,1.8,895.5,10,0,0,0.971
2024-05-22,Facebook,FB_Sports_Banner,CA,T1,28537,1018,0.0357,220.76,0.217,120,26,0.1179,0.2167,2235.77,8.49,912.8,38,1,0,0.964
2024-05-22,Facebook,FB_Sports_Banner,AU,T1,28033,837,0.0299,229.63,0.274,67,16,0.08,0.2388,959.43,14.35,317.8,15,0,0,0.974
2024-05-22,Facebook,FB_Casino_CreativeA,IN,T3,29680,1191,0.0401,37.42,0.031,131,33,0.11,0.2519,747.32,1.13,1897.1,30,1,0,0.968
2024-05-22,Google_Search,GG_Casino_KW_Brand,DE,T1,26411,605,0.0229,630.41,1.042,94,36,0.1554,0.383,3792.46,17.51,501.6,7,0,0,0.991
2024-05-22,Google_Search,GG_Sports_Betting,BR,T2,22159,961,0.0434,208.37,0.217,125,32,0.1301,0.256,1293.61,6.51,520.8,6,0,0,0.991
2024-05-22,Google_Search,GG_Slots_KW_Generic,PL,T2,21761,781,0.0359,231.8,0.297,131,39,0.1677,0.2977,1910.47,5.94,724.2,4,0,0,0.988
2024-05-22,Google_Search,GG_Sports_Betting,NG,T3,16323,680,0.0417,42.17,0.062,79,29,0.1162,0.3671,1224.59,1.45,2803.9,6,0,0,0.99
2024-05-22,Google_Search,GG_Sports_Betting,CA,T1,7054,227,0.0322,147.19,0.648,30,12,0.1322,0.4,959.05,12.27,551.6,2,0,0,0.991
2024-05-22,Google_Search,GG_Casino_KW_Brand,AU,T1,51970,1934,0.0372,1262.06,0.653,273,79,0.1412,0.2894,5812.03,15.98,360.5,28,0,0,0.992
2024-05-22,Google_Search,GG_Casino_KW_Brand,IN,T3,14293,420,0.0294,57.31,0.136,57,16,0.1357,0.2807,258.02,3.58,350.2,4,0,0,0.989
2024-05-22,Push_Network,Push_Casino_Retarget,DE,T1,19247,520,0.027,34.08,0.066,29,3,0.0558,0.1034,30.55,11.36,-10.4,51,0,0,0.84
2024-05-22,Push_Network,Push_Casino_Retarget,BR,T2,30047,767,0.0255,15.48,0.02,33,6,0.043,0.1818,113.52,2.58,633.3,74,1,0,0.863
2024-05-22,Push_Network,Push_iGaming_Broad,PL,T2,14377,339,0.0236,11.69,0.034,17,2,0.0501,0.1176,25.64,5.84,119.3,28,0,0,0.866
2024-05-22,Push_Network,Push_Casino_Retarget,NG,T3,26978,1020,0.0378,4.67,0.005,67,8,0.0657,0.1194,16.0,0.58,242.6,120,1,0,0.852
2024-05-22,Push_Network,Push_Casino_Retarget,CA,T1,16341,224,0.0137,26.28,0.117,9,1,0.0402,0.1111,15.33,26.28,-41.7,19,0,0,0.85
2024-05-22,Push_Network,Push_iGaming_Broad,AU,T1,25031,514,0.0205,36.38,0.071,16,1,0.0311,0.0625,33.95,36.38,-6.7,64,0,0,0.872
2024-05-22,Push_Network,Push_Casino_Retarget,IN,T3,24130,378,0.0157,5.04,0.013,12,1,0.0317,0.0833,2.0,5.04,-60.3,68,0,0,0.868
2024-05-22,Native_Ads,Native_Bonus_Landing,DE,T1,33401,713,0.0213,192.84,0.27,62,13,0.087,0.2097,975.03,14.83,405.6,56,0,0,0.941
2024-05-22,Native_Ads,Native_Review_Article,BR,T2,38590,467,0.0121,64.99,0.139,34,7,0.0728,0.2059,261.49,9.28,302.4,39,0,0,0.951
2024-05-22,Native_Ads,Native_Review_Article,PL,T2,12927,405,0.0313,32.11,0.079,33,5,0.0815,0.1515,97.95,6.42,205.0,33,0,0,0.932
2024-05-22,Native_Ads,Native_Bonus_Landing,NG,T3,31837,435,0.0137,14.97,0.034,32,6,0.0736,0.1875,13.74,2.5,-8.2,33,0,0,0.944
2024-05-22,Native_Ads,Native_Bonus_Landing,CA,T1,11649,229,0.0197,50.04,0.219,17,3,0.0742,0.1765,187.22,16.68,274.1,18,0,0,0.95
2024-05-22,Native_Ads,Native_Bonus_Landing,AU,T1,21327,412,0.0193,88.03,0.214,40,8,0.0971,0.2,470.41,11.0,434.4,27,1,0,0.947
2024-05-22,Native_Ads,Native_Review_Article,IN,T3,21391,328,0.0153,16.86,0.051,22,4,0.0671,0.1818,22.6,4.21,34.0,11,0,0,0.94
2024-05-22,TikTok,TT_Sports_Short,DE,T1,59141,1197,0.0202,443.36,0.37,50,5,0.0418,0.1,303.67,88.67,-31.5,87,0,0,0.913
2024-05-22,TikTok,TT_Sports_Short,BR,T2,25829,567,0.022,57.66,0.102,30,5,0.0529,0.1667,10.0,11.53,-82.7,57,0,0,0.923
2024-05-22,TikTok,TT_Sports_Short,PL,T2,13287,263,0.0198,30.59,0.116,20,3,0.076,0.15,84.12,10.2,175.0,23,0,0,0.936
2024-05-22,TikTok,TT_Sports_Short,NG,T3,25865,275,0.0106,15.85,0.058,13,1,0.0473,0.0769,7.06,15.85,-55.5,23,0,0,0.908
2024-05-22,TikTok,TT_Casino_UGC,CA,T1,45852,1237,0.027,272.43,0.22,101,17,0.0816,0.1683,614.27,16.03,125.5,52,2,0,0.911
2024-05-22,TikTok,TT_Casino_UGC,AU,T1,23602,548,0.0232,121.23,0.221,33,6,0.0602,0.1818,199.26,20.21,64.4,44,1,0,0.912
2024-05-22,TikTok,TT_Casino_UGC,IN,T3,17418,303,0.0174,16.07,0.053,17,3,0.0561,0.1765,67.65,5.36,321.0,33,0,0,0.904
2024-05-22,Affiliate_SEO,SEO_BonusGuide_BR,DE,T1,33622,656,0.0195,0.0,,168,65,0.2561,0.3869,7768.88,,,19,1,0,0.979
2024-05-22,Affiliate_SEO,SEO_CasinoReview_DE,BR,T2,4322,98,0.0227,0.0,,20,8,0.2041,0.4,409.73,,,1,0,0,0.983
2024-05-22,Affiliate_SEO,SEO_BonusGuide_BR,PL,T2,10124,275,0.0272,0.0,,57,18,0.2073,0.3158,907.68,,,6,0,0,0.976
2024-05-22,Affiliate_SEO,SEO_CasinoReview_DE,NG,T3,4806,73,0.0152,0.0,,17,4,0.2329,0.2353,123.6,,,0,0,0,0.981
2024-05-22,Affiliate_SEO,SEO_CasinoReview_DE,CA,T1,43291,1091,0.0252,0.0,,138,52,0.1265,0.3768,5956.22,,,15,0,0,0.981
2024-05-22,Affiliate_SEO,SEO_CasinoReview_DE,AU,T1,42914,1012,0.0236,0.0,,299,120,0.2955,0.4013,13743.86,,,12,2,0,0.978
2024-05-22,Affiliate_SEO,SEO_CasinoReview_DE,IN,T3,4863,66,0.0136,0.0,,11,3,0.1667,0.2727,59.77,,,0,0,0,0.981
2024-05-23,Facebook,FB_Sports_Banner,DE,T1,16878,805,0.0477,153.16,0.19,81,21,0.1006,0.2593,1991.44,7.29,1200.2,22,1,0,0.976
2024-05-23,Facebook,FB_Casino_CreativeA,BR,T2,20166,390,0.0193,55.8,0.143,36,7,0.0923,0.1944,166.51,7.97,198.4,14,0,0,0.967
2024-05-23,Facebook,FB_Casino_CreativeA,PL,T2,16069,595,0.037,59.79,0.1,52,13,0.0874,0.25,543.21,4.6,808.5,23,0,0,0.966
2024-05-23,Facebook,FB_Sports_Banner,NG,T3,39582,1728,0.0437,32.06,0.019,174,39,0.1007,0.2241,422.67,0.82,1218.4,44,0,0,0.975
2024-05-23,Facebook,FB_Slots_Video,CA,T1,32874,1412,0.043,263.9,0.187,142,35,0.1006,0.2465,2441.55,7.54,825.2,52,0,0,0.97
2024-05-23,Facebook,FB_Casino_CreativeA,AU,T1,19262,879,0.0456,146.67,0.167,80,17,0.091,0.2125,1401.06,8.63,855.2,20,0,0,0.972
2024-05-23,Facebook,FB_Sports_Banner,IN,T3,18290,768,0.042,27.38,0.036,59,16,0.0768,0.2712,64.54,1.71,135.7,23,0,0,0.975
2024-05-23,Google_Search,GG_Casino_KW_Brand,DE,T1,46423,2071,0.0446,1187.28,0.573,308,115,0.1487,0.3734,11436.72,10.32,863.3,11,0,0,0.989
2024-05-23,Google_Search,GG_Sports_Betting,BR,T2,47067,1404,0.0298,410.63,0.292,201,68,0.1432,0.3383,2324.71,6.04,466.1,20,0,0,0.992
2024-05-23,Google_Search,GG_Sports_Betting,PL,T2,52334,2132,0.0407,560.84,0.263,322,130,0.151,0.4037,8829.58,4.31,1474.3,25,1,0,0.989
2024-05-23,Google_Search,GG_Slots_KW_Generic,NG,T3,44780,1366,0.0305,97.97,0.072,215,63,0.1574,0.293,571.55,1.56,483.4,20,0,0,0.992
2024-05-23,Google_Search,GG_Sports_Betting,CA,T1,17252,602,0.0349,462.87,0.769,110,43,0.1827,0.3909,4035.88,10.76,771.9,5,0,0,0.99
2024-05-23,Google_Search,GG_Casino_KW_Brand,AU,T1,35227,1567,0.0445,815.42,0.52,174,42,0.111,0.2414,3857.11,19.41,373.0,22,0,0,0.989
2024-05-23,Google_Search,GG_Sports_Betting,IN,T3,42059,1143,0.0272,130.67,0.114,176,54,0.154,0.3068,1570.52,2.42,1101.9,8,0,0,0.988
2024-05-23,Push_Network,Push_Casino_Retarget,DE,T1,28843,458,0.0159,50.01,0.109,16,1,0.0349,0.0625,42.05,50.01,-15.9,77,0,0,0.875
2024-05-23,Push_Network,Push_Casino_Retarget,BR,T2,39470,693,0.0176,19.84,0.029,19,2,0.0274,0.1053,32.51,9.92,63.9,62,0,0,0.874
2024-05-23,Push_Network,Push_Casino_Retarget,PL,T2,31170,632,0.0203,21.57,0.034,29,3,0.0459,0.1034,83.55,7.19,287.3,98,1,0,0.837
2024-05-23,Push_Network,Push_iGaming_Broad,NG,T3,52411,870,0.0166,9.43,0.011,23,2,0.0264,0.087,4.0,4.71,-57.6,169,1,0,0.865
2024-05-23,Push_Network,Push_iGaming_Broad,CA,T1,9017,211,0.0234,14.32,0.068,10,1,0.0474,0.1,35.83,14.32,150.2,22,0,0,0.848
2024-05-23,Push_Network,Push_Casino_Retarget,AU,T1,13494,206,0.0153,18.88,0.092,7,0,0.034,0.0,0.0,,-100.0,32,0,0,0.859
2024-05-23,Push_Network,Push_iGaming_Broad,IN,T3,15738,380,0.0241,3.52,0.009,15,1,0.0395,0.0667,2.15,3.52,-38.9,68,0,0,0.872
2024-05-23,Native_Ads,Native_Review_Article,DE,T1,14444,339,0.0235,77.28,0.228,23,3,0.0678,0.1304,216.77,25.76,180.5,15,0,0,0.939
2024-05-23,Native_Ads,Native_Bonus_Landing,BR,T2,30807,722,0.0234,54.6,0.076,40,7,0.0554,0.175,148.35,7.8,171.7,50,0,0,0.944
2024-05-23,Native_Ads,Native_Review_Article,PL,T2,23651,458,0.0194,54.56,0.119,27,5,0.059,0.1852,182.14,10.91,233.8,29,0,0,0.944
2024-05-23,Native_Ads,Native_Bonus_Landing,NG,T3,12127,330,0.0272,5.69,0.017,31,7,0.0939,0.2258,86.11,0.81,1413.4,27,0,0,0.932
2024-05-23,Native_Ads,Native_Bonus_Landing,CA,T1,24538,440,0.0179,112.67,0.256,30,6,0.0682,0.2,363.26,18.78,222.4,31,0,0,0.949
2024-05-23,Native_Ads,Native_Review_Article,AU,T1,12147,339,0.0279,51.3,0.151,17,2,0.0501,0.1176,145.25,25.65,183.1,21,0,0,0.936
2024-05-23,Native_Ads,Native_Bonus_Landing,IN,T3,13511,287,0.0212,9.97,0.035,15,3,0.0523,0.2,50.14,3.32,402.9,24,0,0,0.93
2024-05-23,TikTok,TT_Sports_Short,DE,T1,26302,453,0.0172,191.05,0.422,24,5,0.053,0.2083,262.01,38.21,37.1,46,0,0,0.923
2024-05-23,TikTok,TT_Casino_UGC,BR,T2,78147,1632,0.0209,176.46,0.108,80,9,0.049,0.1125,152.84,19.61,-13.4,103,2,0,0.909
2024-05-23,TikTok,TT_Casino_UGC,PL,T2,15680,456,0.0291,44.62,0.098,27,4,0.0592,0.1481,75.2,11.15,68.5,54,0,0,0.923
2024-05-23,TikTok,TT_Casino_UGC,NG,T3,46882,1386,0.0296,28.14,0.02,80,13,0.0577,0.1625,145.87,2.16,418.4,106,2,0,0.917
2024-05-23,TikTok,TT_Sports_Short,CA,T1,27151,375,0.0138,151.88,0.405,12,1,0.032,0.0833,50.3,151.88,-66.9,32,0,0,0.924
2024-05-23,TikTok,TT_Casino_UGC,AU,T1,19779,386,0.0195,121.17,0.314,20,4,0.0518,0.2,250.51,30.29,106.7,16,0,0,0.934
2024-05-23,TikTok,TT_Sports_Short,IN,T3,22287,243,0.0109,18.85,0.078,13,1,0.0535,0.0769,11.39,18.85,-39.6,19,0,0,0.912
2024-05-23,Affiliate_SEO,SEO_BonusGuide_BR,DE,T1,53454,617,0.0115,0.0,,163,74,0.2642,0.454,9171.16,,,14,1,0,0.976
2024-05-23,Affiliate_SEO,SEO_BonusGuide_BR,BR,T2,12656,300,0.0237,0.0,,56,19,0.1867,0.3393,1010.82,,,4,0,0,0.977
2024-05-23,Affiliate_SEO,SEO_BonusGuide_BR,PL,T2,21176,187,0.0088,0.0,,44,14,0.2353,0.3182,962.06,,,3,0,0,0.983
2024-05-23,Affiliate_SEO,SEO_CasinoReview_DE,NG,T3,2797,57,0.0204,0.0,,14,4,0.2456,0.2857,89.68,,,1,0,0,0.977
2024-05-23,Affiliate_SEO,SEO_CasinoReview_DE,CA,T1,35636,830,0.0233,0.0,,209,65,0.2518,0.311,7221.42,,,19,1,0,0.98
2024-05-23,Affiliate_SEO,SEO_CasinoReview_DE,AU,T1,17105,333,0.0195,0.0,,103,43,0.3093,0.4175,5164.4,,,9,0,0,0.984
2024-05-23,Affiliate_SEO,SEO_BonusGuide_BR,IN,T3,2667,57,0.0214,0.0,,8,3,0.1404,0.375,7.67,,,0,0,0,0.98
2024-05-24,Facebook,FB_Sports_Banner,DE,T1,39066,1386,0.0355,348.57,0.251,125,29,0.0902,0.232,2319.36,12.02,565.4,23,1,0,0.973
2024-05-24,Facebook,FB_Sports_Banner,BR,T2,59937,2521,0.0421,199.09,0.079,197,53,0.0781,0.269,2158.65,3.76,984.3,86,2,0,0.967
2024-05-24,Facebook,FB_Slots_Video,PL,T2,34518,1104,0.032,138.42,0.125,65,19,0.0589,0.2923,540.72,7.29,290.6,25,0,0,0.976
2024-05-24,Facebook,FB_Casino_CreativeA,NG,T3,18922,908,0.048,19.51,0.021,65,15,0.0716,0.2308,57.4,1.3,194.2,25,0,0,0.969
2024-05-24,Facebook,FB_Slots_Video,CA,T1,20637,918,0.0445,200.7,0.219,78,14,0.085,0.1795,948.64,14.34,372.7,24,0,0,0.966
2024-05-24,Facebook,FB_Casino_CreativeA,AU,T1,38447,1572,0.0409,315.6,0.201,187,36,0.119,0.1925,2750.48,8.77,771.5,29,1,0,0.971
2024-05-24,Facebook,FB_Slots_Video,IN,T3,37884,1211,0.032,57.87,0.048,136,47,0.1123,0.3456,446.87,1.23,672.2,29,0,0,0.965
2024-05-24,Google_Search,GG_Sports_Betting,DE,T1,17263,660,0.0382,429.1,0.65,83,20,0.1258,0.241,2044.25,21.46,376.4,8,0,0,0.99
2024-05-24,Google_Search,GG_Sports_Betting,BR,T2,38257,1168,0.0305,326.07,0.279,189,65,0.1618,0.3439,2595.84,5.02,696.1,9,0,0,0.991
2024-05-24,Google_Search,GG_Slots_KW_Generic,PL,T2,31026,1200,0.0387,343.12,0.286,228,91,0.19,0.3991,4866.37,3.77,1318.3,16,0,0,0.991
2024-05-24,Google_Search,GG_Sports_Betting,NG,T3,73471,2462,0.0335,152.7,0.062,521,75,0.2116,0.144,950.36,2.04,522.4,26,1,0,0.99
2024-05-24,Google_Search,GG_Sports_Betting,CA,T1,29114,1109,0.0381,692.88,0.625,169,43,0.1524,0.2544,4846.67,16.11,599.5,11,0,0,0.991
2024-05-24,Google_Search,GG_Sports_Betting,AU,T1,34868,1319,0.0378,792.16,0.601,163,46,0.1236,0.2822,5063.88,17.22,539.2,12,0,0,0.989
2024-05-24,Google_Search,GG_Casino_KW_Brand,IN,T3,23405,613,0.0262,79.71,0.13,99,26,0.1615,0.2626,472.9,3.07,493.3,4,0,0,0.99
2024-05-24,Push_Network,Push_iGaming_Broad,DE,T1,25342,440,0.0174,46.55,0.106,18,2,0.0409,0.1111,97.36,23.27,109.2,71,0,0,0.874
2024-05-24,Push_Network,Push_iGaming_Broad,BR,T2,36843,663,0.018,18.38,0.028,27,3,0.0407,0.1111,43.67,6.13,137.6,90,0,0,0.873
2024-05-24,Push_Network,Push_iGaming_Broad,PL,T2,14793,286,0.0193,10.88,0.038,13,1,0.0455,0.0769,17.05,10.88,56.7,28,0,0,0.832
2024-05-24,Push_Network,Push_iGaming_Broad,NG,T3,33417,784,0.0235,4.69,0.006,39,4,0.0497,0.1026,8.0,1.17,70.6,89,2,0,0.887
2024-05-24,Push_Network,Push_Casino_Retarget,CA,T1,15872,308,0.0194,26.46,0.086,11,1,0.0357,0.0909,27.1,26.46,2.4,40,0,0,0.843
2024-05-24,Push_Network,Push_Casino_Retarget,AU,T1,10769,345,0.032,14.52,0.042,16,1,0.0464,0.0625,19.58,14.52,34.8,52,0,0,0.886
2024-05-24,Push_Network,Push_Casino_Retarget,IN,T3,22372,111,0.005,4.99,0.045,3,0,0.027,0.0,0.0,,-100.0,15,0,0,0.883
2024-05-24,Native_Ads,Native_Review_Article,DE,T1,21990,449,0.0204,124.12,0.276,32,8,0.0713,0.25,528.49,15.52,325.8,31,0,0,0.934
2024-05-24,Native_Ads,Native_Bonus_Landing,BR,T2,19654,274,0.0139,31.46,0.115,28,4,0.1022,0.1429,139.35,7.87,342.9,13,0,0,0.929
2024-05-24,Native_Ads,Native_Review_Article,PL,T2,7543,162,0.0215,17.95,0.111,11,2,0.0679,0.1818,80.03,8.97,345.8,12,0,0,0.933
2024-05-24,Native_Ads,Native_Review_Article,NG,T3,17250,481,0.0279,9.12,0.019,31,5,0.0644,0.1613,55.88,1.82,512.7,38,0,0,0.944
2024-05-24,Native_Ads,Native_Bonus_Landing,CA,T1,39589,348,0.0088,185.29,0.532,19,3,0.0546,0.1579,117.16,61.76,-36.8,23,0,0,0.941
2024-05-24,Native_Ads,Native_Review_Article,AU,T1,14393,464,0.0322,66.6,0.144,27,5,0.0582,0.1852,370.22,13.32,455.9,32,0,0,0.948
2024-05-24,Native_Ads,Native_Bonus_Landing,IN,T3,24071,368,0.0153,18.69,0.051,26,6,0.0707,0.2308,91.18,3.12,387.9,31,0,0,0.932
2024-05-24,TikTok,TT_Sports_Short,DE,T1,19977,366,0.0183,114.14,0.312,22,2,0.0601,0.0909,107.16,57.07,-6.1,20,0,0,0.931
2024-05-24,TikTok,TT_Sports_Short,BR,T2,54243,932,0.0172,99.04,0.106,61,10,0.0655,0.1639,271.68,9.9,174.3,51,2,0,0.912
2024-05-24,TikTok,TT_Sports_Short,PL,T2,19621,595,0.0303,45.4,0.076,41,5,0.0689,0.122,94.78,9.08,108.8,47,1,0,0.905
2024-05-24,TikTok,TT_Sports_Short,NG,T3,25126,247,0.0098,15.88,0.064,15,1,0.0607,0.0667,3.95,15.88,-75.1,24,0,0,0.917
2024-05-24,TikTok,TT_Casino_UGC,CA,T1,21892,589,0.0269,145.95,0.248,38,6,0.0645,0.1579,283.84,24.32,94.5,42,0,0,0.921
2024-05-24,TikTok,TT_Sports_Short,AU,T1,11166,312,0.0279,59.55,0.191,20,3,0.0641,0.15,106.76,19.85,79.3,30,0,0,0.929
2024-05-24,TikTok,TT_Casino_UGC,IN,T3,20490,392,0.0191,15.77,0.04,24,4,0.0612,0.1667,49.39,3.94,213.2,19,0,0,0.929
2024-05-24,Affiliate_SEO,SEO_CasinoReview_DE,DE,T1,27700,617,0.0223,0.0,,125,47,0.2026,0.376,5932.47,,,8,0,0,0.98
2024-05-24,Affiliate_SEO,SEO_BonusGuide_BR,BR,T2,12586,205,0.0163,0.0,,30,12,0.1463,0.4,492.48,,,4,0,0,0.982
2024-05-24,Affiliate_SEO,SEO_BonusGuide_BR,PL,T2,16552,386,0.0233,0.0,,78,34,0.2021,0.4359,1858.4,,,6,0,0,0.979
2024-05-24,Affiliate_SEO,SEO_CasinoReview_DE,NG,T3,3693,58,0.0157,0.0,,20,6,0.3448,0.3,97.32,,,1,0,0,0.982
2024-05-24,Affiliate_SEO,SEO_CasinoReview_DE,CA,T1,25860,490,0.0189,0.0,,137,53,0.2796,0.3869,6216.25,,,8,1,0,0.983
2024-05-24,Affiliate_SEO,SEO_CasinoReview_DE,AU,T1,18782,420,0.0224,0.0,,111,38,0.2643,0.3423,4089.81,,,12,0,0,0.983
2024-05-24,Affiliate_SEO,SEO_BonusGuide_BR,IN,T3,6583,70,0.0106,0.0,,15,3,0.2143,0.2,35.52,,,1,0,0,0.976
2024-05-25,Facebook,FB_Sports_Banner,DE,T1,33626,1263,0.0376,291.91,0.231,109,29,0.0863,0.2661,2053.29,10.07,603.4,20,0,0,0.971
2024-05-25,Facebook,FB_Sports_Banner,BR,T2,10257,337,0.0329,29.47,0.087,43,7,0.1276,0.1628,167.64,4.21,468.8,8,0,0,0.972
2024-05-25,Facebook,FB_Sports_Banner,PL,T2,12517,375,0.03,56.59,0.151,29,8,0.0773,0.2759,302.4,7.07,434.4,16,0,0,0.971
2024-05-25,Facebook,FB_Slots_Video,NG,T3,18909,975,0.0516,19.28,0.02,93,26,0.0954,0.2796,665.02,0.74,3349.3,35,1,0,0.967
2024-05-25,Facebook,FB_Casino_CreativeA,CA,T1,28553,942,0.033,259.88,0.276,73,19,0.0775,0.2603,1742.76,13.68,570.6,14,0,0,0.964
2024-05-25,Facebook,FB_Casino_CreativeA,AU,T1,14133,465,0.0329,118.18,0.254,46,11,0.0989,0.2391,626.92,10.74,430.5,8,0,0,0.975
2024-05-25,Facebook,FB_Sports_Banner,IN,T3,15572,413,0.0265,24.07,0.058,32,4,0.0775,0.125,8.0,6.02,-66.8,13,0,0,0.97
2024-05-25,Google_Search,GG_Slots_KW_Generic,DE,T1,38101,1100,0.0289,896.09,0.815,139,37,0.1264,0.2662,3990.09,24.22,345.3,9,0,0,0.99
2024-05-25,Google_Search,GG_Slots_KW_Generic,BR,T2,52039,1835,0.0353,372.55,0.203,220,82,0.1199,0.3727,3709.85,4.54,895.8,25,0,0,0.991
2024-05-25,Google_Search,GG_Slots_KW_Generic,PL,T2,25771,616,0.0239,243.47,0.395,105,22,0.1705,0.2095,1274.29,11.07,423.4,8,0,0,0.989
2024-05-25,Google_Search,GG_Casino_KW_Brand,NG,T3,40069,657,0.0164,101.66,0.155,85,24,0.1294,0.2824,750.51,4.24,638.3,8,0,0,0.991
2024-05-25,Google_Search,GG_Sports_Betting,CA,T1,19272,470,0.0244,417.98,0.889,74,24,0.1574,0.3243,2380.39,17.42,469.5,4,0,0,0.988
2024-05-25,Google_Search,GG_Slots_KW_Generic,AU,T1,39927,1532,0.0384,950.59,0.62,149,48,0.0973,0.3221,3738.47,19.8,293.3,18,0,0,0.989
2024-05-25,Google_Search,GG_Slots_KW_Generic,IN,T3,20115,960,0.0477,78.39,0.082,124,27,0.1292,0.2177,407.71,2.9,420.1,9,0,0,0.99
2024-05-25,Push_Network,Push_Casino_Retarget,DE,T1,16432,284,0.0173,33.07,0.116,13,1,0.0458,0.0769,33.41,33.07,1.0,54,0,0,0.864
2024-05-25,Push_Network,Push_Casino_Retarget,BR,T2,22193,533,0.024,12.37,0.023,18,1,0.0338,0.0556,5.98,12.37,-51.7,105,0,0,0.876
2024-05-25,Push_Network,Push_iGaming_Broad,PL,T2,16745,303,0.0181,12.69,0.042,8,0,0.0264,0.0,0.0,,-100.0,28,0,0,0.875
2024-05-25,Push_Network,Push_iGaming_Broad,NG,T3,18478,413,0.0224,2.58,0.006,20,2,0.0484,0.1,4.0,1.29,55.0,41,1,0,0.845
2024-05-25,Push_Network,Push_Casino_Retarget,CA,T1,61926,1095,0.0177,91.84,0.084,54,5,0.0493,0.0926,140.9,18.37,53.4,215,3,0,0.872
2024-05-25,Push_Network,Push_Casino_Retarget,AU,T1,23373,255,0.0109,33.45,0.131,14,2,0.0549,0.1429,62.76,16.73,87.6,40,0,0,0.842
2024-05-25,Push_Network,Push_Casino_Retarget,IN,T3,37335,467,0.0125,9.97,0.021,22,3,0.0471,0.1364,48.54,3.32,386.9,33,1,0,0.867
2024-05-25,Native_Ads,Native_Review_Article,DE,T1,15361,270,0.0176,93.04,0.345,18,3,0.0667,0.1667,198.38,31.01,113.2,19,0,0,0.945
2024-05-25,Native_Ads,Native_Review_Article,BR,T2,20862,598,0.0287,33.77,0.056,36,6,0.0602,0.1667,128.77,5.63,281.3,34,0,0,0.937
2024-05-25,Native_Ads,Native_Review_Article,PL,T2,41842,926,0.0221,99.15,0.107,65,8,0.0702,0.1231,251.75,12.39,153.9,41,1,0,0.948
2024-05-25,Native_Ads,Native_Review_Article,NG,T3,13185,272,0.0206,7.32,0.027,21,4,0.0772,0.1905,8.0,1.83,9.3,8,0,0,0.95
2024-05-25,Native_Ads,Native_Review_Article,CA,T1,23271,365,0.0157,123.13,0.337,18,3,0.0493,0.1667,244.83,41.04,98.8,31,0,0,0.944
2024-05-25,Native_Ads,Native_Bonus_Landing,AU,T1,95883,1468,0.0153,456.7,0.311,103,12,0.0702,0.1165,627.19,38.06,37.3,102,1,0,0.941
2024-05-25,Native_Ads,Native_Bonus_Landing,IN,T3,37210,620,0.0167,29.18,0.047,44,11,0.071,0.25,225.43,2.65,672.5,35,0,0,0.935
2024-05-25,TikTok,TT_Sports_Short,DE,T1,35038,602,0.0172,221.43,0.368,26,4,0.0432,0.1538,219.66,55.36,-0.8,70,0,0,0.932
2024-05-25,TikTok,TT_Casino_UGC,BR,T2,6976,106,0.0152,16.29,0.154,7,0,0.066,0.0,0.0,,-100.0,8,0,0,0.905
2024-05-25,TikTok,TT_Sports_Short,PL,T2,47781,925,0.0194,147.35,0.159,69,12,0.0746,0.1739,229.58,12.28,55.8,88,1,0,0.936
2024-05-25,TikTok,TT_Casino_UGC,NG,T3,26470,475,0.0179,14.3,0.03,29,3,0.0611,0.1034,22.38,4.77,56.5,38,0,0,0.911
2024-05-25,TikTok,TT_Casino_UGC,CA,T1,50712,1490,0.0294,260.66,0.175,92,9,0.0617,0.0978,457.15,28.96,75.4,154,1,0,0.919
2024-05-25,TikTok,TT_Casino_UGC,AU,T1,16069,340,0.0212,92.57,0.272,17,2,0.05,0.1176,95.07,46.28,2.7,22,0,0,0.932
2024-05-25,TikTok,TT_Sports_Short,IN,T3,31607,862,0.0273,27.07,0.031,44,3,0.051,0.0682,15.37,9.02,-43.2,76,1,0,0.933
2024-05-25,Affiliate_SEO,SEO_BonusGuide_BR,DE,T1,43754,344,0.0079,0.0,,105,36,0.3052,0.3429,4053.22,,,6,0,0,0.982
2024-05-25,Affiliate_SEO,SEO_CasinoReview_DE,BR,T2,12709,314,0.0247,0.0,,45,15,0.1433,0.3333,792.73,,,3,0,0,0.978
2024-05-25,Affiliate_SEO,SEO_CasinoReview_DE,PL,T2,11133,161,0.0145,0.0,,20,7,0.1242,0.35,481.02,,,3,0,0,0.978
2024-05-25,Affiliate_SEO,SEO_BonusGuide_BR,NG,T3,1473,25,0.017,0.0,,4,1,0.16,0.25,5.66,,,0,0,0,0.977
2024-05-25,Affiliate_SEO,SEO_BonusGuide_BR,CA,T1,17459,529,0.0303,0.0,,131,34,0.2476,0.2595,3570.26,,,10,0,0,0.979
2024-05-25,Affiliate_SEO,SEO_BonusGuide_BR,AU,T1,23799,665,0.0279,0.0,,166,65,0.2496,0.3916,7380.27,,,13,0,0,0.984
2024-05-25,Affiliate_SEO,SEO_CasinoReview_DE,IN,T3,2820,17,0.006,0.0,,3,1,0.1765,0.3333,25.09,,,0,0,0,0.976
2024-05-26,Facebook,FB_Slots_Video,DE,T1,12510,355,0.0284,112.14,0.316,32,6,0.0901,0.1875,378.55,18.69,237.6,13,0,0,0.967
2024-05-26,Facebook,FB_Sports_Banner,BR,T2,15470,380,0.0246,48.87,0.129,28,5,0.0737,0.1786,208.81,9.77,327.3,9,0,0,0.969
2024-05-26,Facebook,FB_Slots_Video,PL,T2,46823,1878,0.0401,174.37,0.093,184,55,0.098,0.2989,2586.68,3.17,1383.4,70,1,0,0.964
2024-05-26,Facebook,FB_Sports_Banner,NG,T3,35152,1332,0.0379,30.39,0.023,119,27,0.0893,0.2269,252.78,1.13,731.8,57,1,0,0.975
2024-05-26,Facebook,FB_Sports_Banner,CA,T1,40028,893,0.0223,384.61,0.431,68,12,0.0761,0.1765,835.96,32.05,117.4,35,0,0,0.975
2024-05-26,Facebook,FB_Casino_CreativeA,AU,T1,17945,452,0.0252,146.85,0.325,28,5,0.0619,0.1786,382.05,29.37,160.2,11,0,0,0.969
2024-05-26,Facebook,FB_Slots_Video,IN,T3,16790,511,0.0304,25.89,0.051,53,12,0.1037,0.2264,282.81,2.16,992.4,20,0,0,0.975
2024-05-26,Google_Search,GG_Casino_KW_Brand,DE,T1,19655,658,0.0335,560.62,0.852,86,23,0.1307,0.2674,2673.97,24.37,377.0,8,0,0,0.988
2024-05-26,Google_Search,GG_Casino_KW_Brand,BR,T2,17016,575,0.0338,153.28,0.267,76,21,0.1322,0.2763,771.11,7.3,403.1,3,0,0,0.991
2024-05-26,Google_Search,GG_Slots_KW_Generic,PL,T2,40773,1459,0.0358,464.85,0.319,255,72,0.1748,0.2824,4306.05,6.46,826.3,17,0,0,0.99
2024-05-26,Google_Search,GG_Casino_KW_Brand,NG,T3,26414,941,0.0356,58.78,0.062,117,31,0.1243,0.265,611.7,1.9,940.7,12,0,0,0.991
2024-05-26,Google_Search,GG_Casino_KW_Brand,CA,T1,31911,983,0.0308,671.33,0.683,167,37,0.1699,0.2216,3293.0,18.14,390.5,12,0,0,0.99
2024-05-26,Google_Search,GG_Casino_KW_Brand,AU,T1,31880,877,0.0275,662.02,0.755,98,26,0.1117,0.2653,2361.31,25.46,256.7,7,0,0,0.989
2024-05-26,Google_Search,GG_Casino_KW_Brand,IN,T3,54791,2665,0.0486,175.17,0.066,466,139,0.1749,0.2983,4345.84,1.26,2380.9,25,0,0,0.989
2024-05-26,Push_Network,Push_Casino_Retarget,DE,T1,51666,1376,0.0266,103.09,0.075,45,4,0.0327,0.0889,115.25,25.77,11.8,144,1,0,0.862
2024-05-26,Push_Network,Push_Casino_Retarget,BR,T2,22612,302,0.0134,14.38,0.048,9,0,0.0298,0.0,0.0,,-100.0,41,0,0,0.861
2024-05-26,Push_Network,Push_iGaming_Broad,PL,T2,34572,831,0.024,23.5,0.028,39,3,0.0469,0.0769,6.0,7.83,-74.5,69,2,0,0.85
2024-05-26,Push_Network,Push_iGaming_Broad,NG,T3,15974,317,0.0198,2.89,0.009,14,1,0.0442,0.0714,2.0,2.89,-30.8,41,0,0,0.859
2024-05-26,Push_Network,Push_iGaming_Broad,CA,T1,34228,1040,0.0304,54.11,0.052,32,4,0.0308,0.125,88.2,13.53,63.0,194,1,0,0.874
2024-05-26,Push_Network,Push_Casino_Retarget,AU,T1,45732,1212,0.0265,62.53,0.052,49,4,0.0404,0.0816,77.15,15.63,23.4,222,1,0,0.882
2024-05-26,Push_Network,Push_Casino_Retarget,IN,T3,26685,533,0.02,6.51,0.012,22,2,0.0413,0.0909,18.19,3.25,179.4,88,0,0,0.843
2024-05-26,Native_Ads,Native_Review_Article,DE,T1,53310,1105,0.0207,275.75,0.25,118,23,0.1068,0.1949,1301.4,11.99,371.9,90,1,0,0.942
2024-05-26,Native_Ads,Native_Bonus_Landing,BR,T2,19560,361,0.0185,38.69,0.107,24,4,0.0665,0.1667,116.57,9.67,201.3,29,0,0,0.942
2024-05-26,Native_Ads,Native_Review_Article,PL,T2,62672,1153,0.0184,132.2,0.115,56,13,0.0486,0.2321,345.22,10.17,161.1,89,0,0,0.95
2024-05-26,Native_Ads,Native_Review_Article,NG,T3,54817,500,0.0091,30.45,0.061,32,4,0.064,0.125,68.04,7.61,123.4,35,0,0,0.93
2024-05-26,Native_Ads,Native_Review_Article,CA,T1,27922,619,0.0222,138.23,0.223,46,11,0.0743,0.2391,502.41,12.57,263.5,43,0,0,0.931
2024-05-26,Native_Ads,Native_Review_Article,AU,T1,22913,626,0.0273,120.01,0.192,42,8,0.0671,0.1905,453.94,15.0,278.3,39,1,0,0.942
2024-05-26,Native_Ads,Native_Bonus_Landing,IN,T3,25449,427,0.0168,19.63,0.046,33,7,0.0773,0.2121,65.83,2.8,235.4,29,0,0,0.938
2024-05-26,TikTok,TT_Casino_UGC,DE,T1,69923,1503,0.0215,513.86,0.342,86,18,0.0572,0.2093,1035.42,28.55,101.5,163,1,0,0.905
2024-05-26,TikTok,TT_Sports_Short,BR,T2,70327,1856,0.0264,134.73,0.073,132,23,0.0711,0.1742,758.37,5.86,462.9,220,4,0,0.929
2024-05-26,TikTok,TT_Sports_Short,PL,T2,22641,434,0.0192,63.81,0.147,20,2,0.0461,0.1,34.5,31.91,-45.9,32,0,0,0.921
2024-05-26,TikTok,TT_Sports_Short,NG,T3,28466,598,0.021,17.92,0.03,39,4,0.0652,0.1026,8.0,4.48,-55.4,61,0,0,0.932
2024-05-26,TikTok,TT_Casino_UGC,CA,T1,11894,238,0.02,78.68,0.331,11,1,0.0462,0.0909,42.79,78.68,-45.6,21,0,0,0.911
2024-05-26,TikTok,TT_Casino_UGC,AU,T1,37774,1066,0.0282,198.02,0.186,59,9,0.0553,0.1525,268.64,22.0,35.7,101,1,0,0.922
2024-05-26,TikTok,TT_Sports_Short,IN,T3,31292,615,0.0197,26.93,0.044,46,6,0.0748,0.1304,18.6,4.49,-30.9,35,0,0,0.91
2024-05-26,Affiliate_SEO,SEO_BonusGuide_BR,DE,T1,26759,551,0.0206,0.0,,88,40,0.1597,0.4545,5207.17,,,12,0,0,0.98
2024-05-26,Affiliate_SEO,SEO_CasinoReview_DE,BR,T2,6329,114,0.018,0.0,,31,10,0.2719,0.3226,508.21,,,2,0,0,0.977
2024-05-26,Affiliate_SEO,SEO_BonusGuide_BR,PL,T2,16969,468,0.0276,0.0,,80,23,0.1709,0.2875,1520.84,,,8,0,0,0.98
2024-05-26,Affiliate_SEO,SEO_BonusGuide_BR,NG,T3,1380,24,0.0174,0.0,,6,2,0.25,0.3333,42.17,,,0,0,0,0.979
2024-05-26,Affiliate_SEO,SEO_BonusGuide_BR,CA,T1,8993,197,0.0219,0.0,,38,13,0.1929,0.3421,1382.31,,,2,0,0,0.983
2024-05-26,Affiliate_SEO,SEO_CasinoReview_DE,AU,T1,24844,787,0.0317,0.0,,155,56,0.197,0.3613,5857.77,,,11,0,0,0.979
2024-05-26,Affiliate_SEO,SEO_BonusGuide_BR,IN,T3,7022,106,0.0151,0.0,,21,3,0.1981,0.1429,102.6,,,1,0,0,0.976
2024-05-27,Facebook,FB_Slots_Video,DE,T1,27121,1236,0.0456,237.44,0.192,97,26,0.0785,0.268,2007.35,9.13,745.4,43,0,0,0.975
2024-05-27,Facebook,FB_Sports_Banner,BR,T2,52886,2420,0.0458,155.23,0.064,292,48,0.1207,0.1644,1765.0,3.23,1037.0,38,1,0,0.967
2024-05-27,Facebook,FB_Casino_CreativeA,PL,T2,24132,663,0.0275,98.44,0.148,74,16,0.1116,0.2162,662.6,6.15,573.1,20,0,0,0.966
2024-05-27,Facebook,FB_Sports_Banner,NG,T3,23497,864,0.0368,23.62,0.027,100,22,0.1157,0.22,102.68,1.07,334.7,14,0,0,0.975
2024-05-27,Facebook,FB_Casino_CreativeA,CA,T1,48241,2308,0.0478,393.07,0.17,170,41,0.0737,0.2412,2849.26,9.59,624.9,91,1,0,0.974
2024-05-27,Facebook,FB_Sports_Banner,AU,T1,18003,287,0.0159,159.97,0.557,21,4,0.0732,0.1905,323.77,39.99,102.4,11,0,0,0.974
2024-05-27,Facebook,FB_Casino_CreativeA,IN,T3,28805,1028,0.0357,34.15,0.033,103,28,0.1002,0.2718,557.41,1.22,1532.2,44,0,0,0.965
2024-05-27,Google_Search,GG_Sports_Betting,DE,T1,14723,768,0.0522,401.98,0.523,112,34,0.1458,0.3036,3451.73,11.82,758.7,5,0,0,0.992
2024-05-27,Google_Search,GG_Casino_KW_Brand,BR,T2,88122,3641,0.0413,630.88,0.173,614,194,0.1686,0.316,5634.65,3.25,793.1,48,1,0,0.992
2024-05-27,Google_Search,GG_Casino_KW_Brand,PL,T2,14129,606,0.0429,139.44,0.23,79,33,0.1304,0.4177,1562.34,4.23,1020.4,9,0,0,0.99
2024-05-27,Google_Search,GG_Casino_KW_Brand,NG,T3,29325,831,0.0283,59.89,0.072,179,40,0.2154,0.2235,284.59,1.5,375.2,8,0,0,0.991
2024-05-27,Google_Search,GG_Casino_KW_Brand,CA,T1,72489,2012,0.0278,1849.06,0.919,311,100,0.1546,0.3215,9612.42,18.49,419.9,19,0,0,0.991
2024-05-27,Google_Search,GG_Sports_Betting,AU,T1,76378,2498,0.0327,1938.54,0.776,367,75,0.1469,0.2044,6852.74,25.85,253.5,20,1,0,0.991
2024-05-27,Google_Search,GG_Slots_KW_Generic,IN,T3,28868,1090,0.0378,101.47,0.093,198,85,0.1817,0.4293,1180.51,1.19,1063.4,12,0,0,0.989
2024-05-27,Push_Network,Push_iGaming_Broad,DE,T1,22871,550,0.024,41.01,0.075,18,2,0.0327,0.1111,66.03,20.5,61.0,95,1,0,0.857
2024-05-27,Push_Network,Push_iGaming_Broad,BR,T2,7030,190,0.027,4.06,0.021,9,1,0.0474,0.1111,16.85,4.06,315.0,34,0,0,0.887
2024-05-27,Push_Network,Push_iGaming_Broad,PL,T2,45954,555,0.0121,34.64,0.062,25,3,0.045,0.12,56.58,11.55,63.3,52,0,0,0.849
2024-05-27,Push_Network,Push_Casino_Retarget,NG,T3,28609,679,0.0237,4.37,0.006,24,2,0.0353,0.0833,36.96,2.19,745.8,134,1,0,0.836
2024-05-27,Push_Network,Push_Casino_Retarget,CA,T1,22049,289,0.0131,35.88,0.124,10,1,0.0346,0.1,22.52,35.88,-37.2,40,0,0,0.878
2024-05-27,Push_Network,Push_Casino_Retarget,AU,T1,12700,171,0.0135,16.76,0.098,7,0,0.0409,0.0,0.0,,-100.0,12,0,0,0.848
2024-05-27,Push_Network,Push_iGaming_Broad,IN,T3,11241,260,0.0231,2.61,0.01,9,0,0.0346,0.0,0.0,,-100.0,35,0,0,0.863
2024-05-27,Native_Ads,Native_Review_Article,DE,T1,17627,407,0.0231,91.43,0.225,23,6,0.0565,0.2609,407.82,15.24,346.0,29,0,0,0.951
2024-05-27,Native_Ads,Native_Review_Article,BR,T2,40844,1170,0.0286,78.45,0.067,81,19,0.0692,0.2346,463.76,4.13,491.2,57,2,0,0.939
2024-05-27,Native_Ads,Native_Review_Article,PL,T2,20627,486,0.0236,48.68,0.1,31,6,0.0638,0.1935,142.43,8.11,192.6,26,0,0,0.943
2024-05-27,Native_Ads,Native_Review_Article,NG,T3,21257,438,0.0206,10.06,0.023,21,3,0.0479,0.1429,43.52,3.35,332.6,29,0,0,0.945
2024-05-27,Native_Ads,Native_Review_Article,CA,T1,36674,431,0.0118,171.98,0.399,32,6,0.0742,0.1875,340.42,28.66,97.9,17,0,0,0.929
2024-05-27,Native_Ads,Native_Review_Article,AU,T1,37845,932,0.0246,177.67,0.191,73,11,0.0783,0.1507,719.58,16.15,305.0,63,0,0,0.934
2024-05-27,Native_Ads,Native_Review_Article,IN,T3,20729,199,0.0096,14.82,0.074,12,3,0.0603,0.25,10.51,4.94,-29.1,8,0,0,0.937
2024-05-27,TikTok,TT_Casino_UGC,DE,T1,21604,359,0.0166,139.05,0.387,30,2,0.0836,0.0667,95.86,69.53,-31.1,41,0,0,0.912
2024-05-27,TikTok,TT_Sports_Short,BR,T2,37534,645,0.0172,77.67,0.12,34,5,0.0527,0.1471,108.51,15.53,39.7,69,0,0,0.931
2024-05-27,TikTok,TT_Sports_Short,PL,T2,11249,213,0.0189,28.79,0.135,11,1,0.0516,0.0909,28.7,28.79,-0.3,24,0,0,0.932
2024-05-27,TikTok,TT_Casino_UGC,NG,T3,59468,648,0.0109,35.5,0.055,34,4,0.0525,0.1176,30.12,8.88,-15.2,72,1,0,0.922
2024-05-27,TikTok,TT_Sports_Short,CA,T1,11549,174,0.0151,68.62,0.394,8,1,0.046,0.125,50.46,68.62,-26.5,9,0,0,0.921
2024-05-27,TikTok,TT_Casino_UGC,AU,T1,7368,209,0.0284,36.71,0.176,12,1,0.0574,0.0833,61.51,36.71,67.6,19,0,0,0.907
2024-05-27,TikTok,TT_Sports_Short,IN,T3,13693,260,0.019,11.57,0.044,13,2,0.05,0.1538,8.45,5.79,-27.0,24,0,0,0.933
2024-05-27,Affiliate_SEO,SEO_BonusGuide_BR,DE,T1,53705,812,0.0151,0.0,,154,56,0.1897,0.3636,6863.97,,,18,1,0,0.982
2024-05-27,Affiliate_SEO,SEO_CasinoReview_DE,BR,T2,11387,287,0.0252,0.0,,61,22,0.2125,0.3607,948.48,,,7,0,0,0.977
2024-05-27,Affiliate_SEO,SEO_CasinoReview_DE,PL,T2,9882,132,0.0134,0.0,,23,7,0.1742,0.3043,472.46,,,3,0,0,0.983
2024-05-27,Affiliate_SEO,SEO_CasinoReview_DE,NG,T3,3028,104,0.0343,0.0,,24,8,0.2308,0.3333,120.14,,,1,0,0,0.983
2024-05-27,Affiliate_SEO,SEO_CasinoReview_DE,CA,T1,12349,298,0.0241,0.0,,78,34,0.2617,0.4359,3999.88,,,8,0,0,0.983
2024-05-27,Affiliate_SEO,SEO_BonusGuide_BR,AU,T1,7943,179,0.0225,0.0,,41,18,0.2291,0.439,1875.85,,,3,0,0,0.983
2024-05-27,Affiliate_SEO,SEO_CasinoReview_DE,IN,T3,5321,101,0.019,0.0,,27,7,0.2673,0.2593,163.12,,,2,0,0,0.98
2024-05-28,Facebook,FB_Slots_Video,DE,T1,39963,1802,0.0451,376.9,0.209,149,30,0.0827,0.2013,2365.96,12.56,527.7,50,0,0,0.968
2024-05-28,Facebook,FB_Sports_Banner,BR,T2,10330,442,0.0428,37.03,0.084,45,8,0.1018,0.1778,244.1,4.63,559.2,13,0,0,0.968
2024-05-28,Facebook,FB_Sports_Banner,PL,T2,23667,1293,0.0546,89.95,0.07,134,35,0.1036,0.2612,2294.58,2.57,2451.0,42,0,0,0.974
2024-05-28,Facebook,FB_Slots_Video,NG,T3,18492,994,0.0538,14.96,0.015,104,14,0.1046,0.1346,255.16,1.07,1605.6,38,1,0,0.966
2024-05-28,Facebook,FB_Sports_Banner,CA,T1,41124,1344,0.0327,314.64,0.234,134,25,0.0997,0.1866,1889.19,12.59,500.4,50,1,0,0.975
2024-05-28,Facebook,FB_Slots_Video,AU,T1,25801,1034,0.0401,227.93,0.22,93,20,0.0899,0.2151,1291.33,11.4,466.5,28,1,0,0.976
2024-05-28,Facebook,FB_Casino_CreativeA,IN,T3,37415,1331,0.0356,48.76,0.037,130,36,0.0977,0.2769,582.08,1.35,1093.8,57,0,0,0.971
2024-05-28,Google_Search,GG_Slots_KW_Generic,DE,T1,33351,1242,0.0372,835.93,0.673,220,72,0.1771,0.3273,7635.46,11.61,813.4,8,0,0,0.991
2024-05-28,Google_Search,GG_Slots_KW_Generic,BR,T2,39188,1190,0.0304,310.57,0.261,197,71,0.1655,0.3604,3418.43,4.37,1000.7,15,0,0,0.991
2024-05-28,Google_Search,GG_Sports_Betting,PL,T2,28412,892,0.0314,299.86,0.336,92,28,0.1031,0.3043,1826.01,10.71,509.0,5,0,0,0.989
2024-05-28,Google_Search,GG_Sports_Betting,NG,T3,29425,806,0.0274,71.55,0.089,126,31,0.1563,0.246,440.92,2.31,516.2,5,0,0,0.989
2024-05-28,Google_Search,GG_Slots_KW_Generic,CA,T1,33048,1095,0.0331,817.9,0.747,183,56,0.1671,0.306,5397.65,14.61,559.9,6,0,0,0.99
2024-05-28,Google_Search,GG_Casino_KW_Brand,AU,T1,32078,1818,0.0567,832.4,0.458,257,69,0.1414,0.2685,6692.47,12.06,704.0,9,0,0,0.991
2024-05-28,Google_Search,GG_Casino_KW_Brand,IN,T3,21449,729,0.034,76.34,0.105,123,42,0.1687,0.3415,466.17,1.82,510.6,3,0,0,0.989
2024-05-28,Push_Network,Push_iGaming_Broad,DE,T1,23515,417,0.0177,35.76,0.086,17,2,0.0408,0.1176,75.82,17.88,112.0,72,0,0,0.84
2024-05-28,Push_Network,Push_Casino_Retarget,BR,T2,19688,434,0.022,11.17,0.026,19,1,0.0438,0.0526,2.0,11.17,-82.1,39,0,0,0.882
2024-05-28,Push_Network,Push_Casino_Retarget,PL,T2,27394,721,0.0263,18.33,0.025,39,6,0.0541,0.1538,99.97,3.05,445.4,126,2,0,0.842
2024-05-28,Push_Network,Push_Casino_Retarget,NG,T3,9948,250,0.0251,1.83,0.007,13,1,0.052,0.0769,2.0,1.83,9.3,27,0,0,0.855
2024-05-28,Push_Network,Push_iGaming_Broad,CA,T1,47383,969,0.0205,78.96,0.081,28,3,0.0289,0.1071,95.89,26.32,21.4,72,0,0,0.881
2024-05-28,Push_Network,Push_Casino_Retarget,AU,T1,13003,219,0.0168,19.76,0.09,9,1,0.0411,0.1111,38.71,19.76,95.9,19,0,0,0.887
2024-05-28,Push_Network,Push_Casino_Retarget,IN,T3,13460,227,0.0169,2.88,0.013,8,1,0.0352,0.125,5.14,2.88,78.5,21,0,0,0.857
2024-05-28,Native_Ads,Native_Bonus_Landing,DE,T1,14695,199,0.0135,86.17,0.433,15,3,0.0754,0.2,218.61,28.72,153.7,6,0,0,0.939
2024-05-28,Native_Ads,Native_Review_Article,BR,T2,19310,449,0.0233,38.42,0.086,21,4,0.0468,0.1905,51.87,9.61,35.0,27,0,0,0.951
2024-05-28,Native_Ads,Native_Bonus_Landing,PL,T2,6641,146,0.022,16.95,0.116,10,2,0.0685,0.2,41.69,8.47,146.0,10,0,0,0.945
2024-05-28,Native_Ads,Native_Review_Article,NG,T3,12216,331,0.0271,6.62,0.02,21,4,0.0634,0.1905,80.33,1.66,1113.4,13,0,0,0.939
2024-05-28,Native_Ads,Native_Bonus_Landing,CA,T1,22586,229,0.0101,128.27,0.56,16,1,0.0699,0.0625,64.49,128.27,-49.7,17,0,0,0.935
2024-05-28,Native_Ads,Native_Bonus_Landing,AU,T1,30810,958,0.0311,132.55,0.138,59,9,0.0616,0.1525,528.1,14.73,298.4,41,0,0,0.945
2024-05-28,Native_Ads,Native_Review_Article,IN,T3,16588,335,0.0202,12.25,0.037,22,5,0.0657,0.2273,10.0,2.45,-18.4,13,0,0,0.938
2024-05-28,TikTok,TT_Casino_UGC,DE,T1,26160,527,0.0201,195.3,0.371,28,5,0.0531,0.1786,307.28,39.06,57.3,54,0,0,0.921
2024-05-28,TikTok,TT_Sports_Short,BR,T2,21267,454,0.0213,39.61,0.087,28,3,0.0617,0.1071,61.77,13.2,55.9,41,0,0,0.918
2024-05-28,TikTok,TT_Sports_Short,PL,T2,19650,522,0.0266,54.37,0.104,39,7,0.0747,0.1795,149.0,7.77,174.0,26,1,0,0.914
2024-05-28,TikTok,TT_Sports_Short,NG,T3,13153,318,0.0242,6.79,0.021,19,2,0.0597,0.1053,22.27,3.4,228.0,34,0,0,0.919
2024-05-28,TikTok,TT_Sports_Short,CA,T1,46865,544,0.0116,319.36,0.587,29,3,0.0533,0.1034,118.34,106.45,-62.9,49,0,0,0.928
2024-05-28,TikTok,TT_Sports_Short,AU,T1,17842,440,0.0247,88.03,0.2,23,3,0.0523,0.1304,157.54,29.34,79.0,23,0,0,0.915
2024-05-28,TikTok,TT_Sports_Short,IN,T3,36910,437,0.0118,28.57,0.065,18,2,0.0412,0.1111,11.17,14.29,-60.9,34,0,0,0.926
2024-05-28,Affiliate_SEO,SEO_BonusGuide_BR,DE,T1,26231,578,0.022,0.0,,107,48,0.1851,0.4486,6158.72,,,16,0,0,0.978
2024-05-28,Affiliate_SEO,SEO_CasinoReview_DE,BR,T2,4308,88,0.0204,0.0,,24,6,0.2727,0.25,278.82,,,1,0,0,0.977
2024-05-28,Affiliate_SEO,SEO_BonusGuide_BR,PL,T2,13253,297,0.0224,0.0,,59,19,0.1987,0.322,1195.47,,,6,0,0,0.983
2024-05-28,Affiliate_SEO,SEO_BonusGuide_BR,NG,T3,1179,25,0.0212,0.0,,5,1,0.2,0.2,12.52,,,0,0,0,0.981
2024-05-28,Affiliate_SEO,SEO_CasinoReview_DE,CA,T1,44471,790,0.0178,0.0,,161,50,0.2038,0.3106,6109.61,,,17,1,0,0.978
2024-05-28,Affiliate_SEO,SEO_BonusGuide_BR,AU,T1,33443,627,0.0187,0.0,,116,29,0.185,0.25,3016.26,,,6,0,0,0.977
2024-05-28,Affiliate_SEO,SEO_BonusGuide_BR,IN,T3,5908,119,0.0201,0.0,,24,10,0.2017,0.4167,171.0,,,1,0,0,0.981
2024-05-29,Facebook,FB_Sports_Banner,DE,T1,66684,2495,0.0374,744.73,0.298,223,61,0.0894,0.2735,4612.77,12.21,519.4,111,1,0,0.968
2024-05-29,Facebook,FB_Sports_Banner,BR,T2,9770,383,0.0392,29.27,0.076,35,8,0.0914,0.2286,91.48,3.66,212.5,14,0,0,0.967
2024-05-29,Facebook,FB_Sports_Banner,PL,T2,17771,432,0.0243,69.11,0.16,28,5,0.0648,0.1786,235.69,13.82,241.0,17,0,0,0.975
2024-05-29,Facebook,FB_Slots_Video,NG,T3,18740,781,0.0417,14.64,0.019,66,15,0.0845,0.2273,323.39,0.98,2108.9,15,0,0,0.976
2024-05-29,Facebook,FB_Sports_Banner,CA,T1,20330,964,0.0474,194.89,0.202,104,30,0.1079,0.2885,2203.98,6.5,1030.9,21,0,0,0.974
2024-05-29,Facebook,FB_Slots_Video,AU,T1,21119,517,0.0245,167.55,0.324,26,7,0.0503,0.2692,530.25,23.94,216.5,22,0,0,0.975
2024-05-29,Facebook,FB_Casino_CreativeA,IN,T3,19638,568,0.0289,26.97,0.047,33,7,0.0581,0.2121,25.65,3.85,-4.9,23,0,0,0.974
2024-05-29,Google_Search,GG_Slots_KW_Generic,DE,T1,19123,570,0.0298,561.12,0.984,76,26,0.1333,0.3421,2669.02,21.58,375.7,4,0,0,0.99
2024-05-29,Google_Search,GG_Casino_KW_Brand,BR,T2,25239,1072,0.0425,242.05,0.226,146,38,0.1362,0.2603,1576.95,6.37,551.5,6,0,0,0.992
2024-05-29,Google_Search,GG_Casino_KW_Brand,PL,T2,11644,307,0.0264,123.43,0.402,44,10,0.1433,0.2273,577.83,12.34,368.1,3,0,0,0.991
2024-05-29,Google_Search,GG_Slots_KW_Generic,NG,T3,19607,769,0.0392,48.77,0.063,147,59,0.1912,0.4014,1654.04,0.83,3291.5,8,0,0,0.99
2024-05-29,Google_Search,GG_Slots_KW_Generic,CA,T1,39807,1596,0.0401,932.8,0.584,228,68,0.1429,0.2982,7295.81,13.72,682.1,9,0,0,0.992
2024-05-29,Google_Search,GG_Sports_Betting,AU,T1,37206,1229,0.033,727.08,0.592,157,56,0.1277,0.3567,5556.01,12.98,664.2,14,0,0,0.989
2024-05-29,Google_Search,GG_Casino_KW_Brand,IN,T3,15623,682,0.0437,62.7,0.092,83,20,0.1217,0.241,297.48,3.14,374.4,6,0,0,0.988
2024-05-29,Push_Network,Push_iGaming_Broad,DE,T1,43524,708,0.0163,76.94,0.109,28,3,0.0395,0.1071,79.2,25.65,2.9,88,1,0,0.858
2024-05-29,Push_Network,Push_Casino_Retarget,BR,T2,18244,395,0.0217,9.26,0.023,8,1,0.0203,0.125,11.68,9.26,26.1,53,0,0,0.868
2024-05-29,Push_Network,Push_Casino_Retarget,PL,T2,27051,303,0.0112,17.53,0.058,15,2,0.0495,0.1333,65.08,8.77,271.2,32,0,0,0.832
2024-05-29,Push_Network,Push_iGaming_Broad,NG,T3,28606,151,0.0053,4.81,0.032,5,0,0.0331,0.0,0.0,,-100.0,19,0,0,0.833
2024-05-29,Push_Network,Push_iGaming_Broad,CA,T1,26712,281,0.0105,47.48,0.169,9,1,0.032,0.1111,28.53,47.48,-39.9,50,0,0,0.859
2024-05-29,Push_Network,Push_iGaming_Broad,AU,T1,37207,505,0.0136,56.59,0.112,19,2,0.0376,0.1053,82.38,28.3,45.6,94,0,0,0.886
2024-05-29,Push_Network,Push_iGaming_Broad,IN,T3,12860,217,0.0169,3.0,0.014,7,0,0.0323,0.0,0.0,,-100.0,16,0,0,0.885
2024-05-29,Native_Ads,Native_Bonus_Landing,DE,T1,26020,258,0.0099,156.87,0.608,16,2,0.062,0.125,139.71,78.44,-10.9,18,0,0,0.933
2024-05-29,Native_Ads,Native_Bonus_Landing,BR,T2,48411,963,0.0199,92.35,0.096,70,11,0.0727,0.1571,292.11,8.4,216.3,77,1,0,0.939
2024-05-29,Native_Ads,Native_Review_Article,PL,T2,61878,1752,0.0283,147.32,0.084,83,14,0.0474,0.1687,555.89,10.52,277.3,141,1,0,0.932
2024-05-29,Native_Ads,Native_Review_Article,NG,T3,34193,780,0.0228,15.25,0.02,50,9,0.0641,0.18,181.85,1.69,1092.5,36,0,0,0.947
2024-05-29,Native_Ads,Native_Bonus_Landing,CA,T1,26707,543,0.0203,123.45,0.227,48,11,0.0884,0.2292,549.69,11.22,345.3,19,0,0,0.936
2024-05-29,Native_Ads,Native_Bonus_Landing,AU,T1,11490,331,0.0288,48.25,0.146,22,5,0.0665,0.2273,236.31,9.65,389.8,23,0,0,0.948
2024-05-29,Native_Ads,Native_Bonus_Landing,IN,T3,22158,817,0.0369,15.29,0.019,58,10,0.071,0.1724,126.44,1.53,726.9,27,1,0,0.933
2024-05-29,TikTok,TT_Casino_UGC,DE,T1,10905,317,0.0291,73.55,0.232,13,2,0.041,0.1538,79.17,36.77,7.6,36,0,0,0.917
2024-05-29,TikTok,TT_Sports_Short,BR,T2,25720,254,0.0099,46.43,0.183,10,1,0.0394,0.1,13.66,46.43,-70.6,25,0,0,0.917
2024-05-29,TikTok,TT_Casino_UGC,PL,T2,33738,531,0.0157,87.45,0.165,31,4,0.0584,0.129,91.54,21.86,4.7,21,1,0,0.918
2024-05-29,TikTok,TT_Casino_UGC,NG,T3,31457,793,0.0252,17.38,0.022,49,6,0.0618,0.1224,66.91,2.9,285.0,62,1,0,0.916
2024-05-29,TikTok,TT_Sports_Short,CA,T1,28220,229,0.0081,169.72,0.741,14,3,0.0611,0.2143,125.82,56.57,-25.9,17,0,0,0.92
2024-05-29,TikTok,TT_Casino_UGC,AU,T1,11806,119,0.0101,68.91,0.579,7,0,0.0588,0.0,0.0,,-100.0,8,0,0,0.916
2024-05-29,TikTok,TT_Sports_Short,IN,T3,24798,479,0.0193,24.22,0.051,18,2,0.0376,0.1111,30.9,12.11,27.6,32,0,0,0.916
2024-05-29,Affiliate_SEO,SEO_BonusGuide_BR,DE,T1,56823,1150,0.0202,0.0,,237,89,0.2061,0.3755,11126.97,,,33,1,0,0.981
2024-05-29,Affiliate_SEO,SEO_BonusGuide_BR,BR,T2,5910,164,0.0277,0.0,,37,14,0.2256,0.3784,593.73,,,3,0,0,0.983
2024-05-29,Affiliate_SEO,SEO_CasinoReview_DE,PL,T2,62693,615,0.0098,0.0,,210,69,0.3415,0.3286,4387.58,,,10,1,0,0.982
2024-05-29,Affiliate_SEO,SEO_CasinoReview_DE,NG,T3,3192,104,0.0326,0.0,,30,10,0.2885,0.3333,211.16,,,1,0,0,0.982
2024-05-29,Affiliate_SEO,SEO_CasinoReview_DE,CA,T1,13847,459,0.0331,0.0,,89,31,0.1939,0.3483,3174.92,,,11,0,0,0.978
2024-05-29,Affiliate_SEO,SEO_CasinoReview_DE,AU,T1,24898,399,0.016,0.0,,83,30,0.208,0.3614,3575.8,,,7,0,0,0.977
2024-05-29,Affiliate_SEO,SEO_BonusGuide_BR,IN,T3,6145,121,0.0197,0.0,,32,9,0.2645,0.2812,138.81,,,1,0,0,0.981
2024-05-30,Facebook,FB_Casino_CreativeA,DE,T1,29622,579,0.0195,289.88,0.501,31,6,0.0535,0.1935,488.06,48.31,68.4,17,0,0,0.972
2024-05-30,Facebook,FB_Sports_Banner,BR,T2,28018,959,0.0342,100.76,0.105,104,24,0.1084,0.2308,648.12,4.2,543.2,17,1,0,0.971
2024-05-30,Facebook,FB_Sports_Banner,PL,T2,33509,1385,0.0413,147.44,0.106,106,23,0.0765,0.217,899.14,6.41,509.8,39,1,0,0.966
2024-05-30,Facebook,FB_Sports_Banner,NG,T3,35921,1394,0.0388,35.88,0.026,166,47,0.1191,0.2831,476.76,0.76,1228.8,42,2,0,0.971
2024-05-30,Facebook,FB_Slots_Video,CA,T1,22395,939,0.0419,229.47,0.244,103,14,0.1097,0.1359,980.84,16.39,327.4,42,1,0,0.975
2024-05-30,Facebook,FB_Sports_Banner,AU,T1,36716,1225,0.0334,284.51,0.232,106,26,0.0865,0.2453,2205.17,10.94,675.1,19,0,0,0.97
2024-05-30,Facebook,FB_Slots_Video,IN,T3,37393,1844,0.0493,43.3,0.023,190,49,0.103,0.2579,98.0,0.88,126.3,63,0,0,0.975
2024-05-30,Google_Search,GG_Sports_Betting,DE,T1,17187,524,0.0305,489.22,0.934,88,24,0.1679,0.2727,2665.51,20.38,444.8,2,0,0,0.991
2024-05-30,Google_Search,GG_Casino_KW_Brand,BR,T2,21213,596,0.0281,196.51,0.33,80,20,0.1342,0.25,794.23,9.83,304.2,3,0,0,0.99
2024-05-30,Google_Search,GG_Sports_Betting,PL,T2,24868,997,0.0401,297.95,0.299,170,45,0.1705,0.2647,2264.64,6.62,660.1,8,0,0,0.99
2024-05-30,Google_Search,GG_Slots_KW_Generic,NG,T3,27594,661,0.024,69.8,0.106,145,51,0.2194,0.3517,1054.76,1.37,1411.1,4,0,0,0.988
2024-05-30,Google_Search,GG_Slots_KW_Generic,CA,T1,41679,1466,0.0352,1076.93,0.735,152,53,0.1037,0.3487,3883.99,20.32,260.7,12,0,0,0.991
2024-05-30,Google_Search,GG_Casino_KW_Brand,AU,T1,27623,929,0.0336,719.92,0.775,141,39,0.1518,0.2766,4116.39,18.46,471.8,9,0,0,0.992
2024-05-30,Google_Search,GG_Casino_KW_Brand,IN,T3,16313,562,0.0345,50.44,0.09,88,21,0.1566,0.2386,452.1,2.4,796.3,6,0,0,0.99
2024-05-30,Push_Network,Push_Casino_Retarget,DE,T1,47039,1096,0.0233,91.01,0.083,61,7,0.0557,0.1148,299.78,13.0,229.4,77,1,0,0.866
2024-05-30,Push_Network,Push_Casino_Retarget,BR,T2,19097,489,0.0256,11.92,0.024,26,3,0.0532,0.1154,29.96,3.97,151.3,55,1,0,0.86
2024-05-30,Push_Network,Push_Casino_Retarget,PL,T2,26709,640,0.024,22.05,0.034,21,3,0.0328,0.1429,36.22,7.35,64.3,92,0,0,0.851
2024-05-30,Push_Network,Push_iGaming_Broad,NG,T3,9991,152,0.0152,1.74,0.011,6,0,0.0395,0.0,0.0,,-100.0,13,0,0,0.873
2024-05-30,Push_Network,Push_Casino_Retarget,CA,T1,16627,240,0.0144,28.55,0.119,11,1,0.0458,0.0909,28.96,28.55,1.4,20,0,0,0.882
2024-05-30,Push_Network,Push_Casino_Retarget,AU,T1,25227,618,0.0245,39.88,0.065,22,2,0.0356,0.0909,61.86,19.94,55.1,124,0,0,0.846
2024-05-30,Push_Network,Push_Casino_Retarget,IN,T3,34136,293,0.0086,8.88,0.03,8,0,0.0273,0.0,0.0,,-100.0,57,0,0,0.871
2024-05-30,Native_Ads,Native_Bonus_Landing,DE,T1,24271,537,0.0221,137.74,0.256,40,9,0.0745,0.225,543.98,15.3,294.9,36,0,0,0.937
2024-05-30,Native_Ads,Native_Review_Article,BR,T2,15400,368,0.0239,30.47,0.083,26,4,0.0707,0.1538,95.22,7.62,212.5,31,0,0,0.941
2024-05-30,Native_Ads,Native_Bonus_Landing,PL,T2,18844,239,0.0127,47.51,0.199,19,2,0.0795,0.1053,55.2,23.75,16.2,14,0,0,0.949
2024-05-30,Native_Ads,Native_Bonus_Landing,NG,T3,21500,336,0.0156,11.3,0.034,25,3,0.0744,0.12,83.57,3.77,639.6,27,0,0,0.942
2024-05-30,Native_Ads,Native_Review_Article,CA,T1,74034,1852,0.025,401.51,0.217,133,29,0.0718,0.218,1819.74,13.85,353.2,156,2,0,0.942
2024-05-30,Native_Ads,Native_Review_Article,AU,T1,14435,210,0.0145,76.55,0.365,14,2,0.0667,0.1429,114.11,38.27,49.1,11,0,0,0.932
2024-05-30,Native_Ads,Native_Bonus_Landing,IN,T3,13644,328,0.024,10.99,0.034,26,3,0.0793,0.1154,83.72,3.66,661.8,21,0,0,0.946
2024-05-30,TikTok,TT_Casino_UGC,DE,T1,20132,283,0.0141,115.01,0.406,12,1,0.0424,0.0833,49.3,115.01,-57.1,15,0,0,0.904
2024-05-30,TikTok,TT_Casino_UGC,BR,T2,65846,1557,0.0236,137.58,0.088,90,17,0.0578,0.1889,316.93,8.09,130.4,181,2,0,0.906
2024-05-30,TikTok,TT_Casino_UGC,PL,T2,21667,370,0.0171,59.67,0.161,23,3,0.0622,0.1304,35.25,19.89,-40.9,43,0,0,0.915
2024-05-30,TikTok,TT_Casino_UGC,NG,T3,121524,746,0.0061,65.93,0.088,40,7,0.0536,0.175,52.12,9.42,-20.9,54,1,0,0.905
2024-05-30,TikTok,TT_Casino_UGC,CA,T1,26433,660,0.025,181.24,0.275,39,7,0.0591,0.1795,324.99,25.89,79.3,58,1,0,0.926
2024-05-30,TikTok,TT_Sports_Short,AU,T1,24229,497,0.0205,153.15,0.308,22,3,0.0443,0.1364,111.67,51.05,-27.1,42,0,0,0.931
2024-05-30,TikTok,TT_Sports_Short,IN,T3,23699,218,0.0092,24.16,0.111,10,0,0.0459,0.0,0.0,,-100.0,26,0,0,0.916
2024-05-30,Affiliate_SEO,SEO_BonusGuide_BR,DE,T1,16978,327,0.0193,0.0,,63,19,0.1927,0.3016,2400.49,,,6,0,0,0.979
2024-05-30,Affiliate_SEO,SEO_BonusGuide_BR,BR,T2,30270,375,0.0124,0.0,,67,27,0.1787,0.403,1253.9,,,10,0,0,0.98
2024-05-30,Affiliate_SEO,SEO_CasinoReview_DE,PL,T2,16521,435,0.0263,0.0,,91,25,0.2092,0.2747,1763.76,,,11,0,0,0.983
2024-05-30,Affiliate_SEO,SEO_BonusGuide_BR,NG,T3,5515,86,0.0156,0.0,,23,8,0.2674,0.3478,32.57,,,1,0,0,0.976
2024-05-30,Affiliate_SEO,SEO_CasinoReview_DE,CA,T1,21130,294,0.0139,0.0,,39,14,0.1327,0.359,1630.14,,,3,0,0,0.977
2024-05-30,Affiliate_SEO,SEO_CasinoReview_DE,AU,T1,36727,889,0.0242,0.0,,230,70,0.2587,0.3043,7148.71,,,10,1,0,0.977
2024-05-30,Affiliate_SEO,SEO_BonusGuide_BR,IN,T3,3617,98,0.0271,0.0,,17,7,0.1735,0.4118,127.78,,,2,0,0,0.982
2024-05-31,Facebook,FB_Casino_CreativeA,DE,T1,18758,706,0.0376,158.8,0.225,65,17,0.0921,0.2615,1403.88,9.34,784.1,24,0,0,0.966
2024-05-31,Facebook,FB_Casino_CreativeA,BR,T2,12692,395,0.0311,42.56,0.108,45,5,0.1139,0.1111,217.21,8.51,410.4,13,0,0,0.965
2024-05-31,Facebook,FB_Casino_CreativeA,PL,T2,12338,451,0.0366,47.32,0.105,24,4,0.0532,0.1667,132.16,11.83,179.3,8,0,0,0.974
2024-05-31,Facebook,FB_Sports_Banner,NG,T3,15310,636,0.0415,13.37,0.021,58,9,0.0912,0.1552,75.0,1.49,461.0,24,0,0,0.965
2024-05-31,Facebook,FB_Slots_Video,CA,T1,44296,1607,0.0363,402.48,0.25,126,33,0.0784,0.2619,2949.67,12.2,632.9,67,1,0,0.971
2024-05-31,Facebook,FB_Slots_Video,AU,T1,20106,742,0.0369,157.61,0.212,62,12,0.0836,0.1935,943.21,13.13,498.4,16,0,0,0.976
2024-05-31,Facebook,FB_Slots_Video,IN,T3,14404,442,0.0307,20.67,0.047,33,9,0.0747,0.2727,68.21,2.3,230.0,17,0,0,0.968
2024-05-31,Google_Search,GG_Sports_Betting,DE,T1,16264,567,0.0349,455.72,0.804,110,20,0.194,0.1818,1908.91,22.79,318.9,7,0,0,0.992
2024-05-31,Google_Search,GG_Slots_KW_Generic,BR,T2,15586,411,0.0264,125.95,0.306,63,14,0.1533,0.2222,566.25,9.0,349.6,5,0,0,0.989
2024-05-31,Google_Search,GG_Casino_KW_Brand,PL,T2,62975,2251,0.0357,762.75,0.339,388,106,0.1724,0.2732,6101.62,7.2,700.0,25,1,0,0.991
2024-05-31,Google_Search,GG_Casino_KW_Brand,NG,T3,35255,1064,0.0302,82.53,0.078,141,37,0.1325,0.2624,312.46,2.23,278.6,15,0,0,0.989
2024-05-31,Google_Search,GG_Sports_Betting,CA,T1,66514,1158,0.0174,1675.06,1.447,134,31,0.1157,0.2313,3235.53,54.03,93.2,13,0,0,0.989
2024-05-31,Google_Search,GG_Sports_Betting,AU,T1,17074,460,0.0269,384.24,0.835,51,10,0.1109,0.1961,810.76,38.42,111.0,3,0,0,0.99
2024-05-31,Google_Search,GG_Sports_Betting,IN,T3,26805,896,0.0334,107.94,0.12,141,49,0.1574,0.3475,1300.24,2.2,1104.6,6,0,0,0.988
2024-05-31,Push_Network,Push_Casino_Retarget,DE,T1,12075,228,0.0189,19.04,0.084,6,1,0.0263,0.1667,33.93,19.04,78.2,19,0,0,0.865
2024-05-31,Push_Network,Push_iGaming_Broad,BR,T2,56239,1603,0.0285,33.74,0.021,62,8,0.0387,0.129,39.08,4.22,15.8,326,1,0,0.845
2024-05-31,Push_Network,Push_Casino_Retarget,PL,T2,52974,820,0.0155,37.71,0.046,26,3,0.0317,0.1154,62.52,12.57,65.8,68,0,0,0.876
2024-05-31,Push_Network,Push_Casino_Retarget,NG,T3,18534,369,0.0199,3.13,0.008,11,1,0.0298,0.0909,9.6,3.13,206.7,25,0,0,0.837
2024-05-31,Push_Network,Push_Casino_Retarget,CA,T1,13065,162,0.0124,21.01,0.13,5,0,0.0309,0.0,0.0,,-100.0,24,0,0,0.868
2024-05-31,Push_Network,Push_Casino_Retarget,AU,T1,44378,1224,0.0276,63.99,0.052,44,6,0.0359,0.1364,266.71,10.67,316.8,221,1,0,0.833
2024-05-31,Push_Network,Push_Casino_Retarget,IN,T3,11686,192,0.0164,2.93,0.015,7,0,0.0365,0.0,0.0,,-100.0,38,0,0,0.865
2024-05-31,Native_Ads,Native_Review_Article,DE,T1,33384,659,0.0197,205.73,0.312,30,3,0.0455,0.1,212.36,68.58,3.2,51,0,0,0.944
2024-05-31,Native_Ads,Native_Bonus_Landing,BR,T2,14884,358,0.0241,24.13,0.067,19,4,0.0531,0.2105,55.13,6.03,128.5,13,0,0,0.932
2024-05-31,Native_Ads,Native_Review_Article,PL,T2,9513,242,0.0254,21.32,0.088,16,3,0.0661,0.1875,71.06,7.11,233.3,21,0,0,0.937
2024-05-31,Native_Ads,Native_Bonus_Landing,NG,T3,12246,230,0.0188,6.9,0.03,20,3,0.087,0.15,26.75,2.3,287.7,19,0,0,0.949
2024-05-31,Native_Ads,Native_Review_Article,CA,T1,12961,336,0.0259,73.31,0.218,26,3,0.0774,0.1154,199.33,24.44,171.9,22,0,0,0.949
2024-05-31,Native_Ads,Native_Review_Article,AU,T1,23941,771,0.0322,102.91,0.133,54,15,0.07,0.2778,917.6,6.86,791.7,34,0,0,0.947
2024-05-31,Native_Ads,Native_Review_Article,IN,T3,21160,534,0.0252,16.49,0.031,31,3,0.0581,0.0968,55.26,5.5,235.1,42,0,0,0.934
2024-05-31,TikTok,TT_Sports_Short,DE,T1,31606,651,0.0206,239.09,0.367,42,7,0.0645,0.1667,332.74,34.16,39.2,46,0,0,0.92
2024-05-31,TikTok,TT_Casino_UGC,BR,T2,11002,181,0.0165,25.48,0.141,13,1,0.0718,0.0769,29.56,25.48,16.0,9,0,0,0.913
2024-05-31,TikTok,TT_Sports_Short,PL,T2,19142,444,0.0232,55.89,0.126,22,1,0.0495,0.0455,24.86,55.89,-55.5,39,0,0,0.918
2024-05-31,TikTok,TT_Casino_UGC,NG,T3,34880,635,0.0182,21.16,0.033,39,5,0.0614,0.1282,10.0,4.23,-52.7,67,0,0,0.919
2024-05-31,TikTok,TT_Casino_UGC,CA,T1,68592,1520,0.0222,469.67,0.309,68,8,0.0447,0.1176,191.18,58.71,-59.3,75,1,0,0.921
2024-05-31,TikTok,TT_Casino_UGC,AU,T1,25494,535,0.021,156.8,0.293,28,5,0.0523,0.1786,224.22,31.36,43.0,61,0,0,0.933
2024-05-31,TikTok,TT_Sports_Short,IN,T3,60803,721,0.0119,52.97,0.073,46,7,0.0638,0.1522,89.51,7.57,69.0,61,1,0,0.91
2024-05-31,Affiliate_SEO,SEO_BonusGuide_BR,DE,T1,18104,406,0.0224,0.0,,73,20,0.1798,0.274,2248.28,,,9,0,0,0.98
2024-05-31,Affiliate_SEO,SEO_CasinoReview_DE,BR,T2,8908,117,0.0131,0.0,,28,10,0.2393,0.3571,443.24,,,3,0,0,0.977
2024-05-31,Affiliate_SEO,SEO_BonusGuide_BR,PL,T2,32461,1092,0.0336,0.0,,226,88,0.207,0.3894,5411.94,,,11,0,0,0.976
2024-05-31,Affiliate_SEO,SEO_BonusGuide_BR,NG,T3,1306,36,0.0276,0.0,,9,3,0.25,0.3333,11.87,,,0,0,0,0.98
2024-05-31,Affiliate_SEO,SEO_CasinoReview_DE,CA,T1,22240,395,0.0178,0.0,,84,34,0.2127,0.4048,4034.52,,,10,0,0,0.979
2024-05-31,Affiliate_SEO,SEO_BonusGuide_BR,AU,T1,8208,209,0.0255,0.0,,36,12,0.1722,0.3333,1449.64,,,2,0,0,0.977
2024-05-31,Affiliate_SEO,SEO_CasinoReview_DE,IN,T3,3224,64,0.0199,0.0,,12,4,0.1875,0.3333,47.15,,,1,0,0,0.982
2024-06-01,Facebook,FB_Casino_CreativeA,DE,T1,34718,1657,0.0477,292.99,0.177,115,27,0.0694,0.2348,1921.65,10.85,555.9,53,1,0,0.976
2024-06-01,Facebook,FB_Casino_CreativeA,BR,T2,50706,1228,0.0242,178.27,0.145,122,32,0.0993,0.2623,878.72,5.57,392.9,21,1,0,0.97
2024-06-01,Facebook,FB_Slots_Video,PL,T2,21244,837,0.0394,79.2,0.095,70,18,0.0836,0.2571,1127.16,4.4,1323.2,29,0,0,0.976
2024-06-01,Facebook,FB_Sports_Banner,NG,T3,7751,308,0.0397,6.0,0.019,29,6,0.0942,0.2069,12.0,1.0,100.0,5,0,0,0.965
2024-06-01,Facebook,FB_Casino_CreativeA,CA,T1,25126,1048,0.0417,242.84,0.232,100,35,0.0954,0.35,2479.75,6.94,921.1,37,0,0,0.973
2024-06-01,Facebook,FB_Slots_Video,AU,T1,8910,202,0.0227,76.52,0.379,17,4,0.0842,0.2353,276.19,19.13,260.9,7,0,0,0.972
2024-06-01,Facebook,FB_Casino_CreativeA,IN,T3,27806,745,0.0268,42.5,0.057,49,14,0.0658,0.2857,244.61,3.04,475.6,15,0,0,0.972
2024-06-01,Google_Search,GG_Slots_KW_Generic,DE,T1,9919,345,0.0348,232.78,0.675,39,13,0.113,0.3333,1236.47,17.91,431.2,2,0,0,0.989
2024-06-01,Google_Search,GG_Sports_Betting,BR,T2,16097,490,0.0304,146.97,0.3,43,7,0.0878,0.1628,280.82,21.0,91.1,6,0,0,0.99
2024-06-01,Google_Search,GG_Slots_KW_Generic,PL,T2,33904,998,0.0294,377.88,0.379,150,40,0.1503,0.2667,1895.04,9.45,401.5,14,0,0,0.988
2024-06-01,Google_Search,GG_Casino_KW_Brand,NG,T3,19740,644,0.0326,42.79,0.066,87,31,0.1351,0.3563,486.52,1.38,1037.0,6,0,0,0.989
2024-06-01,Google_Search,GG_Casino_KW_Brand,CA,T1,17283,628,0.0363,390.39,0.622,114,23,0.1815,0.2018,2128.07,16.97,445.1,6,0,0,0.989
2024-06-01,Google_Search,GG_Sports_Betting,AU,T1,173684,7471,0.043,3586.06,0.48,1149,398,0.1538,0.3464,38966.77,9.01,986.6,68,2,0,0.991
2024-06-01,Google_Search,GG_Slots_KW_Generic,IN,T3,34108,1348,0.0395,136.22,0.101,136,33,0.1009,0.2426,436.88,4.13,220.7,15,0,0,0.991
2024-06-01,Push_Network,Push_iGaming_Broad,DE,T1,85929,954,0.0111,158.23,0.166,38,5,0.0398,0.1316,97.83,31.65,-38.2,89,1,0,0.881
2024-06-01,Push_Network,Push_iGaming_Broad,BR,T2,74586,1041,0.014,46.68,0.045,52,5,0.05,0.0962,67.84,9.34,45.3,154,3,0,0.866
2024-06-01,Push_Network,Push_iGaming_Broad,PL,T2,36980,642,0.0174,29.7,0.046,24,2,0.0374,0.0833,27.0,14.85,-9.1,94,0,0,0.847
2024-06-01,Push_Network,Push_iGaming_Broad,NG,T3,27954,396,0.0142,4.77,0.012,19,2,0.048,0.1053,6.71,2.38,40.7,54,1,0,0.844
2024-06-01,Push_Network,Push_Casino_Retarget,CA,T1,22476,562,0.025,35.5,0.063,29,3,0.0516,0.1034,86.06,11.83,142.4,80,0,0,0.858
2024-06-01,Push_Network,Push_Casino_Retarget,AU,T1,46462,1347,0.029,64.37,0.048,55,8,0.0408,0.1455,253.62,8.05,294.0,129,2,0,0.855
2024-06-01,Push_Network,Push_iGaming_Broad,IN,T3,35811,769,0.0215,9.29,0.012,43,4,0.0559,0.093,8.0,2.32,-13.9,111,1,0,0.87
2024-06-01,Native_Ads,Native_Review_Article,DE,T1,49095,1060,0.0216,264.27,0.249,55,15,0.0519,0.2727,1068.09,17.62,304.2,67,0,0,0.95
2024-06-01,Native_Ads,Native_Review_Article,BR,T2,73564,1343,0.0183,143.18,0.107,100,18,0.0745,0.18,689.56,7.95,381.6,112,1,0,0.945
2024-06-01,Native_Ads,Native_Review_Article,PL,T2,37266,923,0.0248,74.6,0.081,71,17,0.0769,0.2394,588.89,4.39,689.4,62,0,0,0.941
2024-06-01,Native_Ads,Native_Bonus_Landing,NG,T3,30639,492,0.0161,14.44,0.029,38,9,0.0772,0.2368,38.96,1.6,169.8,16,0,0,0.941
2024-06-01,Native_Ads,Native_Review_Article,CA,T1,22263,486,0.0218,120.21,0.247,32,8,0.0658,0.25,507.78,15.03,322.4,25,0,0,0.944
2024-06-01,Native_Ads,Native_Bonus_Landing,AU,T1,16985,412,0.0243,76.7,0.186,37,8,0.0898,0.2162,523.28,9.59,582.2,35,0,0,0.937
2024-06-01,Native_Ads,Native_Bonus_Landing,IN,T3,15746,399,0.0253,13.41,0.034,25,5,0.0627,0.2,92.92,2.68,592.9,19,0,0,0.941
2024-06-01,TikTok,TT_Sports_Short,DE,T1,17159,465,0.0271,104.64,0.225,29,4,0.0624,0.1379,212.58,26.16,103.2,55,0,0,0.932
2024-06-01,TikTok,TT_Casino_UGC,BR,T2,88695,1263,0.0142,181.99,0.144,57,6,0.0451,0.1053,171.9,30.33,-5.5,57,0,0,0.92
2024-06-01,TikTok,TT_Sports_Short,PL,T2,28861,615,0.0213,83.52,0.136,40,4,0.065,0.1,54.36,20.88,-34.9,70,1,0,0.913
2024-06-01,TikTok,TT_Sports_Short,NG,T3,13051,310,0.0238,8.74,0.028,17,2,0.0548,0.1176,39.7,4.37,354.2,32,0,0,0.912
2024-06-01,TikTok,TT_Casino_UGC,CA,T1,33641,1169,0.0347,190.33,0.163,54,9,0.0462,0.1667,323.8,21.15,70.1,126,1,0,0.931
2024-06-01,TikTok,TT_Sports_Short,AU,T1,11697,275,0.0235,59.81,0.217,14,1,0.0509,0.0714,38.63,59.81,-35.4,18,0,0,0.904
2024-06-01,TikTok,TT_Sports_Short,IN,T3,154688,1655,0.0107,127.76,0.077,109,17,0.0659,0.156,34.0,7.52,-73.4,80,3,0,0.909
2024-06-01,Affiliate_SEO,SEO_CasinoReview_DE,DE,T1,61224,1072,0.0175,0.0,,208,59,0.194,0.2837,7297.57,,,10,0,0,0.979
2024-06-01,Affiliate_SEO,SEO_BonusGuide_BR,BR,T2,9608,199,0.0207,0.0,,23,8,0.1156,0.3478,519.53,,,5,0,0,0.981
2024-06-01,Affiliate_SEO,SEO_CasinoReview_DE,PL,T2,7351,96,0.0131,0.0,,21,8,0.2188,0.381,536.11,,,2,0,0,0.979
2024-06-01,Affiliate_SEO,SEO_BonusGuide_BR,NG,T3,2459,54,0.022,0.0,,13,4,0.2407,0.3077,39.02,,,1,0,0,0.982
2024-06-01,Affiliate_SEO,SEO_BonusGuide_BR,CA,T1,5955,61,0.0102,0.0,,11,4,0.1803,0.3636,455.78,,,1,0,0,0.981
2024-06-01,Affiliate_SEO,SEO_BonusGuide_BR,AU,T1,39487,630,0.016,0.0,,128,57,0.2032,0.4453,6896.33,,,13,0,0,0.98
2024-06-01,Affiliate_SEO,SEO_BonusGuide_BR,IN,T3,4688,107,0.0228,0.0,,28,8,0.2617,0.2857,245.66,,,1,0,0,0.977
2024-06-02,Facebook,FB_Sports_Banner,DE,T1,34077,1622,0.0476,326.66,0.201,167,40,0.103,0.2395,3120.27,8.17,855.2,42,2,0,0.971
2024-06-02,Facebook,FB_Sports_Banner,BR,T2,26370,1187,0.045,72.39,0.061,106,34,0.0893,0.3208,1180.53,2.13,1530.8,44,1,0,0.973
2024-06-02,Facebook,FB_Slots_Video,PL,T2,24783,656,0.0265,105.27,0.16,39,8,0.0595,0.2051,537.14,13.16,410.2,14,0,0,0.966
2024-06-02,Facebook,FB_Casino_CreativeA,NG,T3,33575,831,0.0248,29.9,0.036,62,11,0.0746,0.1774,117.33,2.72,292.4,19,0,0,0.967
2024-06-02,Facebook,FB_Casino_CreativeA,CA,T1,35513,1222,0.0344,288.71,0.236,137,32,0.1121,0.2336,2548.76,9.02,782.8,44,0,0,0.965
2024-06-02,Facebook,FB_Sports_Banner,AU,T1,12232,266,0.0217,112.38,0.422,22,4,0.0827,0.1818,281.54,28.09,150.5,11,0,0,0.97
2024-06-02,Facebook,FB_Casino_CreativeA,IN,T3,26119,814,0.0312,32.39,0.04,64,20,0.0786,0.3125,623.63,1.62,1825.4,14,0,0,0.975
2024-06-02,Google_Search,GG_Casino_KW_Brand,DE,T1,20528,543,0.0265,511.0,0.941,76,17,0.14,0.2237,1788.62,30.06,250.0,4,0,0,0.991
2024-06-02,Google_Search,GG_Slots_KW_Generic,BR,T2,29864,1107,0.0371,279.06,0.252,257,63,0.2322,0.2451,2752.33,4.43,886.3,11,0,0,0.989
2024-06-02,Google_Search,GG_Slots_KW_Generic,PL,T2,25397,1078,0.0424,237.55,0.22,147,46,0.1364,0.3129,2780.87,5.16,1070.6,12,0,0,0.992
2024-06-02,Google_Search,GG_Slots_KW_Generic,NG,T3,39395,1091,0.0277,100.51,0.092,169,37,0.1549,0.2189,650.5,2.72,547.2,9,0,0,0.991
2024-06-02,Google_Search,GG_Slots_KW_Generic,CA,T1,70746,2985,0.0422,1871.02,0.627,500,126,0.1675,0.252,10818.36,14.85,478.2,21,1,0,0.991
2024-06-02,Google_Search,GG_Casino_KW_Brand,AU,T1,32028,1733,0.0541,655.78,0.378,181,60,0.1044,0.3315,5404.56,10.93,724.1,19,0,0,0.989
2024-06-02,Google_Search,GG_Sports_Betting,IN,T3,20545,924,0.045,68.35,0.074,187,40,0.2024,0.2139,900.11,1.71,1216.9,8,0,0,0.988
2024-06-02,Push_Network,Push_iGaming_Broad,DE,T1,20606,530,0.0257,34.15,0.064,28,3,0.0528,0.1071,107.06,11.38,213.5,92,1,0,0.856
2024-06-02,Push_Network,Push_Casino_Retarget,BR,T2,6947,91,0.0131,4.42,0.049,3,0,0.033,0.0,0.0,,-100.0,18,0,0,0.841
2024-06-02,Push_Network,Push_Casino_Retarget,PL,T2,8464,257,0.0304,6.12,0.024,8,0,0.0311,0.0,0.0,,-100.0,42,0,0,0.836
2024-06-02,Push_Network,Push_Casino_Retarget,NG,T3,46531,1370,0.0294,8.17,0.006,40,6,0.0292,0.15,12.0,1.36,46.9,254,1,0,0.853
2024-06-02,Push_Network,Push_iGaming_Broad,CA,T1,31828,159,0.005,55.09,0.346,7,0,0.044,0.0,0.0,,-100.0,21,0,0,0.847
2024-06-02,Push_Network,Push_Casino_Retarget,AU,T1,14222,378,0.0266,19.29,0.051,12,1,0.0317,0.0833,24.18,19.29,25.3,69,0,0,0.872
2024-06-02,Push_Network,Push_iGaming_Broad,IN,T3,26106,537,0.0206,6.01,0.011,21,3,0.0391,0.1429,6.0,2.0,-0.2,78,0,0,0.837
2024-06-02,Native_Ads,Native_Bonus_Landing,DE,T1,46651,736,0.0158,285.46,0.388,50,11,0.0679,0.22,685.88,25.95,140.3,35,1,0,0.941
2024-06-02,Native_Ads,Native_Bonus_Landing,BR,T2,23318,561,0.0241,44.26,0.079,39,6,0.0695,0.1538,169.37,7.38,282.7,30,0,0,0.951
2024-06-02,Native_Ads,Native_Bonus_Landing,PL,T2,19563,403,0.0206,47.87,0.119,21,5,0.0521,0.2381,130.08,9.57,171.7,21,0,0,0.941
2024-06-02,Native_Ads,Native_Bonus_Landing,NG,T3,29425,593,0.0202,12.56,0.021,41,7,0.0691,0.1707,65.08,1.79,418.2,38,0,0,0.937
2024-06-02,Native_Ads,Native_Review_Article,CA,T1,16176,303,0.0187,90.63,0.299,27,5,0.0891,0.1852,321.49,18.13,254.7,14,0,0,0.942
2024-06-02,Native_Ads,Native_Review_Article,AU,T1,29427,402,0.0137,153.07,0.381,29,4,0.0721,0.1379,289.24,38.27,89.0,17,0,0,0.938
2024-06-02,Native_Ads,Native_Bonus_Landing,IN,T3,33320,843,0.0253,27.14,0.032,33,3,0.0391,0.0909,20.83,9.05,-23.2,58,0,0,0.947
2024-06-02,TikTok,TT_Casino_UGC,DE,T1,70667,1961,0.0277,398.2,0.203,134,16,0.0683,0.1194,778.98,24.89,95.6,102,1,0,0.935
2024-06-02,TikTok,TT_Casino_UGC,BR,T2,25933,490,0.0189,56.39,0.115,32,5,0.0653,0.1562,31.05,11.28,-44.9,31,1,0,0.913
2024-06-02,TikTok,TT_Casino_UGC,PL,T2,18127,225,0.0124,45.41,0.202,6,1,0.0267,0.1667,8.44,45.41,-81.4,13,0,0,0.904
2024-06-02,TikTok,TT_Casino_UGC,NG,T3,33416,1271,0.038,19.59,0.015,49,6,0.0386,0.1224,23.81,3.27,21.5,102,1,0,0.917
2024-06-02,TikTok,TT_Casino_UGC,CA,T1,42782,880,0.0206,259.72,0.295,50,6,0.0568,0.12,244.44,43.29,-5.9,83,0,0,0.904
2024-06-02,TikTok,TT_Sports_Short,AU,T1,26325,741,0.0281,167.66,0.226,51,6,0.0688,0.1176,342.15,27.94,104.1,34,1,0,0.929
2024-06-02,TikTok,TT_Sports_Short,IN,T3,12994,197,0.0152,10.41,0.053,9,1,0.0457,0.1111,7.2,10.41,-30.8,21,0,0,0.91
2024-06-02,Affiliate_SEO,SEO_BonusGuide_BR,DE,T1,16070,388,0.0241,0.0,,94,42,0.2423,0.4468,5493.93,,,11,0,0,0.979
2024-06-02,Affiliate_SEO,SEO_BonusGuide_BR,BR,T2,6182,107,0.0173,0.0,,21,6,0.1963,0.2857,298.68,,,1,0,0,0.981
2024-06-02,Affiliate_SEO,SEO_BonusGuide_BR,PL,T2,57601,1309,0.0227,0.0,,250,93,0.191,0.372,7299.06,,,31,0,0,0.983
2024-06-02,Affiliate_SEO,SEO_BonusGuide_BR,NG,T3,3040,41,0.0135,0.0,,7,2,0.1707,0.2857,38.06,,,0,0,0,0.98
2024-06-02,Affiliate_SEO,SEO_BonusGuide_BR,CA,T1,32923,842,0.0256,0.0,,144,51,0.171,0.3542,5693.22,,,9,1,0,0.983
2024-06-02,Affiliate_SEO,SEO_BonusGuide_BR,AU,T1,30923,660,0.0213,0.0,,143,45,0.2167,0.3147,4922.25,,,11,0,0,0.979
2024-06-02,Affiliate_SEO,SEO_BonusGuide_BR,IN,T3,5822,135,0.0232,0.0,,27,9,0.2,0.3333,248.93,,,3,0,0,0.979
2024-06-03,Facebook,FB_Casino_CreativeA,DE,T1,39209,1607,0.041,425.37,0.265,117,22,0.0728,0.188,1685.59,19.34,296.3,67,0,0,0.968
2024-06-03,Facebook,FB_Slots_Video,BR,T2,24688,748,0.0303,68.14,0.091,67,19,0.0896,0.2836,625.99,3.59,818.7,28,0,0,0.97
2024-06-03,Facebook,FB_Slots_Video,PL,T2,39537,1371,0.0347,155.32,0.113,95,19,0.0693,0.2,847.23,8.17,445.5,47,0,0,0.976
2024-06-03,Facebook,FB_Slots_Video,NG,T3,19187,426,0.0222,16.71,0.039,45,8,0.1056,0.1778,144.31,2.09,763.6,6,0,0,0.974
2024-06-03,Facebook,FB_Casino_CreativeA,CA,T1,23627,687,0.0291,213.98,0.311,42,11,0.0611,0.2619,900.3,19.45,320.7,18,0,0,0.975
2024-06-03,Facebook,FB_Slots_Video,AU,T1,32258,1328,0.0412,256.59,0.193,122,25,0.0919,0.2049,1822.9,10.26,610.4,21,0,0,0.968
2024-06-03,Facebook,FB_Sports_Banner,IN,T3,12293,520,0.0423,15.0,0.029,44,11,0.0846,0.25,184.2,1.36,1128.0,16,0,0,0.965
2024-06-03,Google_Search,GG_Sports_Betting,DE,T1,73515,3349,0.0456,1681.73,0.502,494,129,0.1475,0.2611,13554.34,13.04,706.0,30,1,0,0.992
2024-06-03,Google_Search,GG_Sports_Betting,BR,T2,66041,2051,0.0311,574.5,0.28,302,101,0.1472,0.3344,3001.59,5.69,422.5,24,0,0,0.99
2024-06-03,Google_Search,GG_Slots_KW_Generic,PL,T2,17072,586,0.0343,210.96,0.36,110,35,0.1877,0.3182,1809.25,6.03,757.6,7,0,0,0.989
2024-06-03,Google_Search,GG_Casino_KW_Brand,NG,T3,10196,382,0.0375,27.57,0.072,43,15,0.1126,0.3488,363.04,1.84,1216.8,4,0,0,0.992
2024-06-03,Google_Search,GG_Sports_Betting,CA,T1,31927,838,0.0262,847.23,1.011,97,20,0.1158,0.2062,1936.99,42.36,128.6,11,0,0,0.99
2024-06-03,Google_Search,GG_Sports_Betting,AU,T1,18459,407,0.022,477.16,1.172,47,16,0.1155,0.3404,1711.77,29.82,258.7,2,0,0,0.988
2024-06-03,Google_Search,GG_Casino_KW_Brand,IN,T3,40699,2109,0.0518,139.47,0.066,287,82,0.1361,0.2857,1752.01,1.7,1156.2,19,0,0,0.988
2024-06-03,Push_Network,Push_iGaming_Broad,DE,T1,32044,257,0.008,63.46,0.247,13,1,0.0506,0.0769,33.94,63.46,-46.5,41,0,0,0.869
2024-06-03,Push_Network,Push_Casino_Retarget,BR,T2,31189,599,0.0192,14.93,0.025,22,2,0.0367,0.0909,34.46,7.46,130.8,120,1,0,0.858
2024-06-03,Push_Network,Push_Casino_Retarget,PL,T2,52380,1522,0.0291,34.68,0.023,65,7,0.0427,0.1077,183.9,4.95,430.3,233,2,0,0.844
2024-06-03,Push_Network,Push_iGaming_Broad,NG,T3,8602,249,0.0289,1.44,0.006,8,0,0.0321,0.0,0.0,,-100.0,25,0,0,0.84
2024-06-03,Push_Network,Push_Casino_Retarget,CA,T1,26567,294,0.0111,38.05,0.129,11,1,0.0374,0.0909,21.61,38.05,-43.2,52,0,0,0.869
2024-06-03,Push_Network,Push_iGaming_Broad,AU,T1,33672,873,0.0259,57.63,0.066,29,3,0.0332,0.1034,97.09,19.21,68.5,69,0,0,0.84
2024-06-03,Push_Network,Push_Casino_Retarget,IN,T3,30579,584,0.0191,6.73,0.012,20,3,0.0342,0.15,26.91,2.24,299.9,120,0,0,0.888
2024-06-03,Native_Ads,Native_Review_Article,DE,T1,23482,292,0.0124,148.19,0.507,18,3,0.0616,0.1667,216.89,49.4,46.4,10,0,0,0.937
2024-06-03,Native_Ads,Native_Review_Article,BR,T2,12579,368,0.0293,24.67,0.067,27,6,0.0734,0.2222,171.86,4.11,596.6,11,0,0,0.932
2024-06-03,Native_Ads,Native_Bonus_Landing,PL,T2,10729,270,0.0252,27.33,0.101,20,4,0.0741,0.2,98.77,6.83,261.4,23,0,0,0.945
2024-06-03,Native_Ads,Native_Review_Article,NG,T3,12235,278,0.0227,5.35,0.019,18,3,0.0647,0.1667,6.0,1.78,12.1,21,0,0,0.938
2024-06-03,Native_Ads,Native_Bonus_Landing,CA,T1,28128,291,0.0103,146.84,0.505,25,5,0.0859,0.2,299.63,29.37,104.1,10,0,0,0.934
2024-06-03,Native_Ads,Native_Review_Article,AU,T1,20480,228,0.0111,91.38,0.401,13,2,0.057,0.1538,109.31,45.69,19.6,6,0,0,0.945
2024-06-03,Native_Ads,Native_Bonus_Landing,IN,T3,10735,270,0.0252,8.73,0.032,22,4,0.0815,0.1818,56.53,2.18,547.5,8,0,0,0.934
2024-06-03,TikTok,TT_Casino_UGC,DE,T1,11642,196,0.0168,81.44,0.416,10,1,0.051,0.1,53.45,81.44,-34.4,22,0,0,0.919
2024-06-03,TikTok,TT_Sports_Short,BR,T2,29148,517,0.0177,54.48,0.105,37,6,0.0716,0.1622,59.64,9.08,9.5,60,0,0,0.908
2024-06-03,TikTok,TT_Casino_UGC,PL,T2,14074,447,0.0318,36.39,0.081,30,7,0.0671,0.2333,138.98,5.2,281.9,29,0,0,0.914
2024-06-03,TikTok,TT_Casino_UGC,NG,T3,19041,370,0.0194,9.75,0.026,22,3,0.0595,0.1364,6.0,3.25,-38.5,16,0,0,0.909
2024-06-03,TikTok,TT_Sports_Short,CA,T1,13772,483,0.0351,72.13,0.149,20,2,0.0414,0.1,85.11,36.06,18.0,37,0,0,0.921
2024-06-03,TikTok,TT_Casino_UGC,AU,T1,18950,340,0.0179,107.49,0.316,13,2,0.0382,0.1538,90.54,53.74,-15.8,39,0,0,0.934
2024-06-03,TikTok,TT_Casino_UGC,IN,T3,19337,347,0.0179,18.06,0.052,23,4,0.0663,0.1739,8.0,4.51,-55.7,31,0,0,0.91
2024-06-03,Affiliate_SEO,SEO_BonusGuide_BR,DE,T1,39540,439,0.0111,0.0,,84,20,0.1913,0.2381,2380.78,,,5,0,0,0.977
2024-06-03,Affiliate_SEO,SEO_BonusGuide_BR,BR,T2,3815,75,0.0197,0.0,,17,6,0.2267,0.3529,289.97,,,1,0,0,0.976
2024-06-03,Affiliate_SEO,SEO_BonusGuide_BR,PL,T2,6395,94,0.0147,0.0,,18,4,0.1915,0.2222,282.24,,,1,0,0,0.979
2024-06-03,Affiliate_SEO,SEO_BonusGuide_BR,NG,T3,2213,24,0.0108,0.0,,5,1,0.2083,0.2,11.21,,,0,0,0,0.98
2024-06-03,Affiliate_SEO,SEO_BonusGuide_BR,CA,T1,13204,304,0.023,0.0,,42,19,0.1382,0.4524,2418.21,,,3,0,0,0.979
2024-06-03,Affiliate_SEO,SEO_CasinoReview_DE,AU,T1,46884,849,0.0181,0.0,,217,55,0.2556,0.2535,6667.12,,,25,0,0,0.982
2024-06-03,Affiliate_SEO,SEO_BonusGuide_BR,IN,T3,6819,39,0.0057,0.0,,9,4,0.2308,0.4444,112.53,,,0,0,0,0.978
2024-06-04,Facebook,FB_Casino_CreativeA,DE,T1,21628,542,0.0251,188.64,0.348,49,8,0.0904,0.1633,704.62,23.58,273.5,16,0,0,0.975
2024-06-04,Facebook,FB_Casino_CreativeA,BR,T2,17156,760,0.0443,57.83,0.076,66,21,0.0868,0.3182,321.7,2.75,456.3,18,0,0,0.964
2024-06-04,Facebook,FB_Sports_Banner,PL,T2,17039,349,0.0205,59.29,0.17,35,11,0.1003,0.3143,350.65,5.39,491.4,6,0,0,0.967
2024-06-04,Facebook,FB_Casino_CreativeA,NG,T3,14658,517,0.0353,14.43,0.028,35,6,0.0677,0.1714,68.26,2.4,373.0,14,0,0,0.975
2024-06-04,Facebook,FB_Slots_Video,CA,T1,21375,877,0.041,203.66,0.232,44,10,0.0502,0.2273,818.03,20.37,301.7,20,0,0,0.97
2024-06-04,Facebook,FB_Casino_CreativeA,AU,T1,40549,1291,0.0318,320.23,0.248,81,17,0.0627,0.2099,1323.58,18.84,313.3,25,0,0,0.969
2024-06-04,Facebook,FB_Slots_Video,IN,T3,54755,2191,0.04,84.86,0.039,255,65,0.1164,0.2549,130.0,1.31,53.2,43,2,0,0.964
2024-06-04,Google_Search,GG_Sports_Betting,DE,T1,21233,970,0.0457,632.92,0.652,133,47,0.1371,0.3534,5295.15,13.47,736.6,12,0,0,0.989
2024-06-04,Google_Search,GG_Sports_Betting,BR,T2,24497,623,0.0254,194.79,0.313,47,10,0.0754,0.2128,474.13,19.48,143.4,6,0,0,0.99
2024-06-04,Google_Search,GG_Casino_KW_Brand,PL,T2,12418,507,0.0408,132.43,0.261,66,10,0.1302,0.1515,627.28,13.24,373.7,4,0,0,0.99
2024-06-04,Google_Search,GG_Slots_KW_Generic,NG,T3,10020,369,0.0368,25.12,0.068,72,20,0.1951,0.2778,376.42,1.26,1398.5,5,0,0,0.99
2024-06-04,Google_Search,GG_Slots_KW_Generic,CA,T1,8750,313,0.0358,213.44,0.682,52,8,0.1661,0.1538,729.48,26.68,241.8,4,0,0,0.992
2024-06-04,Google_Search,GG_Slots_KW_Generic,AU,T1,11567,531,0.0459,249.11,0.469,55,15,0.1036,0.2727,1508.4,16.61,505.5,4,0,0,0.99
2024-06-04,Google_Search,GG_Slots_KW_Generic,IN,T3,29327,935,0.0319,117.35,0.126,197,71,0.2107,0.3604,1531.17,1.65,1204.8,13,0,0,0.989
2024-06-04,Push_Network,Push_iGaming_Broad,DE,T1,16338,440,0.0269,31.2,0.071,20,2,0.0455,0.1,66.62,15.6,113.5,61,0,0,0.842
2024-06-04,Push_Network,Push_iGaming_Broad,BR,T2,14401,325,0.0226,7.03,0.022,14,2,0.0431,0.1429,45.12,3.52,541.8,58,0,0,0.853
2024-06-04,Push_Network,Push_iGaming_Broad,PL,T2,38873,1058,0.0272,30.8,0.029,48,6,0.0454,0.125,138.54,5.13,349.8,124,1,0,0.85
2024-06-04,Push_Network,Push_iGaming_Broad,NG,T3,36455,638,0.0175,6.58,0.01,26,2,0.0408,0.0769,4.0,3.29,-39.2,86,1,0,0.886
2024-06-04,Push_Network,Push_Casino_Retarget,CA,T1,34559,687,0.0199,49.71,0.072,23,2,0.0335,0.087,78.31,24.86,57.5,59,0,0,0.886
2024-06-04,Push_Network,Push_iGaming_Broad,AU,T1,33943,923,0.0272,54.44,0.059,29,3,0.0314,0.1034,105.03,18.15,92.9,191,1,0,0.876
2024-06-04,Push_Network,Push_iGaming_Broad,IN,T3,31119,209,0.0067,7.03,0.034,7,1,0.0335,0.1429,12.83,7.03,82.5,34,0,0,0.838
2024-06-04,Native_Ads,Native_Bonus_Landing,DE,T1,35824,272,0.0076,205.55,0.756,25,4,0.0919,0.16,241.0,51.39,17.2,20,0,0,0.936
2024-06-04,Native_Ads,Native_Review_Article,BR,T2,29176,404,0.0138,47.87,0.118,29,4,0.0718,0.1379,101.88,11.97,112.8,22,0,0,0.941
2024-06-04,Native_Ads,Native_Review_Article,PL,T2,9405,286,0.0304,18.74,0.066,28,4,0.0979,0.1429,123.05,4.68,556.6,20,0,0,0.943
2024-06-04,Native_Ads,Native_Review_Article,NG,T3,26166,486,0.0186,14.73,0.03,30,7,0.0617,0.2333,14.0,2.1,-5.0,42,0,0,0.935
2024-06-04,Native_Ads,Native_Review_Article,CA,T1,28660,349,0.0122,152.35,0.437,19,3,0.0544,0.1579,213.99,50.78,40.5,12,0,0,0.933
2024-06-04,Native_Ads,Native_Review_Article,AU,T1,17477,386,0.0221,94.33,0.244,34,6,0.0881,0.1765,334.14,15.72,254.2,28,0,0,0.94
2024-06-04,Native_Ads,Native_Bonus_Landing,IN,T3,8512,209,0.0246,6.49,0.031,11,1,0.0526,0.0909,14.67,6.49,126.0,9,0,0,0.947
2024-06-04,TikTok,TT_Casino_UGC,DE,T1,37739,663,0.0176,219.14,0.331,56,6,0.0845,0.1071,291.95,36.52,33.2,48,1,0,0.907
2024-06-04,TikTok,TT_Sports_Short,BR,T2,8528,166,0.0195,15.64,0.094,11,2,0.0663,0.1818,16.59,7.82,6.1,7,0,0,0.936
2024-06-04,TikTok,TT_Sports_Short,PL,T2,15138,371,0.0245,35.54,0.096,20,3,0.0539,0.15,71.29,11.85,100.6,38,0,0,0.918
2024-06-04,TikTok,TT_Casino_UGC,NG,T3,14538,145,0.01,8.03,0.055,8,1,0.0552,0.125,8.37,8.03,4.2,8,0,0,0.928
2024-06-04,TikTok,TT_Sports_Short,CA,T1,15034,370,0.0246,97.84,0.264,23,4,0.0622,0.1739,169.9,24.46,73.7,41,0,0,0.933
2024-06-04,TikTok,TT_Sports_Short,AU,T1,9610,133,0.0138,59.83,0.45,10,1,0.0752,0.1,39.51,59.83,-34.0,12,0,0,0.925
2024-06-04,TikTok,TT_Casino_UGC,IN,T3,37121,776,0.0209,34.61,0.045,52,8,0.067,0.1538,62.6,4.33,80.9,62,0,0,0.928
2024-06-04,Affiliate_SEO,SEO_BonusGuide_BR,DE,T1,33159,514,0.0155,0.0,,108,38,0.2101,0.3519,4309.27,,,12,0,0,0.979
2024-06-04,Affiliate_SEO,SEO_CasinoReview_DE,BR,T2,35982,706,0.0196,0.0,,163,72,0.2309,0.4417,3784.26,,,17,0,0,0.979
2024-06-04,Affiliate_SEO,SEO_CasinoReview_DE,PL,T2,18672,285,0.0153,0.0,,70,24,0.2456,0.3429,1121.01,,,6,0,0,0.98
2024-06-04,Affiliate_SEO,SEO_CasinoReview_DE,NG,T3,2886,82,0.0284,0.0,,21,7,0.2561,0.3333,138.29,,,1,0,0,0.977
2024-06-04,Affiliate_SEO,SEO_BonusGuide_BR,CA,T1,20186,472,0.0234,0.0,,91,22,0.1928,0.2418,2408.54,,,13,0,0,0.982
2024-06-04,Affiliate_SEO,SEO_BonusGuide_BR,AU,T1,8768,183,0.0209,0.0,,42,17,0.2295,0.4048,1904.79,,,3,0,0,0.983
2024-06-04,Affiliate_SEO,SEO_BonusGuide_BR,IN,T3,8503,96,0.0113,0.0,,22,5,0.2292,0.2273,24.83,,,2,0,0,0.979
2024-06-05,Facebook,FB_Slots_Video,DE,T1,21846,762,0.0349,208.46,0.274,76,14,0.0997,0.1842,1132.7,14.89,443.4,18,0,0,0.969
2024-06-05,Facebook,FB_Sports_Banner,BR,T2,47467,1614,0.034,145.0,0.09,185,45,0.1146,0.2432,954.69,3.22,558.4,50,2,0,0.967
2024-06-05,Facebook,FB_Slots_Video,PL,T2,33062,1775,0.0537,130.72,0.074,121,26,0.0682,0.2149,1152.7,5.03,781.8,47,0,0,0.974
2024-06-05,Facebook,FB_Casino_CreativeA,NG,T3,22684,904,0.0399,21.55,0.024,68,14,0.0752,0.2059,89.61,1.54,315.8,32,0,0,0.968
2024-06-05,Facebook,FB_Slots_Video,CA,T1,15481,408,0.0264,133.49,0.327,38,7,0.0931,0.1842,489.02,19.07,266.3,7,0,0,0.973
2024-06-05,Facebook,FB_Casino_CreativeA,AU,T1,12874,381,0.0296,123.02,0.323,35,10,0.0919,0.2857,862.64,12.3,601.2,13,0,0,0.969
2024-06-05,Facebook,FB_Slots_Video,IN,T3,14137,416,0.0294,19.63,0.047,28,7,0.0673,0.25,117.3,2.8,497.6,16,0,0,0.966
2024-06-05,Google_Search,GG_Slots_KW_Generic,DE,T1,20291,699,0.0344,468.38,0.67,84,23,0.1202,0.2738,2506.36,20.36,435.1,9,0,0,0.99
2024-06-05,Google_Search,GG_Slots_KW_Generic,BR,T2,14574,651,0.0447,104.07,0.16,77,26,0.1183,0.3377,1075.92,4.0,933.8,7,0,0,0.991
2024-06-05,Google_Search,GG_Sports_Betting,PL,T2,25035,921,0.0368,271.39,0.295,130,52,0.1412,0.4,2285.82,5.22,742.3,5,0,0,0.991
2024-06-05,Google_Search,GG_Casino_KW_Brand,NG,T3,44775,1432,0.032,114.08,0.08,114,25,0.0796,0.2193,591.28,4.56,418.3,11,0,0,0.99
2024-06-05,Google_Search,GG_Slots_KW_Generic,CA,T1,44702,567,0.0127,1212.44,2.138,93,28,0.164,0.3011,2916.9,43.3,140.6,2,0,0,0.99
2024-06-05,Google_Search,GG_Slots_KW_Generic,AU,T1,77967,2513,0.0322,1622.12,0.645,500,155,0.199,0.31,13255.64,10.47,717.2,29,1,0,0.99
2024-06-05,Google_Search,GG_Slots_KW_Generic,IN,T3,16244,589,0.0363,56.55,0.096,83,21,0.1409,0.253,420.92,2.69,644.3,6,0,0,0.991
2024-06-05,Push_Network,Push_Casino_Retarget,DE,T1,53146,917,0.0173,89.12,0.097,42,7,0.0458,0.1667,140.48,12.73,57.6,143,1,0,0.879
2024-06-05,Push_Network,Push_Casino_Retarget,BR,T2,30486,722,0.0237,16.34,0.023,20,2,0.0277,0.1,19.68,8.17,20.4,111,0,0,0.848
2024-06-05,Push_Network,Push_Casino_Retarget,PL,T2,17127,387,0.0226,10.87,0.028,23,3,0.0594,0.1304,42.94,3.62,295.0,60,1,0,0.882
2024-06-05,Push_Network,Push_Casino_Retarget,NG,T3,58036,362,0.0062,7.98,0.022,15,1,0.0414,0.0667,17.76,7.98,122.6,31,0,0,0.857
2024-06-05,Push_Network,Push_iGaming_Broad,CA,T1,48679,1412,0.029,82.98,0.059,46,3,0.0326,0.0652,88.09,27.66,6.2,108,1,0,0.854
2024-06-05,Push_Network,Push_Casino_Retarget,AU,T1,29100,472,0.0162,50.18,0.106,20,1,0.0424,0.05,29.12,50.18,-42.0,35,0,0,0.879
2024-06-05,Push_Network,Push_Casino_Retarget,IN,T3,35960,728,0.0202,9.08,0.012,27,2,0.0371,0.0741,12.52,4.54,37.9,121,0,0,0.865
2024-06-05,Native_Ads,Native_Bonus_Landing,DE,T1,10544,277,0.0263,52.87,0.191,17,3,0.0614,0.1765,201.83,17.62,281.7,15,0,0,0.935
2024-06-05,Native_Ads,Native_Bonus_Landing,BR,T2,28256,753,0.0266,53.88,0.072,48,12,0.0637,0.25,323.4,4.49,500.2,35,0,0,0.93
2024-06-05,Native_Ads,Native_Bonus_Landing,PL,T2,30452,429,0.0141,64.83,0.151,36,4,0.0839,0.1111,117.69,16.21,81.5,25,0,0,0.932
2024-06-05,Native_Ads,Native_Bonus_Landing,NG,T3,28782,522,0.0181,12.62,0.024,34,7,0.0651,0.2059,110.16,1.8,772.9,17,0,0,0.945
2024-06-05,Native_Ads,Native_Bonus_Landing,CA,T1,26549,524,0.0197,126.26,0.241,41,9,0.0782,0.2195,571.32,14.03,352.5,42,0,0,0.934
2024-06-05,Native_Ads,Native_Review_Article,AU,T1,80690,1168,0.0145,349.22,0.299,85,15,0.0728,0.1765,828.23,23.28,137.2,99,0,0,0.947
2024-06-05,Native_Ads,Native_Bonus_Landing,IN,T3,33977,505,0.0149,26.82,0.053,38,7,0.0752,0.1842,120.49,3.83,349.3,24,0,0,0.946
2024-06-05,TikTok,TT_Casino_UGC,DE,T1,15483,278,0.018,113.95,0.41,17,2,0.0612,0.1176,98.88,56.98,-13.2,26,0,0,0.921
2024-06-05,TikTok,TT_Sports_Short,BR,T2,20543,412,0.0201,45.51,0.11,30,4,0.0728,0.1333,89.84,11.38,97.4,29,0,0,0.926
2024-06-05,TikTok,TT_Sports_Short,PL,T2,25301,792,0.0313,64.21,0.081,47,5,0.0593,0.1064,75.5,12.84,17.6,57,1,0,0.906
2024-06-05,TikTok,TT_Sports_Short,NG,T3,26567,537,0.0202,14.59,0.027,27,3,0.0503,0.1111,8.6,4.86,-41.1,35,0,0,0.908
2024-06-05,TikTok,TT_Sports_Short,CA,T1,22713,779,0.0343,152.64,0.196,57,10,0.0732,0.1754,540.03,15.26,253.8,49,1,0,0.914
2024-06-05,TikTok,TT_Sports_Short,AU,T1,24706,527,0.0213,127.28,0.242,30,4,0.0569,0.1333,102.45,31.82,-19.5,57,0,0,0.907
2024-06-05,TikTok,TT_Casino_UGC,IN,T3,25449,301,0.0118,25.64,0.085,18,1,0.0598,0.0556,15.62,25.64,-39.1,26,0,0,0.925
2024-06-05,Affiliate_SEO,SEO_BonusGuide_BR,DE,T1,22289,444,0.0199,0.0,,95,32,0.214,0.3368,4036.11,,,7,0,0,0.984
2024-06-05,Affiliate_SEO,SEO_CasinoReview_DE,BR,T2,5571,79,0.0142,0.0,,22,7,0.2785,0.3182,299.15,,,1,0,0,0.981
2024-06-05,Affiliate_SEO,SEO_CasinoReview_DE,PL,T2,6204,105,0.0169,0.0,,29,8,0.2762,0.2759,497.96,,,2,0,0,0.976
2024-06-05,Affiliate_SEO,SEO_BonusGuide_BR,NG,T3,1760,40,0.0227,0.0,,9,3,0.225,0.3333,45.67,,,0,0,0,0.981
2024-06-05,Affiliate_SEO,SEO_CasinoReview_DE,CA,T1,13848,262,0.0189,0.0,,47,11,0.1794,0.234,1281.55,,,4,0,0,0.984
2024-06-05,Affiliate_SEO,SEO_BonusGuide_BR,AU,T1,19551,455,0.0233,0.0,,156,51,0.3429,0.3269,5553.74,,,10,1,0,0.981
2024-06-05,Affiliate_SEO,SEO_CasinoReview_DE,IN,T3,3582,89,0.0248,0.0,,21,7,0.236,0.3333,117.28,,,2,0,0,0.977
2024-06-06,Facebook,FB_Slots_Video,DE,T1,42401,1568,0.037,470.39,0.3,137,41,0.0874,0.2993,3272.85,11.47,595.8,33,0,0,0.973
2024-06-06,Facebook,FB_Slots_Video,BR,T2,20640,504,0.0244,74.07,0.147,48,12,0.0952,0.25,307.46,6.17,315.1,11,0,0,0.97
2024-06-06,Facebook,FB_Sports_Banner,PL,T2,21451,656,0.0306,73.86,0.113,81,23,0.1235,0.284,849.67,3.21,1050.4,13,0,0,0.969
2024-06-06,Facebook,FB_Sports_Banner,NG,T3,14499,707,0.0488,11.94,0.017,74,16,0.1047,0.2162,381.73,0.75,3097.1,25,0,0,0.969
2024-06-06,Facebook,FB_Slots_Video,CA,T1,24216,1008,0.0416,231.92,0.23,79,23,0.0784,0.2911,1555.36,10.08,570.6,25,0,0,0.975
2024-06-06,Facebook,FB_Sports_Banner,AU,T1,26416,1213,0.0459,235.97,0.195,118,24,0.0973,0.2034,1502.69,9.83,536.8,38,1,0,0.974
2024-06-06,Facebook,FB_Casino_CreativeA,IN,T3,28028,1021,0.0364,40.39,0.04,64,17,0.0627,0.2656,145.73,2.38,260.8,39,0,0,0.97
2024-06-06,Google_Search,GG_Slots_KW_Generic,DE,T1,45608,1422,0.0312,1110.98,0.781,187,61,0.1315,0.3262,6381.19,18.21,474.4,7,0,0,0.991
2024-06-06,Google_Search,GG_Casino_KW_Brand,BR,T2,31163,1344,0.0431,267.6,0.199,179,61,0.1332,0.3408,3006.06,4.39,1023.3,18,0,0,0.99
2024-06-06,Google_Search,GG_Sports_Betting,PL,T2,21276,1101,0.0517,263.82,0.24,162,46,0.1471,0.284,2880.09,5.74,991.7,16,0,0,0.991
2024-06-06,Google_Search,GG_Sports_Betting,NG,T3,19970,804,0.0403,55.01,0.068,92,25,0.1144,0.2717,602.63,2.2,995.5,6,0,0,0.989
2024-06-06,Google_Search,GG_Slots_KW_Generic,CA,T1,15528,578,0.0372,425.01,0.735,83,27,0.1436,0.3253,2924.6,15.74,588.1,7,0,0,0.989
2024-06-06,Google_Search,GG_Casino_KW_Brand,AU,T1,18657,630,0.0338,454.21,0.721,69,19,0.1095,0.2754,1522.5,23.91,235.2,3,0,0,0.992
2024-06-06,Google_Search,GG_Sports_Betting,IN,T3,27827,949,0.0341,113.6,0.12,113,37,0.1191,0.3274,370.87,3.07,226.5,13,0,0,0.988
2024-06-06,Push_Network,Push_iGaming_Broad,DE,T1,22557,562,0.0249,37.91,0.067,16,1,0.0285,0.0625,20.09,37.91,-47.0,90,0,0,0.854
2024-06-06,Push_Network,Push_iGaming_Broad,BR,T2,18174,427,0.0235,10.17,0.024,26,2,0.0609,0.0769,40.58,5.08,299.0,85,1,0,0.857
2024-06-06,Push_Network,Push_Casino_Retarget,PL,T2,21210,585,0.0276,15.2,0.026,28,3,0.0479,0.1071,60.06,5.07,295.1,49,1,0,0.861
2024-06-06,Push_Network,Push_Casino_Retarget,NG,T3,8822,173,0.0196,1.56,0.009,6,0,0.0347,0.0,0.0,,-100.0,34,0,0,0.853
2024-06-06,Push_Network,Push_iGaming_Broad,CA,T1,64986,776,0.0119,95.38,0.123,23,2,0.0296,0.087,101.8,47.69,6.7,160,1,0,0.852
2024-06-06,Push_Network,Push_iGaming_Broad,AU,T1,40931,479,0.0117,58.18,0.121,11,1,0.023,0.0909,33.4,58.18,-42.6,94,0,0,0.885
2024-06-06,Push_Network,Push_Casino_Retarget,IN,T3,21588,393,0.0182,5.23,0.013,17,2,0.0433,0.1176,19.62,2.62,275.1,74,0,0,0.856
2024-06-06,Native_Ads,Native_Review_Article,DE,T1,15784,362,0.0229,88.33,0.244,34,8,0.0939,0.2353,537.46,11.04,508.5,20,0,0,0.936
2024-06-06,Native_Ads,Native_Bonus_Landing,BR,T2,34942,737,0.0211,62.75,0.085,61,7,0.0828,0.1148,149.52,8.96,138.3,26,0,0,0.95
2024-06-06,Native_Ads,Native_Bonus_Landing,PL,T2,10168,125,0.0123,23.17,0.185,6,0,0.048,0.0,0.0,,-100.0,6,0,0,0.937
2024-06-06,Native_Ads,Native_Bonus_Landing,NG,T3,33589,655,0.0195,18.3,0.028,51,8,0.0779,0.1569,16.0,2.29,-12.6,41,1,0,0.951
2024-06-06,Native_Ads,Native_Bonus_Landing,CA,T1,9878,148,0.015,54.55,0.369,9,1,0.0608,0.1111,68.47,54.55,25.5,10,0,0,0.936
2024-06-06,Native_Ads,Native_Review_Article,AU,T1,18756,285,0.0152,78.69,0.276,15,3,0.0526,0.2,179.14,26.23,127.7,19,0,0,0.952
2024-06-06,Native_Ads,Native_Review_Article,IN,T3,26896,585,0.0218,17.87,0.031,33,5,0.0564,0.1515,97.92,3.57,448.0,43,0,0,0.935
2024-06-06,TikTok,TT_Casino_UGC,DE,T1,19106,379,0.0198,121.3,0.32,18,2,0.0475,0.1111,92.33,60.65,-23.9,30,0,0,0.919
2024-06-06,TikTok,TT_Casino_UGC,BR,T2,27024,667,0.0247,63.5,0.095,44,9,0.066,0.2045,272.04,7.06,328.4,58,0,0,0.904
2024-06-06,TikTok,TT_Sports_Short,PL,T2,10827,159,0.0147,30.42,0.191,7,0,0.044,0.0,0.0,,-100.0,17,0,0,0.931
2024-06-06,TikTok,TT_Casino_UGC,NG,T3,27551,683,0.0248,16.61,0.024,34,4,0.0498,0.1176,8.0,4.15,-51.8,29,0,0,0.932
2024-06-06,TikTok,TT_Casino_UGC,CA,T1,18863,494,0.0262,111.48,0.226,30,7,0.0607,0.2333,242.37,15.93,117.4,26,0,0,0.926
2024-06-06,TikTok,TT_Casino_UGC,AU,T1,14281,223,0.0156,72.85,0.327,15,2,0.0673,0.1333,105.35,36.42,44.6,18,0,0,0.933
2024-06-06,TikTok,TT_Casino_UGC,IN,T3,26996,510,0.0189,21.81,0.043,35,6,0.0686,0.1714,76.59,3.63,251.2,60,1,0,0.915
2024-06-06,Affiliate_SEO,SEO_CasinoReview_DE,DE,T1,14429,289,0.02,0.0,,49,19,0.1696,0.3878,2391.94,,,4,0,0,0.979
2024-06-06,Affiliate_SEO,SEO_CasinoReview_DE,BR,T2,10172,152,0.0149,0.0,,39,15,0.2566,0.3846,786.18,,,1,0,0,0.981
2024-06-06,Affiliate_SEO,SEO_BonusGuide_BR,PL,T2,12049,277,0.023,0.0,,44,9,0.1588,0.2045,673.04,,,6,0,0,0.976
2024-06-06,Affiliate_SEO,SEO_BonusGuide_BR,NG,T3,2619,21,0.008,0.0,,2,0,0.0952,0.0,0.0,,,0,0,0,0.978
2024-06-06,Affiliate_SEO,SEO_CasinoReview_DE,CA,T1,11707,160,0.0137,0.0,,43,16,0.2687,0.3721,1778.76,,,4,0,0,0.982
2024-06-06,Affiliate_SEO,SEO_CasinoReview_DE,AU,T1,23612,418,0.0177,0.0,,58,21,0.1388,0.3621,2460.44,,,10,0,0,0.977
2024-06-06,Affiliate_SEO,SEO_BonusGuide_BR,IN,T3,8485,231,0.0272,0.0,,48,16,0.2078,0.3333,304.44,,,4,0,0,0.983
2024-06-07,Facebook,FB_Casino_CreativeA,DE,T1,9699,371,0.0383,83.24,0.224,39,9,0.1051,0.2308,704.48,9.25,746.3,9,0,0,0.972
2024-06-07,Facebook,FB_Sports_Banner,BR,T2,17466,845,0.0484,49.46,0.059,75,20,0.0888,0.2667,520.79,2.47,953.0,19,0,0,0.974
2024-06-07,Facebook,FB_Sports_Banner,PL,T2,12803,560,0.0437,51.98,0.093,47,10,0.0839,0.2128,394.4,5.2,658.8,10,0,0,0.968
2024-06-07,Facebook,FB_Casino_CreativeA,NG,T3,17182,472,0.0275,14.2,0.03,51,14,0.1081,0.2745,276.93,1.01,1850.2,15,0,0,0.969
2024-06-07,Facebook,FB_Casino_CreativeA,CA,T1,14397,350,0.0243,113.69,0.325,25,7,0.0714,0.28,408.87,16.24,259.6,8,0,0,0.966
2024-06-07,Facebook,FB_Slots_Video,AU,T1,18901,455,0.0241,166.15,0.365,49,10,0.1077,0.2041,814.54,16.62,390.2,17,0,0,0.97
2024-06-07,Facebook,FB_Slots_Video,IN,T3,20567,764,0.0371,28.42,0.037,81,15,0.106,0.1852,113.86,1.89,300.6,18,0,0,0.969
2024-06-07,Google_Search,GG_Casino_KW_Brand,DE,T1,35689,905,0.0254,862.3,0.953,145,55,0.1602,0.3793,6099.43,15.68,607.3,5,0,0,0.989
2024-06-07,Google_Search,GG_Casino_KW_Brand,BR,T2,17089,943,0.0552,145.46,0.154,178,52,0.1888,0.2921,2074.05,2.8,1325.9,13,0,0,0.99
2024-06-07,Google_Search,GG_Casino_KW_Brand,PL,T2,32128,648,0.0202,368.38,0.568,87,24,0.1343,0.2759,1166.53,15.35,216.7,9,0,0,0.992
2024-06-07,Google_Search,GG_Sports_Betting,NG,T3,18450,609,0.033,38.73,0.064,106,39,0.1741,0.3679,749.03,0.99,1834.0,4,0,0,0.991
2024-06-07,Google_Search,GG_Casino_KW_Brand,CA,T1,31677,1064,0.0336,751.69,0.706,113,30,0.1062,0.2655,3013.47,25.06,300.9,7,0,0,0.99
2024-06-07,Google_Search,GG_Slots_KW_Generic,AU,T1,21357,477,0.0223,558.94,1.172,93,32,0.195,0.3441,3167.19,17.47,466.6,3,0,0,0.989
2024-06-07,Google_Search,GG_Casino_KW_Brand,IN,T3,27633,787,0.0285,108.54,0.138,108,27,0.1372,0.25,324.1,4.02,198.6,7,0,0,0.99
2024-06-07,Push_Network,Push_Casino_Retarget,DE,T1,35245,657,0.0186,71.22,0.108,23,2,0.035,0.087,63.41,35.61,-11.0,104,0,0,0.869
2024-06-07,Push_Network,Push_iGaming_Broad,BR,T2,51311,984,0.0192,31.3,0.032,47,3,0.0478,0.0638,24.78,10.43,-20.8,185,1,0,0.848
2024-06-07,Push_Network,Push_Casino_Retarget,PL,T2,24894,311,0.0125,18.41,0.059,7,0,0.0225,0.0,0.0,,-100.0,43,0,0,0.847
2024-06-07,Push_Network,Push_iGaming_Broad,NG,T3,9573,231,0.0241,1.41,0.006,7,0,0.0303,0.0,0.0,,-100.0,25,0,0,0.882
2024-06-07,Push_Network,Push_Casino_Retarget,CA,T1,33859,843,0.0249,57.07,0.068,39,4,0.0463,0.1026,162.01,14.27,183.9,140,1,0,0.837
2024-06-07,Push_Network,Push_iGaming_Broad,AU,T1,25064,533,0.0213,41.36,0.078,24,1,0.045,0.0417,12.83,41.36,-69.0,104,0,0,0.855
2024-06-07,Push_Network,Push_Casino_Retarget,IN,T3,47509,322,0.0068,10.0,0.031,14,2,0.0435,0.1429,4.0,5.0,-60.0,33,0,0,0.833
2024-06-07,Native_Ads,Native_Bonus_Landing,DE,T1,43527,473,0.0109,264.71,0.56,34,9,0.0719,0.2647,677.99,29.41,156.1,39,0,0,0.93
2024-06-07,Native_Ads,Native_Review_Article,BR,T2,8922,173,0.0194,14.6,0.084,9,2,0.052,0.2222,22.12,7.3,51.5,8,0,0,0.94
2024-06-07,Native_Ads,Native_Bonus_Landing,PL,T2,17235,360,0.0209,37.38,0.104,32,8,0.0889,0.25,282.39,4.67,655.5,15,0,0,0.933
2024-06-07,Native_Ads,Native_Bonus_Landing,NG,T3,20517,244,0.0119,9.96,0.041,15,3,0.0615,0.2,51.1,3.32,413.1,13,0,0,0.942
2024-06-07,Native_Ads,Native_Review_Article,CA,T1,25428,376,0.0148,145.22,0.386,14,2,0.0372,0.1429,135.75,72.61,-6.5,32,0,0,0.942
2024-06-07,Native_Ads,Native_Bonus_Landing,AU,T1,9046,286,0.0316,38.81,0.136,20,4,0.0699,0.2,259.21,9.7,567.9,24,0,0,0.939
2024-06-07,Native_Ads,Native_Bonus_Landing,IN,T3,13094,343,0.0262,9.32,0.027,19,2,0.0554,0.1053,13.79,4.66,48.0,27,0,0,0.937
2024-06-07,TikTok,TT_Casino_UGC,DE,T1,29441,624,0.0212,194.7,0.312,36,4,0.0577,0.1111,205.23,48.67,5.4,46,1,0,0.906
2024-06-07,TikTok,TT_Sports_Short,BR,T2,31896,866,0.0272,72.49,0.084,55,10,0.0635,0.1818,93.22,7.25,28.6,39,1,0,0.916
2024-06-07,TikTok,TT_Sports_Short,PL,T2,22486,660,0.0294,60.0,0.091,41,7,0.0621,0.1707,182.45,8.57,204.1,48,0,0,0.933
2024-06-07,TikTok,TT_Sports_Short,NG,T3,22289,649,0.0291,11.37,0.018,41,5,0.0632,0.122,19.85,2.27,74.6,40,0,0,0.919
2024-06-07,TikTok,TT_Sports_Short,CA,T1,57192,1234,0.0216,312.35,0.253,64,15,0.0519,0.2344,660.72,20.82,111.5,117,1,0,0.911
2024-06-07,TikTok,TT_Sports_Short,AU,T1,14269,487,0.0341,70.32,0.144,26,3,0.0534,0.1154,119.53,23.44,70.0,48,0,0,0.933
2024-06-07,TikTok,TT_Sports_Short,IN,T3,29420,555,0.0189,29.94,0.054,42,4,0.0757,0.0952,8.0,7.49,-73.3,63,0,0,0.923
2024-06-07,Affiliate_SEO,SEO_CasinoReview_DE,DE,T1,20245,490,0.0242,0.0,,111,43,0.2265,0.3874,5062.11,,,10,0,0,0.983
2024-06-07,Affiliate_SEO,SEO_BonusGuide_BR,BR,T2,6777,99,0.0146,0.0,,19,7,0.1919,0.3684,333.71,,,1,0,0,0.976
2024-06-07,Affiliate_SEO,SEO_BonusGuide_BR,PL,T2,11217,150,0.0134,0.0,,31,9,0.2067,0.2903,574.46,,,1,0,0,0.977
2024-06-07,Affiliate_SEO,SEO_CasinoReview_DE,NG,T3,1317,22,0.0167,0.0,,4,1,0.1818,0.25,13.67,,,0,0,0,0.979
2024-06-07,Affiliate_SEO,SEO_CasinoReview_DE,CA,T1,8933,245,0.0274,0.0,,41,18,0.1673,0.439,2125.86,,,2,0,0,0.983
2024-06-07,Affiliate_SEO,SEO_CasinoReview_DE,AU,T1,38960,895,0.023,0.0,,263,101,0.2939,0.384,10085.56,,,17,2,0,0.982
2024-06-07,Affiliate_SEO,SEO_BonusGuide_BR,IN,T3,1791,55,0.0307,0.0,,9,3,0.1636,0.3333,32.78,,,0,0,0,0.977
2024-06-08,Facebook,FB_Casino_CreativeA,DE,T1,42033,1883,0.0448,369.69,0.196,174,39,0.0924,0.2241,2836.68,9.48,667.3,64,1,0,0.965
2024-06-08,Facebook,FB_Sports_Banner,BR,T2,85351,1818,0.0213,296.26,0.163,165,53,0.0908,0.3212,1356.32,5.59,357.8,28,1,0,0.971
2024-06-08,Facebook,FB_Sports_Banner,PL,T2,26972,1020,0.0378,112.22,0.11,70,16,0.0686,0.2286,433.63,7.01,286.4,39,0,0,0.976
2024-06-08,Facebook,FB_Slots_Video,NG,T3,15622,528,0.0338,12.5,0.024,55,9,0.1042,0.1636,90.15,1.39,621.2,19,0,0,0.971
2024-06-08,Facebook,FB_Slots_Video,CA,T1,20677,898,0.0434,172.84,0.192,79,21,0.088,0.2658,1421.61,8.23,722.5,30,0,0,0.967
2024-06-08,Facebook,FB_Slots_Video,AU,T1,18765,542,0.0289,159.39,0.294,46,12,0.0849,0.2609,842.85,13.28,428.8,11,0,0,0.965
2024-06-08,Facebook,FB_Slots_Video,IN,T3,35708,1253,0.0351,49.28,0.039,97,27,0.0774,0.2784,293.17,1.83,494.9,33,0,0,0.972
2024-06-08,Google_Search,GG_Sports_Betting,DE,T1,22787,1117,0.049,688.99,0.617,117,39,0.1047,0.3333,4217.78,17.67,512.2,11,0,0,0.988
2024-06-08,Google_Search,GG_Slots_KW_Generic,BR,T2,25673,802,0.0312,192.44,0.24,132,43,0.1646,0.3258,1623.51,4.48,743.6,8,0,0,0.989
2024-06-08,Google_Search,GG_Slots_KW_Generic,PL,T2,28056,1195,0.0426,317.81,0.266,135,38,0.113,0.2815,1490.8,8.36,369.1,8,0,0,0.989
2024-06-08,Google_Search,GG_Slots_KW_Generic,NG,T3,18523,553,0.0299,43.95,0.079,87,19,0.1573,0.2184,45.6,2.31,3.8,3,0,0,0.988
2024-06-08,Google_Search,GG_Casino_KW_Brand,CA,T1,22867,736,0.0322,519.71,0.706,112,33,0.1522,0.2946,3209.65,15.75,517.6,8,0,0,0.991
2024-06-08,Google_Search,GG_Casino_KW_Brand,AU,T1,29091,936,0.0322,599.49,0.64,187,55,0.1998,0.2941,4410.82,10.9,635.8,13,0,0,0.989
2024-06-08,Google_Search,GG_Casino_KW_Brand,IN,T3,28899,1334,0.0462,101.17,0.076,237,79,0.1777,0.3333,1601.77,1.28,1483.2,17,1,0,0.988
2024-06-08,Push_Network,Push_Casino_Retarget,DE,T1,37340,287,0.0077,60.22,0.21,13,1,0.0453,0.0769,28.5,60.22,-52.7,22,0,0,0.877
2024-06-08,Push_Network,Push_Casino_Retarget,BR,T2,7126,137,0.0192,4.03,0.029,4,0,0.0292,0.0,0.0,,-100.0,16,0,0,0.877
2024-06-08,Push_Network,Push_iGaming_Broad,PL,T2,47408,1003,0.0212,35.7,0.036,33,4,0.0329,0.1212,69.48,8.93,94.6,149,0,0,0.881
2024-06-08,Push_Network,Push_iGaming_Broad,NG,T3,21040,479,0.0228,3.3,0.007,16,2,0.0334,0.125,23.28,1.65,605.5,59,0,0,0.865
2024-06-08,Push_Network,Push_Casino_Retarget,CA,T1,23603,278,0.0118,39.18,0.141,7,0,0.0252,0.0,0.0,,-100.0,29,0,0,0.865
2024-06-08,Push_Network,Push_iGaming_Broad,AU,T1,47885,846,0.0177,80.05,0.095,29,3,0.0343,0.1034,79.76,26.68,-0.4,148,1,0,0.852
2024-06-08,Push_Network,Push_Casino_Retarget,IN,T3,49194,1122,0.0228,13.28,0.012,56,7,0.0499,0.125,70.17,1.9,428.4,131,2,0,0.879
2024-06-08,Native_Ads,Native_Review_Article,DE,T1,15247,312,0.0205,82.83,0.265,24,4,0.0769,0.1667,253.79,20.71,206.4,27,0,0,0.952
2024-06-08,Native_Ads,Native_Review_Article,BR,T2,25464,426,0.0167,49.27,0.116,18,4,0.0423,0.2222,96.3,12.32,95.5,15,0,0,0.928
2024-06-08,Native_Ads,Native_Bonus_Landing,PL,T2,15796,248,0.0157,38.63,0.156,18,4,0.0726,0.2222,148.42,9.66,284.2,17,0,0,0.941
2024-06-08,Native_Ads,Native_Bonus_Landing,NG,T3,25110,342,0.0136,12.28,0.036,21,4,0.0614,0.1905,52.62,3.07,328.5,29,0,0,0.945
2024-06-08,Native_Ads,Native_Bonus_Landing,CA,T1,31789,272,0.0086,166.16,0.611,18,5,0.0662,0.2778,296.02,33.23,78.2,10,0,0,0.93
2024-06-08,Native_Ads,Native_Bonus_Landing,AU,T1,25650,534,0.0208,131.06,0.245,33,7,0.0618,0.2121,418.31,18.72,219.2,46,0,0,0.948
2024-06-08,Native_Ads,Native_Bonus_Landing,IN,T3,19435,367,0.0189,13.74,0.037,20,3,0.0545,0.15,62.37,4.58,353.9,21,0,0,0.946
2024-06-08,TikTok,TT_Casino_UGC,DE,T1,25805,634,0.0246,181.95,0.287,38,6,0.0599,0.1579,375.12,30.32,106.2,74,0,0,0.908
2024-06-08,TikTok,TT_Casino_UGC,BR,T2,37333,821,0.022,76.45,0.093,59,4,0.0719,0.0678,34.78,19.11,-54.5,45,1,0,0.929
2024-06-08,TikTok,TT_Casino_UGC,PL,T2,30484,464,0.0152,75.08,0.162,26,5,0.056,0.1923,179.55,15.02,139.1,46,0,0,0.909
2024-06-08,TikTok,TT_Casino_UGC,NG,T3,39790,929,0.0233,26.5,0.029,90,18,0.0969,0.2,36.0,1.47,35.8,61,2,0,0.912
2024-06-08,TikTok,TT_Sports_Short,CA,T1,17620,347,0.0197,105.06,0.303,20,2,0.0576,0.1,63.51,52.53,-39.5,25,0,0,0.927
2024-06-08,TikTok,TT_Casino_UGC,AU,T1,42558,1023,0.024,274.14,0.268,68,10,0.0665,0.1471,464.05,27.41,69.3,48,1,0,0.93
2024-06-08,TikTok,TT_Sports_Short,IN,T3,28339,691,0.0244,21.74,0.031,38,5,0.055,0.1316,15.19,4.35,-30.1,75,1,0,0.908
2024-06-08,Affiliate_SEO,SEO_BonusGuide_BR,DE,T1,33123,560,0.0169,0.0,,97,40,0.1732,0.4124,4509.86,,,11,0,0,0.984
2024-06-08,Affiliate_SEO,SEO_BonusGuide_BR,BR,T2,15483,406,0.0262,0.0,,101,37,0.2488,0.3663,2206.59,,,12,0,0,0.976
2024-06-08,Affiliate_SEO,SEO_BonusGuide_BR,PL,T2,24360,593,0.0243,0.0,,151,38,0.2546,0.2517,2331.96,,,12,0,0,0.979
2024-06-08,Affiliate_SEO,SEO_BonusGuide_BR,NG,T3,1513,23,0.0152,0.0,,5,2,0.2174,0.4,46.48,,,0,0,0,0.977
2024-06-08,Affiliate_SEO,SEO_CasinoReview_DE,CA,T1,47711,948,0.0199,0.0,,161,52,0.1698,0.323,6043.23,,,17,0,0,0.981
2024-06-08,Affiliate_SEO,SEO_CasinoReview_DE,AU,T1,36682,466,0.0127,0.0,,113,39,0.2425,0.3451,4462.48,,,11,0,0,0.976
2024-06-08,Affiliate_SEO,SEO_CasinoReview_DE,IN,T3,1877,39,0.0208,0.0,,8,3,0.2051,0.375,79.13,,,0,0,0,0.983
2024-06-09,Facebook,FB_Sports_Banner,DE,T1,32416,1061,0.0327,329.93,0.311,122,18,0.115,0.1475,1270.29,18.33,285.0,20,1,0,0.969
2024-06-09,Facebook,FB_Casino_CreativeA,BR,T2,11915,402,0.0337,41.75,0.104,43,6,0.107,0.1395,194.14,6.96,365.0,13,0,0,0.967
2024-06-09,Facebook,FB_Sports_Banner,PL,T2,16853,431,0.0256,68.71,0.159,53,12,0.123,0.2264,588.08,5.73,755.9,8,0,0,0.967
2024-06-09,Facebook,FB_Slots_Video,NG,T3,12291,367,0.0299,11.89,0.032,27,5,0.0736,0.1852,106.21,2.38,793.3,8,0,0,0.976
2024-06-09,Facebook,FB_Slots_Video,CA,T1,33061,968,0.0293,305.42,0.316,77,20,0.0795,0.2597,1294.05,15.27,323.7,18,0,0,0.966
2024-06-09,Facebook,FB_Sports_Banner,AU,T1,13391,484,0.0361,108.04,0.223,46,9,0.095,0.1957,599.66,12.0,455.0,10,0,0,0.968
2024-06-09,Facebook,FB_Sports_Banner,IN,T3,32716,1159,0.0354,49.46,0.043,107,11,0.0923,0.1028,328.25,4.5,563.7,18,0,0,0.974
2024-06-09,Google_Search,GG_Sports_Betting,DE,T1,16152,429,0.0266,365.83,0.853,60,16,0.1399,0.2667,1394.54,22.86,281.2,2,0,0,0.991
2024-06-09,Google_Search,GG_Sports_Betting,BR,T2,23039,795,0.0345,191.39,0.241,162,43,0.2038,0.2654,1302.31,4.45,580.4,6,0,0,0.988
2024-06-09,Google_Search,GG_Casino_KW_Brand,PL,T2,57184,2273,0.0397,675.69,0.297,460,133,0.2024,0.2891,6242.66,5.08,823.9,20,1,0,0.99
2024-06-09,Google_Search,GG_Sports_Betting,NG,T3,18136,772,0.0426,44.94,0.058,106,30,0.1373,0.283,542.01,1.5,1106.1,6,0,0,0.991
2024-06-09,Google_Search,GG_Casino_KW_Brand,CA,T1,19588,633,0.0323,415.69,0.657,61,20,0.0964,0.3279,1927.44,20.78,363.7,5,0,0,0.988
2024-06-09,Google_Search,GG_Slots_KW_Generic,AU,T1,10114,446,0.0441,259.29,0.581,65,19,0.1457,0.2923,1773.97,13.65,584.2,3,0,0,0.989
2024-06-09,Google_Search,GG_Slots_KW_Generic,IN,T3,26087,1056,0.0405,102.65,0.097,137,53,0.1297,0.3869,1348.37,1.94,1213.6,13,0,0,0.991
2024-06-09,Push_Network,Push_Casino_Retarget,DE,T1,31014,582,0.0188,61.07,0.105,15,2,0.0258,0.1333,76.81,30.54,25.8,82,0,0,0.847
2024-06-09,Push_Network,Push_iGaming_Broad,BR,T2,43209,1001,0.0232,26.65,0.027,39,5,0.039,0.1282,72.82,5.33,173.2,124,1,0,0.871
2024-06-09,Push_Network,Push_Casino_Retarget,PL,T2,5910,160,0.0271,3.78,0.024,3,0,0.0187,0.0,0.0,,-100.0,23,0,0,0.876
2024-06-09,Push_Network,Push_Casino_Retarget,NG,T3,33733,716,0.0212,5.07,0.007,31,3,0.0433,0.0968,6.0,1.69,18.3,71,0,0,0.882
2024-06-09,Push_Network,Push_iGaming_Broad,CA,T1,24437,813,0.0333,44.54,0.055,28,3,0.0344,0.1071,103.66,14.85,132.7,141,1,0,0.864
2024-06-09,Push_Network,Push_iGaming_Broad,AU,T1,34453,831,0.0241,52.66,0.063,41,4,0.0493,0.0976,136.06,13.16,158.4,131,1,0,0.862
2024-06-09,Push_Network,Push_iGaming_Broad,IN,T3,18720,558,0.0298,4.7,0.008,23,2,0.0412,0.087,27.28,2.35,480.4,94,0,0,0.833
2024-06-09,Native_Ads,Native_Bonus_Landing,DE,T1,19390,594,0.0306,105.1,0.177,49,11,0.0825,0.2245,667.25,9.55,534.9,38,1,0,0.949
2024-06-09,Native_Ads,Native_Review_Article,BR,T2,38944,974,0.025,69.26,0.071,59,12,0.0606,0.2034,447.23,5.77,545.7,85,1,0,0.936
2024-06-09,Native_Ads,Native_Bonus_Landing,PL,T2,38107,713,0.0187,95.96,0.135,30,8,0.0421,0.2667,270.9,11.99,182.3,39,0,0,0.948
2024-06-09,Native_Ads,Native_Bonus_Landing,NG,T3,26260,425,0.0162,15.09,0.036,31,4,0.0729,0.129,41.13,3.77,172.6,30,0,0,0.936
2024-06-09,Native_Ads,Native_Bonus_Landing,CA,T1,34961,617,0.0176,178.45,0.289,42,7,0.0681,0.1667,467.43,25.49,161.9,53,0,0,0.939
2024-06-09,Native_Ads,Native_Bonus_Landing,AU,T1,27666,553,0.02,148.7,0.269,45,6,0.0814,0.1333,389.95,24.78,162.2,34,1,0,0.938
2024-06-09,Native_Ads,Native_Bonus_Landing,IN,T3,22355,557,0.0249,17.79,0.032,35,8,0.0628,0.2286,301.33,2.22,1593.8,40,0,0,0.937
2024-06-09,TikTok,TT_Casino_UGC,DE,T1,36469,844,0.0231,271.42,0.322,55,11,0.0652,0.2,488.85,24.67,80.1,97,1,0,0.904
2024-06-09,TikTok,TT_Sports_Short,BR,T2,20661,537,0.026,37.97,0.071,35,6,0.0652,0.1714,12.0,6.33,-68.4,51,0,0,0.914
2024-06-09,TikTok,TT_Casino_UGC,PL,T2,36860,1091,0.0296,103.38,0.095,60,4,0.055,0.0667,76.26,25.84,-26.2,46,1,0,0.912
2024-06-09,TikTok,TT_Sports_Short,NG,T3,18120,520,0.0287,11.54,0.022,28,6,0.0538,0.2143,89.4,1.92,674.7,25,0,0,0.927
2024-06-09,TikTok,TT_Sports_Short,CA,T1,22551,635,0.0282,132.14,0.208,40,7,0.063,0.175,301.05,18.88,127.8,32,0,0,0.909
2024-06-09,TikTok,TT_Casino_UGC,AU,T1,7929,160,0.0202,40.19,0.251,11,1,0.0688,0.0909,47.87,40.19,19.1,13,0,0,0.916
2024-06-09,TikTok,TT_Sports_Short,IN,T3,16675,402,0.0241,16.78,0.042,19,2,0.0473,0.1053,26.43,8.39,57.5,33,0,0,0.929
2024-06-09,Affiliate_SEO,SEO_BonusGuide_BR,DE,T1,30882,739,0.0239,0.0,,160,67,0.2165,0.4188,8419.97,,,17,1,0,0.977
2024-06-09,Affiliate_SEO,SEO_CasinoReview_DE,BR,T2,5183,99,0.0191,0.0,,24,8,0.2424,0.3333,282.67,,,1,0,0,0.982
2024-06-09,Affiliate_SEO,SEO_BonusGuide_BR,PL,T2,12078,256,0.0212,0.0,,43,11,0.168,0.2558,708.54,,,4,0,0,0.984
2024-06-09,Affiliate_SEO,SEO_BonusGuide_BR,NG,T3,1861,33,0.0177,0.0,,7,2,0.2121,0.2857,30.75,,,0,0,0,0.983
2024-06-09,Affiliate_SEO,SEO_BonusGuide_BR,CA,T1,15028,170,0.0113,0.0,,51,12,0.3,0.2353,1311.82,,,3,0,0,0.976
2024-06-09,Affiliate_SEO,SEO_CasinoReview_DE,AU,T1,12965,303,0.0234,0.0,,51,16,0.1683,0.3137,1650.58,,,4,0,0,0.978
2024-06-09,Affiliate_SEO,SEO_BonusGuide_BR,IN,T3,5150,113,0.0219,0.0,,21,7,0.1858,0.3333,190.07,,,2,0,0,0.977
2024-06-10,Facebook,FB_Sports_Banner,DE,T1,45746,1882,0.0411,507.81,0.27,213,59,0.1132,0.277,4519.72,8.61,790.0,31,1,0,0.967
2024-06-10,Facebook,FB_Slots_Video,BR,T2,17455,615,0.0352,59.28,0.096,64,11,0.1041,0.1719,343.77,5.39,479.9,13,0,0,0.965
2024-06-10,Facebook,FB_Sports_Banner,PL,T2,21617,953,0.0441,78.17,0.082,104,31,0.1091,0.2981,1347.93,2.52,1624.4,18,1,0,0.975
2024-06-10,Facebook,FB_Casino_CreativeA,NG,T3,15227,487,0.032,13.94,0.029,35,8,0.0719,0.2286,16.0,1.74,14.8,16,0,0,0.976
2024-06-10,Facebook,FB_Sports_Banner,CA,T1,21773,846,0.0389,213.76,0.253,70,15,0.0827,0.2143,1154.06,14.25,439.9,17,0,0,0.968
2024-06-10,Facebook,FB_Slots_Video,AU,T1,34165,1665,0.0487,318.85,0.192,154,27,0.0925,0.1753,1999.58,11.81,527.1,62,1,0,0.974
2024-06-10,Facebook,FB_Casino_CreativeA,IN,T3,10953,413,0.0377,12.63,0.031,42,10,0.1017,0.2381,224.74,1.26,1679.4,11,0,0,0.965
2024-06-10,Google_Search,GG_Sports_Betting,DE,T1,14877,492,0.0331,405.95,0.825,77,32,0.1565,0.4156,3120.93,12.69,668.8,4,0,0,0.992
2024-06-10,Google_Search,GG_Slots_KW_Generic,BR,T2,16762,495,0.0295,156.38,0.316,63,13,0.1273,0.2063,587.37,12.03,275.6,4,0,0,0.988
2024-06-10,Google_Search,GG_Sports_Betting,PL,T2,82656,2496,0.0302,902.64,0.362,289,98,0.1158,0.3391,5435.44,9.21,502.2,19,0,0,0.989
2024-06-10,Google_Search,GG_Casino_KW_Brand,NG,T3,21507,847,0.0394,54.27,0.064,127,36,0.1499,0.2835,174.01,1.51,220.6,8,0,0,0.991
2024-06-10,Google_Search,GG_Casino_KW_Brand,CA,T1,38893,1538,0.0395,892.8,0.58,212,59,0.1378,0.2783,5805.47,15.13,550.3,12,0,0,0.989
2024-06-10,Google_Search,GG_Sports_Betting,AU,T1,26703,1298,0.0486,697.13,0.537,207,73,0.1595,0.3527,7899.6,9.55,1033.2,16,0,0,0.989
2024-06-10,Google_Search,GG_Sports_Betting,IN,T3,53422,2159,0.0404,192.62,0.089,472,161,0.2186,0.3411,2115.58,1.2,998.3,24,1,0,0.989
2024-06-10,Push_Network,Push_Casino_Retarget,DE,T1,19413,334,0.0172,35.22,0.105,14,2,0.0419,0.1429,39.86,17.61,13.2,28,0,0,0.847
2024-06-10,Push_Network,Push_Casino_Retarget,BR,T2,12366,193,0.0156,7.76,0.04,8,1,0.0415,0.125,12.52,7.76,61.3,35,0,0,0.887
2024-06-10,Push_Network,Push_iGaming_Broad,PL,T2,29782,225,0.0076,21.52,0.096,11,1,0.0489,0.0909,20.02,21.52,-7.0,24,0,0,0.846
2024-06-10,Push_Network,Push_iGaming_Broad,NG,T3,30252,628,0.0208,4.41,0.007,26,3,0.0414,0.1154,22.73,1.47,415.4,86,1,0,0.862
2024-06-10,Push_Network,Push_Casino_Retarget,CA,T1,40715,1151,0.0283,56.9,0.049,47,5,0.0408,0.1064,155.19,11.38,172.7,144,1,0,0.839
2024-06-10,Push_Network,Push_iGaming_Broad,AU,T1,42167,952,0.0226,69.45,0.073,38,5,0.0399,0.1316,179.1,13.89,157.9,112,2,0,0.876
2024-06-10,Push_Network,Push_Casino_Retarget,IN,T3,14774,444,0.0301,3.56,0.008,12,1,0.027,0.0833,2.0,3.56,-43.8,73,0,0,0.875
2024-06-10,Native_Ads,Native_Review_Article,DE,T1,18586,374,0.0201,105.66,0.283,17,3,0.0455,0.1765,219.16,35.22,107.4,15,0,0,0.949
2024-06-10,Native_Ads,Native_Bonus_Landing,BR,T2,23676,510,0.0215,41.06,0.081,19,2,0.0373,0.1053,52.5,20.53,27.9,15,0,0,0.94
2024-06-10,Native_Ads,Native_Review_Article,PL,T2,9641,254,0.0263,24.48,0.096,19,4,0.0748,0.2105,84.32,6.12,244.4,13,0,0,0.949
2024-06-10,Native_Ads,Native_Bonus_Landing,NG,T3,33186,497,0.015,14.47,0.029,28,4,0.0563,0.1429,131.18,3.62,806.6,35,0,0,0.934
2024-06-10,Native_Ads,Native_Review_Article,CA,T1,34148,903,0.0264,177.82,0.197,81,15,0.0897,0.1852,903.69,11.85,408.2,36,2,0,0.949
2024-06-10,Native_Ads,Native_Review_Article,AU,T1,20103,565,0.0281,107.67,0.191,41,6,0.0726,0.1463,492.02,17.95,357.0,37,0,0,0.94
2024-06-10,Native_Ads,Native_Bonus_Landing,IN,T3,39908,966,0.0242,28.5,0.03,63,12,0.0652,0.1905,301.47,2.38,957.8,72,1,0,0.947
2024-06-10,TikTok,TT_Casino_UGC,DE,T1,24226,332,0.0137,145.9,0.439,26,4,0.0783,0.1538,184.0,36.48,26.1,32,0,0,0.919
2024-06-10,TikTok,TT_Casino_UGC,BR,T2,15032,268,0.0178,27.84,0.104,13,1,0.0485,0.0769,9.3,27.84,-66.6,15,0,0,0.905
2024-06-10,TikTok,TT_Sports_Short,PL,T2,15985,388,0.0243,45.07,0.116,22,4,0.0567,0.1818,69.59,11.27,54.4,34,0,0,0.905
2024-06-10,TikTok,TT_Casino_UGC,NG,T3,36555,1159,0.0317,19.84,0.017,63,10,0.0544,0.1587,21.74,1.98,9.6,56,0,0,0.917
2024-06-10,TikTok,TT_Casino_UGC,CA,T1,13986,418,0.0299,77.64,0.186,16,3,0.0383,0.1875,151.36,25.88,95.0,19,0,0,0.92
2024-06-10,TikTok,TT_Casino_UGC,AU,T1,31662,643,0.0203,178.26,0.277,44,7,0.0684,0.1591,384.75,25.47,115.8,76,0,0,0.907
2024-06-10,TikTok,TT_Sports_Short,IN,T3,25695,485,0.0189,20.24,0.042,29,4,0.0598,0.1379,46.14,5.06,128.0,43,0,0,0.917
2024-06-10,Affiliate_SEO,SEO_CasinoReview_DE,DE,T1,12628,280,0.0222,0.0,,63,26,0.225,0.4127,3099.11,,,3,0,0,0.977
2024-06-10,Affiliate_SEO,SEO_CasinoReview_DE,BR,T2,6492,116,0.0179,0.0,,20,7,0.1724,0.35,400.1,,,2,0,0,0.976
2024-06-10,Affiliate_SEO,SEO_CasinoReview_DE,PL,T2,17493,380,0.0217,0.0,,96,41,0.2526,0.4271,2593.27,,,11,0,0,0.978
2024-06-10,Affiliate_SEO,SEO_CasinoReview_DE,NG,T3,1899,38,0.02,0.0,,10,3,0.2632,0.3,49.31,,,0,0,0,0.981
2024-06-10,Affiliate_SEO,SEO_CasinoReview_DE,CA,T1,42957,1070,0.0249,0.0,,213,66,0.1991,0.3099,7428.59,,,12,1,0,0.979
2024-06-10,Affiliate_SEO,SEO_BonusGuide_BR,AU,T1,19671,498,0.0253,0.0,,60,13,0.1205,0.2167,1707.22,,,11,0,0,0.983
2024-06-10,Affiliate_SEO,SEO_BonusGuide_BR,IN,T3,5767,154,0.0267,0.0,,22,6,0.1429,0.2727,121.22,,,2,0,0,0.98
2024-06-11,Facebook,FB_Slots_Video,DE,T1,18102,710,0.0392,187.4,0.264,58,9,0.0817,0.1552,765.12,20.82,308.3,29,0,0,0.966
2024-06-11,Facebook,FB_Slots_Video,BR,T2,23411,552,0.0236,77.63,0.141,39,7,0.0707,0.1795,211.27,11.09,172.1,9,0,0,0.973
2024-06-11,Facebook,FB_Sports_Banner,PL,T2,21301,645,0.0303,82.06,0.127,56,20,0.0868,0.3571,599.43,4.1,630.5,17,0,0,0.972
2024-06-11,Facebook,FB_Slots_Video,NG,T3,30611,777,0.0254,28.29,0.036,75,26,0.0965,0.3467,140.96,1.09,398.3,25,0,0,0.971
2024-06-11,Facebook,FB_Sports_Banner,CA,T1,14745,551,0.0374,151.2,0.274,71,15,0.1289,0.2113,1106.54,10.08,631.8,9,0,0,0.971
2024-06-11,Facebook,FB_Casino_CreativeA,AU,T1,24457,838,0.0343,237.56,0.283,85,18,0.1014,0.2118,1649.83,13.2,594.5,30,1,0,0.965
2024-06-11,Facebook,FB_Casino_CreativeA,IN,T3,43718,1892,0.0433,56.74,0.03,231,65,0.1221,0.2814,1454.45,0.87,2463.4,55,1,0,0.974
2024-06-11,Google_Search,GG_Slots_KW_Generic,DE,T1,18724,795,0.0425,431.05,0.542,133,49,0.1673,0.3684,5351.35,8.8,1141.5,5,0,0,0.989
2024-06-11,Google_Search,GG_Slots_KW_Generic,BR,T2,14226,658,0.0463,132.88,0.202,108,36,0.1641,0.3333,1303.6,3.69,881.0,4,0,0,0.99
2024-06-11,Google_Search,GG_Sports_Betting,PL,T2,23606,748,0.0317,249.82,0.334,115,34,0.1537,0.2957,1549.17,7.35,520.1,10,0,0,0.991
2024-06-11,Google_Search,GG_Slots_KW_Generic,NG,T3,14098,383,0.0272,32.07,0.084,54,13,0.141,0.2407,376.52,2.47,1074.1,4,0,0,0.991
2024-06-11,Google_Search,GG_Sports_Betting,CA,T1,16744,754,0.045,343.26,0.455,100,23,0.1326,0.23,2270.42,14.92,561.4,4,0,0,0.989
2024-06-11,Google_Search,GG_Sports_Betting,AU,T1,11856,449,0.0379,247.13,0.55,62,18,0.1381,0.2903,1891.91,13.73,665.6,2,0,0,0.992
2024-06-11,Google_Search,GG_Sports_Betting,IN,T3,27295,1048,0.0384,95.28,0.091,215,61,0.2052,0.2837,1704.02,1.56,1688.4,11,0,0,0.988
2024-06-11,Push_Network,Push_Casino_Retarget,DE,T1,20471,268,0.0131,31.0,0.116,10,1,0.0373,0.1,17.51,31.0,-43.5,22,0,0,0.836
2024-06-11,Push_Network,Push_Casino_Retarget,BR,T2,5594,131,0.0234,2.78,0.021,5,0,0.0382,0.0,0.0,,-100.0,19,0,0,0.881
2024-06-11,Push_Network,Push_iGaming_Broad,PL,T2,27479,407,0.0148,17.83,0.044,12,1,0.0295,0.0833,10.21,17.83,-42.7,61,0,0,0.876
2024-06-11,Push_Network,Push_Casino_Retarget,NG,T3,17307,304,0.0176,3.08,0.01,10,0,0.0329,0.0,0.0,,-100.0,47,0,0,0.84
2024-06-11,Push_Network,Push_iGaming_Broad,CA,T1,20691,603,0.0291,31.65,0.052,28,3,0.0464,0.1071,145.2,10.55,358.8,61,0,0,0.861
2024-06-11,Push_Network,Push_iGaming_Broad,AU,T1,12921,236,0.0183,17.38,0.074,12,1,0.0508,0.0833,26.16,17.38,50.5,32,0,0,0.833
2024-06-11,Push_Network,Push_iGaming_Broad,IN,T3,27730,360,0.013,5.87,0.016,12,1,0.0333,0.0833,15.65,5.87,166.6,70,0,0,0.841
2024-06-11,Native_Ads,Native_Review_Article,DE,T1,101485,2257,0.0222,496.74,0.22,143,24,0.0634,0.1678,1545.54,20.7,211.1,135,3,0,0.929
2024-06-11,Native_Ads,Native_Review_Article,BR,T2,11441,177,0.0155,19.97,0.113,20,2,0.113,0.1,69.39,9.98,247.5,8,0,0,0.93
2024-06-11,Native_Ads,Native_Bonus_Landing,PL,T2,60515,1723,0.0285,131.43,0.076,151,41,0.0876,0.2715,1366.73,3.21,939.9,133,1,0,0.948
2024-06-11,Native_Ads,Native_Bonus_Landing,NG,T3,29699,650,0.0219,14.85,0.023,28,6,0.0431,0.2143,12.0,2.48,-19.2,25,0,0,0.936
2024-06-11,Native_Ads,Native_Review_Article,CA,T1,6913,164,0.0237,33.15,0.202,8,1,0.0488,0.125,58.02,33.15,75.0,14,0,0,0.945
2024-06-11,Native_Ads,Native_Review_Article,AU,T1,9380,210,0.0224,40.78,0.194,13,2,0.0619,0.1538,120.57,20.39,195.7,7,0,0,0.943
2024-06-11,Native_Ads,Native_Review_Article,IN,T3,14138,298,0.0211,9.52,0.032,17,3,0.057,0.1765,34.47,3.17,262.1,12,0,0,0.948
2024-06-11,TikTok,TT_Sports_Short,DE,T1,12189,228,0.0187,82.4,0.361,13,1,0.057,0.0769,52.45,82.4,-36.3,18,0,0,0.919
2024-06-11,TikTok,TT_Sports_Short,BR,T2,12142,220,0.0181,24.24,0.11,16,2,0.0727,0.125,34.8,12.12,43.6,14,0,0,0.917
2024-06-11,TikTok,TT_Casino_UGC,PL,T2,15518,77,0.005,42.58,0.553,4,0,0.0519,0.0,0.0,,-100.0,5,0,0,0.928
2024-06-11,TikTok,TT_Casino_UGC,NG,T3,18569,581,0.0313,12.67,0.022,33,5,0.0568,0.1515,78.94,2.53,523.0,52,0,0,0.935
2024-06-11,TikTok,TT_Casino_UGC,CA,T1,36020,1009,0.028,232.59,0.231,47,6,0.0466,0.1277,249.53,38.77,7.3,53,0,0,0.913
2024-06-11,TikTok,TT_Sports_Short,AU,T1,15805,353,0.0223,96.3,0.273,24,4,0.068,0.1667,235.49,24.07,144.5,34,0,0,0.93
2024-06-11,TikTok,TT_Casino_UGC,IN,T3,15615,290,0.0186,14.43,0.05,23,3,0.0793,0.1304,19.31,4.81,33.8,28,0,0,0.935
2024-06-11,Affiliate_SEO,SEO_CasinoReview_DE,DE,T1,21730,518,0.0238,0.0,,95,41,0.1834,0.4316,5386.94,,,12,0,0,0.983
2024-06-11,Affiliate_SEO,SEO_BonusGuide_BR,BR,T2,9776,56,0.0057,0.0,,14,4,0.25,0.2857,207.23,,,0,0,0,0.977
2024-06-11,Affiliate_SEO,SEO_CasinoReview_DE,PL,T2,10245,306,0.0299,0.0,,100,17,0.3268,0.17,1058.16,,,3,0,0,0.981
2024-06-11,Affiliate_SEO,SEO_CasinoReview_DE,NG,T3,3663,40,0.0109,0.0,,6,2,0.15,0.3333,45.88,,,0,0,0,0.978
2024-06-11,Affiliate_SEO,SEO_CasinoReview_DE,CA,T1,12760,116,0.0091,0.0,,17,7,0.1466,0.4118,777.53,,,1,0,0,0.98
2024-06-11,Affiliate_SEO,SEO_BonusGuide_BR,AU,T1,37145,800,0.0215,0.0,,165,51,0.2062,0.3091,5807.32,,,23,1,0,0.983
2024-06-11,Affiliate_SEO,SEO_CasinoReview_DE,IN,T3,4250,104,0.0245,0.0,,22,8,0.2115,0.3636,192.17,,,2,0,0,0.981
2024-06-12,Facebook,FB_Slots_Video,DE,T1,17588,537,0.0305,165.83,0.309,50,8,0.0931,0.16,561.96,20.73,238.9,12,0,0,0.97
2024-06-12,Facebook,FB_Slots_Video,BR,T2,47738,1551,0.0325,169.1,0.109,168,40,0.1083,0.2381,1079.43,4.23,538.3,32,1,0,0.974
2024-06-12,Facebook,FB_Slots_Video,PL,T2,11979,538,0.0449,53.21,0.099,60,13,0.1115,0.2167,497.73,4.09,835.4,19,0,0,0.968
2024-06-12,Facebook,FB_Casino_CreativeA,NG,T3,15141,696,0.046,13.46,0.019,71,13,0.102,0.1831,251.39,1.04,1767.7,20,0,0,0.965
2024-06-12,Facebook,FB_Sports_Banner,CA,T1,36454,1420,0.039,314.09,0.221,100,26,0.0704,0.26,2077.67,12.08,561.5,37,0,0,0.972
2024-06-12,Facebook,FB_Slots_Video,AU,T1,22521,766,0.034,164.91,0.215,84,17,0.1097,0.2024,1415.56,9.7,758.4,26,1,0,0.965
2024-06-12,Facebook,FB_Casino_CreativeA,IN,T3,27715,1038,0.0375,35.1,0.034,105,29,0.1012,0.2762,497.6,1.21,1317.7,23,1,0,0.966
2024-06-12,Google_Search,GG_Slots_KW_Generic,DE,T1,14346,269,0.0188,336.85,1.252,43,17,0.1599,0.3953,1648.68,19.81,389.4,2,0,0,0.989
2024-06-12,Google_Search,GG_Sports_Betting,BR,T2,15885,473,0.0298,130.67,0.276,75,27,0.1586,0.36,1057.46,4.84,709.3,4,0,0,0.988
2024-06-12,Google_Search,GG_Sports_Betting,PL,T2,7338,157,0.0214,81.72,0.521,20,5,0.1274,0.25,297.98,16.34,264.6,1,0,0,0.988
2024-06-12,Google_Search,GG_Sports_Betting,NG,T3,22992,838,0.0364,61.72,0.074,143,44,0.1706,0.3077,418.93,1.4,578.8,9,0,0,0.992
2024-06-12,Google_Search,GG_Casino_KW_Brand,CA,T1,28899,1008,0.0349,790.61,0.784,110,25,0.1091,0.2273,2399.21,31.62,203.5,7,0,0,0.991
2024-06-12,Google_Search,GG_Casino_KW_Brand,AU,T1,6883,256,0.0372,171.65,0.671,40,9,0.1562,0.225,978.21,19.07,469.9,1,0,0,0.988
2024-06-12,Google_Search,GG_Slots_KW_Generic,IN,T3,19765,694,0.0351,64.17,0.092,145,48,0.2089,0.331,536.27,1.34,735.7,4,0,0,0.99
2024-06-12,Push_Network,Push_Casino_Retarget,DE,T1,18597,129,0.0069,29.33,0.227,6,0,0.0465,0.0,0.0,,-100.0,13,0,0,0.838
2024-06-12,Push_Network,Push_Casino_Retarget,BR,T2,75861,1731,0.0228,46.59,0.027,86,9,0.0497,0.1047,164.41,5.18,252.9,278,5,0,0.874
2024-06-12,Push_Network,Push_Casino_Retarget,PL,T2,17881,387,0.0216,11.32,0.029,14,2,0.0362,0.1429,45.51,5.66,302.0,39,0,0,0.866
2024-06-12,Push_Network,Push_iGaming_Broad,NG,T3,21368,305,0.0143,3.34,0.011,11,1,0.0361,0.0909,6.51,3.34,94.9,28,0,0,0.869
2024-06-12,Push_Network,Push_iGaming_Broad,CA,T1,48819,1016,0.0208,79.64,0.078,36,5,0.0354,0.1389,133.33,15.93,67.4,136,1,0,0.869
2024-06-12,Push_Network,Push_Casino_Retarget,AU,T1,16059,206,0.0128,22.2,0.108,9,0,0.0437,0.0,0.0,,-100.0,17,0,0,0.875
2024-06-12,Push_Network,Push_iGaming_Broad,IN,T3,44054,803,0.0182,9.75,0.012,39,5,0.0486,0.1282,26.56,1.95,172.4,136,1,0,0.838
2024-06-12,Native_Ads,Native_Bonus_Landing,DE,T1,27498,528,0.0192,137.46,0.26,37,8,0.0701,0.2162,537.83,17.18,291.3,25,0,0,0.949
2024-06-12,Native_Ads,Native_Review_Article,BR,T2,13902,261,0.0188,23.2,0.089,16,3,0.0613,0.1875,99.02,7.73,326.8,11,0,0,0.944
2024-06-12,Native_Ads,Native_Review_Article,PL,T2,13277,423,0.0319,25.96,0.061,29,4,0.0686,0.1379,108.77,6.49,319.0,32,0,0,0.949
2024-06-12,Native_Ads,Native_Bonus_Landing,NG,T3,33191,741,0.0223,14.98,0.02,45,10,0.0607,0.2222,66.16,1.5,341.7,33,0,0,0.93
2024-06-12,Native_Ads,Native_Review_Article,CA,T1,30013,546,0.0182,148.5,0.272,54,10,0.0989,0.1852,585.33,14.85,294.2,41,0,0,0.935
2024-06-12,Native_Ads,Native_Review_Article,AU,T1,56584,1275,0.0225,259.87,0.204,131,24,0.1027,0.1832,1143.41,10.83,340.0,109,1,0,0.929
2024-06-12,Native_Ads,Native_Bonus_Landing,IN,T3,52556,1003,0.0191,45.14,0.045,79,17,0.0788,0.2152,409.29,2.66,806.7,73,1,0,0.946
2024-06-12,TikTok,TT_Casino_UGC,DE,T1,31127,640,0.0206,226.58,0.354,45,7,0.0703,0.1556,370.49,32.37,63.5,75,0,0,0.928
2024-06-12,TikTok,TT_Sports_Short,BR,T2,16674,405,0.0243,38.86,0.096,23,4,0.0568,0.1739,92.95,9.71,139.2,41,0,0,0.922
2024-06-12,TikTok,TT_Sports_Short,PL,T2,26280,353,0.0134,70.19,0.199,25,4,0.0708,0.16,116.84,17.55,66.5,18,0,0,0.919
2024-06-12,TikTok,TT_Sports_Short,NG,T3,11797,179,0.0152,7.54,0.042,14,2,0.0782,0.1429,4.0,3.77,-46.9,10,0,0,0.924
2024-06-12,TikTok,TT_Casino_UGC,CA,T1,30220,742,0.0246,176.24,0.238,44,8,0.0593,0.1818,308.84,22.03,75.2,61,1,0,0.918
2024-06-12,TikTok,TT_Casino_UGC,AU,T1,27324,374,0.0137,144.24,0.386,18,2,0.0481,0.1111,91.89,72.12,-36.3,21,0,0,0.929
2024-06-12,TikTok,TT_Sports_Short,IN,T3,41823,772,0.0185,38.39,0.05,53,3,0.0687,0.0566,45.56,12.8,18.7,73,1,0,0.909
2024-06-12,Affiliate_SEO,SEO_BonusGuide_BR,DE,T1,23861,509,0.0213,0.0,,102,35,0.2004,0.3431,4544.6,,,5,0,0,0.976
2024-06-12,Affiliate_SEO,SEO_CasinoReview_DE,BR,T2,9306,218,0.0234,0.0,,41,16,0.1881,0.3902,755.48,,,4,0,0,0.979
2024-06-12,Affiliate_SEO,SEO_CasinoReview_DE,PL,T2,6832,147,0.0215,0.0,,39,11,0.2653,0.2821,621.06,,,3,0,0,0.983
2024-06-12,Affiliate_SEO,SEO_BonusGuide_BR,NG,T3,1667,18,0.0108,0.0,,3,0,0.1667,0.0,0.0,,,0,0,0,0.978
2024-06-12,Affiliate_SEO,SEO_BonusGuide_BR,CA,T1,29134,805,0.0276,0.0,,150,59,0.1863,0.3933,6300.74,,,23,0,0,0.981
2024-06-12,Affiliate_SEO,SEO_CasinoReview_DE,AU,T1,48135,866,0.018,0.0,,161,45,0.1859,0.2795,4875.51,,,15,1,0,0.981
2024-06-12,Affiliate_SEO,SEO_BonusGuide_BR,IN,T3,4453,59,0.0132,0.0,,10,2,0.1695,0.2,66.19,,,0,0,0,0.982
2024-06-13,Facebook,FB_Sports_Banner,DE,T1,14345,607,0.0423,150.38,0.248,58,18,0.0956,0.3103,1264.58,8.35,740.9,18,0,0,0.974
2024-06-13,Facebook,FB_Slots_Video,BR,T2,18542,679,0.0366,64.46,0.095,53,11,0.0781,0.2075,358.67,5.86,456.4,11,0,0,0.965
2024-06-13,Facebook,FB_Casino_CreativeA,PL,T2,25806,965,0.0374,99.49,0.103,83,22,0.086,0.2651,850.34,4.52,754.7,29,0,0,0.972
2024-06-13,Facebook,FB_Slots_Video,NG,T3,41277,1767,0.0428,42.2,0.024,161,42,0.0911,0.2609,334.23,1.0,692.0,61,1,0,0.967
2024-06-13,Facebook,FB_Sports_Banner,CA,T1,59142,936,0.0158,518.12,0.554,92,27,0.0983,0.2935,2363.42,19.19,356.2,15,0,0,0.975
2024-06-13,Facebook,FB_Casino_CreativeA,AU,T1,36705,1287,0.0351,312.95,0.243,124,38,0.0963,0.3065,3071.35,8.24,881.4,34,0,0,0.973
2024-06-13,Facebook,FB_Casino_CreativeA,IN,T3,38794,1006,0.0259,51.32,0.051,102,13,0.1014,0.1275,144.25,3.95,181.1,36,1,0,0.967
2024-06-13,Google_Search,GG_Casino_KW_Brand,DE,T1,54079,1464,0.0271,1623.66,1.109,281,72,0.1919,0.2562,6877.26,22.55,323.6,20,0,0,0.991
2024-06-13,Google_Search,GG_Slots_KW_Generic,BR,T2,20635,630,0.0305,168.29,0.267,101,27,0.1603,0.2673,1074.81,6.23,538.7,3,0,0,0.988
2024-06-13,Google_Search,GG_Slots_KW_Generic,PL,T2,20001,573,0.0286,214.41,0.374,77,24,0.1344,0.3117,1028.54,8.93,379.7,4,0,0,0.991
2024-06-13,Google_Search,GG_Casino_KW_Brand,NG,T3,17988,440,0.0245,38.41,0.087,80,20,0.1818,0.25,198.32,1.92,416.3,2,0,0,0.989
2024-06-13,Google_Search,GG_Sports_Betting,CA,T1,16392,557,0.034,398.75,0.716,48,11,0.0862,0.2292,1112.12,36.25,178.9,5,0,0,0.989
2024-06-13,Google_Search,GG_Sports_Betting,AU,T1,31515,1048,0.0333,746.78,0.713,122,35,0.1164,0.2869,2906.84,21.34,289.2,15,0,0,0.992
2024-06-13,Google_Search,GG_Slots_KW_Generic,IN,T3,22745,729,0.0321,74.34,0.102,138,45,0.1893,0.3261,1033.69,1.65,1290.5,3,0,0,0.991
2024-06-13,Push_Network,Push_iGaming_Broad,DE,T1,19633,317,0.0161,31.08,0.098,11,1,0.0347,0.0909,34.81,31.08,12.0,66,0,0,0.84
2024-06-13,Push_Network,Push_Casino_Retarget,BR,T2,23190,387,0.0167,13.38,0.035,17,1,0.0439,0.0588,11.59,13.38,-13.4,35,0,0,0.86
2024-06-13,Push_Network,Push_Casino_Retarget,PL,T2,46207,1703,0.0369,37.99,0.022,60,5,0.0352,0.0833,125.54,7.6,230.5,157,1,0,0.874
2024-06-13,Push_Network,Push_Casino_Retarget,NG,T3,30638,584,0.0191,4.62,0.008,21,2,0.036,0.0952,28.29,2.31,512.3,110,0,0,0.875
2024-06-13,Push_Network,Push_iGaming_Broad,CA,T1,8525,209,0.0245,14.79,0.071,7,0,0.0335,0.0,0.0,,-100.0,18,0,0,0.838
2024-06-13,Push_Network,Push_Casino_Retarget,AU,T1,11527,140,0.0121,19.21,0.137,6,0,0.0429,0.0,0.0,,-100.0,15,0,0,0.849
2024-06-13,Push_Network,Push_Casino_Retarget,IN,T3,29001,350,0.0121,7.75,0.022,13,2,0.0371,0.1538,21.38,3.88,175.9,35,0,0,0.859
2024-06-13,Native_Ads,Native_Review_Article,DE,T1,22196,709,0.0319,111.87,0.158,47,8,0.0663,0.1702,609.71,13.98,445.0,48,0,0,0.935
2024-06-13,Native_Ads,Native_Bonus_Landing,BR,T2,16893,253,0.015,26.37,0.104,7,1,0.0277,0.1429,15.85,26.37,-39.9,8,0,0,0.945
2024-06-13,Native_Ads,Native_Review_Article,PL,T2,38880,546,0.014,78.34,0.143,29,6,0.0531,0.2069,224.95,13.06,187.1,17,0,0,0.949
2024-06-13,Native_Ads,Native_Bonus_Landing,NG,T3,14700,201,0.0137,7.9,0.039,17,3,0.0846,0.1765,30.02,2.63,280.0,17,0,0,0.94
2024-06-13,Native_Ads,Native_Bonus_Landing,CA,T1,17619,194,0.011,87.03,0.449,17,4,0.0876,0.2353,264.78,21.76,204.2,16,0,0,0.95
2024-06-13,Native_Ads,Native_Bonus_Landing,AU,T1,20944,416,0.0199,102.17,0.246,31,6,0.0745,0.1935,336.21,17.03,229.1,29,0,0,0.942
2024-06-13,Native_Ads,Native_Bonus_Landing,IN,T3,40696,1241,0.0305,35.0,0.028,86,26,0.0693,0.3023,313.66,1.35,796.2,107,1,0,0.93
2024-06-13,TikTok,TT_Sports_Short,DE,T1,14884,155,0.0104,106.0,0.684,5,0,0.0323,0.0,0.0,,-100.0,15,0,0,0.917
2024-06-13,TikTok,TT_Sports_Short,BR,T2,8560,175,0.0204,17.81,0.102,16,2,0.0914,0.125,39.96,8.9,124.4,13,0,0,0.906
2024-06-13,TikTok,TT_Sports_Short,PL,T2,24021,769,0.032,63.87,0.083,42,7,0.0546,0.1667,179.49,9.12,181.0,40,0,0,0.923
2024-06-13,TikTok,TT_Casino_UGC,NG,T3,9981,285,0.0286,5.72,0.02,23,3,0.0807,0.1304,6.0,1.91,4.9,22,0,0,0.905
2024-06-13,TikTok,TT_Sports_Short,CA,T1,30755,690,0.0224,168.01,0.243,37,6,0.0536,0.1622,297.51,28.0,77.1,44,1,0,0.906
2024-06-13,TikTok,TT_Sports_Short,AU,T1,25265,431,0.0171,129.58,0.301,25,5,0.058,0.2,200.87,25.92,55.0,22,0,0,0.917
2024-06-13,TikTok,TT_Casino_UGC,IN,T3,48380,890,0.0184,42.88,0.048,43,6,0.0483,0.1395,40.26,7.15,-6.1,105,0,0,0.921
2024-06-13,Affiliate_SEO,SEO_BonusGuide_BR,DE,T1,18517,432,0.0233,0.0,,87,26,0.2014,0.2989,3175.42,,,12,0,0,0.978
2024-06-13,Affiliate_SEO,SEO_CasinoReview_DE,BR,T2,3320,32,0.0096,0.0,,7,1,0.2188,0.1429,35.98,,,0,0,0,0.98
2024-06-13,Affiliate_SEO,SEO_CasinoReview_DE,PL,T2,22986,374,0.0163,0.0,,77,31,0.2059,0.4026,1957.59,,,8,0,0,0.976
2024-06-13,Affiliate_SEO,SEO_CasinoReview_DE,NG,T3,3806,76,0.02,0.0,,15,6,0.1974,0.4,233.61,,,2,0,0,0.979
2024-06-13,Affiliate_SEO,SEO_CasinoReview_DE,CA,T1,26004,491,0.0189,0.0,,99,31,0.2016,0.3131,3325.3,,,14,0,0,0.984
2024-06-13,Affiliate_SEO,SEO_CasinoReview_DE,AU,T1,24136,247,0.0102,0.0,,53,17,0.2146,0.3208,1889.48,,,6,0,0,0.978
2024-06-13,Affiliate_SEO,SEO_BonusGuide_BR,IN,T3,4362,99,0.0227,0.0,,17,7,0.1717,0.4118,73.26,,,1,0,0,0.977
2024-06-14,Facebook,FB_Slots_Video,DE,T1,33322,1306,0.0392,359.36,0.275,93,22,0.0712,0.2366,1585.7,16.33,341.3,30,0,0,0.975
2024-06-14,Facebook,FB_Slots_Video,BR,T2,31088,1106,0.0356,98.09,0.089,106,20,0.0958,0.1887,633.51,4.9,545.8,17,0,0,0.972
2024-06-14,Facebook,FB_Sports_Banner,PL,T2,24118,786,0.0326,83.65,0.106,86,21,0.1094,0.2442,878.71,3.98,950.5,17,0,0,0.975
2024-06-14,Facebook,FB_Casino_CreativeA,NG,T3,17331,581,0.0335,15.67,0.027,33,7,0.0568,0.2121,130.42,2.24,732.3,9,0,0,0.969
2024-06-14,Facebook,FB_Sports_Banner,CA,T1,27503,930,0.0338,264.43,0.284,103,28,0.1108,0.2718,2297.34,9.44,768.8,16,0,0,0.971
2024-06-14,Facebook,FB_Slots_Video,AU,T1,17131,759,0.0443,137.52,0.181,81,13,0.1067,0.1605,927.72,10.58,574.6,29,0,0,0.973
2024-06-14,Facebook,FB_Slots_Video,IN,T3,15514,548,0.0353,23.96,0.044,63,19,0.115,0.3016,432.75,1.26,1706.1,20,0,0,0.976
2024-06-14,Google_Search,GG_Casino_KW_Brand,DE,T1,20919,568,0.0272,597.57,1.052,92,16,0.162,0.1739,1824.01,37.35,205.2,3,0,0,0.991
2024-06-14,Google_Search,GG_Sports_Betting,BR,T2,27010,830,0.0307,206.59,0.249,135,42,0.1627,0.3111,1374.79,4.92,565.5,8,0,0,0.99
2024-06-14,Google_Search,GG_Casino_KW_Brand,PL,T2,19686,532,0.027,221.77,0.417,77,19,0.1447,0.2468,788.67,11.67,255.6,5,0,0,0.991
2024-06-14,Google_Search,GG_Slots_KW_Generic,NG,T3,34211,1237,0.0362,76.31,0.062,173,50,0.1399,0.289,1307.98,1.53,1614.0,12,0,0,0.992
2024-06-14,Google_Search,GG_Casino_KW_Brand,CA,T1,29499,673,0.0228,737.11,1.095,132,36,0.1961,0.2727,3423.34,20.48,364.4,6,0,0,0.99
2024-06-14,Google_Search,GG_Casino_KW_Brand,AU,T1,28116,1017,0.0362,652.14,0.641,194,67,0.1908,0.3454,6932.87,9.73,963.1,8,0,0,0.992
2024-06-14,Google_Search,GG_Casino_KW_Brand,IN,T3,21078,971,0.0461,77.43,0.08,142,39,0.1462,0.2746,531.63,1.99,586.6,7,0,0,0.989
2024-06-14,Push_Network,Push_iGaming_Broad,DE,T1,47826,1296,0.0271,91.7,0.071,52,5,0.0401,0.0962,165.2,18.34,80.2,244,1,0,0.845
2024-06-14,Push_Network,Push_iGaming_Broad,BR,T2,24051,460,0.0191,12.92,0.028,15,2,0.0326,0.1333,4.0,6.46,-69.0,64,0,0,0.886
2024-06-14,Push_Network,Push_iGaming_Broad,PL,T2,20467,748,0.0365,12.55,0.017,21,3,0.0281,0.1429,26.46,4.18,110.8,75,0,0,0.886
2024-06-14,Push_Network,Push_Casino_Retarget,NG,T3,18196,469,0.0258,3.32,0.007,26,2,0.0554,0.0769,27.35,1.66,723.8,70,1,0,0.842
2024-06-14,Push_Network,Push_iGaming_Broad,CA,T1,13044,211,0.0162,22.34,0.106,10,1,0.0474,0.1,31.27,22.34,40.0,16,0,0,0.861
2024-06-14,Push_Network,Push_Casino_Retarget,AU,T1,21678,388,0.0179,35.08,0.09,15,2,0.0387,0.1333,45.2,17.54,28.8,55,0,0,0.871
2024-06-14,Push_Network,Push_Casino_Retarget,IN,T3,10519,149,0.0142,2.72,0.018,4,0,0.0268,0.0,0.0,,-100.0,20,0,0,0.842
2024-06-14,Native_Ads,Native_Review_Article,DE,T1,12777,346,0.0271,80.61,0.233,21,3,0.0607,0.1429,246.82,26.87,206.2,29,0,0,0.939
2024-06-14,Native_Ads,Native_Bonus_Landing,BR,T2,31445,812,0.0258,60.84,0.075,56,10,0.069,0.1786,470.71,6.08,673.7,64,0,0,0.939
2024-06-14,Native_Ads,Native_Review_Article,PL,T2,31110,216,0.0069,60.61,0.281,11,1,0.0509,0.0909,34.96,60.61,-42.3,17,0,0,0.941
2024-06-14,Native_Ads,Native_Bonus_Landing,NG,T3,12919,276,0.0214,6.84,0.025,14,2,0.0507,0.1429,23.14,3.42,238.3,18,0,0,0.928
2024-06-14,Native_Ads,Native_Bonus_Landing,CA,T1,7941,168,0.0212,36.6,0.218,12,2,0.0714,0.1667,130.42,18.3,256.3,9,0,0,0.943
2024-06-14,Native_Ads,Native_Review_Article,AU,T1,29511,851,0.0288,130.74,0.154,49,9,0.0576,0.1837,614.12,14.53,369.7,32,0,0,0.946
2024-06-14,Native_Ads,Native_Review_Article,IN,T3,51503,1268,0.0246,42.63,0.034,96,21,0.0757,0.2188,440.79,2.03,934.0,89,1,0,0.946
2024-06-14,TikTok,TT_Sports_Short,DE,T1,14708,336,0.0228,95.07,0.283,21,3,0.0625,0.1429,124.57,31.69,31.0,35,0,0,0.926
2024-06-14,TikTok,TT_Casino_UGC,BR,T2,26062,720,0.0276,58.72,0.082,43,7,0.0597,0.1628,167.02,8.39,184.4,61,0,0,0.914
2024-06-14,TikTok,TT_Casino_UGC,PL,T2,18898,292,0.0155,50.39,0.173,23,3,0.0788,0.1304,35.21,16.8,-30.1,22,0,0,0.912
2024-06-14,TikTok,TT_Casino_UGC,NG,T3,32369,764,0.0236,17.84,0.023,43,7,0.0563,0.1628,14.0,2.55,-21.5,89,0,0,0.933
2024-06-14,TikTok,TT_Casino_UGC,CA,T1,40660,674,0.0166,222.7,0.33,41,7,0.0608,0.1707,263.69,31.81,18.4,61,1,0,0.915
2024-06-14,TikTok,TT_Casino_UGC,AU,T1,13628,253,0.0186,88.48,0.35,14,2,0.0553,0.1429,100.75,44.24,13.9,29,0,0,0.927
2024-06-14,TikTok,TT_Sports_Short,IN,T3,34075,1152,0.0338,28.55,0.025,77,10,0.0668,0.1299,131.22,2.85,359.6,75,2,0,0.929
2024-06-14,Affiliate_SEO,SEO_CasinoReview_DE,DE,T1,19582,393,0.0201,0.0,,81,34,0.2061,0.4198,4397.52,,,4,0,0,0.983
2024-06-14,Affiliate_SEO,SEO_BonusGuide_BR,BR,T2,11787,173,0.0147,0.0,,49,16,0.2832,0.3265,829.51,,,5,0,0,0.981
2024-06-14,Affiliate_SEO,SEO_CasinoReview_DE,PL,T2,6808,178,0.0261,0.0,,59,21,0.3315,0.3559,1108.34,,,2,0,0,0.981
2024-06-14,Affiliate_SEO,SEO_CasinoReview_DE,NG,T3,2069,48,0.0232,0.0,,9,2,0.1875,0.2222,30.79,,,0,0,0,0.98
2024-06-14,Affiliate_SEO,SEO_CasinoReview_DE,CA,T1,9126,168,0.0184,0.0,,42,19,0.25,0.4524,2458.82,,,3,0,0,0.982
2024-06-14,Affiliate_SEO,SEO_CasinoReview_DE,AU,T1,14228,336,0.0236,0.0,,101,33,0.3006,0.3267,3743.24,,,8,0,0,0.98
2024-06-14,Affiliate_SEO,SEO_BonusGuide_BR,IN,T3,4953,128,0.0258,0.0,,33,9,0.2578,0.2727,150.55,,,1,0,0,0.981
2024-06-15,Facebook,FB_Slots_Video,DE,T1,11354,368,0.0324,116.13,0.316,30,6,0.0815,0.2,505.1,19.36,334.9,13,0,0,0.971
2024-06-15,Facebook,FB_Slots_Video,BR,T2,31811,1038,0.0326,115.0,0.111,65,13,0.0626,0.2,484.27,8.85,321.1,46,0,0,0.975
2024-06-15,Facebook,FB_Slots_Video,PL,T2,26734,1148,0.0429,107.82,0.094,97,28,0.0845,0.2887,545.56,3.85,406.0,33,0,0,0.965
2024-06-15,Facebook,FB_Casino_CreativeA,NG,T3,37735,1680,0.0445,35.74,0.021,122,25,0.0726,0.2049,562.51,1.43,1473.9,35,1,0,0.972
2024-06-15,Facebook,FB_Slots_Video,CA,T1,42200,1659,0.0393,326.62,0.197,173,33,0.1043,0.1908,2604.02,9.9,697.3,43,1,0,0.965
2024-06-15,Facebook,FB_Sports_Banner,AU,T1,8598,282,0.0328,64.42,0.228,23,5,0.0816,0.2174,310.03,12.88,381.3,11,0,0,0.973
2024-06-15,Facebook,FB_Slots_Video,IN,T3,26403,914,0.0346,33.05,0.036,79,25,0.0864,0.3165,627.07,1.32,1797.3,23,0,0,0.973
2024-06-15,Google_Search,GG_Slots_KW_Generic,DE,T1,33725,1292,0.0383,998.97,0.773,199,60,0.154,0.3015,5713.03,16.65,471.9,17,0,0,0.99
2024-06-15,Google_Search,GG_Casino_KW_Brand,BR,T2,40184,1337,0.0333,347.78,0.26,102,31,0.0763,0.3039,1296.27,11.22,272.7,17,0,0,0.99
2024-06-15,Google_Search,GG_Sports_Betting,PL,T2,77936,2959,0.038,815.71,0.276,337,101,0.1139,0.2997,5818.41,8.08,613.3,28,0,0,0.991
2024-06-15,Google_Search,GG_Sports_Betting,NG,T3,17737,906,0.0511,45.13,0.05,173,57,0.1909,0.3295,1285.65,0.79,2748.8,8,0,0,0.989
2024-06-15,Google_Search,GG_Sports_Betting,CA,T1,35093,1204,0.0343,718.95,0.597,169,37,0.1404,0.2189,3479.95,19.43,384.0,16,0,0,0.99
2024-06-15,Google_Search,GG_Slots_KW_Generic,AU,T1,33139,1407,0.0425,777.83,0.553,148,31,0.1052,0.2095,3151.98,25.09,305.2,15,0,0,0.992
2024-06-15,Google_Search,GG_Sports_Betting,IN,T3,16961,278,0.0164,59.45,0.214,45,17,0.1619,0.3778,131.13,3.5,120.6,2,0,0,0.988
2024-06-15,Push_Network,Push_Casino_Retarget,DE,T1,43919,895,0.0204,72.25,0.081,33,3,0.0369,0.0909,89.84,24.08,24.3,158,1,0,0.885
2024-06-15,Push_Network,Push_Casino_Retarget,BR,T2,38190,773,0.0202,21.21,0.027,22,1,0.0285,0.0455,12.86,21.21,-39.4,100,1,0,0.843
2024-06-15,Push_Network,Push_iGaming_Broad,PL,T2,73280,674,0.0092,53.19,0.079,30,3,0.0445,0.1,61.39,17.73,15.4,127,1,0,0.883
2024-06-15,Push_Network,Push_Casino_Retarget,NG,T3,34126,969,0.0284,5.05,0.005,28,3,0.0289,0.1071,19.49,1.68,285.9,167,0,0,0.836
2024-06-15,Push_Network,Push_iGaming_Broad,CA,T1,53336,1001,0.0188,78.33,0.078,30,2,0.03,0.0667,42.94,39.16,-45.2,120,1,0,0.876
2024-06-15,Push_Network,Push_Casino_Retarget,AU,T1,49640,1410,0.0284,65.07,0.046,62,7,0.044,0.1129,362.77,9.3,457.5,243,1,0,0.863
2024-06-15,Push_Network,Push_Casino_Retarget,IN,T3,47371,1066,0.0225,11.3,0.011,49,6,0.046,0.1224,51.81,1.88,358.5,186,1,0,0.879
2024-06-15,Native_Ads,Native_Bonus_Landing,DE,T1,59317,1267,0.0214,297.2,0.235,97,19,0.0766,0.1959,1248.17,15.64,320.0,71,2,0,0.943
2024-06-15,Native_Ads,Native_Review_Article,BR,T2,20058,299,0.0149,30.59,0.102,27,8,0.0903,0.2963,274.01,3.82,795.8,16,0,0,0.941
2024-06-15,Native_Ads,Native_Review_Article,PL,T2,16890,269,0.0159,36.74,0.137,24,4,0.0892,0.1667,116.74,9.19,217.7,23,0,0,0.949
2024-06-15,Native_Ads,Native_Bonus_Landing,NG,T3,25013,239,0.0096,14.34,0.06,17,3,0.0711,0.1765,36.84,4.78,156.9,13,0,0,0.936
2024-06-15,Native_Ads,Native_Bonus_Landing,CA,T1,27298,611,0.0224,116.38,0.19,45,12,0.0736,0.2667,767.46,9.7,559.4,47,0,0,0.947
2024-06-15,Native_Ads,Native_Review_Article,AU,T1,40052,820,0.0205,195.47,0.238,63,14,0.0768,0.2222,1091.45,13.96,458.4,36,1,0,0.942
2024-06-15,Native_Ads,Native_Review_Article,IN,T3,26190,281,0.0107,19.2,0.068,19,4,0.0676,0.2105,57.35,4.8,198.7,20,0,0,0.928
2024-06-15,TikTok,TT_Sports_Short,DE,T1,43270,703,0.0162,248.31,0.353,31,5,0.0441,0.1613,279.35,49.66,12.5,63,0,0,0.928
2024-06-15,TikTok,TT_Casino_UGC,BR,T2,65008,1236,0.019,118.82,0.096,72,9,0.0583,0.125,264.16,13.2,122.3,49,2,0,0.93
2024-06-15,TikTok,TT_Casino_UGC,PL,T2,30892,743,0.0241,71.72,0.097,36,6,0.0485,0.1667,176.54,11.95,146.2,67,0,0,0.929
2024-06-15,TikTok,TT_Sports_Short,NG,T3,79664,2087,0.0262,42.55,0.02,133,18,0.0637,0.1353,107.95,2.36,153.7,91,1,0,0.914
2024-06-15,TikTok,TT_Casino_UGC,CA,T1,45329,965,0.0213,254.58,0.264,56,7,0.058,0.125,301.78,36.37,18.5,46,0,0,0.933
2024-06-15,TikTok,TT_Casino_UGC,AU,T1,32967,608,0.0184,170.98,0.281,33,7,0.0543,0.2121,306.21,24.43,79.1,48,0,0,0.936
2024-06-15,TikTok,TT_Sports_Short,IN,T3,36328,451,0.0124,34.64,0.077,25,4,0.0554,0.16,8.0,8.66,-76.9,47,0,0,0.922
2024-06-15,Affiliate_SEO,SEO_CasinoReview_DE,DE,T1,51057,929,0.0182,0.0,,237,89,0.2551,0.3755,10879.69,,,27,1,0,0.977
2024-06-15,Affiliate_SEO,SEO_BonusGuide_BR,BR,T2,8807,197,0.0224,0.0,,56,17,0.2843,0.3036,824.81,,,2,0,0,0.979
2024-06-15,Affiliate_SEO,SEO_CasinoReview_DE,PL,T2,9689,179,0.0185,0.0,,41,18,0.2291,0.439,1130.59,,,2,0,0,0.979
2024-06-15,Affiliate_SEO,SEO_CasinoReview_DE,NG,T3,1075,15,0.014,0.0,,3,0,0.2,0.0,0.0,,,0,0,0,0.978
2024-06-15,Affiliate_SEO,SEO_BonusGuide_BR,CA,T1,58099,1848,0.0318,0.0,,483,147,0.2614,0.3043,16029.1,,,39,4,0,0.98
2024-06-15,Affiliate_SEO,SEO_CasinoReview_DE,AU,T1,20472,521,0.0254,0.0,,92,36,0.1766,0.3913,4317.47,,,12,0,0,0.977
2024-06-15,Affiliate_SEO,SEO_BonusGuide_BR,IN,T3,1322,28,0.0212,0.0,,5,2,0.1786,0.4,61.33,,,0,0,0,0.981
2024-06-16,Facebook,FB_Sports_Banner,DE,T1,27258,292,0.0107,302.07,1.034,24,4,0.0822,0.1667,311.41,75.52,3.1,7,0,0,0.974
2024-06-16,Facebook,FB_Casino_CreativeA,BR,T2,50225,1506,0.03,175.86,0.117,150,24,0.0996,0.16,546.25,7.33,210.6,31,1,0,0.966
2024-06-16,Facebook,FB_Slots_Video,PL,T2,14134,586,0.0415,58.64,0.1,47,9,0.0802,0.1915,226.72,6.52,286.6,20,0,0,0.972
2024-06-16,Facebook,FB_Slots_Video,NG,T3,54161,1592,0.0294,53.22,0.033,190,51,0.1193,0.2684,938.26,1.04,1663.0,66,1,0,0.965
2024-06-16,Facebook,FB_Casino_CreativeA,CA,T1,17241,392,0.0227,153.76,0.392,26,6,0.0663,0.2308,374.56,25.63,143.6,6,0,0,0.964
2024-06-16,Facebook,FB_Sports_Banner,AU,T1,34109,1282,0.0376,265.81,0.207,134,27,0.1045,0.2015,1866.68,9.84,602.3,47,1,0,0.971
2024-06-16,Facebook,FB_Sports_Banner,IN,T3,38466,2005,0.0521,55.43,0.028,179,29,0.0893,0.162,654.94,1.91,1081.6,35,1,0,0.971
2024-06-16,Google_Search,GG_Casino_KW_Brand,DE,T1,35366,1120,0.0317,850.83,0.76,157,39,0.1402,0.2484,3852.71,21.82,352.8,15,0,0,0.989
2024-06-16,Google_Search,GG_Casino_KW_Brand,BR,T2,13605,482,0.0354,101.71,0.211,60,23,0.1245,0.3833,850.09,4.42,735.8,6,0,0,0.988
2024-06-16,Google_Search,GG_Sports_Betting,PL,T2,37720,1211,0.0321,425.64,0.351,202,50,0.1668,0.2475,2146.47,8.51,404.3,7,0,0,0.988
2024-06-16,Google_Search,GG_Casino_KW_Brand,NG,T3,23447,919,0.0392,52.87,0.058,120,25,0.1306,0.2083,348.62,2.11,559.4,12,0,0,0.99
2024-06-16,Google_Search,GG_Sports_Betting,CA,T1,41540,427,0.0103,1010.9,2.367,50,11,0.1171,0.22,978.2,91.9,-3.2,4,0,0,0.991
2024-06-16,Google_Search,GG_Sports_Betting,AU,T1,14765,368,0.0249,287.35,0.781,74,24,0.2011,0.3243,2303.74,11.97,701.7,4,0,0,0.99
2024-06-16,Google_Search,GG_Sports_Betting,IN,T3,32376,1312,0.0405,114.32,0.087,206,41,0.157,0.199,465.03,2.79,306.8,14,0,0,0.989
2024-06-16,Push_Network,Push_iGaming_Broad,DE,T1,38805,664,0.0171,75.38,0.114,22,2,0.0331,0.0909,96.39,37.69,27.9,137,1,0,0.877
2024-06-16,Push_Network,Push_Casino_Retarget,BR,T2,34800,546,0.0157,22.37,0.041,31,3,0.0568,0.0968,82.0,7.46,266.6,101,0,0,0.852
2024-06-16,Push_Network,Push_Casino_Retarget,PL,T2,30518,927,0.0304,24.85,0.027,51,4,0.055,0.0784,120.21,6.21,383.7,68,1,0,0.853
2024-06-16,Push_Network,Push_iGaming_Broad,NG,T3,15776,363,0.023,2.46,0.007,11,1,0.0303,0.0909,2.0,2.46,-18.7,38,0,0,0.848
2024-06-16,Push_Network,Push_iGaming_Broad,CA,T1,47916,1297,0.0271,69.0,0.053,53,6,0.0409,0.1132,194.04,11.5,181.2,149,2,0,0.857
2024-06-16,Push_Network,Push_Casino_Retarget,AU,T1,54339,1152,0.0212,71.72,0.062,30,4,0.026,0.1333,111.62,17.93,55.6,114,0,0,0.863
2024-06-16,Push_Network,Push_Casino_Retarget,IN,T3,20090,378,0.0188,5.04,0.013,14,1,0.037,0.0714,8.33,5.04,65.3,58,0,0,0.86
2024-06-16,Native_Ads,Native_Bonus_Landing,DE,T1,16733,198,0.0118,87.84,0.444,12,3,0.0606,0.25,203.99,29.28,132.2,10,0,0,0.948
2024-06-16,Native_Ads,Native_Bonus_Landing,BR,T2,27857,524,0.0188,48.37,0.092,35,7,0.0668,0.2,222.21,6.91,359.4,28,0,0,0.948
2024-06-16,Native_Ads,Native_Review_Article,PL,T2,19567,97,0.005,39.28,0.405,6,1,0.0619,0.1667,38.01,39.28,-3.2,2,0,0,0.932
2024-06-16,Native_Ads,Native_Review_Article,NG,T3,26993,415,0.0154,15.02,0.036,31,5,0.0747,0.1613,45.85,3.0,205.3,36,0,0,0.945
2024-06-16,Native_Ads,Native_Bonus_Landing,CA,T1,20854,499,0.0239,115.99,0.232,35,7,0.0701,0.2,480.19,16.57,314.0,15,0,0,0.947
2024-06-16,Native_Ads,Native_Bonus_Landing,AU,T1,46794,1025,0.0219,210.94,0.206,57,11,0.0556,0.193,626.51,19.18,197.0,61,0,0,0.936
2024-06-16,Native_Ads,Native_Bonus_Landing,IN,T3,12951,291,0.0225,8.92,0.031,21,3,0.0722,0.1429,60.98,2.97,583.6,20,0,0,0.937
2024-06-16,TikTok,TT_Casino_UGC,DE,T1,23198,353,0.0152,138.37,0.392,25,3,0.0708,0.12,154.14,46.12,11.4,28,0,0,0.916
2024-06-16,TikTok,TT_Sports_Short,BR,T2,45790,801,0.0175,104.37,0.13,35,5,0.0437,0.1429,86.68,20.87,-16.9,36,0,0,0.906
2024-06-16,TikTok,TT_Casino_UGC,PL,T2,22421,518,0.0231,65.9,0.127,39,6,0.0753,0.1538,170.85,10.98,159.3,40,1,0,0.927
2024-06-16,TikTok,TT_Casino_UGC,NG,T3,18879,293,0.0155,12.54,0.043,21,2,0.0717,0.0952,31.3,6.27,149.6,30,0,0,0.925
2024-06-16,TikTok,TT_Sports_Short,CA,T1,30181,849,0.0281,181.59,0.214,36,3,0.0424,0.0833,140.06,60.53,-22.9,72,0,0,0.911
2024-06-16,TikTok,TT_Sports_Short,AU,T1,16710,273,0.0163,103.85,0.38,20,3,0.0733,0.15,161.63,34.62,55.6,18,0,0,0.907
2024-06-16,TikTok,TT_Sports_Short,IN,T3,19308,400,0.0207,16.36,0.041,22,3,0.055,0.1364,6.0,5.45,-63.3,41,0,0,0.905
2024-06-16,Affiliate_SEO,SEO_BonusGuide_BR,DE,T1,107961,1635,0.0151,0.0,,481,176,0.2942,0.3659,19011.19,,,16,2,0,0.981
2024-06-16,Affiliate_SEO,SEO_BonusGuide_BR,BR,T2,11071,187,0.0169,0.0,,35,13,0.1872,0.3714,557.63,,,5,0,0,0.979
2024-06-16,Affiliate_SEO,SEO_CasinoReview_DE,PL,T2,11781,140,0.0119,0.0,,28,9,0.2,0.3214,363.86,,,2,0,0,0.982
2024-06-16,Affiliate_SEO,SEO_CasinoReview_DE,NG,T3,1555,35,0.0225,0.0,,7,2,0.2,0.2857,41.11,,,0,0,0,0.979
2024-06-16,Affiliate_SEO,SEO_BonusGuide_BR,CA,T1,142663,3583,0.0251,0.0,,829,249,0.2314,0.3004,30148.42,,,102,7,0,0.981
2024-06-16,Affiliate_SEO,SEO_BonusGuide_BR,AU,T1,60679,1109,0.0183,0.0,,279,96,0.2516,0.3441,9582.43,,,14,2,0,0.978
2024-06-16,Affiliate_SEO,SEO_BonusGuide_BR,IN,T3,9055,205,0.0226,0.0,,50,16,0.2439,0.32,233.46,,,2,0,0,0.98
2024-06-17,Facebook,FB_Sports_Banner,DE,T1,49061,1724,0.0351,455.56,0.264,145,22,0.0841,0.1517,1784.87,20.71,291.8,30,1,0,0.971
2024-06-17,Facebook,FB_Slots_Video,BR,T2,28220,669,0.0237,80.45,0.12,63,10,0.0942,0.1587,194.22,8.04,141.4,24,0,0,0.965
2024-06-17,Facebook,FB_Sports_Banner,PL,T2,37905,977,0.0258,157.05,0.161,95,23,0.0972,0.2421,1006.49,6.83,540.9,26,1,0,0.971
2024-06-17,Facebook,FB_Slots_Video,NG,T3,20013,853,0.0426,18.11,0.021,79,9,0.0926,0.1139,114.42,2.01,531.8,36,0,0,0.975
2024-06-17,Facebook,FB_Slots_Video,CA,T1,13530,538,0.0398,133.28,0.248,65,9,0.1208,0.1385,659.82,14.81,395.1,18,0,0,0.965
2024-06-17,Facebook,FB_Sports_Banner,AU,T1,22593,606,0.0268,173.4,0.286,47,10,0.0776,0.2128,743.9,17.34,329.0,17,0,0,0.967
2024-06-17,Facebook,FB_Slots_Video,IN,T3,11411,477,0.0418,16.66,0.035,37,9,0.0776,0.2432,163.2,1.85,879.6,20,0,0,0.968
2024-06-17,Google_Search,GG_Casino_KW_Brand,DE,T1,44669,2031,0.0455,1176.59,0.579,424,82,0.2088,0.1934,8678.27,14.35,637.6,30,1,0,0.988
2024-06-17,Google_Search,GG_Sports_Betting,BR,T2,65899,2114,0.0321,520.91,0.246,251,66,0.1187,0.2629,2560.55,7.89,391.6,18,0,0,0.99
2024-06-17,Google_Search,GG_Sports_Betting,PL,T2,11827,459,0.0388,126.51,0.276,44,13,0.0959,0.2955,766.75,9.73,506.1,2,0,0,0.989
2024-06-17,Google_Search,GG_Casino_KW_Brand,NG,T3,37951,1616,0.0426,94.34,0.058,220,71,0.1361,0.3227,358.67,1.33,280.2,19,0,0,0.991
2024-06-17,Google_Search,GG_Casino_KW_Brand,CA,T1,43799,1705,0.0389,1185.54,0.695,284,106,0.1666,0.3732,11403.5,11.18,861.9,25,0,0,0.991
2024-06-17,Google_Search,GG_Casino_KW_Brand,AU,T1,21011,687,0.0327,451.74,0.658,83,23,0.1208,0.2771,2425.01,19.64,436.8,3,0,0,0.988
2024-06-17,Google_Search,GG_Slots_KW_Generic,IN,T3,20742,683,0.0329,79.84,0.117,92,21,0.1347,0.2283,548.62,3.8,587.1,4,0,0,0.989
2024-06-17,Push_Network,Push_iGaming_Broad,DE,T1,13505,239,0.0177,22.12,0.093,11,1,0.046,0.0909,43.51,22.12,96.7,31,0,0,0.873
2024-06-17,Push_Network,Push_Casino_Retarget,BR,T2,22955,647,0.0282,13.69,0.021,24,3,0.0371,0.125,9.09,4.56,-33.6,54,1,0,0.846
2024-06-17,Push_Network,Push_iGaming_Broad,PL,T2,37090,567,0.0153,30.7,0.054,25,1,0.0441,0.04,21.14,30.7,-31.1,47,1,0,0.883
2024-06-17,Push_Network,Push_Casino_Retarget,NG,T3,24551,296,0.0121,3.71,0.013,13,1,0.0439,0.0769,6.9,3.71,86.0,60,0,0,0.851
2024-06-17,Push_Network,Push_iGaming_Broad,CA,T1,29604,386,0.013,54.0,0.14,15,1,0.0389,0.0667,31.88,54.0,-41.0,48,0,0,0.863
2024-06-17,Push_Network,Push_Casino_Retarget,AU,T1,36925,569,0.0154,50.0,0.088,22,2,0.0387,0.0909,98.69,25.0,97.4,88,1,0,0.861
2024-06-17,Push_Network,Push_iGaming_Broad,IN,T3,11792,231,0.0196,2.48,0.011,13,1,0.0563,0.0769,4.04,2.48,62.9,20,0,0,0.876
2024-06-17,Native_Ads,Native_Bonus_Landing,DE,T1,32448,938,0.0289,170.15,0.181,48,10,0.0512,0.2083,692.33,17.02,306.9,67,0,0,0.95
2024-06-17,Native_Ads,Native_Review_Article,BR,T2,14863,215,0.0145,25.79,0.12,12,2,0.0558,0.1667,41.41,12.89,60.6,6,0,0,0.948
2024-06-17,Native_Ads,Native_Bonus_Landing,PL,T2,22574,430,0.019,50.37,0.117,37,9,0.086,0.2432,210.76,5.6,318.4,27,0,0,0.949
2024-06-17,Native_Ads,Native_Review_Article,NG,T3,24093,269,0.0112,11.76,0.044,17,2,0.0632,0.1176,36.85,5.88,213.4,14,0,0,0.952
2024-06-17,Native_Ads,Native_Bonus_Landing,CA,T1,41631,859,0.0206,226.61,0.264,60,14,0.0698,0.2333,744.62,16.19,228.6,53,0,0,0.942
2024-06-17,Native_Ads,Native_Review_Article,AU,T1,37912,610,0.0161,178.87,0.293,39,8,0.0639,0.2051,535.08,22.36,199.1,24,0,0,0.933
2024-06-17,Native_Ads,Native_Review_Article,IN,T3,65933,761,0.0115,56.29,0.074,41,9,0.0539,0.2195,224.8,6.25,299.4,32,1,0,0.949
2024-06-17,TikTok,TT_Sports_Short,DE,T1,14239,280,0.0197,90.47,0.323,16,3,0.0571,0.1875,110.06,30.16,21.7,25,0,0,0.917
2024-06-17,TikTok,TT_Casino_UGC,BR,T2,10923,204,0.0187,20.94,0.103,9,1,0.0441,0.1111,26.92,20.94,28.6,14,0,0,0.904
2024-06-17,TikTok,TT_Casino_UGC,PL,T2,28072,351,0.0125,85.46,0.243,16,2,0.0456,0.125,39.85,42.73,-53.4,41,0,0,0.928
2024-06-17,TikTok,TT_Casino_UGC,NG,T3,37117,572,0.0154,22.24,0.039,34,6,0.0594,0.1765,28.85,3.71,29.7,26,1,0,0.915
2024-06-17,TikTok,TT_Casino_UGC,CA,T1,24814,308,0.0124,135.24,0.439,14,1,0.0455,0.0714,40.98,135.24,-69.7,19,0,0,0.934
2024-06-17,TikTok,TT_Sports_Short,AU,T1,30713,153,0.005,163.33,1.068,9,1,0.0588,0.1111,33.03,163.33,-79.8,10,0,0,0.932
2024-06-17,TikTok,TT_Sports_Short,IN,T3,23048,534,0.0232,18.01,0.034,28,3,0.0524,0.1071,17.19,6.0,-4.6,60,0,0,0.923
2024-06-17,Affiliate_SEO,SEO_CasinoReview_DE,DE,T1,11109,253,0.0228,0.0,,55,23,0.2174,0.4182,2760.93,,,4,0,0,0.984
2024-06-17,Affiliate_SEO,SEO_BonusGuide_BR,BR,T2,14074,174,0.0124,0.0,,46,19,0.2644,0.413,1260.39,,,2,0,0,0.979
2024-06-17,Affiliate_SEO,SEO_BonusGuide_BR,PL,T2,37284,645,0.0173,0.0,,118,39,0.1829,0.3305,2930.49,,,14,0,0,0.976
2024-06-17,Affiliate_SEO,SEO_CasinoReview_DE,NG,T3,4026,72,0.0179,0.0,,19,4,0.2639,0.2105,96.41,,,2,0,0,0.98
2024-06-17,Affiliate_SEO,SEO_CasinoReview_DE,CA,T1,16807,236,0.014,0.0,,36,10,0.1525,0.2778,1129.35,,,4,0,0,0.982
2024-06-17,Affiliate_SEO,SEO_CasinoReview_DE,AU,T1,25621,487,0.019,0.0,,107,39,0.2197,0.3645,3988.27,,,13,0,0,0.979
2024-06-17,Affiliate_SEO,SEO_BonusGuide_BR,IN,T3,5466,120,0.022,0.0,,27,12,0.225,0.4444,323.76,,,2,0,0,0.983
2024-06-18,Facebook,FB_Sports_Banner,DE,T1,25026,1145,0.0458,273.08,0.238,81,21,0.0707,0.2593,1702.71,13.0,523.5,25,1,0,0.968
2024-06-18,Facebook,FB_Slots_Video,BR,T2,21702,985,0.0454,74.99,0.076,84,17,0.0853,0.2024,573.98,4.41,665.4,39,0,0,0.968
2024-06-18,Facebook,FB_Sports_Banner,PL,T2,15787,362,0.0229,62.16,0.172,46,11,0.1271,0.2391,281.17,5.65,352.3,14,0,0,0.97
2024-06-18,Facebook,FB_Casino_CreativeA,NG,T3,26231,914,0.0348,20.77,0.023,111,38,0.1214,0.3423,527.53,0.55,2439.9,18,1,0,0.969
2024-06-18,Facebook,FB_Slots_Video,CA,T1,30052,936,0.0311,253.37,0.271,89,14,0.0951,0.1573,963.44,18.1,280.3,20,0,0,0.971
2024-06-18,Facebook,FB_Sports_Banner,AU,T1,18660,750,0.0402,146.24,0.195,72,14,0.096,0.1944,1024.98,10.45,600.9,21,0,0,0.968
2024-06-18,Facebook,FB_Slots_Video,IN,T3,28333,1296,0.0457,42.63,0.033,103,14,0.0795,0.1359,160.67,3.05,276.9,55,0,0,0.972
2024-06-18,Google_Search,GG_Sports_Betting,DE,T1,13375,462,0.0345,405.39,0.877,64,17,0.1385,0.2656,1788.95,23.85,341.3,6,0,0,0.99
2024-06-18,Google_Search,GG_Casino_KW_Brand,BR,T2,25549,685,0.0268,239.92,0.35,85,26,0.1241,0.3059,1111.56,9.23,363.3,9,0,0,0.991
2024-06-18,Google_Search,GG_Casino_KW_Brand,PL,T2,16066,819,0.051,158.16,0.193,157,54,0.1917,0.3439,1855.94,2.93,1073.5,4,0,0,0.99
2024-06-18,Google_Search,GG_Casino_KW_Brand,NG,T3,19816,753,0.038,51.77,0.069,99,26,0.1315,0.2626,690.79,1.99,1234.3,8,0,0,0.991
2024-06-18,Google_Search,GG_Casino_KW_Brand,CA,T1,21710,406,0.0187,508.39,1.252,71,20,0.1749,0.2817,1996.82,25.42,292.8,2,0,0,0.99
2024-06-18,Google_Search,GG_Casino_KW_Brand,AU,T1,23189,826,0.0356,593.12,0.718,135,32,0.1634,0.237,3092.21,18.54,421.3,9,0,0,0.991
2024-06-18,Google_Search,GG_Casino_KW_Brand,IN,T3,8979,372,0.0414,31.19,0.084,49,10,0.1317,0.2041,274.31,3.12,779.5,2,0,0,0.988
2024-06-18,Push_Network,Push_iGaming_Broad,DE,T1,47229,964,0.0204,75.36,0.078,33,3,0.0342,0.0909,84.31,25.12,11.9,157,1,0,0.86
2024-06-18,Push_Network,Push_iGaming_Broad,BR,T2,14387,298,0.0207,7.76,0.026,14,1,0.047,0.0714,2.0,7.76,-74.2,47,0,0,0.876
2024-06-18,Push_Network,Push_Casino_Retarget,PL,T2,18912,174,0.0092,14.63,0.084,8,1,0.046,0.125,20.05,14.63,37.0,14,0,0,0.863
2024-06-18,Push_Network,Push_iGaming_Broad,NG,T3,25672,817,0.0318,3.71,0.005,24,2,0.0294,0.0833,4.0,1.85,7.8,103,0,0,0.862
2024-06-18,Push_Network,Push_iGaming_Broad,CA,T1,25993,330,0.0127,40.88,0.124,10,1,0.0303,0.1,30.19,40.88,-26.1,66,0,0,0.869
2024-06-18,Push_Network,Push_Casino_Retarget,AU,T1,15690,276,0.0176,23.97,0.087,12,1,0.0435,0.0833,29.38,23.97,22.6,23,0,0,0.851
2024-06-18,Push_Network,Push_Casino_Retarget,IN,T3,11170,206,0.0184,2.51,0.012,6,0,0.0291,0.0,0.0,,-100.0,31,0,0,0.861
2024-06-18,Native_Ads,Native_Review_Article,DE,T1,11261,146,0.013,70.32,0.482,12,3,0.0822,0.25,163.55,23.44,132.6,12,0,0,0.947
2024-06-18,Native_Ads,Native_Bonus_Landing,BR,T2,16279,133,0.0082,25.81,0.194,9,2,0.0677,0.2222,42.61,12.9,65.1,7,0,0,0.944
2024-06-18,Native_Ads,Native_Review_Article,PL,T2,10000,262,0.0262,24.19,0.092,21,4,0.0802,0.1905,69.26,6.05,186.3,20,0,0,0.95
2024-06-18,Native_Ads,Native_Review_Article,NG,T3,22914,831,0.0363,11.65,0.014,51,12,0.0614,0.2353,95.92,0.97,723.3,42,0,0,0.949
2024-06-18,Native_Ads,Native_Bonus_Landing,CA,T1,26274,514,0.0196,149.79,0.291,36,5,0.07,0.1389,337.81,29.96,125.5,44,0,0,0.929
2024-06-18,Native_Ads,Native_Bonus_Landing,AU,T1,46700,1388,0.0297,224.76,0.162,51,9,0.0367,0.1765,557.32,24.97,148.0,74,1,0,0.934
2024-06-18,Native_Ads,Native_Bonus_Landing,IN,T3,19254,345,0.0179,12.4,0.036,34,7,0.0986,0.2059,134.49,1.77,984.6,17,0,0,0.933
2024-06-18,TikTok,TT_Casino_UGC,DE,T1,29176,728,0.025,207.11,0.284,45,8,0.0618,0.1778,218.34,25.89,5.4,74,0,0,0.919
2024-06-18,TikTok,TT_Sports_Short,BR,T2,13106,274,0.0209,26.1,0.095,13,2,0.0474,0.1538,39.46,13.05,51.2,26,0,0,0.926
2024-06-18,TikTok,TT_Casino_UGC,PL,T2,11962,349,0.0292,30.01,0.086,17,3,0.0487,0.1765,44.4,10.0,48.0,23,0,0,0.914
2024-06-18,TikTok,TT_Casino_UGC,NG,T3,21407,349,0.0163,14.44,0.041,26,5,0.0745,0.1923,10.0,2.89,-30.7,26,0,0,0.935
2024-06-18,TikTok,TT_Sports_Short,CA,T1,38947,510,0.0131,264.84,0.519,22,2,0.0431,0.0909,77.75,132.42,-70.6,25,0,0,0.912
2024-06-18,TikTok,TT_Casino_UGC,AU,T1,8247,199,0.0241,53.84,0.271,16,2,0.0804,0.125,89.47,26.92,66.2,12,0,0,0.931
2024-06-18,TikTok,TT_Sports_Short,IN,T3,35256,757,0.0215,32.55,0.043,38,5,0.0502,0.1316,10.0,6.51,-69.3,61,1,0,0.934
2024-06-18,Affiliate_SEO,SEO_BonusGuide_BR,DE,T1,11379,314,0.0276,0.0,,84,26,0.2675,0.3095,3095.93,,,8,0,0,0.978
2024-06-18,Affiliate_SEO,SEO_BonusGuide_BR,BR,T2,8572,239,0.0279,0.0,,47,20,0.1967,0.4255,1183.39,,,4,0,0,0.98
2024-06-18,Affiliate_SEO,SEO_BonusGuide_BR,PL,T2,16654,211,0.0127,0.0,,55,24,0.2607,0.4364,1505.32,,,2,0,0,0.978
2024-06-18,Affiliate_SEO,SEO_BonusGuide_BR,NG,T3,3447,66,0.0191,0.0,,10,4,0.1515,0.4,43.3,,,1,0,0,0.979
2024-06-18,Affiliate_SEO,SEO_CasinoReview_DE,CA,T1,18871,270,0.0143,0.0,,39,15,0.1444,0.3846,1550.49,,,4,0,0,0.984
2024-06-18,Affiliate_SEO,SEO_BonusGuide_BR,AU,T1,14990,148,0.0099,0.0,,42,14,0.2838,0.3333,1332.94,,,1,0,0,0.98
2024-06-18,Affiliate_SEO,SEO_CasinoReview_DE,IN,T3,3038,54,0.0178,0.0,,14,5,0.2593,0.3571,88.49,,,1,0,0,0.979
2024-06-19,Facebook,FB_Casino_CreativeA,DE,T1,35955,1145,0.0318,356.41,0.311,74,20,0.0646,0.2703,1643.01,17.82,361.0,24,0,0,0.97
2024-06-19,Facebook,FB_Slots_Video,BR,T2,15462,523,0.0338,46.04,0.088,52,9,0.0994,0.1731,272.71,5.12,492.3,16,0,0,0.97
2024-06-19,Facebook,FB_Sports_Banner,PL,T2,30313,1139,0.0376,139.57,0.123,82,13,0.072,0.1585,579.53,10.74,315.2,33,0,0,0.967
2024-06-19,Facebook,FB_Casino_CreativeA,NG,T3,20067,669,0.0333,18.47,0.028,63,15,0.0942,0.2381,286.01,1.23,1448.5,12,0,0,0.97
2024-06-19,Facebook,FB_Sports_Banner,CA,T1,33368,1240,0.0372,334.64,0.27,66,12,0.0532,0.1818,833.7,27.89,149.1,46,0,0,0.967
2024-06-19,Facebook,FB_Casino_CreativeA,AU,T1,56513,2464,0.0436,441.71,0.179,219,47,0.0889,0.2146,3365.67,9.4,662.0,106,2,0,0.964
2024-06-19,Facebook,FB_Slots_Video,IN,T3,16813,533,0.0317,23.69,0.044,57,15,0.1069,0.2632,222.71,1.58,840.1,19,0,0,0.973
2024-06-19,Google_Search,GG_Slots_KW_Generic,DE,T1,23481,804,0.0342,553.09,0.688,103,37,0.1281,0.3592,3865.08,14.95,598.8,10,0,0,0.99
2024-06-19,Google_Search,GG_Sports_Betting,BR,T2,36602,1185,0.0324,333.51,0.281,89,37,0.0751,0.4157,1396.12,9.01,318.6,15,0,0,0.989
2024-06-19,Google_Search,GG_Casino_KW_Brand,PL,T2,25432,1004,0.0395,284.76,0.284,140,44,0.1394,0.3143,2464.87,6.47,765.6,13,0,0,0.99
2024-06-19,Google_Search,GG_Slots_KW_Generic,NG,T3,19385,698,0.036,40.44,0.058,108,16,0.1547,0.1481,168.39,2.53,316.4,7,0,0,0.99
2024-06-19,Google_Search,GG_Sports_Betting,CA,T1,69682,2973,0.0427,1448.3,0.487,381,146,0.1282,0.3832,14989.24,9.92,935.0,29,0,0,0.991
2024-06-19,Google_Search,GG_Casino_KW_Brand,AU,T1,16689,349,0.0209,324.11,0.929,52,12,0.149,0.2308,1218.32,27.01,275.9,3,0,0,0.99
2024-06-19,Google_Search,GG_Slots_KW_Generic,IN,T3,14968,528,0.0353,46.96,0.089,96,38,0.1818,0.3958,1345.51,1.24,2765.2,6,0,0,0.991
2024-06-19,Push_Network,Push_Casino_Retarget,DE,T1,41941,812,0.0194,69.5,0.086,42,3,0.0517,0.0714,133.09,23.17,91.5,98,2,0,0.841
2024-06-19,Push_Network,Push_iGaming_Broad,BR,T2,42883,672,0.0157,26.94,0.04,31,4,0.0461,0.129,138.18,6.74,412.9,50,1,0,0.832
2024-06-19,Push_Network,Push_iGaming_Broad,PL,T2,16407,262,0.016,11.31,0.043,9,1,0.0344,0.1111,16.57,11.31,46.5,23,0,0,0.854
2024-06-19,Push_Network,Push_Casino_Retarget,NG,T3,20899,520,0.0249,3.29,0.006,15,2,0.0288,0.1333,4.0,1.65,21.6,56,0,0,0.876
2024-06-19,Push_Network,Push_iGaming_Broad,CA,T1,21992,361,0.0164,35.1,0.097,12,1,0.0332,0.0833,39.5,35.1,12.5,73,0,0,0.881
2024-06-19,Push_Network,Push_iGaming_Broad,AU,T1,11547,256,0.0222,19.02,0.074,8,1,0.0312,0.125,24.53,19.02,29.0,39,0,0,0.859
2024-06-19,Push_Network,Push_iGaming_Broad,IN,T3,41971,682,0.0162,10.59,0.016,32,4,0.0469,0.125,37.12,2.65,250.5,122,1,0,0.874
2024-06-19,Native_Ads,Native_Review_Article,DE,T1,29164,446,0.0153,149.01,0.334,25,3,0.0561,0.12,206.67,49.67,38.7,19,0,0,0.947
2024-06-19,Native_Ads,Native_Review_Article,BR,T2,44751,636,0.0142,73.27,0.115,45,10,0.0708,0.2222,206.23,7.33,181.5,22,0,0,0.94
2024-06-19,Native_Ads,Native_Review_Article,PL,T2,40473,942,0.0233,91.82,0.097,66,12,0.0701,0.1818,424.66,7.65,362.5,57,1,0,0.939
2024-06-19,Native_Ads,Native_Bonus_Landing,NG,T3,55318,785,0.0142,29.45,0.038,70,8,0.0892,0.1143,18.38,3.68,-37.6,62,1,0,0.933
2024-06-19,Native_Ads,Native_Bonus_Landing,CA,T1,28235,566,0.02,131.24,0.232,37,5,0.0654,0.1351,290.9,26.25,121.7,45,0,0,0.946
2024-06-19,Native_Ads,Native_Review_Article,AU,T1,15438,418,0.0271,81.43,0.195,36,6,0.0861,0.1667,356.29,13.57,337.5,13,0,0,0.946
2024-06-19,Native_Ads,Native_Review_Article,IN,T3,29195,577,0.0198,22.14,0.038,44,9,0.0763,0.2045,118.71,2.46,436.2,29,1,0,0.934
2024-06-19,TikTok,TT_Casino_UGC,DE,T1,14052,270,0.0192,97.08,0.36,14,1,0.0519,0.0714,41.61,97.08,-57.1,11,0,0,0.926
2024-06-19,TikTok,TT_Casino_UGC,BR,T2,9890,240,0.0243,19.3,0.08,17,3,0.0708,0.1765,48.82,6.43,153.0,9,0,0,0.921
2024-06-19,TikTok,TT_Casino_UGC,PL,T2,28707,815,0.0284,71.94,0.088,42,6,0.0515,0.1429,149.72,11.99,108.1,95,0,0,0.905
2024-06-19,TikTok,TT_Sports_Short,NG,T3,10163,219,0.0215,5.19,0.024,13,2,0.0594,0.1538,8.93,2.6,72.1,8,0,0,0.905
2024-06-19,TikTok,TT_Casino_UGC,CA,T1,16300,373,0.0229,108.24,0.29,25,5,0.067,0.2,175.78,21.65,62.4,40,0,0,0.933
2024-06-19,TikTok,TT_Sports_Short,AU,T1,23816,590,0.0248,140.84,0.239,40,6,0.0678,0.15,294.53,23.47,109.1,27,0,0,0.907
2024-06-19,TikTok,TT_Casino_UGC,IN,T3,23547,659,0.028,19.31,0.029,53,8,0.0804,0.1509,51.49,2.41,166.6,79,0,0,0.911
2024-06-19,Affiliate_SEO,SEO_BonusGuide_BR,DE,T1,72434,1445,0.0199,0.0,,168,57,0.1163,0.3393,7084.25,,,40,1,0,0.983
2024-06-19,Affiliate_SEO,SEO_BonusGuide_BR,BR,T2,25385,363,0.0143,0.0,,68,24,0.1873,0.3529,1178.17,,,4,0,0,0.981
2024-06-19,Affiliate_SEO,SEO_CasinoReview_DE,PL,T2,7326,161,0.022,0.0,,40,12,0.2484,0.3,651.75,,,4,0,0,0.978
2024-06-19,Affiliate_SEO,SEO_CasinoReview_DE,NG,T3,2898,21,0.0072,0.0,,3,1,0.1429,0.3333,19.96,,,0,0,0,0.976
2024-06-19,Affiliate_SEO,SEO_CasinoReview_DE,CA,T1,25436,836,0.0329,0.0,,203,60,0.2428,0.2956,7232.67,,,19,0,0,0.983
2024-06-19,Affiliate_SEO,SEO_CasinoReview_DE,AU,T1,8486,96,0.0113,0.0,,19,7,0.1979,0.3684,759.63,,,2,0,0,0.979
2024-06-19,Affiliate_SEO,SEO_BonusGuide_BR,IN,T3,2661,37,0.0139,0.0,,8,2,0.2162,0.25,27.62,,,1,0,0,0.981
2024-06-20,Facebook,FB_Sports_Banner,DE,T1,10372,489,0.0471,109.44,0.224,52,13,0.1063,0.25,959.99,8.42,777.2,11,0,0,0.972
2024-06-20,Facebook,FB_Casino_CreativeA,BR,T2,24508,509,0.0208,79.87,0.157,41,10,0.0806,0.2439,188.43,7.99,135.9,20,0,0,0.974
2024-06-20,Facebook,FB_Sports_Banner,PL,T2,15103,432,0.0286,61.13,0.142,29,7,0.0671,0.2414,306.05,8.73,400.7,12,0,0,0.967
2024-06-20,Facebook,FB_Casino_CreativeA,NG,T3,10313,292,0.0283,8.71,0.03,30,7,0.1027,0.2333,33.74,1.24,287.4,6,0,0,0.975
2024-06-20,Facebook,FB_Sports_Banner,CA,T1,13717,407,0.0297,110.64,0.272,28,7,0.0688,0.25,498.8,15.81,350.8,15,0,0,0.971
2024-06-20,Facebook,FB_Slots_Video,AU,T1,12806,408,0.0319,102.77,0.252,43,12,0.1054,0.2791,828.54,8.56,706.2,18,0,0,0.968
2024-06-20,Facebook,FB_Sports_Banner,IN,T3,40537,1518,0.0374,61.48,0.041,154,43,0.1014,0.2792,569.62,1.43,826.5,65,1,0,0.964
2024-06-20,Google_Search,GG_Casino_KW_Brand,DE,T1,20832,697,0.0335,536.3,0.769,113,37,0.1621,0.3274,3539.85,14.49,560.1,6,0,0,0.988
2024-06-20,Google_Search,GG_Casino_KW_Brand,BR,T2,19267,620,0.0322,166.72,0.269,67,16,0.1081,0.2388,633.36,10.42,279.9,6,0,0,0.99
2024-06-20,Google_Search,GG_Sports_Betting,PL,T2,19413,665,0.0343,199.01,0.299,62,22,0.0932,0.3548,1364.4,9.05,585.6,9,0,0,0.991
2024-06-20,Google_Search,GG_Sports_Betting,NG,T3,39290,2110,0.0537,93.04,0.044,281,93,0.1332,0.331,988.38,1.0,962.3,22,0,0,0.989
2024-06-20,Google_Search,GG_Casino_KW_Brand,CA,T1,37976,1465,0.0386,875.96,0.598,262,93,0.1788,0.355,10449.36,9.42,1092.9,20,0,0,0.991
2024-06-20,Google_Search,GG_Casino_KW_Brand,AU,T1,29801,1111,0.0373,592.25,0.533,146,27,0.1314,0.1849,2789.72,21.94,371.0,15,0,0,0.991
2024-06-20,Google_Search,GG_Sports_Betting,IN,T3,39332,1073,0.0273,148.79,0.139,177,44,0.165,0.2486,1070.71,3.38,619.6,8,0,0,0.99
2024-06-20,Push_Network,Push_iGaming_Broad,DE,T1,8832,205,0.0232,14.06,0.069,8,1,0.039,0.125,33.13,14.06,135.6,40,0,0,0.85
2024-06-20,Push_Network,Push_iGaming_Broad,BR,T2,20995,286,0.0136,13.2,0.046,11,1,0.0385,0.0909,5.08,13.2,-61.5,53,0,0,0.87
2024-06-20,Push_Network,Push_Casino_Retarget,PL,T2,24134,467,0.0194,18.09,0.039,17,1,0.0364,0.0588,20.52,18.09,13.4,69,0,0,0.88
2024-06-20,Push_Network,Push_Casino_Retarget,NG,T3,35109,589,0.0168,4.91,0.008,18,2,0.0306,0.1111,21.42,2.46,336.3,85,0,0,0.883
2024-06-20,Push_Network,Push_iGaming_Broad,CA,T1,25150,382,0.0152,41.99,0.11,12,2,0.0314,0.1667,70.05,21.0,66.8,44,0,0,0.883
2024-06-20,Push_Network,Push_Casino_Retarget,AU,T1,36308,874,0.0241,53.33,0.061,42,5,0.0481,0.119,169.16,10.67,217.2,129,1,0,0.858
2024-06-20,Push_Network,Push_iGaming_Broad,IN,T3,10388,174,0.0168,2.28,0.013,5,0,0.0287,0.0,0.0,,-100.0,24,0,0,0.849
2024-06-20,Native_Ads,Native_Bonus_Landing,DE,T1,7050,103,0.0146,39.44,0.383,8,1,0.0777,0.125,68.21,39.44,72.9,9,0,0,0.951
2024-06-20,Native_Ads,Native_Review_Article,BR,T2,35311,546,0.0155,55.05,0.101,28,6,0.0513,0.2143,115.83,9.17,110.4,30,0,0,0.946
2024-06-20,Native_Ads,Native_Review_Article,PL,T2,11393,157,0.0138,28.33,0.18,9,2,0.0573,0.2222,75.07,14.16,165.0,13,0,0,0.94
2024-06-20,Native_Ads,Native_Bonus_Landing,NG,T3,31400,647,0.0206,15.2,0.023,43,7,0.0665,0.1628,72.49,2.17,376.9,43,1,0,0.929
2024-06-20,Native_Ads,Native_Bonus_Landing,CA,T1,10926,223,0.0204,59.32,0.266,15,3,0.0673,0.2,197.2,19.77,232.4,14,0,0,0.946
2024-06-20,Native_Ads,Native_Bonus_Landing,AU,T1,4761,106,0.0223,24.06,0.227,5,0,0.0472,0.0,0.0,,-100.0,7,0,0,0.945
2024-06-20,Native_Ads,Native_Review_Article,IN,T3,13445,289,0.0215,9.47,0.033,23,3,0.0796,0.1304,34.38,3.16,263.0,12,0,0,0.944
2024-06-20,TikTok,TT_Sports_Short,DE,T1,16400,373,0.0227,109.82,0.294,27,5,0.0724,0.1852,233.41,21.96,112.5,33,0,0,0.905
2024-06-20,TikTok,TT_Sports_Short,BR,T2,20268,458,0.0226,36.86,0.08,28,4,0.0611,0.1429,120.88,9.21,227.9,46,0,0,0.925
2024-06-20,TikTok,TT_Sports_Short,PL,T2,26014,570,0.0219,62.92,0.11,38,5,0.0667,0.1316,135.69,12.58,115.7,63,0,0,0.911
2024-06-20,TikTok,TT_Casino_UGC,NG,T3,27376,509,0.0186,14.9,0.029,21,3,0.0413,0.1429,8.95,4.97,-39.9,45,0,0,0.923
2024-06-20,TikTok,TT_Casino_UGC,CA,T1,19396,372,0.0192,99.24,0.267,24,4,0.0645,0.1667,217.28,24.81,118.9,28,0,0,0.935
2024-06-20,TikTok,TT_Sports_Short,AU,T1,20593,475,0.0231,129.8,0.273,29,3,0.0611,0.1034,116.47,43.27,-10.3,35,0,0,0.926
2024-06-20,TikTok,TT_Sports_Short,IN,T3,42363,896,0.0212,39.31,0.044,56,9,0.0625,0.1607,198.83,4.37,405.8,56,1,0,0.909
2024-06-20,Affiliate_SEO,SEO_CasinoReview_DE,DE,T1,74548,1147,0.0154,0.0,,354,144,0.3086,0.4068,17569.09,,,19,3,0,0.979
2024-06-20,Affiliate_SEO,SEO_CasinoReview_DE,BR,T2,18443,197,0.0107,0.0,,58,23,0.2944,0.3966,1103.53,,,2,0,0,0.976
2024-06-20,Affiliate_SEO,SEO_BonusGuide_BR,PL,T2,13933,275,0.0197,0.0,,71,22,0.2582,0.3099,1357.25,,,3,0,0,0.978
2024-06-20,Affiliate_SEO,SEO_CasinoReview_DE,NG,T3,773,8,0.0103,0.0,,1,0,0.125,0.0,0.0,,,0,0,0,0.983
2024-06-20,Affiliate_SEO,SEO_CasinoReview_DE,CA,T1,28981,465,0.016,0.0,,83,28,0.1785,0.3373,3408.21,,,10,0,0,0.983
2024-06-20,Affiliate_SEO,SEO_CasinoReview_DE,AU,T1,55796,1185,0.0212,0.0,,206,66,0.1738,0.3204,7817.12,,,29,1,0,0.978
2024-06-20,Affiliate_SEO,SEO_CasinoReview_DE,IN,T3,5768,74,0.0128,0.0,,15,6,0.2027,0.4,96.04,,,1,0,0,0.981
2024-06-21,Facebook,FB_Sports_Banner,DE,T1,29733,1245,0.0419,267.1,0.215,159,38,0.1277,0.239,2766.59,7.03,935.8,23,1,0,0.976
2024-06-21,Facebook,FB_Slots_Video,BR,T2,25141,1153,0.0459,84.89,0.074,119,37,0.1032,0.3109,1230.75,2.29,1349.8,18,0,0,0.969
2024-06-21,Facebook,FB_Sports_Banner,PL,T2,35431,1432,0.0404,160.58,0.112,130,39,0.0908,0.3,2076.21,4.12,1192.9,32,1,0,0.965
2024-06-21,Facebook,FB_Slots_Video,NG,T3,32133,1105,0.0344,29.86,0.027,127,32,0.1149,0.252,127.31,0.93,326.4,40,1,0,0.969
2024-06-21,Facebook,FB_Casino_CreativeA,CA,T1,47974,2063,0.043,400.31,0.194,184,48,0.0892,0.2609,3905.01,8.34,875.5,38,1,0,0.972
2024-06-21,Facebook,FB_Sports_Banner,AU,T1,16508,999,0.0605,120.59,0.121,71,16,0.0711,0.2254,1237.34,7.54,926.1,33,0,0,0.973
2024-06-21,Facebook,FB_Sports_Banner,IN,T3,25328,788,0.0311,30.67,0.039,72,18,0.0914,0.25,299.69,1.7,877.1,18,0,0,0.967
2024-06-21,Google_Search,GG_Casino_KW_Brand,DE,T1,16538,477,0.0288,410.45,0.86,74,25,0.1551,0.3378,2534.87,16.42,517.6,3,0,0,0.99
2024-06-21,Google_Search,GG_Sports_Betting,BR,T2,18165,842,0.0464,161.85,0.192,151,30,0.1793,0.1987,997.07,5.39,516.0,6,0,0,0.988
2024-06-21,Google_Search,GG_Slots_KW_Generic,PL,T2,18581,498,0.0268,210.7,0.423,52,19,0.1044,0.3654,1006.93,11.09,377.9,4,0,0,0.991
2024-06-21,Google_Search,GG_Slots_KW_Generic,NG,T3,16229,541,0.0333,39.21,0.072,108,31,0.1996,0.287,120.61,1.26,207.6,4,0,0,0.99
2024-06-21,Google_Search,GG_Slots_KW_Generic,CA,T1,18074,497,0.0275,401.72,0.808,33,10,0.0664,0.303,972.61,40.17,142.1,7,0,0,0.991
2024-06-21,Google_Search,GG_Sports_Betting,AU,T1,21728,586,0.027,435.05,0.742,72,21,0.1229,0.2917,1993.04,20.72,358.1,3,0,0,0.991
2024-06-21,Google_Search,GG_Slots_KW_Generic,IN,T3,40642,832,0.0205,133.64,0.161,75,23,0.0901,0.3067,348.99,5.81,161.1,11,0,0,0.991
2024-06-21,Push_Network,Push_iGaming_Broad,DE,T1,24080,429,0.0178,37.42,0.087,16,2,0.0373,0.125,75.13,18.71,100.8,31,0,0,0.871
2024-06-21,Push_Network,Push_iGaming_Broad,BR,T2,39596,670,0.0169,21.1,0.031,25,2,0.0373,0.08,46.99,10.55,122.7,72,1,0,0.844
2024-06-21,Push_Network,Push_iGaming_Broad,PL,T2,20772,411,0.0198,15.91,0.039,7,0,0.017,0.0,0.0,,-100.0,67,0,0,0.88
2024-06-21,Push_Network,Push_Casino_Retarget,NG,T3,16579,335,0.0202,2.69,0.008,14,1,0.0418,0.0714,3.3,2.69,22.7,37,0,0,0.866
2024-06-21,Push_Network,Push_Casino_Retarget,CA,T1,37050,696,0.0188,58.82,0.085,27,3,0.0388,0.1111,59.22,19.61,0.7,111,0,0,0.88
2024-06-21,Push_Network,Push_iGaming_Broad,AU,T1,54536,762,0.014,83.04,0.109,22,2,0.0289,0.0909,81.74,41.52,-1.6,74,0,0,0.85
2024-06-21,Push_Network,Push_Casino_Retarget,IN,T3,17338,389,0.0224,4.69,0.012,19,2,0.0488,0.1053,10.57,2.35,125.4,77,1,0,0.888
2024-06-21,Native_Ads,Native_Bonus_Landing,DE,T1,26496,463,0.0175,160.38,0.346,23,4,0.0497,0.1739,265.42,40.09,65.5,34,0,0,0.934
2024-06-21,Native_Ads,Native_Review_Article,BR,T2,22701,369,0.0163,35.8,0.097,13,3,0.0352,0.2308,91.27,11.93,154.9,27,0,0,0.946
2024-06-21,Native_Ads,Native_Bonus_Landing,PL,T2,17116,551,0.0322,42.26,0.077,44,8,0.0799,0.1818,226.11,5.28,435.0,37,0,0,0.93
2024-06-21,Native_Ads,Native_Review_Article,NG,T3,13256,360,0.0272,7.61,0.021,28,5,0.0778,0.1786,10.0,1.52,31.4,31,0,0,0.951
2024-06-21,Native_Ads,Native_Bonus_Landing,CA,T1,20290,278,0.0137,89.02,0.32,23,5,0.0827,0.2174,377.32,17.8,323.9,10,0,0,0.951
2024-06-21,Native_Ads,Native_Review_Article,AU,T1,18768,316,0.0168,88.31,0.279,14,1,0.0443,0.0714,67.12,88.31,-24.0,26,0,0,0.942
2024-06-21,Native_Ads,Native_Review_Article,IN,T3,23420,443,0.0189,15.52,0.035,28,5,0.0632,0.1786,12.89,3.1,-16.9,16,0,0,0.937
2024-06-21,TikTok,TT_Casino_UGC,DE,T1,37836,961,0.0254,234.61,0.244,60,8,0.0624,0.1333,390.68,29.33,66.5,51,0,0,0.914
2024-06-21,TikTok,TT_Sports_Short,BR,T2,9652,253,0.0262,23.07,0.091,12,1,0.0474,0.0833,12.41,23.07,-46.2,13,0,0,0.91
2024-06-21,TikTok,TT_Sports_Short,PL,T2,11310,190,0.0168,31.4,0.165,10,1,0.0526,0.1,14.48,31.4,-53.9,8,0,0,0.924
2024-06-21,TikTok,TT_Casino_UGC,NG,T3,16288,290,0.0178,9.55,0.033,23,4,0.0793,0.1739,25.6,2.39,168.1,33,0,0,0.933
2024-06-21,TikTok,TT_Sports_Short,CA,T1,44165,604,0.0137,241.18,0.399,41,5,0.0679,0.122,255.88,48.24,6.1,29,1,0,0.905
2024-06-21,TikTok,TT_Sports_Short,AU,T1,56702,1087,0.0192,366.52,0.337,58,7,0.0534,0.1207,293.33,52.36,-20.0,50,0,0,0.933
2024-06-21,TikTok,TT_Casino_UGC,IN,T3,41960,668,0.0159,32.51,0.049,40,4,0.0599,0.1,8.0,8.13,-75.4,51,0,0,0.934
2024-06-21,Affiliate_SEO,SEO_BonusGuide_BR,DE,T1,27796,455,0.0164,0.0,,120,35,0.2637,0.2917,4778.87,,,13,0,0,0.981
2024-06-21,Affiliate_SEO,SEO_BonusGuide_BR,BR,T2,7582,82,0.0108,0.0,,19,6,0.2317,0.3158,334.44,,,1,0,0,0.977
2024-06-21,Affiliate_SEO,SEO_CasinoReview_DE,PL,T2,7896,144,0.0182,0.0,,42,17,0.2917,0.4048,939.48,,,2,0,0,0.979
2024-06-21,Affiliate_SEO,SEO_BonusGuide_BR,NG,T3,1386,24,0.0173,0.0,,5,1,0.2083,0.2,11.89,,,0,0,0,0.979
2024-06-21,Affiliate_SEO,SEO_CasinoReview_DE,CA,T1,6078,206,0.0339,0.0,,44,14,0.2136,0.3182,1790.93,,,2,0,0,0.983
2024-06-21,Affiliate_SEO,SEO_CasinoReview_DE,AU,T1,35777,827,0.0231,0.0,,228,103,0.2757,0.4518,12203.25,,,18,1,0,0.979
2024-06-21,Affiliate_SEO,SEO_CasinoReview_DE,IN,T3,9858,159,0.0161,0.0,,34,9,0.2138,0.2647,211.57,,,3,0,0,0.982
2024-06-22,Facebook,FB_Slots_Video,DE,T1,17897,830,0.0464,203.72,0.245,89,25,0.1072,0.2809,1642.55,8.15,706.3,29,0,0,0.973
2024-06-22,Facebook,FB_Slots_Video,BR,T2,35713,817,0.0229,98.73,0.121,86,19,0.1053,0.2209,611.55,5.2,519.4,27,0,0,0.966
2024-06-22,Facebook,FB_Casino_CreativeA,PL,T2,49611,1709,0.0344,221.95,0.13,163,37,0.0954,0.227,1653.73,6.0,645.1,76,1,0,0.973
2024-06-22,Facebook,FB_Sports_Banner,NG,T3,35208,1396,0.0397,29.64,0.021,137,26,0.0981,0.1898,326.79,1.14,1002.5,22,0,0,0.974
2024-06-22,Facebook,FB_Casino_CreativeA,CA,T1,46128,2005,0.0435,363.08,0.181,204,56,0.1017,0.2745,4510.78,6.48,1142.4,86,1,0,0.973
2024-06-22,Facebook,FB_Slots_Video,AU,T1,27047,765,0.0283,208.92,0.273,61,13,0.0797,0.2131,994.01,16.07,375.8,25,0,0,0.974
2024-06-22,Facebook,FB_Sports_Banner,IN,T3,22317,475,0.0213,28.47,0.06,31,7,0.0653,0.2258,96.53,4.07,239.1,10,0,0,0.972
2024-06-22,Google_Search,GG_Casino_KW_Brand,DE,T1,59865,1308,0.0218,1467.27,1.122,243,72,0.1858,0.2963,7694.17,20.38,424.4,8,0,0,0.991
2024-06-22,Google_Search,GG_Sports_Betting,BR,T2,13660,280,0.0205,108.35,0.387,45,9,0.1607,0.2,247.55,12.04,128.5,1,0,0,0.99
2024-06-22,Google_Search,GG_Sports_Betting,PL,T2,55820,3355,0.0601,673.76,0.201,814,191,0.2426,0.2346,10275.44,3.53,1425.1,24,3,0,0.99
2024-06-22,Google_Search,GG_Slots_KW_Generic,NG,T3,12742,645,0.0506,33.18,0.051,107,40,0.1659,0.3738,109.66,0.83,230.5,8,0,0,0.991
2024-06-22,Google_Search,GG_Casino_KW_Brand,CA,T1,54616,1414,0.0259,1459.89,1.032,146,35,0.1033,0.2397,3575.85,41.71,144.9,17,0,0,0.988
2024-06-22,Google_Search,GG_Sports_Betting,AU,T1,56535,1382,0.0244,1137.56,0.823,226,64,0.1635,0.2832,5551.26,17.77,388.0,13,0,0,0.988
2024-06-22,Google_Search,GG_Slots_KW_Generic,IN,T3,16212,289,0.0178,49.97,0.173,35,8,0.1211,0.2286,153.32,6.25,206.8,3,0,0,0.989
2024-06-22,Push_Network,Push_Casino_Retarget,DE,T1,50410,1022,0.0203,80.68,0.079,42,4,0.0411,0.0952,182.75,20.17,126.5,82,2,0,0.881
2024-06-22,Push_Network,Push_Casino_Retarget,BR,T2,33085,412,0.0125,20.85,0.051,20,3,0.0485,0.15,71.55,6.95,243.2,42,0,0,0.868
2024-06-22,Push_Network,Push_Casino_Retarget,PL,T2,28694,484,0.0169,18.45,0.038,14,1,0.0289,0.0714,7.15,18.45,-61.2,37,0,0,0.848
2024-06-22,Push_Network,Push_iGaming_Broad,NG,T3,26674,674,0.0253,4.88,0.007,32,3,0.0475,0.0938,6.0,1.63,23.0,56,1,0,0.85
2024-06-22,Push_Network,Push_iGaming_Broad,CA,T1,36818,351,0.0095,67.11,0.191,17,1,0.0484,0.0588,35.51,67.11,-47.1,66,0,0,0.839
2024-06-22,Push_Network,Push_Casino_Retarget,AU,T1,11508,397,0.0345,17.86,0.045,16,2,0.0403,0.125,56.47,8.93,216.2,32,0,0,0.87
2024-06-22,Push_Network,Push_iGaming_Broad,IN,T3,78043,1002,0.0128,20.54,0.02,48,6,0.0479,0.125,32.96,3.42,60.5,151,2,0,0.887
2024-06-22,Native_Ads,Native_Bonus_Landing,DE,T1,26278,359,0.0137,161.1,0.449,24,5,0.0669,0.2083,347.04,32.22,115.4,11,0,0,0.942
2024-06-22,Native_Ads,Native_Review_Article,BR,T2,30784,896,0.0291,60.39,0.067,55,12,0.0614,0.2182,297.64,5.03,392.9,74,0,0,0.95
2024-06-22,Native_Ads,Native_Review_Article,PL,T2,11453,326,0.0285,27.68,0.085,17,2,0.0521,0.1176,58.89,13.84,112.8,16,0,0,0.94
2024-06-22,Native_Ads,Native_Bonus_Landing,NG,T3,13289,301,0.0227,6.22,0.021,18,3,0.0598,0.1667,32.7,2.07,425.7,18,0,0,0.951
2024-06-22,Native_Ads,Native_Review_Article,CA,T1,27382,611,0.0223,123.17,0.202,39,7,0.0638,0.1795,413.22,17.6,235.5,19,0,0,0.942
2024-06-22,Native_Ads,Native_Review_Article,AU,T1,17655,163,0.0092,93.42,0.573,11,2,0.0675,0.1818,156.69,46.71,67.7,13,0,0,0.935
2024-06-22,Native_Ads,Native_Bonus_Landing,IN,T3,11217,241,0.0215,8.14,0.034,19,3,0.0788,0.1579,50.57,2.71,521.3,14,0,0,0.948
2024-06-22,TikTok,TT_Sports_Short,DE,T1,15129,388,0.0256,86.94,0.224,21,3,0.0541,0.1429,148.39,28.98,70.7,39,0,0,0.924
2024-06-22,TikTok,TT_Casino_UGC,BR,T2,20415,377,0.0185,43.56,0.116,29,4,0.0769,0.1379,82.57,10.89,89.6,37,0,0,0.905
2024-06-22,TikTok,TT_Sports_Short,PL,T2,67224,1458,0.0217,193.3,0.133,109,17,0.0748,0.156,576.79,11.37,198.4,62,1,0,0.913
2024-06-22,TikTok,TT_Casino_UGC,NG,T3,39811,837,0.021,25.78,0.031,55,8,0.0657,0.1455,17.5,3.22,-32.1,45,1,0,0.906
2024-06-22,TikTok,TT_Sports_Short,CA,T1,16289,306,0.0188,85.58,0.28,15,2,0.049,0.1333,85.08,42.79,-0.6,26,0,0,0.924
2024-06-22,TikTok,TT_Casino_UGC,AU,T1,27848,595,0.0214,177.98,0.299,37,5,0.0622,0.1351,229.03,35.6,28.7,27,0,0,0.914
2024-06-22,TikTok,TT_Sports_Short,IN,T3,26054,567,0.0218,22.16,0.039,33,4,0.0582,0.1212,51.35,5.54,131.7,52,0,0,0.923
2024-06-22,Affiliate_SEO,SEO_CasinoReview_DE,DE,T1,21677,591,0.0273,0.0,,132,48,0.2234,0.3636,5731.13,,,14,1,0,0.98
2024-06-22,Affiliate_SEO,SEO_BonusGuide_BR,BR,T2,13987,220,0.0157,0.0,,35,12,0.1591,0.3429,760.63,,,6,0,0,0.984
2024-06-22,Affiliate_SEO,SEO_CasinoReview_DE,PL,T2,10616,252,0.0237,0.0,,66,22,0.2619,0.3333,1401.97,,,7,0,0,0.981
2024-06-22,Affiliate_SEO,SEO_BonusGuide_BR,NG,T3,3225,41,0.0127,0.0,,11,3,0.2683,0.2727,58.88,,,0,0,0,0.977
2024-06-22,Affiliate_SEO,SEO_CasinoReview_DE,CA,T1,19059,621,0.0326,0.0,,139,30,0.2238,0.2158,3541.24,,,8,0,0,0.976
2024-06-22,Affiliate_SEO,SEO_BonusGuide_BR,AU,T1,10990,120,0.0109,0.0,,20,5,0.1667,0.25,571.71,,,2,0,0,0.979
2024-06-22,Affiliate_SEO,SEO_BonusGuide_BR,IN,T3,2058,47,0.0228,0.0,,11,4,0.234,0.3636,105.89,,,1,0,0,0.979
2024-06-23,Facebook,FB_Sports_Banner,DE,T1,65348,3089,0.0473,712.76,0.231,247,60,0.08,0.2429,4836.63,11.88,578.6,126,1,0,0.966
2024-06-23,Facebook,FB_Slots_Video,BR,T2,49454,1228,0.0248,141.93,0.116,109,22,0.0888,0.2018,680.05,6.45,379.1,22,0,0,0.971
2024-06-23,Facebook,FB_Sports_Banner,PL,T2,54067,1506,0.0279,228.62,0.152,125,30,0.083,0.24,1239.87,7.62,442.3,25,0,0,0.97
2024-06-23,Facebook,FB_Slots_Video,NG,T3,35045,967,0.0276,27.52,0.028,104,23,0.1075,0.2212,195.91,1.2,611.9,25,0,0,0.968
2024-06-23,Facebook,FB_Slots_Video,CA,T1,34997,1512,0.0432,310.59,0.205,137,40,0.0906,0.292,3523.16,7.76,1034.3,41,1,0,0.965
2024-06-23,Facebook,FB_Casino_CreativeA,AU,T1,116633,5185,0.0445,864.51,0.167,653,176,0.1259,0.2695,12341.91,4.91,1327.6,115,3,1,0.972
2024-06-23,Facebook,FB_Slots_Video,IN,T3,23388,685,0.0293,26.98,0.039,51,10,0.0745,0.1961,229.41,2.7,750.3,30,0,0,0.972
2024-06-23,Google_Search,GG_Sports_Betting,DE,T1,34368,992,0.0289,994.95,1.003,136,33,0.1371,0.2426,3555.89,30.15,257.4,8,0,0,0.991
2024-06-23,Google_Search,GG_Slots_KW_Generic,BR,T2,32467,1035,0.0319,263.4,0.254,176,68,0.17,0.3864,2748.48,3.87,943.5,14,0,0,0.99
2024-06-23,Google_Search,GG_Slots_KW_Generic,PL,T2,17412,440,0.0253,173.66,0.395,46,11,0.1045,0.2391,573.8,15.79,230.4,5,0,0,0.991
2024-06-23,Google_Search,GG_Casino_KW_Brand,NG,T3,45961,1710,0.0372,110.61,0.065,167,47,0.0977,0.2814,461.59,2.35,317.3,14,0,0,0.989
2024-06-23,Google_Search,GG_Sports_Betting,CA,T1,28490,1133,0.0398,602.54,0.532,211,63,0.1862,0.2986,6371.97,9.56,957.5,5,0,0,0.989
2024-06-23,Google_Search,GG_Sports_Betting,AU,T1,31489,1050,0.0333,654.84,0.624,130,46,0.1238,0.3538,4839.07,14.24,639.0,7,0,0,0.991
2024-06-23,Google_Search,GG_Sports_Betting,IN,T3,24265,1032,0.0425,84.48,0.082,219,52,0.2122,0.2374,505.61,1.62,498.5,12,0,0,0.989
2024-06-23,Push_Network,Push_Casino_Retarget,DE,T1,13610,283,0.0208,23.42,0.083,5,0,0.0177,0.0,0.0,,-100.0,53,0,0,0.869
2024-06-23,Push_Network,Push_iGaming_Broad,BR,T2,37609,456,0.0121,20.82,0.046,25,3,0.0548,0.12,16.64,6.94,-20.1,36,1,0,0.843
2024-06-23,Push_Network,Push_Casino_Retarget,PL,T2,26979,385,0.0143,18.19,0.047,15,1,0.039,0.0667,13.06,18.19,-28.2,76,0,0,0.843
2024-06-23,Push_Network,Push_iGaming_Broad,NG,T3,49509,637,0.0129,8.67,0.014,20,2,0.0314,0.1,27.81,4.33,220.8,104,0,0,0.885
2024-06-23,Push_Network,Push_iGaming_Broad,CA,T1,16110,146,0.0091,24.68,0.169,5,0,0.0342,0.0,0.0,,-100.0,14,0,0,0.85
2024-06-23,Push_Network,Push_iGaming_Broad,AU,T1,25539,511,0.02,36.96,0.072,26,2,0.0509,0.0769,78.01,18.48,111.1,49,0,0,0.832
2024-06-23,Push_Network,Push_Casino_Retarget,IN,T3,12254,335,0.0273,3.05,0.009,12,1,0.0358,0.0833,13.12,3.05,330.2,25,0,0,0.847
2024-06-23,Native_Ads,Native_Bonus_Landing,DE,T1,16480,427,0.0259,82.24,0.193,33,7,0.0773,0.2121,429.52,11.75,422.3,24,0,0,0.941
2024-06-23,Native_Ads,Native_Review_Article,BR,T2,32305,389,0.012,54.93,0.141,28,5,0.072,0.1786,149.47,10.99,172.1,27,0,0,0.949
2024-06-23,Native_Ads,Native_Review_Article,PL,T2,19272,574,0.0298,38.74,0.067,38,7,0.0662,0.1842,130.85,5.53,237.8,28,0,0,0.946
2024-06-23,Native_Ads,Native_Review_Article,NG,T3,57131,1092,0.0191,29.27,0.027,51,8,0.0467,0.1569,61.73,3.66,110.9,48,0,0,0.933
2024-06-23,Native_Ads,Native_Bonus_Landing,CA,T1,38571,710,0.0184,186.68,0.263,58,14,0.0817,0.2414,885.0,13.33,374.1,60,1,0,0.947
2024-06-23,Native_Ads,Native_Review_Article,AU,T1,18689,245,0.0131,87.54,0.357,17,2,0.0694,0.1176,100.85,43.77,15.2,15,0,0,0.933
2024-06-23,Native_Ads,Native_Review_Article,IN,T3,26587,601,0.0226,21.08,0.035,53,11,0.0882,0.2075,22.0,1.92,4.4,50,1,0,0.934
2024-06-23,TikTok,TT_Sports_Short,DE,T1,17357,296,0.0171,102.83,0.347,20,4,0.0676,0.2,235.17,25.71,128.7,27,0,0,0.911
2024-06-23,TikTok,TT_Sports_Short,BR,T2,16222,410,0.0253,36.81,0.09,19,4,0.0463,0.2105,53.85,9.2,46.3,48,0,0,0.921
2024-06-23,TikTok,TT_Casino_UGC,PL,T2,34984,815,0.0233,95.82,0.118,55,8,0.0675,0.1455,162.02,11.98,69.1,68,0,0,0.926
2024-06-23,TikTok,TT_Sports_Short,NG,T3,26824,540,0.0201,16.5,0.031,41,6,0.0759,0.1463,64.46,2.75,290.7,25,1,0,0.929
2024-06-23,TikTok,TT_Casino_UGC,CA,T1,12550,282,0.0225,75.34,0.267,20,3,0.0709,0.15,124.75,25.11,65.6,13,0,0,0.915
2024-06-23,TikTok,TT_Casino_UGC,AU,T1,21825,623,0.0285,138.24,0.222,32,4,0.0514,0.125,207.26,34.56,49.9,44,0,0,0.922
2024-06-23,TikTok,TT_Sports_Short,IN,T3,45049,1282,0.0285,37.46,0.029,86,16,0.0671,0.186,243.45,2.34,549.9,64,2,0,0.913
2024-06-23,Affiliate_SEO,SEO_BonusGuide_BR,DE,T1,13535,238,0.0176,0.0,,50,13,0.2101,0.26,1648.44,,,6,0,0,0.983
2024-06-23,Affiliate_SEO,SEO_CasinoReview_DE,BR,T2,5793,129,0.0223,0.0,,25,9,0.1938,0.36,446.86,,,3,0,0,0.979
2024-06-23,Affiliate_SEO,SEO_BonusGuide_BR,PL,T2,9662,236,0.0244,0.0,,67,17,0.2839,0.2537,1065.27,,,6,0,0,0.981
2024-06-23,Affiliate_SEO,SEO_BonusGuide_BR,NG,T3,1215,12,0.0099,0.0,,2,0,0.1667,0.0,0.0,,,0,0,0,0.977
2024-06-23,Affiliate_SEO,SEO_CasinoReview_DE,CA,T1,17209,444,0.0258,0.0,,105,23,0.2365,0.219,2335.85,,,8,0,0,0.98
2024-06-23,Affiliate_SEO,SEO_BonusGuide_BR,AU,T1,56690,1904,0.0336,0.0,,494,187,0.2595,0.3785,21028.53,,,26,2,0,0.977
2024-06-23,Affiliate_SEO,SEO_BonusGuide_BR,IN,T3,4010,81,0.0202,0.0,,16,5,0.1975,0.3125,93.7,,,2,0,0,0.984
2024-06-24,Facebook,FB_Slots_Video,DE,T1,7097,255,0.0359,74.81,0.293,25,6,0.098,0.24,495.66,12.47,562.6,3,0,0,0.973
2024-06-24,Facebook,FB_Slots_Video,BR,T2,36387,1229,0.0338,126.29,0.103,152,31,0.1237,0.2039,1099.8,4.07,770.9,50,0,0,0.969
2024-06-24,Facebook,FB_Slots_Video,PL,T2,35077,1078,0.0307,141.9,0.132,56,14,0.0519,0.25,590.09,10.14,315.8,44,0,0,0.973
2024-06-24,Facebook,FB_Slots_Video,NG,T3,12803,314,0.0245,13.07,0.042,25,5,0.0796,0.2,82.81,2.61,533.6,13,0,0,0.969
2024-06-24,Facebook,FB_Casino_CreativeA,CA,T1,17822,622,0.0349,142.41,0.229,68,15,0.1093,0.2206,1166.28,9.49,719.0,21,0,0,0.965
2024-06-24,Facebook,FB_Casino_CreativeA,AU,T1,9520,406,0.0426,89.01,0.219,31,8,0.0764,0.2581,563.36,11.13,532.9,17,0,0,0.966
2024-06-24,Facebook,FB_Casino_CreativeA,IN,T3,9675,140,0.0145,12.17,0.087,9,2,0.0643,0.2222,22.77,6.08,87.1,2,0,0,0.966
2024-06-24,Google_Search,GG_Sports_Betting,DE,T1,31263,1060,0.0339,819.36,0.773,162,47,0.1528,0.2901,4720.06,17.43,476.1,7,0,0,0.991
2024-06-24,Google_Search,GG_Slots_KW_Generic,BR,T2,34367,969,0.0282,297.85,0.307,178,62,0.1837,0.3483,2222.58,4.8,646.2,6,0,0,0.99
2024-06-24,Google_Search,GG_Sports_Betting,PL,T2,22723,790,0.0348,272.97,0.346,106,30,0.1342,0.283,1405.22,9.1,414.8,11,0,0,0.989
2024-06-24,Google_Search,GG_Casino_KW_Brand,NG,T3,57419,1285,0.0224,155.48,0.121,189,41,0.1471,0.2169,952.36,3.79,512.5,17,0,0,0.992
2024-06-24,Google_Search,GG_Sports_Betting,CA,T1,51196,968,0.0189,1361.14,1.406,165,53,0.1705,0.3212,5629.7,25.68,313.6,5,0,0,0.988
2024-06-24,Google_Search,GG_Casino_KW_Brand,AU,T1,26802,704,0.0263,639.49,0.908,101,35,0.1435,0.3465,4166.68,18.27,551.6,5,0,0,0.991
2024-06-24,Google_Search,GG_Slots_KW_Generic,IN,T3,20554,914,0.0445,69.25,0.076,147,41,0.1608,0.2789,982.91,1.69,1319.4,11,0,0,0.99
2024-06-24,Push_Network,Push_Casino_Retarget,DE,T1,19545,320,0.0164,38.42,0.12,15,2,0.0469,0.1333,69.06,19.21,79.8,59,0,0,0.871
2024-06-24,Push_Network,Push_iGaming_Broad,BR,T2,49564,1481,0.0299,23.76,0.016,40,5,0.027,0.125,37.92,4.75,59.6,185,0,0,0.851
2024-06-24,Push_Network,Push_Casino_Retarget,PL,T2,21391,237,0.0111,14.26,0.06,7,0,0.0295,0.0,0.0,,-100.0,28,0,0,0.834
2024-06-24,Push_Network,Push_Casino_Retarget,NG,T3,24049,480,0.02,3.82,0.008,20,1,0.0417,0.05,3.52,3.82,-7.9,68,0,0,0.854
2024-06-24,Push_Network,Push_iGaming_Broad,CA,T1,17210,364,0.0212,26.6,0.073,17,2,0.0467,0.1176,55.5,13.3,108.6,42,0,0,0.841
2024-06-24,Push_Network,Push_iGaming_Broad,AU,T1,11482,283,0.0246,18.73,0.066,13,1,0.0459,0.0769,35.97,18.73,92.0,54,0,0,0.88
2024-06-24,Push_Network,Push_iGaming_Broad,IN,T3,13993,323,0.0231,3.5,0.011,13,1,0.0402,0.0769,3.94,3.5,12.6,30,0,0,0.865
2024-06-24,Native_Ads,Native_Bonus_Landing,DE,T1,20137,489,0.0243,108.39,0.222,38,9,0.0777,0.2368,610.97,12.04,463.7,15,0,0,0.941
2024-06-24,Native_Ads,Native_Review_Article,BR,T2,28274,701,0.0248,52.3,0.075,49,11,0.0699,0.2245,174.58,4.75,233.8,21,0,0,0.929
2024-06-24,Native_Ads,Native_Bonus_Landing,PL,T2,32081,430,0.0134,63.41,0.147,35,6,0.0814,0.1714,250.47,10.57,295.0,18,0,0,0.931
2024-06-24,Native_Ads,Native_Bonus_Landing,NG,T3,10038,271,0.027,5.02,0.019,12,2,0.0443,0.1667,12.56,2.51,150.2,16,0,0,0.944
2024-06-24,Native_Ads,Native_Bonus_Landing,CA,T1,35511,692,0.0195,162.88,0.235,56,14,0.0809,0.25,937.85,11.63,475.8,47,0,0,0.948
2024-06-24,Native_Ads,Native_Bonus_Landing,AU,T1,12880,360,0.028,54.88,0.152,20,3,0.0556,0.15,154.82,18.29,182.1,27,0,0,0.944
2024-06-24,Native_Ads,Native_Review_Article,IN,T3,11308,142,0.0126,8.85,0.062,8,1,0.0563,0.125,26.58,8.85,200.3,11,0,0,0.937
2024-06-24,TikTok,TT_Casino_UGC,DE,T1,16280,216,0.0133,102.59,0.475,13,2,0.0602,0.1538,112.35,51.3,9.5,19,0,0,0.922
2024-06-24,TikTok,TT_Sports_Short,BR,T2,15726,196,0.0125,29.35,0.15,11,2,0.0561,0.1818,27.48,14.68,-6.4,12,0,0,0.923
2024-06-24,TikTok,TT_Sports_Short,PL,T2,16995,333,0.0196,51.44,0.154,19,2,0.0571,0.1053,51.31,25.72,-0.3,19,0,0,0.914
2024-06-24,TikTok,TT_Casino_UGC,NG,T3,27217,299,0.011,15.86,0.053,18,3,0.0602,0.1667,40.77,5.29,157.1,35,0,0,0.913
2024-06-24,TikTok,TT_Sports_Short,CA,T1,25042,571,0.0228,153.07,0.268,39,7,0.0683,0.1795,288.12,21.87,88.2,28,0,0,0.905
2024-06-24,TikTok,TT_Casino_UGC,AU,T1,16754,402,0.024,83.63,0.208,13,1,0.0323,0.0769,59.63,83.63,-28.7,19,0,0,0.912
2024-06-24,TikTok,TT_Sports_Short,IN,T3,18435,361,0.0196,16.5,0.046,22,2,0.0609,0.0909,20.23,8.25,22.6,26,0,0,0.916
2024-06-24,Affiliate_SEO,SEO_BonusGuide_BR,DE,T1,24277,489,0.0201,0.0,,75,26,0.1534,0.3467,3176.94,,,9,0,0,0.98
2024-06-24,Affiliate_SEO,SEO_BonusGuide_BR,BR,T2,7901,183,0.0232,0.0,,35,12,0.1913,0.3429,484.71,,,3,0,0,0.983
2024-06-24,Affiliate_SEO,SEO_BonusGuide_BR,PL,T2,5789,128,0.0221,0.0,,34,12,0.2656,0.3529,756.59,,,1,0,0,0.982
2024-06-24,Affiliate_SEO,SEO_BonusGuide_BR,NG,T3,1340,31,0.0231,0.0,,6,1,0.1935,0.1667,24.18,,,0,0,0,0.981
2024-06-24,Affiliate_SEO,SEO_CasinoReview_DE,CA,T1,30453,760,0.025,0.0,,79,19,0.1039,0.2405,2217.16,,,16,0,0,0.977
2024-06-24,Affiliate_SEO,SEO_CasinoReview_DE,AU,T1,47090,478,0.0102,0.0,,95,58,0.1987,0.6105,6137.78,,,7,0,0,0.979
2024-06-24,Affiliate_SEO,SEO_CasinoReview_DE,IN,T3,1923,44,0.0229,0.0,,8,2,0.1818,0.25,80.43,,,1,0,0,0.977
2024-06-25,Facebook,FB_Casino_CreativeA,DE,T1,18424,610,0.0331,191.27,0.314,57,16,0.0934,0.2807,1271.93,11.95,565.0,15,0,0,0.974
2024-06-25,Facebook,FB_Casino_CreativeA,BR,T2,27101,1121,0.0414,74.7,0.067,96,23,0.0856,0.2396,515.91,3.25,590.6,28,0,0,0.968
2024-06-25,Facebook,FB_Sports_Banner,PL,T2,24387,858,0.0352,89.4,0.104,117,23,0.1364,0.1966,962.65,3.89,976.8,21,0,0,0.976
2024-06-25,Facebook,FB_Slots_Video,NG,T3,73051,3827,0.0524,58.43,0.015,337,76,0.0881,0.2255,361.2,0.77,518.2,66,2,0,0.972
2024-06-25,Facebook,FB_Slots_Video,CA,T1,15943,652,0.0409,146.47,0.225,55,16,0.0844,0.2909,1171.49,9.15,699.8,19,0,0,0.974
2024-06-25,Facebook,FB_Slots_Video,AU,T1,16278,412,0.0253,140.67,0.341,33,9,0.0801,0.2727,629.85,15.63,347.8,14,0,0,0.967
2024-06-25,Facebook,FB_Sports_Banner,IN,T3,31804,1298,0.0408,45.34,0.035,92,19,0.0709,0.2065,243.56,2.39,437.2,26,0,0,0.972
2024-06-25,Google_Search,GG_Slots_KW_Generic,DE,T1,12622,305,0.0242,303.62,0.995,71,15,0.2328,0.2113,1348.0,20.24,344.0,2,0,0,0.991
2024-06-25,Google_Search,GG_Sports_Betting,BR,T2,19277,714,0.037,141.25,0.198,94,15,0.1317,0.1596,696.16,9.42,392.9,4,0,0,0.992
2024-06-25,Google_Search,GG_Sports_Betting,PL,T2,37288,1917,0.0514,391.98,0.204,291,96,0.1518,0.3299,3840.06,4.08,879.7,9,1,0,0.99
2024-06-25,Google_Search,GG_Slots_KW_Generic,NG,T3,10590,267,0.0252,28.8,0.108,33,13,0.1236,0.3939,219.36,2.22,661.7,2,0,0,0.99
2024-06-25,Google_Search,GG_Slots_KW_Generic,CA,T1,40162,975,0.0243,826.62,0.848,140,44,0.1436,0.3143,4303.3,18.79,420.6,7,0,0,0.991
2024-06-25,Google_Search,GG_Casino_KW_Brand,AU,T1,24982,999,0.04,647.98,0.649,154,42,0.1542,0.2727,3602.71,15.43,456.0,9,0,0,0.991
2024-06-25,Google_Search,GG_Slots_KW_Generic,IN,T3,19514,571,0.0293,78.09,0.137,93,41,0.1629,0.4409,1088.21,1.9,1293.5,4,0,0,0.992
2024-06-25,Push_Network,Push_iGaming_Broad,DE,T1,23653,544,0.023,43.81,0.081,26,3,0.0478,0.1154,92.83,14.6,111.9,98,1,0,0.85
2024-06-25,Push_Network,Push_Casino_Retarget,BR,T2,32096,945,0.0294,18.07,0.019,33,4,0.0349,0.1212,39.77,4.52,120.1,170,1,0,0.845
2024-06-25,Push_Network,Push_Casino_Retarget,PL,T2,12596,276,0.0219,9.46,0.034,14,2,0.0507,0.1429,39.38,4.73,316.3,28,0,0,0.88
2024-06-25,Push_Network,Push_Casino_Retarget,NG,T3,23097,563,0.0244,4.07,0.007,25,2,0.0444,0.08,19.84,2.04,387.5,99,1,0,0.845
2024-06-25,Push_Network,Push_iGaming_Broad,CA,T1,18954,545,0.0288,31.38,0.058,20,2,0.0367,0.1,78.41,15.69,149.9,103,1,0,0.842
2024-06-25,Push_Network,Push_Casino_Retarget,AU,T1,18533,316,0.0171,26.51,0.084,7,0,0.0222,0.0,0.0,,-100.0,64,0,0,0.86
2024-06-25,Push_Network,Push_iGaming_Broad,IN,T3,26372,439,0.0166,6.55,0.015,15,1,0.0342,0.0667,21.61,6.55,229.9,44,0,0,0.852
2024-06-25,Native_Ads,Native_Review_Article,DE,T1,16047,337,0.021,94.9,0.282,26,4,0.0772,0.1538,266.99,23.73,181.3,29,0,0,0.934
2024-06-25,Native_Ads,Native_Review_Article,BR,T2,14723,360,0.0245,24.32,0.068,20,3,0.0556,0.15,74.71,8.11,207.2,32,0,0,0.933
2024-06-25,Native_Ads,Native_Bonus_Landing,PL,T2,26402,562,0.0213,53.56,0.095,27,5,0.048,0.1852,166.65,10.71,211.1,32,0,0,0.94
2024-06-25,Native_Ads,Native_Bonus_Landing,NG,T3,31850,978,0.0307,16.8,0.017,65,12,0.0665,0.1846,107.96,1.4,542.6,31,1,0,0.933
2024-06-25,Native_Ads,Native_Review_Article,CA,T1,37734,665,0.0176,183.88,0.277,54,9,0.0812,0.1667,493.77,20.43,168.5,51,1,0,0.938
2024-06-25,Native_Ads,Native_Review_Article,AU,T1,14466,458,0.0317,67.67,0.148,42,8,0.0917,0.1905,458.41,8.46,577.4,22,0,0,0.931
2024-06-25,Native_Ads,Native_Review_Article,IN,T3,66343,533,0.008,45.97,0.086,31,5,0.0582,0.1613,24.72,9.19,-46.2,20,0,0,0.939
2024-06-25,TikTok,TT_Sports_Short,DE,T1,11914,255,0.0214,87.73,0.344,17,2,0.0667,0.1176,82.81,43.87,-5.6,23,0,0,0.925
2024-06-25,TikTok,TT_Casino_UGC,BR,T2,32998,909,0.0275,59.17,0.065,64,9,0.0704,0.1406,183.12,6.57,209.5,108,1,0,0.916
2024-06-25,TikTok,TT_Sports_Short,PL,T2,37032,759,0.0205,112.52,0.148,57,9,0.0751,0.1579,181.92,12.5,61.7,60,1,0,0.934
2024-06-25,TikTok,TT_Sports_Short,NG,T3,15845,300,0.0189,10.23,0.034,14,2,0.0467,0.1429,4.0,5.12,-60.9,24,0,0,0.921
2024-06-25,TikTok,TT_Sports_Short,CA,T1,70496,997,0.0141,379.34,0.38,65,8,0.0652,0.1231,257.06,47.42,-32.2,69,1,0,0.904
2024-06-25,TikTok,TT_Sports_Short,AU,T1,49671,726,0.0146,287.22,0.396,41,7,0.0565,0.1707,238.53,41.03,-17.0,64,1,0,0.92
2024-06-25,TikTok,TT_Sports_Short,IN,T3,23250,311,0.0134,20.57,0.066,25,4,0.0804,0.16,71.81,5.14,249.1,20,0,0,0.93
2024-06-25,Affiliate_SEO,SEO_CasinoReview_DE,DE,T1,29013,760,0.0262,0.0,,218,96,0.2868,0.4404,12220.36,,,17,1,0,0.977
2024-06-25,Affiliate_SEO,SEO_BonusGuide_BR,BR,T2,3338,70,0.021,0.0,,13,4,0.1857,0.3077,147.9,,,1,0,0,0.982
2024-06-25,Affiliate_SEO,SEO_CasinoReview_DE,PL,T2,3494,86,0.0246,0.0,,16,8,0.186,0.5,507.45,,,1,0,0,0.977
2024-06-25,Affiliate_SEO,SEO_BonusGuide_BR,NG,T3,4149,39,0.0094,0.0,,8,2,0.2051,0.25,27.69,,,0,0,0,0.983
2024-06-25,Affiliate_SEO,SEO_CasinoReview_DE,CA,T1,32255,524,0.0162,0.0,,105,44,0.2004,0.419,5542.05,,,10,0,0,0.977
2024-06-25,Affiliate_SEO,SEO_BonusGuide_BR,AU,T1,21627,398,0.0184,0.0,,90,29,0.2261,0.3222,3024.8,,,11,0,0,0.984
2024-06-25,Affiliate_SEO,SEO_BonusGuide_BR,IN,T3,4512,111,0.0246,0.0,,30,11,0.2703,0.3667,345.96,,,1,0,0,0.982
2024-06-26,Facebook,FB_Casino_CreativeA,DE,T1,38432,1385,0.036,340.32,0.246,154,37,0.1112,0.2403,3260.77,9.2,858.1,25,2,0,0.966
2024-06-26,Facebook,FB_Sports_Banner,BR,T2,14356,415,0.0289,46.4,0.112,40,9,0.0964,0.225,209.93,5.16,352.4,15,0,0,0.975
2024-06-26,Facebook,FB_Casino_CreativeA,PL,T2,21542,1067,0.0495,91.67,0.086,105,20,0.0984,0.1905,573.19,4.58,525.3,32,0,0,0.972
2024-06-26,Facebook,FB_Slots_Video,NG,T3,8837,364,0.0412,7.82,0.021,31,6,0.0852,0.1935,72.67,1.3,829.3,5,0,0,0.975
2024-06-26,Facebook,FB_Slots_Video,CA,T1,28167,1113,0.0395,280.29,0.252,115,29,0.1033,0.2522,1962.33,9.67,600.1,32,0,0,0.967
2024-06-26,Facebook,FB_Casino_CreativeA,AU,T1,38089,1193,0.0313,359.73,0.302,107,26,0.0897,0.243,1697.88,13.84,372.0,52,1,0,0.97
2024-06-26,Facebook,FB_Casino_CreativeA,IN,T3,25750,569,0.0221,36.33,0.064,65,13,0.1142,0.2,148.61,2.79,309.1,18,0,0,0.975
2024-06-26,Google_Search,GG_Slots_KW_Generic,DE,T1,12025,286,0.0238,331.26,1.158,45,10,0.1573,0.2222,1153.99,33.13,248.4,3,0,0,0.989
2024-06-26,Google_Search,GG_Sports_Betting,BR,T2,35789,1465,0.0409,285.14,0.195,302,67,0.2061,0.2219,3558.73,4.26,1148.1,20,0,0,0.991
2024-06-26,Google_Search,GG_Slots_KW_Generic,PL,T2,23161,578,0.025,220.46,0.381,76,29,0.1315,0.3816,1399.52,7.6,534.8,4,0,0,0.989
2024-06-26,Google_Search,GG_Sports_Betting,NG,T3,25319,999,0.0395,61.4,0.061,148,42,0.1481,0.2838,682.63,1.46,1011.8,10,0,0,0.988
2024-06-26,Google_Search,GG_Slots_KW_Generic,CA,T1,22784,881,0.0387,484.06,0.549,150,55,0.1703,0.3667,5422.65,8.8,1020.2,4,0,0,0.99
2024-06-26,Google_Search,GG_Casino_KW_Brand,AU,T1,17282,485,0.0281,368.21,0.759,55,23,0.1134,0.4182,1757.77,16.01,377.4,5,0,0,0.989
2024-06-26,Google_Search,GG_Slots_KW_Generic,IN,T3,16084,515,0.032,49.41,0.096,111,47,0.2155,0.4234,1180.54,1.05,2289.3,4,0,0,0.989
2024-06-26,Push_Network,Push_iGaming_Broad,DE,T1,18436,258,0.014,33.54,0.13,13,1,0.0504,0.0769,34.62,33.54,3.2,53,0,0,0.838
2024-06-26,Push_Network,Push_iGaming_Broad,BR,T2,11160,172,0.0154,7.01,0.041,6,0,0.0349,0.0,0.0,,-100.0,12,0,0,0.875
2024-06-26,Push_Network,Push_iGaming_Broad,PL,T2,16816,391,0.0233,11.37,0.029,11,0,0.0281,0.0,0.0,,-100.0,48,0,0,0.885
2024-06-26,Push_Network,Push_iGaming_Broad,NG,T3,17522,311,0.0177,2.96,0.01,13,1,0.0418,0.0769,2.0,2.96,-32.4,48,0,0,0.876
2024-06-26,Push_Network,Push_iGaming_Broad,CA,T1,17113,351,0.0205,25.18,0.072,18,1,0.0513,0.0556,29.95,25.18,18.9,71,0,0,0.866
2024-06-26,Push_Network,Push_Casino_Retarget,AU,T1,28990,597,0.0206,45.92,0.077,21,1,0.0352,0.0476,23.53,45.92,-48.8,57,1,0,0.862
2024-06-26,Push_Network,Push_Casino_Retarget,IN,T3,29409,579,0.0197,7.67,0.013,25,2,0.0432,0.08,31.63,3.83,312.4,94,1,0,0.872
2024-06-26,Native_Ads,Native_Review_Article,DE,T1,12745,209,0.0164,63.17,0.302,11,2,0.0526,0.1818,125.8,31.59,99.1,6,0,0,0.928
2024-06-26,Native_Ads,Native_Review_Article,BR,T2,17105,391,0.0229,27.69,0.071,19,3,0.0486,0.1579,77.08,9.23,178.4,21,0,0,0.938
2024-06-26,Native_Ads,Native_Bonus_Landing,PL,T2,22145,737,0.0333,50.2,0.068,54,12,0.0733,0.2222,293.95,4.18,485.6,30,1,0,0.933
2024-06-26,Native_Ads,Native_Review_Article,NG,T3,37166,1051,0.0283,20.43,0.019,92,18,0.0875,0.1957,152.47,1.14,646.3,92,2,0,0.947
2024-06-26,Native_Ads,Native_Review_Article,CA,T1,14010,166,0.0118,76.88,0.463,10,2,0.0602,0.2,127.04,38.44,65.2,11,0,0,0.941
2024-06-26,Native_Ads,Native_Bonus_Landing,AU,T1,37192,1077,0.029,168.09,0.156,75,18,0.0696,0.24,933.16,9.34,455.2,41,1,0,0.934
2024-06-26,Native_Ads,Native_Review_Article,IN,T3,18365,333,0.0181,11.78,0.035,29,6,0.0871,0.2069,61.83,1.96,424.9,25,0,0,0.946
2024-06-26,TikTok,TT_Casino_UGC,DE,T1,23094,283,0.0123,132.66,0.469,14,2,0.0495,0.1429,76.95,66.33,-42.0,12,0,0,0.919
2024-06-26,TikTok,TT_Sports_Short,BR,T2,12649,288,0.0228,29.88,0.104,17,3,0.059,0.1765,6.0,9.96,-79.9,14,0,0,0.907
2024-06-26,TikTok,TT_Sports_Short,PL,T2,18486,154,0.0083,51.35,0.333,8,1,0.0519,0.125,23.54,51.35,-54.2,11,0,0,0.935
2024-06-26,TikTok,TT_Casino_UGC,NG,T3,12660,67,0.0053,8.65,0.129,3,0,0.0448,0.0,0.0,,-100.0,5,0,0,0.912
2024-06-26,TikTok,TT_Casino_UGC,CA,T1,21499,590,0.0274,134.07,0.227,48,7,0.0814,0.1458,318.71,19.15,137.7,33,1,0,0.904
2024-06-26,TikTok,TT_Sports_Short,AU,T1,27167,593,0.0218,147.93,0.249,44,6,0.0742,0.1364,329.83,24.66,123.0,36,1,0,0.93
2024-06-26,TikTok,TT_Sports_Short,IN,T3,19311,358,0.0185,17.93,0.05,20,2,0.0559,0.1,23.9,8.96,33.3,24,0,0,0.931
2024-06-26,Affiliate_SEO,SEO_BonusGuide_BR,DE,T1,13446,203,0.0151,0.0,,40,13,0.197,0.325,1780.35,,,3,0,0,0.981
2024-06-26,Affiliate_SEO,SEO_BonusGuide_BR,BR,T2,3329,65,0.0195,0.0,,18,6,0.2769,0.3333,167.46,,,1,0,0,0.983
2024-06-26,Affiliate_SEO,SEO_CasinoReview_DE,PL,T2,4396,56,0.0127,0.0,,10,3,0.1786,0.3,236.69,,,1,0,0,0.981
2024-06-26,Affiliate_SEO,SEO_BonusGuide_BR,NG,T3,5197,133,0.0256,0.0,,31,11,0.2331,0.3548,142.49,,,2,0,0,0.982
2024-06-26,Affiliate_SEO,SEO_BonusGuide_BR,CA,T1,57066,928,0.0163,0.0,,231,91,0.2489,0.3939,9956.48,,,22,1,0,0.982
2024-06-26,Affiliate_SEO,SEO_BonusGuide_BR,AU,T1,8211,97,0.0118,0.0,,18,8,0.1856,0.4444,869.24,,,1,0,0,0.981
2024-06-26,Affiliate_SEO,SEO_CasinoReview_DE,IN,T3,2460,56,0.0228,0.0,,16,5,0.2857,0.3125,114.32,,,0,0,0,0.983
2024-06-27,Facebook,FB_Casino_CreativeA,DE,T1,17316,518,0.0299,181.78,0.351,40,9,0.0772,0.225,703.0,20.2,286.7,12,0,0,0.971
2024-06-27,Facebook,FB_Sports_Banner,BR,T2,90688,2360,0.026,289.16,0.123,175,30,0.0742,0.1714,906.0,9.64,213.3,105,1,0,0.975
2024-06-27,Facebook,FB_Slots_Video,PL,T2,45068,1279,0.0284,184.18,0.144,108,27,0.0844,0.25,588.94,6.82,219.8,37,1,0,0.965
2024-06-27,Facebook,FB_Casino_CreativeA,NG,T3,16078,459,0.0285,15.1,0.033,44,7,0.0959,0.1591,47.27,2.16,213.0,10,0,0,0.965
2024-06-27,Facebook,FB_Sports_Banner,CA,T1,7187,155,0.0216,72.17,0.466,14,3,0.0903,0.2143,244.88,24.06,239.3,2,0,0,0.965
2024-06-27,Facebook,FB_Sports_Banner,AU,T1,10365,371,0.0358,88.97,0.24,27,5,0.0728,0.1852,372.94,17.79,319.2,9,0,0,0.965
2024-06-27,Facebook,FB_Casino_CreativeA,IN,T3,31594,917,0.029,43.66,0.048,70,14,0.0763,0.2,181.66,3.12,316.1,19,0,0,0.968
2024-06-27,Google_Search,GG_Casino_KW_Brand,DE,T1,14526,299,0.0206,393.51,1.316,58,14,0.194,0.2414,1421.72,28.11,261.3,2,0,0,0.99
2024-06-27,Google_Search,GG_Slots_KW_Generic,BR,T2,56110,1009,0.018,535.82,0.531,146,40,0.1447,0.274,2173.11,13.4,305.6,6,0,0,0.992
2024-06-27,Google_Search,GG_Slots_KW_Generic,PL,T2,15456,614,0.0397,142.49,0.232,101,39,0.1645,0.3861,1568.36,3.65,1000.7,7,0,0,0.988
2024-06-27,Google_Search,GG_Sports_Betting,NG,T3,26220,819,0.0312,71.3,0.087,114,24,0.1392,0.2105,161.61,2.97,126.7,12,0,0,0.989
2024-06-27,Google_Search,GG_Casino_KW_Brand,CA,T1,29998,704,0.0235,809.14,1.149,108,29,0.1534,0.2685,2990.23,27.9,269.6,5,0,0,0.989
2024-06-27,Google_Search,GG_Sports_Betting,AU,T1,16777,728,0.0434,351.27,0.483,104,29,0.1429,0.2788,2616.11,12.11,644.8,10,0,0,0.99
2024-06-27,Google_Search,GG_Sports_Betting,IN,T3,37252,1042,0.028,138.15,0.133,180,32,0.1727,0.1778,302.16,4.32,118.7,11,0,0,0.991
2024-06-27,Push_Network,Push_Casino_Retarget,DE,T1,19412,491,0.0253,34.16,0.07,14,1,0.0285,0.0714,29.92,34.16,-12.4,46,0,0,0.832
2024-06-27,Push_Network,Push_Casino_Retarget,BR,T2,32997,325,0.0098,20.46,0.063,16,2,0.0492,0.125,22.61,10.23,10.5,29,0,0,0.832
2024-06-27,Push_Network,Push_iGaming_Broad,PL,T2,16284,179,0.011,10.89,0.061,5,0,0.0279,0.0,0.0,,-100.0,13,0,0,0.861
2024-06-27,Push_Network,Push_Casino_Retarget,NG,T3,23028,454,0.0197,3.17,0.007,23,2,0.0507,0.087,12.67,1.58,299.7,90,1,0,0.852
2024-06-27,Push_Network,Push_iGaming_Broad,CA,T1,13692,330,0.0241,22.31,0.068,14,1,0.0424,0.0714,50.83,22.31,127.8,51,0,0,0.844
2024-06-27,Push_Network,Push_iGaming_Broad,AU,T1,46504,1058,0.0228,64.44,0.061,50,8,0.0473,0.16,263.99,8.05,309.7,213,1,0,0.85
2024-06-27,Push_Network,Push_iGaming_Broad,IN,T3,40295,539,0.0134,10.62,0.02,25,2,0.0464,0.08,20.89,5.31,96.7,72,1,0,0.865
2024-06-27,Native_Ads,Native_Review_Article,DE,T1,36757,1421,0.0387,178.45,0.126,112,31,0.0788,0.2768,2187.06,5.76,1125.6,87,1,0,0.928
2024-06-27,Native_Ads,Native_Bonus_Landing,BR,T2,20054,356,0.0178,34.19,0.096,24,4,0.0674,0.1667,132.96,8.55,288.9,21,0,0,0.934
2024-06-27,Native_Ads,Native_Bonus_Landing,PL,T2,10502,166,0.0158,23.48,0.141,12,1,0.0723,0.0833,33.49,23.48,42.6,8,0,0,0.934
2024-06-27,Native_Ads,Native_Review_Article,NG,T3,75022,1216,0.0162,37.16,0.031,43,7,0.0354,0.1628,158.36,5.31,326.2,61,1,0,0.932
2024-06-27,Native_Ads,Native_Review_Article,CA,T1,13557,76,0.0056,59.06,0.777,4,0,0.0526,0.0,0.0,,-100.0,5,0,0,0.94
2024-06-27,Native_Ads,Native_Bonus_Landing,AU,T1,23424,778,0.0332,127.73,0.164,62,14,0.0797,0.2258,776.1,9.12,507.6,30,0,0,0.936
2024-06-27,Native_Ads,Native_Bonus_Landing,IN,T3,18144,299,0.0165,15.34,0.051,23,3,0.0769,0.1304,83.12,5.11,441.9,19,0,0,0.946
2024-06-27,TikTok,TT_Sports_Short,DE,T1,31937,464,0.0145,191.67,0.413,31,4,0.0668,0.129,193.27,47.92,0.8,28,1,0,0.931
2024-06-27,TikTok,TT_Sports_Short,BR,T2,32527,643,0.0198,60.01,0.093,38,4,0.0591,0.1053,70.28,15.0,17.1,29,0,0,0.928
2024-06-27,TikTok,TT_Casino_UGC,PL,T2,9615,302,0.0314,23.64,0.078,23,4,0.0762,0.1739,59.88,5.91,153.3,23,0,0,0.913
2024-06-27,TikTok,TT_Sports_Short,NG,T3,31378,629,0.02,17.09,0.027,40,10,0.0636,0.25,50.9,1.71,197.8,28,1,0,0.913
2024-06-27,TikTok,TT_Sports_Short,CA,T1,19772,441,0.0223,122.31,0.277,32,5,0.0726,0.1562,172.83,24.46,41.3,26,1,0,0.911
2024-06-27,TikTok,TT_Sports_Short,AU,T1,16849,250,0.0148,106.87,0.427,12,2,0.048,0.1667,99.15,53.44,-7.2,26,0,0,0.913
2024-06-27,TikTok,TT_Sports_Short,IN,T3,22588,400,0.0177,20.31,0.051,32,5,0.08,0.1562,13.33,4.06,-34.4,42,1,0,0.916
2024-06-27,Affiliate_SEO,SEO_BonusGuide_BR,DE,T1,58959,1712,0.029,0.0,,339,86,0.198,0.2537,10217.9,,,32,1,0,0.981
2024-06-27,Affiliate_SEO,SEO_BonusGuide_BR,BR,T2,7856,173,0.022,0.0,,39,17,0.2254,0.4359,848.37,,,3,0,0,0.984
2024-06-27,Affiliate_SEO,SEO_BonusGuide_BR,PL,T2,30230,483,0.016,0.0,,109,31,0.2257,0.2844,1435.72,,,10,0,0,0.979
2024-06-27,Affiliate_SEO,SEO_CasinoReview_DE,NG,T3,3354,93,0.0277,0.0,,12,3,0.129,0.25,50.62,,,1,0,0,0.98
2024-06-27,Affiliate_SEO,SEO_BonusGuide_BR,CA,T1,21733,424,0.0195,0.0,,103,27,0.2429,0.2621,3406.79,,,6,0,0,0.979
2024-06-27,Affiliate_SEO,SEO_BonusGuide_BR,AU,T1,45916,667,0.0145,0.0,,161,41,0.2414,0.2547,4849.78,,,9,0,0,0.981
2024-06-27,Affiliate_SEO,SEO_BonusGuide_BR,IN,T3,5671,133,0.0235,0.0,,33,12,0.2481,0.3636,127.58,,,2,0,0,0.983
2024-06-28,Facebook,FB_Casino_CreativeA,DE,T1,12567,584,0.0465,125.91,0.216,38,9,0.0651,0.2368,867.09,13.99,588.7,15,0,0,0.973
2024-06-28,Facebook,FB_Slots_Video,BR,T2,72258,3511,0.0486,233.8,0.067,283,72,0.0806,0.2544,2370.11,3.25,913.7,124,2,0,0.975
2024-06-28,Facebook,FB_Casino_CreativeA,PL,T2,15741,755,0.048,65.07,0.086,76,16,0.1007,0.2105,751.44,4.07,1054.8,28,0,0,0.966
2024-06-28,Facebook,FB_Casino_CreativeA,NG,T3,14729,460,0.0312,11.31,0.025,35,7,0.0761,0.2,59.29,1.62,424.2,13,0,0,0.971
2024-06-28,Facebook,FB_Sports_Banner,CA,T1,40001,1056,0.0264,344.61,0.326,89,26,0.0843,0.2921,1888.52,13.25,448.0,39,1,0,0.965
2024-06-28,Facebook,FB_Casino_CreativeA,AU,T1,18838,889,0.0472,167.02,0.188,66,13,0.0742,0.197,1181.42,12.85,607.4,31,0,0,0.975
2024-06-28,Facebook,FB_Slots_Video,IN,T3,55813,1655,0.0297,81.68,0.049,96,24,0.058,0.25,368.27,3.4,350.9,63,1,0,0.965
2024-06-28,Google_Search,GG_Sports_Betting,DE,T1,27043,941,0.0348,783.36,0.832,148,36,0.1573,0.2432,3836.02,21.76,389.7,12,0,0,0.99
2024-06-28,Google_Search,GG_Casino_KW_Brand,BR,T2,35616,1291,0.0362,291.15,0.226,256,95,0.1983,0.3711,2583.93,3.06,787.5,18,1,0,0.989
2024-06-28,Google_Search,GG_Casino_KW_Brand,PL,T2,21325,599,0.0281,241.43,0.403,104,29,0.1736,0.2788,1556.32,8.33,544.6,5,0,0,0.988
2024-06-28,Google_Search,GG_Casino_KW_Brand,NG,T3,30692,1152,0.0375,83.24,0.072,253,84,0.2196,0.332,1235.83,0.99,1384.7,6,0,0,0.991
2024-06-28,Google_Search,GG_Slots_KW_Generic,CA,T1,9738,241,0.0247,243.65,1.011,35,13,0.1452,0.3714,1298.96,18.74,433.1,2,0,0,0.989
2024-06-28,Google_Search,GG_Casino_KW_Brand,AU,T1,22501,760,0.0338,579.82,0.763,128,36,0.1684,0.2812,3277.95,16.11,465.3,7,0,0,0.988
2024-06-28,Google_Search,GG_Slots_KW_Generic,IN,T3,14231,583,0.041,57.67,0.099,102,31,0.175,0.3039,463.84,1.86,704.3,5,0,0,0.991
2024-06-28,Push_Network,Push_iGaming_Broad,DE,T1,23916,291,0.0122,42.76,0.147,8,0,0.0275,0.0,0.0,,-100.0,37,0,0,0.869
2024-06-28,Push_Network,Push_Casino_Retarget,BR,T2,12837,255,0.0199,6.56,0.026,8,0,0.0314,0.0,0.0,,-100.0,19,0,0,0.839
2024-06-28,Push_Network,Push_iGaming_Broad,PL,T2,10139,211,0.0208,7.96,0.038,9,1,0.0427,0.1111,24.52,7.96,208.0,20,0,0,0.868
2024-06-28,Push_Network,Push_Casino_Retarget,NG,T3,28551,908,0.0318,4.32,0.005,42,3,0.0463,0.0714,6.0,1.44,38.9,159,1,0,0.858
2024-06-28,Push_Network,Push_Casino_Retarget,CA,T1,49332,679,0.0138,78.26,0.115,31,3,0.0457,0.0968,104.62,26.09,33.7,139,1,0,0.852
2024-06-28,Push_Network,Push_iGaming_Broad,AU,T1,8796,179,0.0204,12.18,0.068,5,0,0.0279,0.0,0.0,,-100.0,34,0,0,0.866
2024-06-28,Push_Network,Push_iGaming_Broad,IN,T3,18038,204,0.0113,4.85,0.024,7,0,0.0343,0.0,0.0,,-100.0,25,0,0,0.852
2024-06-28,Native_Ads,Native_Bonus_Landing,DE,T1,40766,1162,0.0285,219.85,0.189,90,14,0.0775,0.1556,1067.32,15.7,385.5,60,2,0,0.931
2024-06-28,Native_Ads,Native_Bonus_Landing,BR,T2,30514,790,0.0259,48.74,0.062,65,12,0.0823,0.1846,386.86,4.06,693.7,67,1,0,0.941
2024-06-28,Native_Ads,Native_Review_Article,PL,T2,18284,343,0.0188,43.03,0.125,27,6,0.0787,0.2222,130.35,7.17,202.9,12,0,0,0.931
2024-06-28,Native_Ads,Native_Bonus_Landing,NG,T3,13505,187,0.0138,6.71,0.036,17,2,0.0909,0.1176,4.0,3.35,-40.4,14,0,0,0.941
2024-06-28,Native_Ads,Native_Bonus_Landing,CA,T1,30051,509,0.0169,130.69,0.257,37,8,0.0727,0.2162,479.31,16.34,266.8,34,0,0,0.933
2024-06-28,Native_Ads,Native_Bonus_Landing,AU,T1,26741,715,0.0267,124.79,0.175,42,10,0.0587,0.2381,638.08,12.48,411.3,41,0,0,0.939
2024-06-28,Native_Ads,Native_Bonus_Landing,IN,T3,9972,222,0.0223,8.53,0.038,15,2,0.0676,0.1333,7.71,4.26,-9.6,16,0,0,0.929
2024-06-28,TikTok,TT_Casino_UGC,DE,T1,31356,453,0.0144,207.09,0.457,18,2,0.0397,0.1111,121.88,103.55,-41.1,22,0,0,0.913
2024-06-28,TikTok,TT_Sports_Short,BR,T2,48722,1127,0.0231,105.81,0.094,83,17,0.0736,0.2048,349.3,6.22,230.1,69,1,0,0.917
2024-06-28,TikTok,TT_Casino_UGC,PL,T2,15800,282,0.0178,44.88,0.159,16,2,0.0567,0.125,50.71,22.44,13.0,32,0,0,0.935
2024-06-28,TikTok,TT_Sports_Short,NG,T3,28204,487,0.0173,15.12,0.031,25,3,0.0513,0.12,29.98,5.04,98.3,57,0,0,0.933
2024-06-28,TikTok,TT_Sports_Short,CA,T1,27110,417,0.0154,160.43,0.385,26,4,0.0624,0.1538,153.89,40.11,-4.1,23,0,0,0.919
2024-06-28,TikTok,TT_Casino_UGC,AU,T1,28110,462,0.0164,155.93,0.338,37,6,0.0801,0.1622,362.39,25.99,132.4,33,0,0,0.916
2024-06-28,TikTok,TT_Casino_UGC,IN,T3,17569,414,0.0236,13.58,0.033,22,2,0.0531,0.0909,23.21,6.79,70.9,20,0,0,0.923
2024-06-28,Affiliate_SEO,SEO_BonusGuide_BR,DE,T1,61184,765,0.0125,0.0,,169,54,0.2209,0.3195,6540.33,,,10,0,0,0.979
2024-06-28,Affiliate_SEO,SEO_BonusGuide_BR,BR,T2,2347,64,0.0273,0.0,,16,7,0.25,0.4375,247.75,,,1,0,0,0.979
2024-06-28,Affiliate_SEO,SEO_BonusGuide_BR,PL,T2,14619,391,0.0267,0.0,,54,18,0.1381,0.3333,921.95,,,10,0,0,0.982
2024-06-28,Affiliate_SEO,SEO_CasinoReview_DE,NG,T3,1940,41,0.0211,0.0,,8,2,0.1951,0.25,54.09,,,0,0,0,0.981
2024-06-28,Affiliate_SEO,SEO_CasinoReview_DE,CA,T1,28265,506,0.0179,0.0,,119,50,0.2352,0.4202,6007.81,,,12,0,0,0.979
2024-06-28,Affiliate_SEO,SEO_CasinoReview_DE,AU,T1,55335,1035,0.0187,0.0,,202,74,0.1952,0.3663,9014.61,,,15,1,0,0.981
2024-06-28,Affiliate_SEO,SEO_BonusGuide_BR,IN,T3,3136,48,0.0153,0.0,,7,2,0.1458,0.2857,13.62,,,0,0,0,0.98
2024-06-29,Facebook,FB_Slots_Video,DE,T1,27661,916,0.0331,288.37,0.315,71,22,0.0775,0.3099,1714.25,13.11,494.5,16,0,0,0.969
2024-06-29,Facebook,FB_Casino_CreativeA,BR,T2,27238,733,0.0269,97.35,0.133,76,21,0.1037,0.2763,478.34,4.64,391.4,18,0,0,0.974
2024-06-29,Facebook,FB_Sports_Banner,PL,T2,12748,217,0.017,53.72,0.248,19,6,0.0876,0.3158,254.16,8.95,373.1,7,0,0,0.973
2024-06-29,Facebook,FB_Sports_Banner,NG,T3,24825,740,0.0298,21.03,0.028,82,19,0.1108,0.2317,621.45,1.11,2855.1,21,0,0,0.964
2024-06-29,Facebook,FB_Sports_Banner,CA,T1,21488,1075,0.05,191.43,0.178,84,21,0.0781,0.25,1631.71,9.12,752.4,45,0,0,0.974
2024-06-29,Facebook,FB_Slots_Video,AU,T1,23781,677,0.0285,189.18,0.279,56,14,0.0827,0.25,989.43,13.51,423.0,13,0,0,0.968
2024-06-29,Facebook,FB_Slots_Video,IN,T3,37274,1209,0.0324,47.14,0.039,135,34,0.1117,0.2519,565.3,1.39,1099.2,38,1,0,0.971
2024-06-29,Google_Search,GG_Sports_Betting,DE,T1,35728,1547,0.0433,865.11,0.559,200,61,0.1293,0.305,6689.33,14.18,673.2,15,0,0,0.991
2024-06-29,Google_Search,GG_Slots_KW_Generic,BR,T2,30725,1125,0.0366,265.06,0.236,148,46,0.1316,0.3108,2362.11,5.76,791.2,14,0,0,0.992
2024-06-29,Google_Search,GG_Slots_KW_Generic,PL,T2,45905,1998,0.0435,553.26,0.277,305,78,0.1527,0.2557,3809.67,7.09,588.6,28,1,0,0.988
2024-06-29,Google_Search,GG_Sports_Betting,NG,T3,30072,334,0.0111,69.17,0.207,45,9,0.1347,0.2,256.83,7.69,271.3,3,0,0,0.99
2024-06-29,Google_Search,GG_Casino_KW_Brand,CA,T1,13277,481,0.0362,357.59,0.743,78,24,0.1622,0.3077,2127.72,14.9,495.0,5,0,0,0.99
2024-06-29,Google_Search,GG_Casino_KW_Brand,AU,T1,24854,680,0.0274,483.05,0.71,116,31,0.1706,0.2672,2929.61,15.58,506.5,5,0,0,0.988
2024-06-29,Google_Search,GG_Casino_KW_Brand,IN,T3,38980,685,0.0176,154.8,0.226,107,24,0.1562,0.2243,263.38,6.45,70.1,9,0,0,0.992
2024-06-29,Push_Network,Push_Casino_Retarget,DE,T1,43806,908,0.0207,79.91,0.088,47,6,0.0518,0.1277,211.83,13.32,165.1,121,2,0,0.84
2024-06-29,Push_Network,Push_iGaming_Broad,BR,T2,22814,410,0.018,13.72,0.033,17,1,0.0415,0.0588,2.0,13.72,-85.4,55,0,0,0.877
2024-06-29,Push_Network,Push_iGaming_Broad,PL,T2,29914,632,0.0211,18.8,0.03,25,2,0.0396,0.08,60.77,9.4,223.2,44,1,0,0.874
2024-06-29,Push_Network,Push_iGaming_Broad,NG,T3,29429,690,0.0234,4.23,0.006,39,5,0.0565,0.1282,88.43,0.85,1990.5,86,1,0,0.838
2024-06-29,Push_Network,Push_Casino_Retarget,CA,T1,23578,453,0.0192,42.47,0.094,10,1,0.0221,0.1,38.33,42.47,-9.7,88,0,0,0.833
2024-06-29,Push_Network,Push_Casino_Retarget,AU,T1,14081,304,0.0216,24.49,0.081,11,0,0.0362,0.0,0.0,,-100.0,39,0,0,0.853
2024-06-29,Push_Network,Push_Casino_Retarget,IN,T3,54767,1138,0.0208,14.84,0.013,52,8,0.0457,0.1538,195.41,1.85,1216.8,83,2,0,0.837
2024-06-29,Native_Ads,Native_Bonus_Landing,DE,T1,54231,1319,0.0243,273.44,0.207,81,16,0.0614,0.1975,1163.17,17.09,325.4,106,1,0,0.937
2024-06-29,Native_Ads,Native_Bonus_Landing,BR,T2,21156,550,0.026,34.39,0.063,38,8,0.0691,0.2105,162.47,4.3,372.4,22,0,0,0.936
2024-06-29,Native_Ads,Native_Bonus_Landing,PL,T2,41552,492,0.0118,88.67,0.18,39,10,0.0793,0.2564,366.47,8.87,313.3,27,0,0,0.942
2024-06-29,Native_Ads,Native_Bonus_Landing,NG,T3,38338,903,0.0236,19.51,0.022,58,11,0.0642,0.1897,248.11,1.77,1171.7,56,1,0,0.934
2024-06-29,Native_Ads,Native_Bonus_Landing,CA,T1,53621,765,0.0143,271.42,0.355,48,8,0.0627,0.1667,461.12,33.93,69.9,41,0,0,0.941
2024-06-29,Native_Ads,Native_Bonus_Landing,AU,T1,41477,753,0.0182,176.36,0.234,65,12,0.0863,0.1846,773.28,14.7,338.5,47,1,0,0.941
2024-06-29,Native_Ads,Native_Review_Article,IN,T3,26318,590,0.0224,18.1,0.031,34,7,0.0576,0.2059,61.5,2.59,239.8,28,0,0,0.941
2024-06-29,TikTok,TT_Casino_UGC,DE,T1,27464,862,0.0314,185.03,0.215,55,6,0.0638,0.1091,278.79,30.84,50.7,92,0,0,0.929
2024-06-29,TikTok,TT_Sports_Short,BR,T2,74135,1690,0.0228,173.43,0.103,108,19,0.0639,0.1759,235.45,9.13,35.8,137,2,0,0.916
2024-06-29,TikTok,TT_Casino_UGC,PL,T2,32654,437,0.0134,77.77,0.178,27,3,0.0618,0.1111,45.72,25.92,-41.2,37,0,0,0.933
2024-06-29,TikTok,TT_Sports_Short,NG,T3,56086,1256,0.0224,31.73,0.025,73,10,0.0581,0.137,148.83,3.17,369.1,104,1,0,0.931
2024-06-29,TikTok,TT_Casino_UGC,CA,T1,18044,211,0.0117,123.91,0.587,16,2,0.0758,0.125,88.22,61.95,-28.8,9,0,0,0.928
2024-06-29,TikTok,TT_Sports_Short,AU,T1,45566,1013,0.0222,221.51,0.219,61,9,0.0602,0.1475,415.3,24.61,87.5,73,1,0,0.917
2024-06-29,TikTok,TT_Sports_Short,IN,T3,13010,182,0.014,11.6,0.064,9,1,0.0495,0.1111,6.76,11.6,-41.7,13,0,0,0.906
2024-06-29,Affiliate_SEO,SEO_CasinoReview_DE,DE,T1,59464,961,0.0162,0.0,,187,64,0.1946,0.3422,7437.45,,,28,1,0,0.977
2024-06-29,Affiliate_SEO,SEO_BonusGuide_BR,BR,T2,10707,305,0.0285,0.0,,73,28,0.2393,0.3836,1184.9,,,7,0,0,0.983
2024-06-29,Affiliate_SEO,SEO_CasinoReview_DE,PL,T2,12418,165,0.0133,0.0,,42,12,0.2545,0.2857,688.74,,,2,0,0,0.981
2024-06-29,Affiliate_SEO,SEO_CasinoReview_DE,NG,T3,1841,52,0.0282,0.0,,15,5,0.2885,0.3333,109.99,,,1,0,0,0.977
2024-06-29,Affiliate_SEO,SEO_BonusGuide_BR,CA,T1,30782,600,0.0195,0.0,,110,34,0.1833,0.3091,3888.42,,,8,0,0,0.976
2024-06-29,Affiliate_SEO,SEO_CasinoReview_DE,AU,T1,28381,517,0.0182,0.0,,85,34,0.1644,0.4,3384.86,,,13,0,0,0.978
2024-06-29,Affiliate_SEO,SEO_BonusGuide_BR,IN,T3,4884,57,0.0117,0.0,,15,7,0.2632,0.4667,170.83,,,1,0,0,0.977
2024-06-30,Facebook,FB_Sports_Banner,DE,T1,14055,471,0.0335,143.75,0.305,33,6,0.0701,0.1818,501.33,23.96,248.8,17,0,0,0.97
2024-06-30,Facebook,FB_Casino_CreativeA,BR,T2,35919,844,0.0235,129.56,0.154,75,21,0.0889,0.28,579.38,6.17,347.2,32,0,0,0.968
2024-06-30,Facebook,FB_Sports_Banner,PL,T2,13337,376,0.0282,55.57,0.148,42,10,0.1117,0.2381,324.83,5.56,484.5,6,0,0,0.969
2024-06-30,Facebook,FB_Casino_CreativeA,NG,T3,50877,1714,0.0337,41.27,0.024,132,27,0.077,0.2045,211.3,1.53,412.0,52,0,0,0.966
2024-06-30,Facebook,FB_Sports_Banner,CA,T1,59029,2349,0.0398,605.91,0.258,162,45,0.069,0.2778,3492.57,13.46,476.4,54,1,0,0.972
2024-06-30,Facebook,FB_Slots_Video,AU,T1,14230,563,0.0396,116.37,0.207,58,14,0.103,0.2414,1085.3,8.31,832.6,24,0,0,0.97
2024-06-30,Facebook,FB_Casino_CreativeA,IN,T3,21273,1137,0.0534,28.99,0.025,59,9,0.0519,0.1525,106.71,3.22,268.1,19,0,0,0.967
2024-06-30,Google_Search,GG_Sports_Betting,DE,T1,51128,1976,0.0386,1380.16,0.698,234,76,0.1184,0.3248,8437.87,18.16,511.4,14,1,0,0.991
2024-06-30,Google_Search,GG_Sports_Betting,BR,T2,25405,1144,0.045,218.27,0.191,126,33,0.1101,0.2619,976.89,6.61,347.6,14,0,0,0.989
2024-06-30,Google_Search,GG_Sports_Betting,PL,T2,16589,553,0.0333,184.79,0.334,68,19,0.123,0.2794,1023.18,9.73,453.7,6,0,0,0.989
2024-06-30,Google_Search,GG_Casino_KW_Brand,NG,T3,30459,1061,0.0348,66.66,0.063,149,50,0.1404,0.3356,1354.8,1.33,1932.4,10,0,0,0.991
2024-06-30,Google_Search,GG_Slots_KW_Generic,CA,T1,10920,292,0.0267,296.88,1.017,47,10,0.161,0.2128,1032.04,29.69,247.6,2,0,0,0.988
2024-06-30,Google_Search,GG_Sports_Betting,AU,T1,26835,441,0.0164,679.63,1.541,73,13,0.1655,0.1781,1325.12,52.28,95.0,5,0,0,0.989
2024-06-30,Google_Search,GG_Casino_KW_Brand,IN,T3,14003,747,0.0533,51.18,0.069,113,28,0.1513,0.2478,520.38,1.83,916.8,10,0,0,0.989
2024-06-30,Push_Network,Push_Casino_Retarget,DE,T1,16069,397,0.0247,32.46,0.082,16,1,0.0403,0.0625,49.75,32.46,53.3,47,0,0,0.848
2024-06-30,Push_Network,Push_iGaming_Broad,BR,T2,23717,514,0.0217,11.72,0.023,17,2,0.0331,0.1176,35.88,5.86,206.1,58,0,0,0.866
2024-06-30,Push_Network,Push_Casino_Retarget,PL,T2,13209,389,0.0294,9.32,0.024,15,0,0.0386,0.0,0.0,,-100.0,69,0,0,0.874
2024-06-30,Push_Network,Push_iGaming_Broad,NG,T3,24051,277,0.0115,3.49,0.013,10,1,0.0361,0.1,10.92,3.49,212.9,31,0,0,0.884
2024-06-30,Push_Network,Push_iGaming_Broad,CA,T1,17745,321,0.0181,30.77,0.096,13,1,0.0405,0.0769,33.79,30.77,9.8,47,0,0,0.833
2024-06-30,Push_Network,Push_Casino_Retarget,AU,T1,38772,809,0.0209,50.33,0.062,33,3,0.0408,0.0909,100.08,16.78,98.8,57,1,0,0.884
2024-06-30,Push_Network,Push_iGaming_Broad,IN,T3,18046,371,0.0206,3.91,0.011,10,1,0.027,0.1,2.0,3.91,-48.8,37,0,0,0.844
2024-06-30,Native_Ads,Native_Bonus_Landing,DE,T1,31288,763,0.0244,183.84,0.241,66,12,0.0865,0.1818,769.14,15.32,318.4,26,1,0,0.94
2024-06-30,Native_Ads,Native_Bonus_Landing,BR,T2,48045,1109,0.0231,72.98,0.066,79,14,0.0712,0.1772,467.56,5.21,540.7,66,1,0,0.945
2024-06-30,Native_Ads,Native_Bonus_Landing,PL,T2,21176,442,0.0209,41.46,0.094,38,7,0.086,0.1842,174.64,5.92,321.2,24,0,0,0.939
2024-06-30,Native_Ads,Native_Bonus_Landing,NG,T3,25007,331,0.0132,13.26,0.04,20,3,0.0604,0.15,71.72,4.42,440.9,15,0,0,0.936
2024-06-30,Native_Ads,Native_Review_Article,CA,T1,26796,513,0.0191,119.55,0.233,37,5,0.0721,0.1351,351.63,23.91,194.1,37,0,0,0.932
2024-06-30,Native_Ads,Native_Bonus_Landing,AU,T1,24951,741,0.0297,115.77,0.156,71,18,0.0958,0.2535,823.9,6.43,611.7,48,0,0,0.938
2024-06-30,Native_Ads,Native_Review_Article,IN,T3,45244,1363,0.0301,32.64,0.024,108,17,0.0792,0.1574,334.36,1.92,924.4,50,2,0,0.931
2024-06-30,TikTok,TT_Sports_Short,DE,T1,37316,430,0.0115,229.92,0.535,18,2,0.0419,0.1111,112.04,114.96,-51.3,30,0,0,0.922
2024-06-30,TikTok,TT_Casino_UGC,BR,T2,13319,206,0.0155,24.86,0.121,9,1,0.0437,0.1111,13.07,24.86,-47.4,14,0,0,0.92
2024-06-30,TikTok,TT_Sports_Short,PL,T2,9414,250,0.0266,25.44,0.102,12,1,0.048,0.0833,31.55,25.44,24.0,14,0,0,0.927
2024-06-30,TikTok,TT_Casino_UGC,NG,T3,57799,777,0.0134,31.56,0.041,34,5,0.0438,0.1471,65.22,6.31,106.7,49,0,0,0.923
2024-06-30,TikTok,TT_Casino_UGC,CA,T1,23694,474,0.02,156.71,0.331,30,4,0.0633,0.1333,135.64,39.18,-13.4,48,0,0,0.921
2024-06-30,TikTok,TT_Sports_Short,AU,T1,11937,275,0.023,62.14,0.226,16,2,0.0582,0.125,69.26,31.07,11.5,13,0,0,0.915
2024-06-30,TikTok,TT_Casino_UGC,IN,T3,27063,430,0.0159,23.46,0.055,27,4,0.0628,0.1481,55.32,5.87,135.8,34,0,0,0.906
2024-06-30,Affiliate_SEO,SEO_CasinoReview_DE,DE,T1,17219,383,0.0222,0.0,,129,23,0.3368,0.1783,3092.95,,,6,0,0,0.982
2024-06-30,Affiliate_SEO,SEO_CasinoReview_DE,BR,T2,21958,457,0.0208,0.0,,69,28,0.151,0.4058,985.2,,,9,0,0,0.978
2024-06-30,Affiliate_SEO,SEO_BonusGuide_BR,PL,T2,4682,59,0.0126,0.0,,15,5,0.2542,0.3333,261.18,,,0,0,0,0.982
2024-06-30,Affiliate_SEO,SEO_CasinoReview_DE,NG,T3,3586,74,0.0206,0.0,,16,5,0.2162,0.3125,140.89,,,0,0,0,0.98
2024-06-30,Affiliate_SEO,SEO_CasinoReview_DE,CA,T1,35020,722,0.0206,0.0,,118,32,0.1634,0.2712,3539.27,,,20,0,0,0.98
2024-06-30,Affiliate_SEO,SEO_CasinoReview_DE,AU,T1,47374,1096,0.0231,0.0,,216,86,0.1971,0.3981,10368.3,,,32,0,0,0.977
2024-06-30,Affiliate_SEO,SEO_CasinoReview_DE,IN,T3,5896,104,0.0176,0.0,,22,6,0.2115,0.2727,145.1,,,1,0,0,0.984
